bank_id,state,district,facility_tier,district_bank_count,state_bank_count,capacity_proxy,dengue_monsoon_multiplier,facility_demand_multiplier,discard_target,regional_calibration_source
31003,Andaman and Nicobar Islands,South Andaman,peripheral_center,2,2,1.779,1.06,0.68,0.24,India public literature pattern mapped by facility tier and dengue-prone state
280695,Andaman and Nicobar Islands,South Andaman,urban_referral,2,2,4.898,1.06,1.16,0.16,India public literature pattern mapped by facility tier and dengue-prone state
284580,Andhra Pradesh,Anakapalli,district_center,8,405,3.117,1.166,0.92,0.19,India public literature pattern mapped by facility tier and dengue-prone state
285314,Andhra Pradesh,Kurnool,urban_referral,22,405,4.295,1.166,1.16,0.16,India public literature pattern mapped by facility tier and dengue-prone state
285319,Andhra Pradesh,Bapatla,district_center,12,405,3.485,1.166,0.92,0.19,India public literature pattern mapped by facility tier and dengue-prone state
284218,Andhra Pradesh,Prakasam,urban_referral,18,405,4.104,1.166,1.16,0.16,India public literature pattern mapped by facility tier and dengue-prone state
284217,Andhra Pradesh,Palnadu,urban_referral,15,405,3.933,1.166,1.16,0.16,India public literature pattern mapped by facility tier and dengue-prone state
284337,Andhra Pradesh,West Godavari,urban_referral,17,405,4.05,1.166,1.16,0.16,India public literature pattern mapped by facility tier and dengue-prone state
284216,Andhra Pradesh,Palnadu,urban_referral,15,405,3.933,1.166,1.16,0.16,India public literature pattern mapped by facility tier and dengue-prone state
284336,Andhra Pradesh,NTR,urban_referral,26,405,4.456,1.166,1.16,0.16,India public literature pattern mapped by facility tier and dengue-prone state
284215,Andhra Pradesh,Palnadu,urban_referral,15,405,3.933,1.166,1.16,0.16,India public literature pattern mapped by facility tier and dengue-prone state
284578,Andhra Pradesh,Alluri Sitharama Raju,district_center,5,405,2.712,1.166,0.92,0.19,India public literature pattern mapped by facility tier and dengue-prone state
284457,Andhra Pradesh,Kurnool,urban_referral,22,405,4.295,1.166,1.16,0.16,India public literature pattern mapped by facility tier and dengue-prone state
284699,Andhra Pradesh,Prakasam,urban_referral,18,405,4.104,1.166,1.16,0.16,India public literature pattern mapped by facility tier and dengue-prone state
284577,Andhra Pradesh,Parvathipuram Manyam,district_center,6,405,2.866,1.166,0.92,0.19,India public literature pattern mapped by facility tier and dengue-prone state
284214,Andhra Pradesh,Kurnool,urban_referral,22,405,4.295,1.166,1.16,0.16,India public literature pattern mapped by facility tier and dengue-prone state
284698,Andhra Pradesh,Parvathipuram Manyam,district_center,6,405,2.866,1.166,0.92,0.19,India public literature pattern mapped by facility tier and dengue-prone state
284697,Andhra Pradesh,Palnadu,urban_referral,15,405,3.933,1.166,1.16,0.16,India public literature pattern mapped by facility tier and dengue-prone state
284213,Andhra Pradesh,NTR,urban_referral,26,405,4.456,1.166,1.16,0.16,India public literature pattern mapped by facility tier and dengue-prone state
284212,Andhra Pradesh,Kakinada,urban_referral,18,405,4.104,1.166,1.16,0.16,India public literature pattern mapped by facility tier and dengue-prone state
283243,Andhra Pradesh,Guntur,urban_referral,17,405,6.758,1.166,1.16,0.16,India public literature pattern mapped by facility tier and dengue-prone state
283364,Andhra Pradesh,Vizianagaram,urban_referral,17,405,4.05,1.166,1.16,0.16,India public literature pattern mapped by facility tier and dengue-prone state
283485,Andhra Pradesh,Krishna,urban_referral,15,405,3.933,1.166,1.16,0.16,India public literature pattern mapped by facility tier and dengue-prone state
283484,Andhra Pradesh,NTR,urban_referral,26,405,4.456,1.166,1.16,0.16,India public literature pattern mapped by facility tier and dengue-prone state
284694,Andhra Pradesh,NTR,urban_referral,26,405,4.456,1.166,1.16,0.16,India public literature pattern mapped by facility tier and dengue-prone state
284573,Andhra Pradesh,West Godavari,urban_referral,17,405,4.05,1.166,1.16,0.16,India public literature pattern mapped by facility tier and dengue-prone state
283362,Andhra Pradesh,Y.S.R.,urban_referral,13,405,5.408,1.166,1.16,0.16,India public literature pattern mapped by facility tier and dengue-prone state
284692,Andhra Pradesh,NTR,urban_referral,26,405,4.456,1.166,1.16,0.16,India public literature pattern mapped by facility tier and dengue-prone state
284691,Andhra Pradesh,Tirupati,urban_referral,21,405,4.251,1.166,1.16,0.16,India public literature pattern mapped by facility tier and dengue-prone state
283481,Andhra Pradesh,Tirupati,urban_referral,21,405,4.251,1.166,1.16,0.16,India public literature pattern mapped by facility tier and dengue-prone state
284690,Andhra Pradesh,Prakasam,urban_referral,18,405,4.104,1.166,1.16,0.16,India public literature pattern mapped by facility tier and dengue-prone state
285322,Andhra Pradesh,Markapuram,peripheral_center,3,405,2.066,1.166,0.68,0.24,India public literature pattern mapped by facility tier and dengue-prone state
285323,Andhra Pradesh,Prakasam,urban_referral,18,405,4.104,1.166,1.16,0.16,India public literature pattern mapped by facility tier and dengue-prone state
285324,Andhra Pradesh,Kakinada,urban_referral,18,405,4.104,1.166,1.16,0.16,India public literature pattern mapped by facility tier and dengue-prone state
285327,Andhra Pradesh,Tirupati,urban_referral,21,405,4.251,1.166,1.16,0.16,India public literature pattern mapped by facility tier and dengue-prone state
285328,Andhra Pradesh,Sri Potti Sriramulu Nellore,urban_referral,21,405,5.637,1.166,1.16,0.16,India public literature pattern mapped by facility tier and dengue-prone state
284327,Andhra Pradesh,Srikakulam,urban_referral,19,405,4.156,1.166,1.16,0.16,India public literature pattern mapped by facility tier and dengue-prone state
284689,Andhra Pradesh,Sri Potti Sriramulu Nellore,urban_referral,21,405,4.251,1.166,1.16,0.16,India public literature pattern mapped by facility tier and dengue-prone state
284688,Andhra Pradesh,Sri Potti Sriramulu Nellore,urban_referral,21,405,4.251,1.166,1.16,0.16,India public literature pattern mapped by facility tier and dengue-prone state
284687,Andhra Pradesh,Sri Potti Sriramulu Nellore,urban_referral,21,405,4.251,1.166,1.16,0.16,India public literature pattern mapped by facility tier and dengue-prone state
284445,Andhra Pradesh,Srikakulam,urban_referral,19,405,5.947,1.166,1.16,0.16,India public literature pattern mapped by facility tier and dengue-prone state
284686,Andhra Pradesh,Sri Potti Sriramulu Nellore,urban_referral,21,405,4.251,1.166,1.16,0.16,India public literature pattern mapped by facility tier and dengue-prone state
284685,Andhra Pradesh,Sri Potti Sriramulu Nellore,urban_referral,21,405,4.251,1.166,1.16,0.16,India public literature pattern mapped by facility tier and dengue-prone state
284684,Andhra Pradesh,Sri Potti Sriramulu Nellore,urban_referral,21,405,4.251,1.166,1.16,0.16,India public literature pattern mapped by facility tier and dengue-prone state
283353,Andhra Pradesh,Annamayya,district_center,7,405,2.999,1.166,0.92,0.19,India public literature pattern mapped by facility tier and dengue-prone state
284683,Andhra Pradesh,Sri Potti Sriramulu Nellore,urban_referral,21,405,4.251,1.166,1.16,0.16,India public literature pattern mapped by facility tier and dengue-prone state
284440,Andhra Pradesh,West Godavari,urban_referral,17,405,4.05,1.166,1.16,0.16,India public literature pattern mapped by facility tier and dengue-prone state
284682,Andhra Pradesh,Sri Potti Sriramulu Nellore,urban_referral,21,405,4.251,1.166,1.16,0.16,India public literature pattern mapped by facility tier and dengue-prone state
284561,Andhra Pradesh,Guntur,urban_referral,17,405,4.05,1.166,1.16,0.16,India public literature pattern mapped by facility tier and dengue-prone state
284681,Andhra Pradesh,Sri Potti Sriramulu Nellore,urban_referral,21,405,4.251,1.166,1.16,0.16,India public literature pattern mapped by facility tier and dengue-prone state
284680,Andhra Pradesh,Kurnool,urban_referral,22,405,4.295,1.166,1.16,0.16,India public literature pattern mapped by facility tier and dengue-prone state
285331,Andhra Pradesh,Anakapalli,district_center,8,405,3.117,1.166,0.92,0.19,India public literature pattern mapped by facility tier and dengue-prone state
285332,Andhra Pradesh,Kakinada,urban_referral,18,405,4.104,1.166,1.16,0.16,India public literature pattern mapped by facility tier and dengue-prone state
285333,Andhra Pradesh,Krishna,urban_referral,15,405,3.933,1.166,1.16,0.16,India public literature pattern mapped by facility tier and dengue-prone state
285334,Andhra Pradesh,Krishna,urban_referral,15,405,3.933,1.166,1.16,0.16,India public literature pattern mapped by facility tier and dengue-prone state
285219,Andhra Pradesh,Prakasam,urban_referral,18,405,4.104,1.166,1.16,0.16,India public literature pattern mapped by facility tier and dengue-prone state
284559,Andhra Pradesh,Palnadu,urban_referral,15,405,3.933,1.166,1.16,0.16,India public literature pattern mapped by facility tier and dengue-prone state
284679,Andhra Pradesh,Nandyal,urban_referral,15,405,3.933,1.166,1.16,0.16,India public literature pattern mapped by facility tier and dengue-prone state
284558,Andhra Pradesh,Ananthapuramu,district_center,14,405,3.628,1.166,0.92,0.19,India public literature pattern mapped by facility tier and dengue-prone state
284678,Andhra Pradesh,Nandyal,urban_referral,15,405,3.933,1.166,1.16,0.16,India public literature pattern mapped by facility tier and dengue-prone state
284315,Andhra Pradesh,Kurnool,urban_referral,22,405,4.295,1.166,1.16,0.16,India public literature pattern mapped by facility tier and dengue-prone state
284557,Andhra Pradesh,Visakhapatnam,urban_referral,32,405,4.657,1.166,1.16,0.16,India public literature pattern mapped by facility tier and dengue-prone state
284677,Andhra Pradesh,Nandyal,urban_referral,15,405,3.933,1.166,1.16,0.16,India public literature pattern mapped by facility tier and dengue-prone state
284556,Andhra Pradesh,Sri Sathya Sai,urban_referral,8,405,4.967,1.166,1.16,0.16,India public literature pattern mapped by facility tier and dengue-prone state
283466,Andhra Pradesh,NTR,urban_referral,26,405,4.456,1.166,1.16,0.16,India public literature pattern mapped by facility tier and dengue-prone state
284676,Andhra Pradesh,Nandyal,urban_referral,15,405,3.933,1.166,1.16,0.16,India public literature pattern mapped by facility tier and dengue-prone state
284675,Andhra Pradesh,Kurnool,urban_referral,22,405,4.295,1.166,1.16,0.16,India public literature pattern mapped by facility tier and dengue-prone state
284674,Andhra Pradesh,Kurnool,urban_referral,22,405,4.295,1.166,1.16,0.16,India public literature pattern mapped by facility tier and dengue-prone state
283342,Andhra Pradesh,Annamayya,district_center,7,405,2.999,1.166,0.92,0.19,India public literature pattern mapped by facility tier and dengue-prone state
284673,Andhra Pradesh,NTR,urban_referral,26,405,4.456,1.166,1.16,0.16,India public literature pattern mapped by facility tier and dengue-prone state
284793,Andhra Pradesh,Tirupati,urban_referral,21,405,6.816,1.166,1.16,0.16,India public literature pattern mapped by facility tier and dengue-prone state
284672,Andhra Pradesh,Dr. B. R. Ambedkar Konaseema,district_center,13,405,3.559,1.166,0.92,0.19,India public literature pattern mapped by facility tier and dengue-prone state
284671,Andhra Pradesh,East Godavari,urban_referral,16,405,3.993,1.166,1.16,0.16,India public literature pattern mapped by facility tier and dengue-prone state
284670,Andhra Pradesh,Dr. B. R. Ambedkar Konaseema,district_center,13,405,3.559,1.166,0.92,0.19,India public literature pattern mapped by facility tier and dengue-prone state
285220,Andhra Pradesh,Eluru,district_center,14,405,3.628,1.166,0.92,0.19,India public literature pattern mapped by facility tier and dengue-prone state
285100,Andhra Pradesh,West Godavari,urban_referral,17,405,4.05,1.166,1.16,0.16,India public literature pattern mapped by facility tier and dengue-prone state
285221,Andhra Pradesh,Bapatla,district_center,12,405,3.485,1.166,0.92,0.19,India public literature pattern mapped by facility tier and dengue-prone state
285222,Andhra Pradesh,Vizianagaram,urban_referral,17,405,4.05,1.166,1.16,0.16,India public literature pattern mapped by facility tier and dengue-prone state
285223,Andhra Pradesh,Anakapalli,district_center,8,405,3.117,1.166,0.92,0.19,India public literature pattern mapped by facility tier and dengue-prone state
285229,Andhra Pradesh,Bapatla,district_center,12,405,3.485,1.166,0.92,0.19,India public literature pattern mapped by facility tier and dengue-prone state
284669,Andhra Pradesh,Dr. B. R. Ambedkar Konaseema,district_center,13,405,3.559,1.166,0.92,0.19,India public literature pattern mapped by facility tier and dengue-prone state
284668,Andhra Pradesh,Y.S.R.,district_center,13,405,3.559,1.166,0.92,0.19,India public literature pattern mapped by facility tier and dengue-prone state
284667,Andhra Pradesh,East Godavari,urban_referral,16,405,3.993,1.166,1.16,0.16,India public literature pattern mapped by facility tier and dengue-prone state
284666,Andhra Pradesh,East Godavari,urban_referral,16,405,3.993,1.166,1.16,0.16,India public literature pattern mapped by facility tier and dengue-prone state
284665,Andhra Pradesh,East Godavari,urban_referral,16,405,3.993,1.166,1.16,0.16,India public literature pattern mapped by facility tier and dengue-prone state
284664,Andhra Pradesh,Polavaram,peripheral_center,4,405,2.289,1.166,0.68,0.24,India public literature pattern mapped by facility tier and dengue-prone state
284663,Andhra Pradesh,Bapatla,district_center,12,405,3.485,1.166,0.92,0.19,India public literature pattern mapped by facility tier and dengue-prone state
284662,Andhra Pradesh,Annamayya,district_center,7,405,2.999,1.166,0.92,0.19,India public literature pattern mapped by facility tier and dengue-prone state
284661,Andhra Pradesh,Ananthapuramu,district_center,14,405,3.628,1.166,0.92,0.19,India public literature pattern mapped by facility tier and dengue-prone state
28139,Andhra Pradesh,Guntur,urban_referral,17,405,4.05,1.166,1.16,0.16,India public literature pattern mapped by facility tier and dengue-prone state
28132,Andhra Pradesh,NTR,urban_referral,26,405,4.456,1.166,1.16,0.16,India public literature pattern mapped by facility tier and dengue-prone state
28133,Andhra Pradesh,Kurnool,urban_referral,22,405,4.295,1.166,1.16,0.16,India public literature pattern mapped by facility tier and dengue-prone state
28130,Andhra Pradesh,Krishna,urban_referral,15,405,5.319,1.166,1.16,0.16,India public literature pattern mapped by facility tier and dengue-prone state
28131,Andhra Pradesh,NTR,urban_referral,26,405,4.456,1.166,1.16,0.16,India public literature pattern mapped by facility tier and dengue-prone state
28136,Andhra Pradesh,Kurnool,urban_referral,22,405,4.295,1.166,1.16,0.16,India public literature pattern mapped by facility tier and dengue-prone state
284017,Andhra Pradesh,Guntur,urban_referral,17,405,4.05,1.166,1.16,0.16,India public literature pattern mapped by facility tier and dengue-prone state
284011,Andhra Pradesh,Nandyal,urban_referral,15,405,3.933,1.166,1.16,0.16,India public literature pattern mapped by facility tier and dengue-prone state
284373,Andhra Pradesh,Krishna,urban_referral,15,405,5.031,1.166,1.16,0.16,India public literature pattern mapped by facility tier and dengue-prone state
28149,Andhra Pradesh,Ananthapuramu,district_center,14,405,3.628,1.166,0.92,0.19,India public literature pattern mapped by facility tier and dengue-prone state
28144,Andhra Pradesh,Srikakulam,urban_referral,19,405,4.156,1.166,1.16,0.16,India public literature pattern mapped by facility tier and dengue-prone state
28141,Andhra Pradesh,Eluru,district_center,14,405,3.628,1.166,0.92,0.19,India public literature pattern mapped by facility tier and dengue-prone state
28142,Andhra Pradesh,Chittoor,district_center,9,405,3.223,1.166,0.92,0.19,India public literature pattern mapped by facility tier and dengue-prone state
28147,Andhra Pradesh,Bapatla,district_center,12,405,3.485,1.166,0.92,0.19,India public literature pattern mapped by facility tier and dengue-prone state
28148,Andhra Pradesh,Visakhapatnam,urban_referral,32,405,4.657,1.166,1.16,0.16,India public literature pattern mapped by facility tier and dengue-prone state
28145,Andhra Pradesh,West Godavari,urban_referral,17,405,4.05,1.166,1.16,0.16,India public literature pattern mapped by facility tier and dengue-prone state
28140,Andhra Pradesh,Y.S.R.,urban_referral,13,405,6.102,1.166,1.16,0.16,India public literature pattern mapped by facility tier and dengue-prone state
283394,Andhra Pradesh,East Godavari,urban_referral,16,405,3.993,1.166,1.16,0.16,India public literature pattern mapped by facility tier and dengue-prone state
28118,Andhra Pradesh,Vizianagaram,urban_referral,17,405,6.353,1.166,1.16,0.16,India public literature pattern mapped by facility tier and dengue-prone state
28119,Andhra Pradesh,Vizianagaram,urban_referral,17,405,4.05,1.166,1.16,0.16,India public literature pattern mapped by facility tier and dengue-prone state
28116,Andhra Pradesh,Bapatla,district_center,12,405,3.485,1.166,0.92,0.19,India public literature pattern mapped by facility tier and dengue-prone state
28112,Andhra Pradesh,Prakasam,urban_referral,18,405,4.104,1.166,1.16,0.16,India public literature pattern mapped by facility tier and dengue-prone state
28113,Andhra Pradesh,Prakasam,urban_referral,18,405,4.104,1.166,1.16,0.16,India public literature pattern mapped by facility tier and dengue-prone state
284598,Andhra Pradesh,Dr. B. R. Ambedkar Konaseema,district_center,13,405,3.559,1.166,0.92,0.19,India public literature pattern mapped by facility tier and dengue-prone state
284597,Andhra Pradesh,Tirupati,urban_referral,21,405,4.251,1.166,1.16,0.16,India public literature pattern mapped by facility tier and dengue-prone state
284233,Andhra Pradesh,Visakhapatnam,metro_tertiary_hub,32,405,7.912,1.166,1.42,0.13,India public literature pattern mapped by facility tier and dengue-prone state
284596,Andhra Pradesh,Guntur,urban_referral,17,405,4.05,1.166,1.16,0.16,India public literature pattern mapped by facility tier and dengue-prone state
284353,Andhra Pradesh,Srikakulam,urban_referral,19,405,4.156,1.166,1.16,0.16,India public literature pattern mapped by facility tier and dengue-prone state
284595,Andhra Pradesh,Palnadu,urban_referral,15,405,3.933,1.166,1.16,0.16,India public literature pattern mapped by facility tier and dengue-prone state
284593,Andhra Pradesh,Palnadu,urban_referral,15,405,3.933,1.166,1.16,0.16,India public literature pattern mapped by facility tier and dengue-prone state
284592,Andhra Pradesh,East Godavari,urban_referral,16,405,3.993,1.166,1.16,0.16,India public literature pattern mapped by facility tier and dengue-prone state
284591,Andhra Pradesh,Chittoor,district_center,9,405,3.223,1.166,0.92,0.19,India public literature pattern mapped by facility tier and dengue-prone state
284590,Andhra Pradesh,Tirupati,urban_referral,21,405,4.251,1.166,1.16,0.16,India public literature pattern mapped by facility tier and dengue-prone state
28129,Andhra Pradesh,Krishna,urban_referral,15,405,3.933,1.166,1.16,0.16,India public literature pattern mapped by facility tier and dengue-prone state
28127,Andhra Pradesh,Krishna,urban_referral,15,405,3.933,1.166,1.16,0.16,India public literature pattern mapped by facility tier and dengue-prone state
28128,Andhra Pradesh,Krishna,urban_referral,15,405,3.933,1.166,1.16,0.16,India public literature pattern mapped by facility tier and dengue-prone state
285308,Andhra Pradesh,NTR,urban_referral,26,405,4.456,1.166,1.16,0.16,India public literature pattern mapped by facility tier and dengue-prone state
285309,Andhra Pradesh,Bapatla,district_center,12,405,3.485,1.166,0.92,0.19,India public literature pattern mapped by facility tier and dengue-prone state
28121,Andhra Pradesh,Vizianagaram,urban_referral,17,405,4.05,1.166,1.16,0.16,India public literature pattern mapped by facility tier and dengue-prone state
28126,Andhra Pradesh,NTR,urban_referral,26,405,6.065,1.166,1.16,0.16,India public literature pattern mapped by facility tier and dengue-prone state
284227,Andhra Pradesh,Visakhapatnam,urban_referral,32,405,4.657,1.166,1.16,0.16,India public literature pattern mapped by facility tier and dengue-prone state
28124,Andhra Pradesh,NTR,urban_referral,26,405,4.456,1.166,1.16,0.16,India public literature pattern mapped by facility tier and dengue-prone state
283379,Andhra Pradesh,Kurnool,urban_referral,22,405,4.295,1.166,1.16,0.16,India public literature pattern mapped by facility tier and dengue-prone state
284588,Andhra Pradesh,Polavaram,peripheral_center,4,405,2.289,1.166,0.68,0.24,India public literature pattern mapped by facility tier and dengue-prone state
284587,Andhra Pradesh,Krishna,urban_referral,15,405,3.933,1.166,1.16,0.16,India public literature pattern mapped by facility tier and dengue-prone state
284586,Andhra Pradesh,Dr. B. R. Ambedkar Konaseema,district_center,13,405,3.559,1.166,0.92,0.19,India public literature pattern mapped by facility tier and dengue-prone state
284585,Andhra Pradesh,Kakinada,urban_referral,18,405,4.104,1.166,1.16,0.16,India public literature pattern mapped by facility tier and dengue-prone state
284584,Andhra Pradesh,Kakinada,urban_referral,18,405,4.104,1.166,1.16,0.16,India public literature pattern mapped by facility tier and dengue-prone state
284220,Andhra Pradesh,Prakasam,urban_referral,18,405,4.104,1.166,1.16,0.16,India public literature pattern mapped by facility tier and dengue-prone state
284583,Andhra Pradesh,East Godavari,urban_referral,16,405,3.993,1.166,1.16,0.16,India public literature pattern mapped by facility tier and dengue-prone state
284582,Andhra Pradesh,Bapatla,district_center,12,405,3.485,1.166,0.92,0.19,India public literature pattern mapped by facility tier and dengue-prone state
284581,Andhra Pradesh,Anakapalli,district_center,8,405,3.117,1.166,0.92,0.19,India public literature pattern mapped by facility tier and dengue-prone state
280938,Andhra Pradesh,NTR,urban_referral,26,405,4.456,1.166,1.16,0.16,India public literature pattern mapped by facility tier and dengue-prone state
280936,Andhra Pradesh,Krishna,urban_referral,15,405,3.933,1.166,1.16,0.16,India public literature pattern mapped by facility tier and dengue-prone state
280937,Andhra Pradesh,Eluru,district_center,14,405,3.628,1.166,0.92,0.19,India public literature pattern mapped by facility tier and dengue-prone state
280934,Andhra Pradesh,Palnadu,urban_referral,15,405,3.933,1.166,1.16,0.16,India public literature pattern mapped by facility tier and dengue-prone state
280932,Andhra Pradesh,Bapatla,district_center,12,405,3.485,1.166,0.92,0.19,India public literature pattern mapped by facility tier and dengue-prone state
280931,Andhra Pradesh,Palnadu,urban_referral,15,405,3.933,1.166,1.16,0.16,India public literature pattern mapped by facility tier and dengue-prone state
280929,Andhra Pradesh,Dr. B. R. Ambedkar Konaseema,district_center,13,405,3.559,1.166,0.92,0.19,India public literature pattern mapped by facility tier and dengue-prone state
280928,Andhra Pradesh,Kakinada,urban_referral,18,405,4.104,1.166,1.16,0.16,India public literature pattern mapped by facility tier and dengue-prone state
280926,Andhra Pradesh,Dr. B. R. Ambedkar Konaseema,district_center,13,405,3.559,1.166,0.92,0.19,India public literature pattern mapped by facility tier and dengue-prone state
280923,Andhra Pradesh,Tirupati,urban_referral,21,405,4.251,1.166,1.16,0.16,India public literature pattern mapped by facility tier and dengue-prone state
280924,Andhra Pradesh,Annamayya,district_center,7,405,2.999,1.166,0.92,0.19,India public literature pattern mapped by facility tier and dengue-prone state
280921,Andhra Pradesh,Chittoor,district_center,9,405,3.223,1.166,0.92,0.19,India public literature pattern mapped by facility tier and dengue-prone state
280920,Andhra Pradesh,Ananthapuramu,district_center,14,405,3.628,1.166,0.92,0.19,India public literature pattern mapped by facility tier and dengue-prone state
284165,Andhra Pradesh,Y.S.R.,district_center,13,405,3.559,1.166,0.92,0.19,India public literature pattern mapped by facility tier and dengue-prone state
285056,Andhra Pradesh,Bapatla,district_center,12,405,3.485,1.166,0.92,0.19,India public literature pattern mapped by facility tier and dengue-prone state
285057,Andhra Pradesh,Srikakulam,urban_referral,19,405,4.156,1.166,1.16,0.16,India public literature pattern mapped by facility tier and dengue-prone state
285058,Andhra Pradesh,Alluri Sitharama Raju,district_center,5,405,2.712,1.166,0.92,0.19,India public literature pattern mapped by facility tier and dengue-prone state
280916,Andhra Pradesh,Kurnool,urban_referral,22,405,4.295,1.166,1.16,0.16,India public literature pattern mapped by facility tier and dengue-prone state
280913,Andhra Pradesh,Eluru,district_center,14,405,3.628,1.166,0.92,0.19,India public literature pattern mapped by facility tier and dengue-prone state
284038,Andhra Pradesh,Vizianagaram,urban_referral,17,405,4.05,1.166,1.16,0.16,India public literature pattern mapped by facility tier and dengue-prone state
284399,Andhra Pradesh,Dr. B. R. Ambedkar Konaseema,district_center,13,405,3.559,1.166,0.92,0.19,India public literature pattern mapped by facility tier and dengue-prone state
280901,Andhra Pradesh,Polavaram,peripheral_center,4,405,2.289,1.166,0.68,0.24,India public literature pattern mapped by facility tier and dengue-prone state
280902,Andhra Pradesh,Dr. B. R. Ambedkar Konaseema,district_center,13,405,3.559,1.166,0.92,0.19,India public literature pattern mapped by facility tier and dengue-prone state
284023,Andhra Pradesh,Kakinada,urban_referral,18,405,5.896,1.166,1.16,0.16,India public literature pattern mapped by facility tier and dengue-prone state
284020,Andhra Pradesh,Nandyal,urban_referral,15,405,6.33,1.166,1.16,0.16,India public literature pattern mapped by facility tier and dengue-prone state
281707,Andhra Pradesh,Vizianagaram,urban_referral,17,405,4.05,1.166,1.16,0.16,India public literature pattern mapped by facility tier and dengue-prone state
281704,Andhra Pradesh,Vizianagaram,urban_referral,17,405,4.05,1.166,1.16,0.16,India public literature pattern mapped by facility tier and dengue-prone state
284099,Andhra Pradesh,Srikakulam,urban_referral,19,405,4.156,1.166,1.16,0.16,India public literature pattern mapped by facility tier and dengue-prone state
284097,Andhra Pradesh,Kakinada,urban_referral,18,405,6.05,1.166,1.16,0.16,India public literature pattern mapped by facility tier and dengue-prone state
283808,Andhra Pradesh,Kakinada,urban_referral,18,405,4.104,1.166,1.16,0.16,India public literature pattern mapped by facility tier and dengue-prone state
281506,Andhra Pradesh,Kurnool,urban_referral,22,405,4.295,1.166,1.16,0.16,India public literature pattern mapped by facility tier and dengue-prone state
283802,Andhra Pradesh,Visakhapatnam,urban_referral,32,405,4.657,1.166,1.16,0.16,India public literature pattern mapped by facility tier and dengue-prone state
281502,Andhra Pradesh,Kurnool,urban_referral,22,405,4.295,1.166,1.16,0.16,India public literature pattern mapped by facility tier and dengue-prone state
281745,Andhra Pradesh,Parvathipuram Manyam,district_center,6,405,2.866,1.166,0.92,0.19,India public literature pattern mapped by facility tier and dengue-prone state
281742,Andhra Pradesh,Vizianagaram,urban_referral,17,405,4.05,1.166,1.16,0.16,India public literature pattern mapped by facility tier and dengue-prone state
281738,Andhra Pradesh,Parvathipuram Manyam,district_center,6,405,2.866,1.166,0.92,0.19,India public literature pattern mapped by facility tier and dengue-prone state
282825,Andhra Pradesh,Eluru,district_center,14,405,3.628,1.166,0.92,0.19,India public literature pattern mapped by facility tier and dengue-prone state
282824,Andhra Pradesh,Ananthapuramu,district_center,14,405,3.628,1.166,0.92,0.19,India public literature pattern mapped by facility tier and dengue-prone state
282823,Andhra Pradesh,Srikakulam,urban_referral,19,405,4.156,1.166,1.16,0.16,India public literature pattern mapped by facility tier and dengue-prone state
282821,Andhra Pradesh,Srikakulam,urban_referral,19,405,4.156,1.166,1.16,0.16,India public literature pattern mapped by facility tier and dengue-prone state
280763,Andhra Pradesh,Prakasam,urban_referral,18,405,4.104,1.166,1.16,0.16,India public literature pattern mapped by facility tier and dengue-prone state
282820,Andhra Pradesh,Sri Potti Sriramulu Nellore,urban_referral,21,405,4.251,1.166,1.16,0.16,India public literature pattern mapped by facility tier and dengue-prone state
282819,Andhra Pradesh,Krishna,urban_referral,15,405,3.933,1.166,1.16,0.16,India public literature pattern mapped by facility tier and dengue-prone state
281604,Andhra Pradesh,Tirupati,urban_referral,21,405,4.251,1.166,1.16,0.16,India public literature pattern mapped by facility tier and dengue-prone state
281719,Andhra Pradesh,Vizianagaram,urban_referral,17,405,4.05,1.166,1.16,0.16,India public literature pattern mapped by facility tier and dengue-prone state
280626,Andhra Pradesh,Visakhapatnam,metro_tertiary_hub,32,405,7.961,1.166,1.42,0.13,India public literature pattern mapped by facility tier and dengue-prone state
281715,Andhra Pradesh,Vizianagaram,urban_referral,17,405,4.05,1.166,1.16,0.16,India public literature pattern mapped by facility tier and dengue-prone state
280747,Andhra Pradesh,Vizianagaram,urban_referral,17,405,6.823,1.166,1.16,0.16,India public literature pattern mapped by facility tier and dengue-prone state
280623,Andhra Pradesh,Sri Potti Sriramulu Nellore,urban_referral,21,405,6.448,1.166,1.16,0.16,India public literature pattern mapped by facility tier and dengue-prone state
281710,Andhra Pradesh,Vizianagaram,urban_referral,17,405,4.05,1.166,1.16,0.16,India public literature pattern mapped by facility tier and dengue-prone state
2909,Andhra Pradesh,NTR,urban_referral,26,405,4.456,1.166,1.16,0.16,India public literature pattern mapped by facility tier and dengue-prone state
282639,Andhra Pradesh,Eluru,district_center,14,405,3.628,1.166,0.92,0.19,India public literature pattern mapped by facility tier and dengue-prone state
281308,Andhra Pradesh,Ananthapuramu,district_center,14,405,3.628,1.166,0.92,0.19,India public literature pattern mapped by facility tier and dengue-prone state
284939,Andhra Pradesh,Visakhapatnam,urban_referral,32,405,4.657,1.166,1.16,0.16,India public literature pattern mapped by facility tier and dengue-prone state
281309,Andhra Pradesh,Ananthapuramu,district_center,14,405,3.628,1.166,0.92,0.19,India public literature pattern mapped by facility tier and dengue-prone state
2900,Andhra Pradesh,West Godavari,urban_referral,17,405,4.05,1.166,1.16,0.16,India public literature pattern mapped by facility tier and dengue-prone state
282637,Andhra Pradesh,West Godavari,urban_referral,17,405,4.05,1.166,1.16,0.16,India public literature pattern mapped by facility tier and dengue-prone state
281306,Andhra Pradesh,Ananthapuramu,district_center,14,405,3.628,1.166,0.92,0.19,India public literature pattern mapped by facility tier and dengue-prone state
283968,Andhra Pradesh,NTR,urban_referral,26,405,4.456,1.166,1.16,0.16,India public literature pattern mapped by facility tier and dengue-prone state
281307,Andhra Pradesh,Sri Sathya Sai,district_center,8,405,3.117,1.166,0.92,0.19,India public literature pattern mapped by facility tier and dengue-prone state
283726,Andhra Pradesh,Tirupati,urban_referral,21,405,4.251,1.166,1.16,0.16,India public literature pattern mapped by facility tier and dengue-prone state
282635,Andhra Pradesh,Visakhapatnam,urban_referral,32,405,4.657,1.166,1.16,0.16,India public literature pattern mapped by facility tier and dengue-prone state
282636,Andhra Pradesh,Nandyal,urban_referral,15,405,3.933,1.166,1.16,0.16,India public literature pattern mapped by facility tier and dengue-prone state
280458,Andhra Pradesh,Visakhapatnam,urban_referral,32,405,7.296,1.166,1.16,0.16,India public literature pattern mapped by facility tier and dengue-prone state
283845,Andhra Pradesh,Kurnool,urban_referral,22,405,4.295,1.166,1.16,0.16,India public literature pattern mapped by facility tier and dengue-prone state
282633,Andhra Pradesh,Visakhapatnam,urban_referral,32,405,4.657,1.166,1.16,0.16,India public literature pattern mapped by facility tier and dengue-prone state
282634,Andhra Pradesh,Visakhapatnam,metro_tertiary_hub,32,405,9.26,1.166,1.42,0.13,India public literature pattern mapped by facility tier and dengue-prone state
281545,Andhra Pradesh,Srikakulam,urban_referral,19,405,4.156,1.166,1.16,0.16,India public literature pattern mapped by facility tier and dengue-prone state
283601,Andhra Pradesh,Tirupati,urban_referral,21,405,4.251,1.166,1.16,0.16,India public literature pattern mapped by facility tier and dengue-prone state
282631,Andhra Pradesh,Srikakulam,urban_referral,19,405,6.353,1.166,1.16,0.16,India public literature pattern mapped by facility tier and dengue-prone state
283963,Andhra Pradesh,NTR,urban_referral,26,405,4.456,1.166,1.16,0.16,India public literature pattern mapped by facility tier and dengue-prone state
283962,Andhra Pradesh,NTR,urban_referral,26,405,4.456,1.166,1.16,0.16,India public literature pattern mapped by facility tier and dengue-prone state
282632,Andhra Pradesh,Srikakulam,urban_referral,19,405,4.156,1.166,1.16,0.16,India public literature pattern mapped by facility tier and dengue-prone state
281661,Andhra Pradesh,Anakapalli,district_center,8,405,3.117,1.166,0.92,0.19,India public literature pattern mapped by facility tier and dengue-prone state
282630,Andhra Pradesh,Sri Potti Sriramulu Nellore,urban_referral,21,405,4.251,1.166,1.16,0.16,India public literature pattern mapped by facility tier and dengue-prone state
281541,Andhra Pradesh,Srikakulam,urban_referral,19,405,4.156,1.166,1.16,0.16,India public literature pattern mapped by facility tier and dengue-prone state
2907,Andhra Pradesh,Kakinada,urban_referral,18,405,4.104,1.166,1.16,0.16,India public literature pattern mapped by facility tier and dengue-prone state
2906,Andhra Pradesh,Y.S.R.,metro_tertiary_hub,13,405,7.104,1.166,1.42,0.13,India public literature pattern mapped by facility tier and dengue-prone state
2904,Andhra Pradesh,Srikakulam,urban_referral,19,405,5.765,1.166,1.16,0.16,India public literature pattern mapped by facility tier and dengue-prone state
2903,Andhra Pradesh,Kurnool,urban_referral,22,405,4.295,1.166,1.16,0.16,India public literature pattern mapped by facility tier and dengue-prone state
285085,Andhra Pradesh,West Godavari,urban_referral,17,405,4.05,1.166,1.16,0.16,India public literature pattern mapped by facility tier and dengue-prone state
2901,Andhra Pradesh,Chittoor,urban_referral,9,405,5.86,1.166,1.16,0.16,India public literature pattern mapped by facility tier and dengue-prone state
282628,Andhra Pradesh,NTR,urban_referral,26,405,4.456,1.166,1.16,0.16,India public literature pattern mapped by facility tier and dengue-prone state
282626,Andhra Pradesh,Guntur,urban_referral,17,405,4.744,1.166,1.16,0.16,India public literature pattern mapped by facility tier and dengue-prone state
281537,Andhra Pradesh,Parvathipuram Manyam,district_center,6,405,2.866,1.166,0.92,0.19,India public literature pattern mapped by facility tier and dengue-prone state
284926,Andhra Pradesh,Eluru,district_center,14,405,3.628,1.166,0.92,0.19,India public literature pattern mapped by facility tier and dengue-prone state
2910,Andhra Pradesh,Vizianagaram,urban_referral,17,405,4.05,1.166,1.16,0.16,India public literature pattern mapped by facility tier and dengue-prone state
282624,Andhra Pradesh,Palnadu,urban_referral,15,405,3.933,1.166,1.16,0.16,India public literature pattern mapped by facility tier and dengue-prone state
281656,Andhra Pradesh,Anakapalli,district_center,8,405,3.117,1.166,0.92,0.19,India public literature pattern mapped by facility tier and dengue-prone state
281536,Andhra Pradesh,Prakasam,urban_referral,18,405,4.104,1.166,1.16,0.16,India public literature pattern mapped by facility tier and dengue-prone state
282622,Andhra Pradesh,Guntur,urban_referral,17,405,5.437,1.166,1.16,0.16,India public literature pattern mapped by facility tier and dengue-prone state
283954,Andhra Pradesh,Kurnool,urban_referral,22,405,4.295,1.166,1.16,0.16,India public literature pattern mapped by facility tier and dengue-prone state
282620,Andhra Pradesh,Ananthapuramu,district_center,14,405,3.628,1.166,0.92,0.19,India public literature pattern mapped by facility tier and dengue-prone state
281773,Andhra Pradesh,Y.S.R.,district_center,13,405,3.559,1.166,0.92,0.19,India public literature pattern mapped by facility tier and dengue-prone state
281774,Andhra Pradesh,Y.S.R.,district_center,13,405,3.559,1.166,0.92,0.19,India public literature pattern mapped by facility tier and dengue-prone state
2919,Andhra Pradesh,West Godavari,urban_referral,17,405,4.05,1.166,1.16,0.16,India public literature pattern mapped by facility tier and dengue-prone state
281771,Andhra Pradesh,Annamayya,district_center,7,405,2.999,1.166,0.92,0.19,India public literature pattern mapped by facility tier and dengue-prone state
281772,Andhra Pradesh,Annamayya,district_center,7,405,2.999,1.166,0.92,0.19,India public literature pattern mapped by facility tier and dengue-prone state
281530,Andhra Pradesh,Prakasam,urban_referral,18,405,4.104,1.166,1.16,0.16,India public literature pattern mapped by facility tier and dengue-prone state
281770,Andhra Pradesh,Y.S.R.,district_center,13,405,3.559,1.166,0.92,0.19,India public literature pattern mapped by facility tier and dengue-prone state
2914,Andhra Pradesh,Visakhapatnam,urban_referral,32,405,4.657,1.166,1.16,0.16,India public literature pattern mapped by facility tier and dengue-prone state
2913,Andhra Pradesh,Nandyal,urban_referral,15,405,5.031,1.166,1.16,0.16,India public literature pattern mapped by facility tier and dengue-prone state
285097,Andhra Pradesh,NTR,urban_referral,26,405,4.456,1.166,1.16,0.16,India public literature pattern mapped by facility tier and dengue-prone state
280437,Andhra Pradesh,Visakhapatnam,urban_referral,32,405,4.657,1.166,1.16,0.16,India public literature pattern mapped by facility tier and dengue-prone state
2922,Andhra Pradesh,Sri Sathya Sai,district_center,8,405,3.117,1.166,0.92,0.19,India public literature pattern mapped by facility tier and dengue-prone state
281768,Andhra Pradesh,Eluru,district_center,14,405,3.628,1.166,0.92,0.19,India public literature pattern mapped by facility tier and dengue-prone state
2801,Andhra Pradesh,Sri Potti Sriramulu Nellore,urban_referral,21,405,4.251,1.166,1.16,0.16,India public literature pattern mapped by facility tier and dengue-prone state
281769,Andhra Pradesh,West Godavari,urban_referral,17,405,4.05,1.166,1.16,0.16,India public literature pattern mapped by facility tier and dengue-prone state
281524,Andhra Pradesh,Prakasam,urban_referral,18,405,4.104,1.166,1.16,0.16,India public literature pattern mapped by facility tier and dengue-prone state
281766,Andhra Pradesh,West Godavari,urban_referral,17,405,4.05,1.166,1.16,0.16,India public literature pattern mapped by facility tier and dengue-prone state
281521,Andhra Pradesh,Prakasam,urban_referral,18,405,4.104,1.166,1.16,0.16,India public literature pattern mapped by facility tier and dengue-prone state
283940,Andhra Pradesh,Visakhapatnam,urban_referral,32,405,4.657,1.166,1.16,0.16,India public literature pattern mapped by facility tier and dengue-prone state
281640,Andhra Pradesh,Tirupati,urban_referral,21,405,4.251,1.166,1.16,0.16,India public literature pattern mapped by facility tier and dengue-prone state
2808,Andhra Pradesh,Sri Potti Sriramulu Nellore,urban_referral,21,405,4.251,1.166,1.16,0.16,India public literature pattern mapped by facility tier and dengue-prone state
2929,Andhra Pradesh,Tirupati,urban_referral,21,405,6.043,1.166,1.16,0.16,India public literature pattern mapped by facility tier and dengue-prone state
2807,Andhra Pradesh,Y.S.R.,district_center,13,405,3.559,1.166,0.92,0.19,India public literature pattern mapped by facility tier and dengue-prone state
2806,Andhra Pradesh,Y.S.R.,district_center,13,405,3.559,1.166,0.92,0.19,India public literature pattern mapped by facility tier and dengue-prone state
2927,Andhra Pradesh,Guntur,urban_referral,17,405,4.05,1.166,1.16,0.16,India public literature pattern mapped by facility tier and dengue-prone state
2804,Andhra Pradesh,Visakhapatnam,urban_referral,32,405,4.657,1.166,1.16,0.16,India public literature pattern mapped by facility tier and dengue-prone state
2924,Andhra Pradesh,Tirupati,urban_referral,21,405,5.86,1.166,1.16,0.16,India public literature pattern mapped by facility tier and dengue-prone state
2803,Andhra Pradesh,Eluru,urban_referral,14,405,5.814,1.166,1.16,0.16,India public literature pattern mapped by facility tier and dengue-prone state
2923,Andhra Pradesh,Tirupati,urban_referral,21,405,5.35,1.166,1.16,0.16,India public literature pattern mapped by facility tier and dengue-prone state
2802,Andhra Pradesh,West Godavari,urban_referral,17,405,5.437,1.166,1.16,0.16,India public literature pattern mapped by facility tier and dengue-prone state
281759,Andhra Pradesh,West Godavari,urban_referral,17,405,4.05,1.166,1.16,0.16,India public literature pattern mapped by facility tier and dengue-prone state
281517,Andhra Pradesh,Prakasam,urban_referral,18,405,4.104,1.166,1.16,0.16,India public literature pattern mapped by facility tier and dengue-prone state
281518,Andhra Pradesh,Bapatla,district_center,12,405,3.485,1.166,0.92,0.19,India public literature pattern mapped by facility tier and dengue-prone state
2811,Andhra Pradesh,Anakapalli,district_center,8,405,3.117,1.166,0.92,0.19,India public literature pattern mapped by facility tier and dengue-prone state
283814,Andhra Pradesh,Annamayya,urban_referral,7,405,4.338,1.166,1.16,0.16,India public literature pattern mapped by facility tier and dengue-prone state
2932,Andhra Pradesh,West Godavari,urban_referral,17,405,4.05,1.166,1.16,0.16,India public literature pattern mapped by facility tier and dengue-prone state
281516,Andhra Pradesh,Prakasam,urban_referral,18,405,4.104,1.166,1.16,0.16,India public literature pattern mapped by facility tier and dengue-prone state
2931,Andhra Pradesh,Tirupati,urban_referral,21,405,4.251,1.166,1.16,0.16,India public literature pattern mapped by facility tier and dengue-prone state
281755,Andhra Pradesh,East Godavari,urban_referral,16,405,3.993,1.166,1.16,0.16,India public literature pattern mapped by facility tier and dengue-prone state
2810,Andhra Pradesh,Guntur,urban_referral,17,405,4.05,1.166,1.16,0.16,India public literature pattern mapped by facility tier and dengue-prone state
2930,Andhra Pradesh,East Godavari,urban_referral,16,405,3.993,1.166,1.16,0.16,India public literature pattern mapped by facility tier and dengue-prone state
281752,Andhra Pradesh,Eluru,district_center,14,405,3.628,1.166,0.92,0.19,India public literature pattern mapped by facility tier and dengue-prone state
2817,Andhra Pradesh,Tirupati,urban_referral,21,405,4.251,1.166,1.16,0.16,India public literature pattern mapped by facility tier and dengue-prone state
2938,Andhra Pradesh,Kurnool,urban_referral,22,405,4.295,1.166,1.16,0.16,India public literature pattern mapped by facility tier and dengue-prone state
2937,Andhra Pradesh,Kurnool,urban_referral,22,405,4.295,1.166,1.16,0.16,India public literature pattern mapped by facility tier and dengue-prone state
2815,Andhra Pradesh,Visakhapatnam,metro_tertiary_hub,32,405,8.052,1.166,1.42,0.13,India public literature pattern mapped by facility tier and dengue-prone state
2935,Andhra Pradesh,Visakhapatnam,urban_referral,32,405,4.657,1.166,1.16,0.16,India public literature pattern mapped by facility tier and dengue-prone state
2934,Andhra Pradesh,East Godavari,urban_referral,16,405,3.993,1.166,1.16,0.16,India public literature pattern mapped by facility tier and dengue-prone state
284736,Andhra Pradesh,Sri Potti Sriramulu Nellore,urban_referral,21,405,4.251,1.166,1.16,0.16,India public literature pattern mapped by facility tier and dengue-prone state
283889,Andhra Pradesh,East Godavari,urban_referral,16,405,5.939,1.166,1.16,0.16,India public literature pattern mapped by facility tier and dengue-prone state
281588,Andhra Pradesh,Tirupati,urban_referral,21,405,4.251,1.166,1.16,0.16,India public literature pattern mapped by facility tier and dengue-prone state
284735,Andhra Pradesh,West Godavari,urban_referral,17,405,4.05,1.166,1.16,0.16,India public literature pattern mapped by facility tier and dengue-prone state
284734,Andhra Pradesh,Palnadu,urban_referral,15,405,3.933,1.166,1.16,0.16,India public literature pattern mapped by facility tier and dengue-prone state
284733,Andhra Pradesh,Tirupati,urban_referral,21,405,4.251,1.166,1.16,0.16,India public literature pattern mapped by facility tier and dengue-prone state
281344,Andhra Pradesh,Nandyal,urban_referral,15,405,3.933,1.166,1.16,0.16,India public literature pattern mapped by facility tier and dengue-prone state
284732,Andhra Pradesh,East Godavari,urban_referral,16,405,3.993,1.166,1.16,0.16,India public literature pattern mapped by facility tier and dengue-prone state
283520,Andhra Pradesh,Kurnool,urban_referral,22,405,4.295,1.166,1.16,0.16,India public literature pattern mapped by facility tier and dengue-prone state
2829,Andhra Pradesh,Chittoor,metro_tertiary_hub,9,405,6.718,1.166,1.42,0.13,India public literature pattern mapped by facility tier and dengue-prone state
2828,Andhra Pradesh,Krishna,urban_referral,15,405,5.031,1.166,1.16,0.16,India public literature pattern mapped by facility tier and dengue-prone state
281462,Andhra Pradesh,Nandyal,urban_referral,15,405,3.933,1.166,1.16,0.16,India public literature pattern mapped by facility tier and dengue-prone state
2825,Andhra Pradesh,NTR,urban_referral,26,405,4.456,1.166,1.16,0.16,India public literature pattern mapped by facility tier and dengue-prone state
2824,Andhra Pradesh,Y.S.R.,district_center,13,405,3.559,1.166,0.92,0.19,India public literature pattern mapped by facility tier and dengue-prone state
28108,Andhra Pradesh,Visakhapatnam,urban_referral,32,405,4.657,1.166,1.16,0.16,India public literature pattern mapped by facility tier and dengue-prone state
28105,Andhra Pradesh,Kakinada,urban_referral,18,405,4.104,1.166,1.16,0.16,India public literature pattern mapped by facility tier and dengue-prone state
28106,Andhra Pradesh,East Godavari,urban_referral,16,405,5.603,1.166,1.16,0.16,India public literature pattern mapped by facility tier and dengue-prone state
28109,Andhra Pradesh,Prakasam,urban_referral,18,405,4.104,1.166,1.16,0.16,India public literature pattern mapped by facility tier and dengue-prone state
2834,Andhra Pradesh,Sri Potti Sriramulu Nellore,urban_referral,21,405,4.251,1.166,1.16,0.16,India public literature pattern mapped by facility tier and dengue-prone state
283516,Andhra Pradesh,NTR,urban_referral,26,405,4.456,1.166,1.16,0.16,India public literature pattern mapped by facility tier and dengue-prone state
284605,Andhra Pradesh,West Godavari,urban_referral,17,405,4.05,1.166,1.16,0.16,India public literature pattern mapped by facility tier and dengue-prone state
2831,Andhra Pradesh,East Godavari,urban_referral,16,405,6.19,1.166,1.16,0.16,India public literature pattern mapped by facility tier and dengue-prone state
281338,Andhra Pradesh,NTR,urban_referral,26,405,4.456,1.166,1.16,0.16,India public literature pattern mapped by facility tier and dengue-prone state
283515,Andhra Pradesh,Ananthapuramu,district_center,14,405,3.628,1.166,0.92,0.19,India public literature pattern mapped by facility tier and dengue-prone state
281577,Andhra Pradesh,Srikakulam,urban_referral,19,405,4.156,1.166,1.16,0.16,India public literature pattern mapped by facility tier and dengue-prone state
284966,Andhra Pradesh,Srikakulam,urban_referral,19,405,5.542,1.166,1.16,0.16,India public literature pattern mapped by facility tier and dengue-prone state
281336,Andhra Pradesh,NTR,urban_referral,26,405,4.456,1.166,1.16,0.16,India public literature pattern mapped by facility tier and dengue-prone state
28104,Andhra Pradesh,Kakinada,urban_referral,18,405,7.049,1.166,1.16,0.16,India public literature pattern mapped by facility tier and dengue-prone state
281696,Andhra Pradesh,Visakhapatnam,urban_referral,32,405,4.657,1.166,1.16,0.16,India public literature pattern mapped by facility tier and dengue-prone state
284964,Andhra Pradesh,Krishna,urban_referral,15,405,3.933,1.166,1.16,0.16,India public literature pattern mapped by facility tier and dengue-prone state
284963,Andhra Pradesh,Dr. B. R. Ambedkar Konaseema,district_center,13,405,3.559,1.166,0.92,0.19,India public literature pattern mapped by facility tier and dengue-prone state
281573,Andhra Pradesh,Srikakulam,urban_referral,19,405,4.156,1.166,1.16,0.16,India public literature pattern mapped by facility tier and dengue-prone state
283873,Andhra Pradesh,Guntur,urban_referral,17,405,4.05,1.166,1.16,0.16,India public literature pattern mapped by facility tier and dengue-prone state
281332,Andhra Pradesh,NTR,urban_referral,26,405,4.456,1.166,1.16,0.16,India public literature pattern mapped by facility tier and dengue-prone state
283750,Andhra Pradesh,Visakhapatnam,urban_referral,32,405,4.657,1.166,1.16,0.16,India public literature pattern mapped by facility tier and dengue-prone state
2837,Andhra Pradesh,Eluru,district_center,14,405,3.628,1.166,0.92,0.19,India public literature pattern mapped by facility tier and dengue-prone state
281691,Andhra Pradesh,Alluri Sitharama Raju,district_center,5,405,2.712,1.166,0.92,0.19,India public literature pattern mapped by facility tier and dengue-prone state
2836,Andhra Pradesh,Vizianagaram,urban_referral,17,405,5.842,1.166,1.16,0.16,India public literature pattern mapped by facility tier and dengue-prone state
2835,Andhra Pradesh,Y.S.R.,district_center,13,405,3.559,1.166,0.92,0.19,India public literature pattern mapped by facility tier and dengue-prone state
281328,Andhra Pradesh,Eluru,district_center,14,405,3.628,1.166,0.92,0.19,India public literature pattern mapped by facility tier and dengue-prone state
2845,Andhra Pradesh,Eluru,urban_referral,14,405,5.477,1.166,1.16,0.16,India public literature pattern mapped by facility tier and dengue-prone state
283869,Andhra Pradesh,Visakhapatnam,urban_referral,32,405,4.657,1.166,1.16,0.16,India public literature pattern mapped by facility tier and dengue-prone state
2843,Andhra Pradesh,Guntur,metro_tertiary_hub,17,405,7.355,1.166,1.42,0.13,India public literature pattern mapped by facility tier and dengue-prone state
2842,Andhra Pradesh,Ananthapuramu,metro_tertiary_hub,14,405,7.562,1.166,1.42,0.13,India public literature pattern mapped by facility tier and dengue-prone state
283867,Andhra Pradesh,Bapatla,district_center,12,405,3.485,1.166,0.92,0.19,India public literature pattern mapped by facility tier and dengue-prone state
2841,Andhra Pradesh,Nandyal,urban_referral,15,405,3.933,1.166,1.16,0.16,India public literature pattern mapped by facility tier and dengue-prone state
283503,Andhra Pradesh,Ananthapuramu,district_center,14,405,3.628,1.166,0.92,0.19,India public literature pattern mapped by facility tier and dengue-prone state
282656,Andhra Pradesh,Kurnool,urban_referral,22,405,4.295,1.166,1.16,0.16,India public literature pattern mapped by facility tier and dengue-prone state
281322,Andhra Pradesh,Palnadu,urban_referral,15,405,3.933,1.166,1.16,0.16,India public literature pattern mapped by facility tier and dengue-prone state
281323,Andhra Pradesh,Palnadu,urban_referral,15,405,3.933,1.166,1.16,0.16,India public literature pattern mapped by facility tier and dengue-prone state
281565,Andhra Pradesh,Vizianagaram,urban_referral,17,405,4.05,1.166,1.16,0.16,India public literature pattern mapped by facility tier and dengue-prone state
283863,Andhra Pradesh,NTR,urban_referral,26,405,4.456,1.166,1.16,0.16,India public literature pattern mapped by facility tier and dengue-prone state
281320,Andhra Pradesh,Polavaram,peripheral_center,4,405,2.289,1.166,0.68,0.24,India public literature pattern mapped by facility tier and dengue-prone state
281681,Andhra Pradesh,Alluri Sitharama Raju,district_center,5,405,2.712,1.166,0.92,0.19,India public literature pattern mapped by facility tier and dengue-prone state
2848,Andhra Pradesh,Kakinada,urban_referral,18,405,4.104,1.166,1.16,0.16,India public literature pattern mapped by facility tier and dengue-prone state
2847,Andhra Pradesh,Visakhapatnam,urban_referral,32,405,4.657,1.166,1.16,0.16,India public literature pattern mapped by facility tier and dengue-prone state
2846,Andhra Pradesh,Tirupati,urban_referral,21,405,4.251,1.166,1.16,0.16,India public literature pattern mapped by facility tier and dengue-prone state
281319,Andhra Pradesh,Kakinada,urban_referral,18,405,4.104,1.166,1.16,0.16,India public literature pattern mapped by facility tier and dengue-prone state
281317,Andhra Pradesh,Tirupati,urban_referral,21,405,4.251,1.166,1.16,0.16,India public literature pattern mapped by facility tier and dengue-prone state
284705,Andhra Pradesh,Visakhapatnam,urban_referral,32,405,4.657,1.166,1.16,0.16,India public literature pattern mapped by facility tier and dengue-prone state
281318,Andhra Pradesh,Kakinada,urban_referral,18,405,4.104,1.166,1.16,0.16,India public literature pattern mapped by facility tier and dengue-prone state
281315,Andhra Pradesh,Chittoor,district_center,9,405,3.223,1.166,0.92,0.19,India public literature pattern mapped by facility tier and dengue-prone state
282646,Andhra Pradesh,Ananthapuramu,urban_referral,14,405,6.266,1.166,1.16,0.16,India public literature pattern mapped by facility tier and dengue-prone state
284704,Andhra Pradesh,West Godavari,urban_referral,17,405,4.05,1.166,1.16,0.16,India public literature pattern mapped by facility tier and dengue-prone state
283736,Andhra Pradesh,Prakasam,urban_referral,18,405,4.104,1.166,1.16,0.16,India public literature pattern mapped by facility tier and dengue-prone state
284703,Andhra Pradesh,Visakhapatnam,urban_referral,32,405,4.657,1.166,1.16,0.16,India public literature pattern mapped by facility tier and dengue-prone state
281316,Andhra Pradesh,Chittoor,district_center,9,405,3.223,1.166,0.92,0.19,India public literature pattern mapped by facility tier and dengue-prone state
281313,Andhra Pradesh,Chittoor,district_center,9,405,3.223,1.166,0.92,0.19,India public literature pattern mapped by facility tier and dengue-prone state
284702,Andhra Pradesh,Visakhapatnam,urban_referral,32,405,4.657,1.166,1.16,0.16,India public literature pattern mapped by facility tier and dengue-prone state
2851,Andhra Pradesh,East Godavari,urban_referral,16,405,5.939,1.166,1.16,0.16,India public literature pattern mapped by facility tier and dengue-prone state
282645,Andhra Pradesh,Sri Sathya Sai,urban_referral,8,405,4.456,1.166,1.16,0.16,India public literature pattern mapped by facility tier and dengue-prone state
281314,Andhra Pradesh,Chittoor,district_center,9,405,3.223,1.166,0.92,0.19,India public literature pattern mapped by facility tier and dengue-prone state
284701,Andhra Pradesh,Tirupati,urban_referral,21,405,4.251,1.166,1.16,0.16,India public literature pattern mapped by facility tier and dengue-prone state
2850,Andhra Pradesh,Srikakulam,urban_referral,19,405,6.928,1.166,1.16,0.16,India public literature pattern mapped by facility tier and dengue-prone state
281311,Andhra Pradesh,Sri Sathya Sai,district_center,8,405,3.117,1.166,0.92,0.19,India public literature pattern mapped by facility tier and dengue-prone state
284700,Andhra Pradesh,Srikakulam,urban_referral,19,405,4.156,1.166,1.16,0.16,India public literature pattern mapped by facility tier and dengue-prone state
281312,Andhra Pradesh,Ananthapuramu,district_center,14,405,3.628,1.166,0.92,0.19,India public literature pattern mapped by facility tier and dengue-prone state
281675,Andhra Pradesh,Alluri Sitharama Raju,district_center,5,405,2.712,1.166,0.92,0.19,India public literature pattern mapped by facility tier and dengue-prone state
282640,Andhra Pradesh,Eluru,district_center,14,405,3.628,1.166,0.92,0.19,India public literature pattern mapped by facility tier and dengue-prone state
281552,Andhra Pradesh,Srikakulam,urban_referral,19,405,4.156,1.166,1.16,0.16,India public literature pattern mapped by facility tier and dengue-prone state
281310,Andhra Pradesh,Sri Sathya Sai,district_center,8,405,3.117,1.166,0.92,0.19,India public literature pattern mapped by facility tier and dengue-prone state
2859,Andhra Pradesh,Palnadu,urban_referral,15,405,3.933,1.166,1.16,0.16,India public literature pattern mapped by facility tier and dengue-prone state
2858,Andhra Pradesh,Markapuram,peripheral_center,3,405,2.066,1.166,0.68,0.24,India public literature pattern mapped by facility tier and dengue-prone state
2867,Andhra Pradesh,Sri Potti Sriramulu Nellore,urban_referral,21,405,6.043,1.166,1.16,0.16,India public literature pattern mapped by facility tier and dengue-prone state
284414,Andhra Pradesh,Visakhapatnam,urban_referral,32,405,4.657,1.166,1.16,0.16,India public literature pattern mapped by facility tier and dengue-prone state
283444,Andhra Pradesh,Dr. B. R. Ambedkar Konaseema,district_center,13,405,3.559,1.166,0.92,0.19,India public literature pattern mapped by facility tier and dengue-prone state
283563,Andhra Pradesh,Guntur,urban_referral,17,405,4.05,1.166,1.16,0.16,India public literature pattern mapped by facility tier and dengue-prone state
283320,Andhra Pradesh,Vizianagaram,urban_referral,17,405,4.05,1.166,1.16,0.16,India public literature pattern mapped by facility tier and dengue-prone state
2869,Andhra Pradesh,Parvathipuram Manyam,district_center,6,405,2.866,1.166,0.92,0.19,India public literature pattern mapped by facility tier and dengue-prone state
2881,Andhra Pradesh,Dr. B. R. Ambedkar Konaseema,urban_referral,13,405,5.185,1.166,1.16,0.16,India public literature pattern mapped by facility tier and dengue-prone state
2880,Andhra Pradesh,Visakhapatnam,urban_referral,32,405,7.547,1.166,1.16,0.16,India public literature pattern mapped by facility tier and dengue-prone state
2877,Andhra Pradesh,Sri Potti Sriramulu Nellore,urban_referral,21,405,4.251,1.166,1.16,0.16,India public literature pattern mapped by facility tier and dengue-prone state
284768,Andhra Pradesh,Y.S.R.,district_center,13,405,3.559,1.166,0.92,0.19,India public literature pattern mapped by facility tier and dengue-prone state
284404,Andhra Pradesh,Kakinada,urban_referral,18,405,4.104,1.166,1.16,0.16,India public literature pattern mapped by facility tier and dengue-prone state
284767,Andhra Pradesh,Visakhapatnam,urban_referral,32,405,4.657,1.166,1.16,0.16,India public literature pattern mapped by facility tier and dengue-prone state
2872,Andhra Pradesh,Sri Sathya Sai,district_center,8,405,3.117,1.166,0.92,0.19,India public literature pattern mapped by facility tier and dengue-prone state
2871,Andhra Pradesh,Kakinada,urban_referral,18,405,4.104,1.166,1.16,0.16,India public literature pattern mapped by facility tier and dengue-prone state
281496,Andhra Pradesh,Nandyal,urban_referral,15,405,3.933,1.166,1.16,0.16,India public literature pattern mapped by facility tier and dengue-prone state
283794,Andhra Pradesh,Sri Sathya Sai,urban_referral,8,405,6.065,1.166,1.16,0.16,India public literature pattern mapped by facility tier and dengue-prone state
284760,Andhra Pradesh,Prakasam,urban_referral,18,405,4.104,1.166,1.16,0.16,India public literature pattern mapped by facility tier and dengue-prone state
281493,Andhra Pradesh,Kurnool,urban_referral,22,405,4.295,1.166,1.16,0.16,India public literature pattern mapped by facility tier and dengue-prone state
2879,Andhra Pradesh,Guntur,urban_referral,17,405,4.05,1.166,1.16,0.16,India public literature pattern mapped by facility tier and dengue-prone state
2892,Andhra Pradesh,Sri Potti Sriramulu Nellore,metro_tertiary_hub,21,405,7.556,1.166,1.42,0.13,India public literature pattern mapped by facility tier and dengue-prone state
2891,Andhra Pradesh,Krishna,urban_referral,15,405,5.031,1.166,1.16,0.16,India public literature pattern mapped by facility tier and dengue-prone state
2889,Andhra Pradesh,Guntur,metro_tertiary_hub,17,405,7.529,1.166,1.42,0.13,India public literature pattern mapped by facility tier and dengue-prone state
2887,Andhra Pradesh,Visakhapatnam,urban_referral,32,405,6.854,1.166,1.16,0.16,India public literature pattern mapped by facility tier and dengue-prone state
284758,Andhra Pradesh,Krishna,urban_referral,15,405,3.933,1.166,1.16,0.16,India public literature pattern mapped by facility tier and dengue-prone state
284879,Andhra Pradesh,Markapuram,peripheral_center,3,405,2.066,1.166,0.68,0.24,India public literature pattern mapped by facility tier and dengue-prone state
2885,Andhra Pradesh,Guntur,urban_referral,17,405,4.05,1.166,1.16,0.16,India public literature pattern mapped by facility tier and dengue-prone state
283789,Andhra Pradesh,Dr. B. R. Ambedkar Konaseema,district_center,13,405,3.559,1.166,0.92,0.19,India public literature pattern mapped by facility tier and dengue-prone state
2884,Andhra Pradesh,Visakhapatnam,urban_referral,32,405,6.266,1.166,1.16,0.16,India public literature pattern mapped by facility tier and dengue-prone state
281486,Andhra Pradesh,Kurnool,urban_referral,22,405,4.295,1.166,1.16,0.16,India public literature pattern mapped by facility tier and dengue-prone state
283783,Andhra Pradesh,Palnadu,urban_referral,15,405,3.933,1.166,1.16,0.16,India public literature pattern mapped by facility tier and dengue-prone state
283782,Andhra Pradesh,Visakhapatnam,urban_referral,32,405,4.657,1.166,1.16,0.16,India public literature pattern mapped by facility tier and dengue-prone state
2897,Andhra Pradesh,Visakhapatnam,urban_referral,32,405,4.657,1.166,1.16,0.16,India public literature pattern mapped by facility tier and dengue-prone state
2895,Andhra Pradesh,Guntur,urban_referral,17,405,5.996,1.166,1.16,0.16,India public literature pattern mapped by facility tier and dengue-prone state
2894,Andhra Pradesh,NTR,urban_referral,26,405,4.456,1.166,1.16,0.16,India public literature pattern mapped by facility tier and dengue-prone state
281477,Andhra Pradesh,Nandyal,urban_referral,15,405,3.933,1.166,1.16,0.16,India public literature pattern mapped by facility tier and dengue-prone state
2893,Andhra Pradesh,Guntur,urban_referral,17,405,4.05,1.166,1.16,0.16,India public literature pattern mapped by facility tier and dengue-prone state
281595,Andhra Pradesh,Sri Potti Sriramulu Nellore,urban_referral,21,405,4.251,1.166,1.16,0.16,India public literature pattern mapped by facility tier and dengue-prone state
281474,Andhra Pradesh,Nandyal,urban_referral,15,405,3.933,1.166,1.16,0.16,India public literature pattern mapped by facility tier and dengue-prone state
283774,Andhra Pradesh,East Godavari,urban_referral,16,405,3.993,1.166,1.16,0.16,India public literature pattern mapped by facility tier and dengue-prone state
283773,Andhra Pradesh,Anakapalli,district_center,8,405,3.117,1.166,0.92,0.19,India public literature pattern mapped by facility tier and dengue-prone state
283772,Andhra Pradesh,Kakinada,urban_referral,18,405,4.104,1.166,1.16,0.16,India public literature pattern mapped by facility tier and dengue-prone state
281471,Andhra Pradesh,Nandyal,urban_referral,15,405,3.933,1.166,1.16,0.16,India public literature pattern mapped by facility tier and dengue-prone state
3002,Arunachal Pradesh,East Siang,urban_referral,1,14,4.338,1.06,1.16,0.16,India public literature pattern mapped by facility tier and dengue-prone state
3013,Arunachal Pradesh,Upper Siang,peripheral_center,1,14,1.373,1.06,0.68,0.24,India public literature pattern mapped by facility tier and dengue-prone state
3012,Arunachal Pradesh,Upper Subansiri,peripheral_center,1,14,1.373,1.06,0.68,0.24,India public literature pattern mapped by facility tier and dengue-prone state
3010,Arunachal Pradesh,Tawang,peripheral_center,1,14,1.373,1.06,0.68,0.24,India public literature pattern mapped by facility tier and dengue-prone state
3008,Arunachal Pradesh,West Kameng,peripheral_center,1,14,1.373,1.06,0.68,0.24,India public literature pattern mapped by facility tier and dengue-prone state
284528,Arunachal Pradesh,Longding,peripheral_center,1,14,1.373,1.06,0.68,0.24,India public literature pattern mapped by facility tier and dengue-prone state
3007,Arunachal Pradesh,Changlang,peripheral_center,1,14,1.373,1.06,0.68,0.24,India public literature pattern mapped by facility tier and dengue-prone state
3006,Arunachal Pradesh,Lower Dibang Valley,peripheral_center,1,14,1.373,1.06,0.68,0.24,India public literature pattern mapped by facility tier and dengue-prone state
3005,Arunachal Pradesh,Lohit,peripheral_center,1,14,1.373,1.06,0.68,0.24,India public literature pattern mapped by facility tier and dengue-prone state
3003,Arunachal Pradesh,Papum Pare,urban_referral,2,14,5.092,1.06,1.16,0.16,India public literature pattern mapped by facility tier and dengue-prone state
284487,Arunachal Pradesh,East Kameng,peripheral_center,1,14,1.373,1.06,0.68,0.24,India public literature pattern mapped by facility tier and dengue-prone state
12102,Arunachal Pradesh,Lower Subansiri,peripheral_center,1,14,1.373,1.06,0.68,0.24,India public literature pattern mapped by facility tier and dengue-prone state
12105,Arunachal Pradesh,West Siang,peripheral_center,1,14,1.373,1.06,0.68,0.24,India public literature pattern mapped by facility tier and dengue-prone state
12104,Arunachal Pradesh,Papum Pare,metro_tertiary_hub,2,14,6.767,1.06,1.42,0.13,India public literature pattern mapped by facility tier and dengue-prone state
4051,Assam,Kamrup,urban_referral,9,79,5.66,1.06,1.16,0.16,India public literature pattern mapped by facility tier and dengue-prone state
4053,Assam,Kamrup Metro,district_center,13,79,3.559,1.06,0.92,0.19,India public literature pattern mapped by facility tier and dengue-prone state
285310,Assam,Sivasagar,peripheral_center,2,79,1.779,1.06,0.68,0.24,India public literature pattern mapped by facility tier and dengue-prone state
4010,Assam,Dhubri,peripheral_center,1,79,1.373,1.06,0.68,0.24,India public literature pattern mapped by facility tier and dengue-prone state
285278,Assam,Kamrup,district_center,9,79,3.223,1.06,0.92,0.19,India public literature pattern mapped by facility tier and dengue-prone state
4055,Assam,Kamrup,district_center,9,79,3.223,1.06,0.92,0.19,India public literature pattern mapped by facility tier and dengue-prone state
4011,Assam,Goalpara,peripheral_center,2,79,1.779,1.06,0.68,0.24,India public literature pattern mapped by facility tier and dengue-prone state
4056,Assam,Hojai,peripheral_center,2,79,1.779,1.06,0.68,0.24,India public literature pattern mapped by facility tier and dengue-prone state
4012,Assam,Golaghat,peripheral_center,2,79,1.779,1.06,0.68,0.24,India public literature pattern mapped by facility tier and dengue-prone state
4057,Assam,Nagaon,peripheral_center,4,79,2.289,1.06,0.68,0.24,India public literature pattern mapped by facility tier and dengue-prone state
4013,Assam,Hailakandi,peripheral_center,1,79,1.373,1.06,0.68,0.24,India public literature pattern mapped by facility tier and dengue-prone state
18298,Assam,Cachar,district_center,6,79,2.866,1.06,0.92,0.19,India public literature pattern mapped by facility tier and dengue-prone state
18299,Assam,Tinsukia,peripheral_center,2,79,1.779,1.06,0.68,0.24,India public literature pattern mapped by facility tier and dengue-prone state
4014,Assam,Kamrup Metro,metro_tertiary_hub,13,79,7.866,1.06,1.42,0.13,India public literature pattern mapped by facility tier and dengue-prone state
4050,Assam,Kamrup Metro,urban_referral,13,79,6.102,1.06,1.16,0.16,India public literature pattern mapped by facility tier and dengue-prone state
283646,Assam,Sonitpur,metro_tertiary_hub,3,79,5.984,1.06,1.42,0.13,India public literature pattern mapped by facility tier and dengue-prone state
284930,Assam,Kokrajhar,urban_referral,2,79,4.824,1.06,1.16,0.16,India public literature pattern mapped by facility tier and dengue-prone state
284258,Assam,Dibrugarh,urban_referral,7,79,5.637,1.06,1.16,0.16,India public literature pattern mapped by facility tier and dengue-prone state
283565,Assam,Lakhimpur,peripheral_center,1,79,1.373,1.06,0.68,0.24,India public literature pattern mapped by facility tier and dengue-prone state
4005,Assam,Darrang,peripheral_center,2,79,1.779,1.06,0.68,0.24,India public literature pattern mapped by facility tier and dengue-prone state
4006,Assam,Dhemaji,peripheral_center,1,79,1.373,1.06,0.68,0.24,India public literature pattern mapped by facility tier and dengue-prone state
283002,Assam,Udalguri,peripheral_center,1,79,1.373,1.06,0.68,0.24,India public literature pattern mapped by facility tier and dengue-prone state
4007,Assam,Dibrugarh,metro_tertiary_hub,7,79,7.856,1.06,1.42,0.13,India public literature pattern mapped by facility tier and dengue-prone state
283000,Assam,Cachar,urban_referral,6,79,5.408,1.06,1.16,0.16,India public literature pattern mapped by facility tier and dengue-prone state
4009,Assam,Dibrugarh,district_center,7,79,2.999,1.06,0.92,0.19,India public literature pattern mapped by facility tier and dengue-prone state
18300,Assam,Kamrup,district_center,9,79,3.223,1.06,0.92,0.19,India public literature pattern mapped by facility tier and dengue-prone state
4063,Assam,Sonitpur,peripheral_center,3,79,2.066,1.06,0.68,0.24,India public literature pattern mapped by facility tier and dengue-prone state
4021,Assam,Morigaon,peripheral_center,1,79,1.373,1.06,0.68,0.24,India public literature pattern mapped by facility tier and dengue-prone state
4022,Assam,Nagaon,peripheral_center,4,79,2.289,1.06,0.68,0.24,India public literature pattern mapped by facility tier and dengue-prone state
4066,Assam,Jorhat,metro_tertiary_hub,3,79,5.942,1.06,1.42,0.13,India public literature pattern mapped by facility tier and dengue-prone state
4067,Assam,Kamrup,district_center,9,79,3.223,1.06,0.92,0.19,India public literature pattern mapped by facility tier and dengue-prone state
4023,Assam,Nalbari,peripheral_center,3,79,2.066,1.06,0.68,0.24,India public literature pattern mapped by facility tier and dengue-prone state
4024,Assam,Dima Hasao,peripheral_center,1,79,1.373,1.06,0.68,0.24,India public literature pattern mapped by facility tier and dengue-prone state
4068,Assam,Barpeta,metro_tertiary_hub,2,79,5.737,1.06,1.42,0.13,India public literature pattern mapped by facility tier and dengue-prone state
4069,Assam,Kamrup Metro,district_center,13,79,3.559,1.06,0.92,0.19,India public literature pattern mapped by facility tier and dengue-prone state
4025,Assam,Sivasagar,peripheral_center,2,79,1.779,1.06,0.68,0.24,India public literature pattern mapped by facility tier and dengue-prone state
283879,Assam,Kamrup,district_center,9,79,3.916,1.06,0.92,0.19,India public literature pattern mapped by facility tier and dengue-prone state
283559,Assam,Dibrugarh,district_center,7,79,2.999,1.06,0.92,0.19,India public literature pattern mapped by facility tier and dengue-prone state
282468,Assam,Majuli,peripheral_center,1,79,1.373,1.06,0.68,0.24,India public literature pattern mapped by facility tier and dengue-prone state
283359,Assam,Baksa,peripheral_center,1,79,1.373,1.06,0.68,0.24,India public literature pattern mapped by facility tier and dengue-prone state
284403,Assam,Barpeta,peripheral_center,2,79,1.779,1.06,0.68,0.24,India public literature pattern mapped by facility tier and dengue-prone state
283357,Assam,Bongaigaon,peripheral_center,3,79,2.066,1.06,0.68,0.24,India public literature pattern mapped by facility tier and dengue-prone state
4059,Assam,Nalbari,peripheral_center,3,79,2.066,1.06,0.68,0.24,India public literature pattern mapped by facility tier and dengue-prone state
4015,Assam,Kamrup Metro,metro_tertiary_hub,13,79,7.723,1.06,1.42,0.13,India public literature pattern mapped by facility tier and dengue-prone state
285091,Assam,Kamrup Metro,district_center,13,79,3.559,1.06,0.92,0.19,India public literature pattern mapped by facility tier and dengue-prone state
4017,Assam,Karbi Anglong,peripheral_center,1,79,1.373,1.06,0.68,0.24,India public literature pattern mapped by facility tier and dengue-prone state
283474,Assam,Kamrup Metro,district_center,13,79,3.559,1.06,0.92,0.19,India public literature pattern mapped by facility tier and dengue-prone state
4018,Assam,Karimganj,peripheral_center,1,79,1.373,1.06,0.68,0.24,India public literature pattern mapped by facility tier and dengue-prone state
283473,Assam,Kamrup Metro,district_center,13,79,3.559,1.06,0.92,0.19,India public literature pattern mapped by facility tier and dengue-prone state
282460,Assam,Bishwanath,peripheral_center,1,79,1.373,1.06,0.68,0.24,India public literature pattern mapped by facility tier and dengue-prone state
4019,Assam,Kokrajhar,peripheral_center,2,79,1.779,1.06,0.68,0.24,India public literature pattern mapped by facility tier and dengue-prone state
283470,Assam,Cachar,district_center,6,79,2.866,1.06,0.92,0.19,India public literature pattern mapped by facility tier and dengue-prone state
4031,Assam,Bongaigaon,peripheral_center,3,79,2.066,1.06,0.68,0.24,India public literature pattern mapped by facility tier and dengue-prone state
4075,Assam,Kamrup,urban_referral,9,79,5.542,1.06,1.16,0.16,India public literature pattern mapped by facility tier and dengue-prone state
4032,Assam,Cachar,district_center,6,79,2.866,1.06,0.92,0.19,India public literature pattern mapped by facility tier and dengue-prone state
4076,Assam,Kamrup Metro,urban_referral,13,79,5.185,1.06,1.16,0.16,India public literature pattern mapped by facility tier and dengue-prone state
4035,Assam,Dibrugarh,district_center,7,79,2.999,1.06,0.92,0.19,India public literature pattern mapped by facility tier and dengue-prone state
285336,Assam,Nagaon,peripheral_center,4,79,2.289,1.06,0.68,0.24,India public literature pattern mapped by facility tier and dengue-prone state
283982,Assam,Kamrup Metro,district_center,13,79,3.559,1.06,0.92,0.19,India public literature pattern mapped by facility tier and dengue-prone state
4027,Assam,Sonitpur,peripheral_center,3,79,2.066,1.06,0.68,0.24,India public literature pattern mapped by facility tier and dengue-prone state
4028,Assam,Tinsukia,peripheral_center,2,79,1.779,1.06,0.68,0.24,India public literature pattern mapped by facility tier and dengue-prone state
284552,Assam,Dibrugarh,district_center,7,79,2.999,1.06,0.92,0.19,India public literature pattern mapped by facility tier and dengue-prone state
4040,Assam,Golaghat,peripheral_center,2,79,1.779,1.06,0.68,0.24,India public literature pattern mapped by facility tier and dengue-prone state
4042,Assam,Jorhat,peripheral_center,3,79,2.066,1.06,0.68,0.24,India public literature pattern mapped by facility tier and dengue-prone state
4043,Assam,Jorhat,peripheral_center,3,79,2.066,1.06,0.68,0.24,India public literature pattern mapped by facility tier and dengue-prone state
4044,Assam,Kamrup Metro,district_center,13,79,3.559,1.06,0.92,0.19,India public literature pattern mapped by facility tier and dengue-prone state
285267,Assam,Nagaon,peripheral_center,4,79,2.289,1.06,0.68,0.24,India public literature pattern mapped by facility tier and dengue-prone state
4001,Assam,Bongaigaon,peripheral_center,3,79,2.066,1.06,0.68,0.24,India public literature pattern mapped by facility tier and dengue-prone state
4046,Assam,Kamrup,district_center,9,79,3.223,1.06,0.92,0.19,India public literature pattern mapped by facility tier and dengue-prone state
4002,Assam,Cachar,district_center,6,79,2.866,1.06,0.92,0.19,India public literature pattern mapped by facility tier and dengue-prone state
285269,Assam,Darrang,peripheral_center,2,79,1.779,1.06,0.68,0.24,India public literature pattern mapped by facility tier and dengue-prone state
285228,Assam,Hojai,peripheral_center,2,79,1.779,1.06,0.68,0.24,India public literature pattern mapped by facility tier and dengue-prone state
282607,Assam,Kamrup,district_center,9,79,3.223,1.06,0.92,0.19,India public literature pattern mapped by facility tier and dengue-prone state
283858,Assam,Cachar,district_center,6,79,2.866,1.06,0.92,0.19,India public literature pattern mapped by facility tier and dengue-prone state
283976,Assam,Kamrup Metro,district_center,13,79,3.559,1.06,0.92,0.19,India public literature pattern mapped by facility tier and dengue-prone state
283974,Assam,Kamrup Metro,district_center,13,79,3.559,1.06,0.92,0.19,India public literature pattern mapped by facility tier and dengue-prone state
284741,Assam,Nalbari,peripheral_center,3,79,2.066,1.06,0.68,0.24,India public literature pattern mapped by facility tier and dengue-prone state
4039,Assam,Goalpara,peripheral_center,2,79,1.779,1.06,0.68,0.24,India public literature pattern mapped by facility tier and dengue-prone state
284262,Assam,Dibrugarh,district_center,7,79,2.999,1.06,0.92,0.19,India public literature pattern mapped by facility tier and dengue-prone state
10130,Bihar,Patna,metro_tertiary_hub,32,132,8.052,1.06,1.42,0.13,India public literature pattern mapped by facility tier and dengue-prone state
10139,Bihar,Nalanda,urban_referral,4,132,4.849,1.06,1.16,0.16,India public literature pattern mapped by facility tier and dengue-prone state
10132,Bihar,Saharsa,peripheral_center,4,132,2.289,1.06,0.68,0.24,India public literature pattern mapped by facility tier and dengue-prone state
284334,Bihar,Muzaffarpur,district_center,7,132,2.999,1.06,0.92,0.19,India public literature pattern mapped by facility tier and dengue-prone state
10131,Bihar,Patna,metro_tertiary_hub,32,132,8.924,1.06,1.42,0.13,India public literature pattern mapped by facility tier and dengue-prone state
10134,Bihar,Saran,peripheral_center,2,132,1.779,1.06,0.68,0.24,India public literature pattern mapped by facility tier and dengue-prone state
284332,Bihar,Supaul,peripheral_center,1,132,1.373,1.06,0.68,0.24,India public literature pattern mapped by facility tier and dengue-prone state
10133,Bihar,Samastipur,peripheral_center,2,132,1.779,1.06,0.68,0.24,India public literature pattern mapped by facility tier and dengue-prone state
10136,Bihar,Sitamarhi,peripheral_center,2,132,1.779,1.06,0.68,0.24,India public literature pattern mapped by facility tier and dengue-prone state
10138,Bihar,Vaishali,peripheral_center,2,132,1.779,1.06,0.68,0.24,India public literature pattern mapped by facility tier and dengue-prone state
10137,Bihar,Siwan,peripheral_center,3,132,2.066,1.06,0.68,0.24,India public literature pattern mapped by facility tier and dengue-prone state
5034,Bihar,Purba Champaran,district_center,7,132,2.999,1.06,0.92,0.19,India public literature pattern mapped by facility tier and dengue-prone state
5036,Bihar,Purba Champaran,district_center,7,132,2.999,1.06,0.92,0.19,India public literature pattern mapped by facility tier and dengue-prone state
10141,Bihar,Banka,peripheral_center,1,132,1.373,1.06,0.68,0.24,India public literature pattern mapped by facility tier and dengue-prone state
5037,Bihar,Patna,metro_tertiary_hub,32,132,8.701,1.06,1.42,0.13,India public literature pattern mapped by facility tier and dengue-prone state
10140,Bihar,Araria,peripheral_center,2,132,1.779,1.06,0.68,0.24,India public literature pattern mapped by facility tier and dengue-prone state
283356,Bihar,Patna,urban_referral,32,132,6.043,1.06,1.16,0.16,India public literature pattern mapped by facility tier and dengue-prone state
10143,Bihar,Arwal,peripheral_center,1,132,1.373,1.06,0.68,0.24,India public literature pattern mapped by facility tier and dengue-prone state
10142,Bihar,Bhagalpur,peripheral_center,4,132,2.289,1.06,0.68,0.24,India public literature pattern mapped by facility tier and dengue-prone state
283355,Bihar,Nawada,peripheral_center,3,132,2.066,1.06,0.68,0.24,India public literature pattern mapped by facility tier and dengue-prone state
5028,Bihar,Patna,urban_referral,32,132,4.657,1.06,1.16,0.16,India public literature pattern mapped by facility tier and dengue-prone state
283354,Bihar,Darbhanga,urban_referral,6,132,6.05,1.06,1.16,0.16,India public literature pattern mapped by facility tier and dengue-prone state
10145,Bihar,Madhepura,peripheral_center,2,132,1.779,1.06,0.68,0.24,India public literature pattern mapped by facility tier and dengue-prone state
10144,Bihar,Sheohar,peripheral_center,1,132,1.373,1.06,0.68,0.24,India public literature pattern mapped by facility tier and dengue-prone state
10147,Bihar,Purba Champaran,district_center,7,132,2.999,1.06,0.92,0.19,India public literature pattern mapped by facility tier and dengue-prone state
283352,Bihar,Gopalganj,peripheral_center,3,132,2.066,1.06,0.68,0.24,India public literature pattern mapped by facility tier and dengue-prone state
283351,Bihar,Patna,urban_referral,32,132,7.365,1.06,1.16,0.16,India public literature pattern mapped by facility tier and dengue-prone state
10146,Bihar,Darbhanga,district_center,6,132,2.866,1.06,0.92,0.19,India public literature pattern mapped by facility tier and dengue-prone state
284164,Bihar,Patna,metro_tertiary_hub,32,132,9.136,1.06,1.42,0.13,India public literature pattern mapped by facility tier and dengue-prone state
10149,Bihar,Patna,urban_referral,32,132,4.657,1.06,1.16,0.16,India public literature pattern mapped by facility tier and dengue-prone state
10148,Bihar,Gaya,district_center,5,132,2.712,1.06,0.92,0.19,India public literature pattern mapped by facility tier and dengue-prone state
283193,Bihar,Patna,urban_referral,32,132,7.547,1.06,1.16,0.16,India public literature pattern mapped by facility tier and dengue-prone state
283191,Bihar,Muzaffarpur,metro_tertiary_hub,7,132,6.59,1.06,1.42,0.13,India public literature pattern mapped by facility tier and dengue-prone state
283190,Bihar,Muzaffarpur,district_center,7,132,2.999,1.06,0.92,0.19,India public literature pattern mapped by facility tier and dengue-prone state
5047,Bihar,Patna,urban_referral,32,132,4.657,1.06,1.16,0.16,India public literature pattern mapped by facility tier and dengue-prone state
5048,Bihar,Rohtas,metro_tertiary_hub,5,132,6.544,1.06,1.42,0.13,India public literature pattern mapped by facility tier and dengue-prone state
5040,Bihar,Patna,urban_referral,32,132,4.657,1.06,1.16,0.16,India public literature pattern mapped by facility tier and dengue-prone state
10118,Bihar,Madhepura,peripheral_center,2,132,1.779,1.06,0.68,0.24,India public literature pattern mapped by facility tier and dengue-prone state
10117,Bihar,Lakhisarai,peripheral_center,1,132,1.373,1.06,0.68,0.24,India public literature pattern mapped by facility tier and dengue-prone state
282812,Bihar,Bhagalpur,peripheral_center,4,132,2.289,1.06,0.68,0.24,India public literature pattern mapped by facility tier and dengue-prone state
10119,Bihar,Madhubani,peripheral_center,2,132,1.779,1.06,0.68,0.24,India public literature pattern mapped by facility tier and dengue-prone state
283349,Bihar,Patna,urban_referral,32,132,4.657,1.06,1.16,0.16,India public literature pattern mapped by facility tier and dengue-prone state
10110,Bihar,Gopalganj,peripheral_center,3,132,2.066,1.06,0.68,0.24,India public literature pattern mapped by facility tier and dengue-prone state
10112,Bihar,Jehanabad,peripheral_center,2,132,1.779,1.06,0.68,0.24,India public literature pattern mapped by facility tier and dengue-prone state
10111,Bihar,Jamui,peripheral_center,1,132,1.373,1.06,0.68,0.24,India public literature pattern mapped by facility tier and dengue-prone state
283188,Bihar,Darbhanga,urban_referral,6,132,5.504,1.06,1.16,0.16,India public literature pattern mapped by facility tier and dengue-prone state
283187,Bihar,Saharsa,peripheral_center,4,132,2.289,1.06,0.68,0.24,India public literature pattern mapped by facility tier and dengue-prone state
10114,Bihar,Katihar,peripheral_center,2,132,1.779,1.06,0.68,0.24,India public literature pattern mapped by facility tier and dengue-prone state
10113,Bihar,Kaimur (Bhabua),peripheral_center,1,132,1.373,1.06,0.68,0.24,India public literature pattern mapped by facility tier and dengue-prone state
10116,Bihar,Kishanganj,peripheral_center,2,132,1.779,1.06,0.68,0.24,India public literature pattern mapped by facility tier and dengue-prone state
283185,Bihar,Saharsa,peripheral_center,4,132,2.289,1.06,0.68,0.24,India public literature pattern mapped by facility tier and dengue-prone state
283184,Bihar,Patna,urban_referral,32,132,6.736,1.06,1.16,0.16,India public literature pattern mapped by facility tier and dengue-prone state
10115,Bihar,Khagaria,peripheral_center,2,132,1.779,1.06,0.68,0.24,India public literature pattern mapped by facility tier and dengue-prone state
283183,Bihar,Patna,metro_tertiary_hub,32,132,8.35,1.06,1.42,0.13,India public literature pattern mapped by facility tier and dengue-prone state
283182,Bihar,Purba Champaran,district_center,7,132,2.999,1.06,0.92,0.19,India public literature pattern mapped by facility tier and dengue-prone state
283181,Bihar,Madhubani,metro_tertiary_hub,2,132,5.563,1.06,1.42,0.13,India public literature pattern mapped by facility tier and dengue-prone state
283180,Bihar,Purnia,urban_referral,6,132,4.492,1.06,1.16,0.16,India public literature pattern mapped by facility tier and dengue-prone state
10129,Bihar,Patna,metro_tertiary_hub,32,132,8.249,1.06,1.42,0.13,India public literature pattern mapped by facility tier and dengue-prone state
10121,Bihar,Muzaffarpur,district_center,7,132,2.999,1.06,0.92,0.19,India public literature pattern mapped by facility tier and dengue-prone state
5049,Bihar,Patna,metro_tertiary_hub,32,132,8.5,1.06,1.42,0.13,India public literature pattern mapped by facility tier and dengue-prone state
283179,Bihar,Bhagalpur,peripheral_center,4,132,2.289,1.06,0.68,0.24,India public literature pattern mapped by facility tier and dengue-prone state
10120,Bihar,Munger,metro_tertiary_hub,1,132,5.874,1.06,1.42,0.13,India public literature pattern mapped by facility tier and dengue-prone state
10123,Bihar,Nalanda,peripheral_center,4,132,2.289,1.06,0.68,0.24,India public literature pattern mapped by facility tier and dengue-prone state
283178,Bihar,Gopalganj,peripheral_center,3,132,2.066,1.06,0.68,0.24,India public literature pattern mapped by facility tier and dengue-prone state
10122,Bihar,Muzaffarpur,urban_referral,7,132,5.319,1.06,1.16,0.16,India public literature pattern mapped by facility tier and dengue-prone state
283177,Bihar,Sitamarhi,peripheral_center,2,132,1.779,1.06,0.68,0.24,India public literature pattern mapped by facility tier and dengue-prone state
10125,Bihar,Purnia,metro_tertiary_hub,6,132,7.629,1.06,1.42,0.13,India public literature pattern mapped by facility tier and dengue-prone state
283176,Bihar,Patna,urban_referral,32,132,4.657,1.06,1.16,0.16,India public literature pattern mapped by facility tier and dengue-prone state
10124,Bihar,Nawada,peripheral_center,3,132,2.066,1.06,0.68,0.24,India public literature pattern mapped by facility tier and dengue-prone state
10127,Bihar,Pashchim Champaran,peripheral_center,2,132,1.779,1.06,0.68,0.24,India public literature pattern mapped by facility tier and dengue-prone state
10126,Bihar,Rohtas,district_center,5,132,2.712,1.06,0.92,0.19,India public literature pattern mapped by facility tier and dengue-prone state
284382,Bihar,Patna,metro_tertiary_hub,32,132,7.961,1.06,1.42,0.13,India public literature pattern mapped by facility tier and dengue-prone state
10170,Bihar,Purba Champaran,district_center,7,132,2.999,1.06,0.92,0.19,India public literature pattern mapped by facility tier and dengue-prone state
5067,Bihar,Patna,urban_referral,32,132,4.657,1.06,1.16,0.16,India public literature pattern mapped by facility tier and dengue-prone state
10173,Bihar,Nawada,peripheral_center,3,132,2.066,1.06,0.68,0.24,India public literature pattern mapped by facility tier and dengue-prone state
284538,Bihar,Muzaffarpur,urban_referral,7,132,6.012,1.06,1.16,0.16,India public literature pattern mapped by facility tier and dengue-prone state
284812,Bihar,Saran,peripheral_center,2,132,2.472,1.06,0.68,0.24,India public literature pattern mapped by facility tier and dengue-prone state
283168,Bihar,Rohtas,district_center,5,132,2.712,1.06,0.92,0.19,India public literature pattern mapped by facility tier and dengue-prone state
5076,Bihar,Patna,urban_referral,32,132,6.602,1.06,1.16,0.16,India public literature pattern mapped by facility tier and dengue-prone state
5072,Bihar,Patna,metro_tertiary_hub,32,132,8.008,1.06,1.42,0.13,India public literature pattern mapped by facility tier and dengue-prone state
5073,Bihar,Patna,urban_referral,32,132,7.141,1.06,1.16,0.16,India public literature pattern mapped by facility tier and dengue-prone state
10107,Bihar,Darbhanga,district_center,6,132,2.866,1.06,0.92,0.19,India public literature pattern mapped by facility tier and dengue-prone state
10106,Bihar,Bhojpur,peripheral_center,4,132,2.289,1.06,0.68,0.24,India public literature pattern mapped by facility tier and dengue-prone state
10109,Bihar,Gaya,metro_tertiary_hub,5,132,7.618,1.06,1.42,0.13,India public literature pattern mapped by facility tier and dengue-prone state
280689,Bihar,Bhojpur,peripheral_center,4,132,2.289,1.06,0.68,0.24,India public literature pattern mapped by facility tier and dengue-prone state
10108,Bihar,Buxar,peripheral_center,2,132,1.779,1.06,0.68,0.24,India public literature pattern mapped by facility tier and dengue-prone state
284920,Bihar,Patna,urban_referral,32,132,7.141,1.06,1.16,0.16,India public literature pattern mapped by facility tier and dengue-prone state
280165,Bihar,Muzaffarpur,urban_referral,7,132,4.338,1.06,1.16,0.16,India public literature pattern mapped by facility tier and dengue-prone state
280561,Bihar,Patna,metro_tertiary_hub,32,132,8.977,1.06,1.42,0.13,India public literature pattern mapped by facility tier and dengue-prone state
280163,Bihar,Kishanganj,urban_referral,2,132,4.205,1.06,1.16,0.16,India public literature pattern mapped by facility tier and dengue-prone state
280161,Bihar,Gaya,urban_referral,5,132,4.338,1.06,1.16,0.16,India public literature pattern mapped by facility tier and dengue-prone state
280162,Bihar,Katihar,metro_tertiary_hub,2,132,5.886,1.06,1.42,0.13,India public literature pattern mapped by facility tier and dengue-prone state
10102,Bihar,Bhagalpur,urban_referral,4,132,5.714,1.06,1.16,0.16,India public literature pattern mapped by facility tier and dengue-prone state
10105,Bihar,Begusarai,peripheral_center,4,132,2.289,1.06,0.68,0.24,India public literature pattern mapped by facility tier and dengue-prone state
10104,Bihar,Aurangabad,peripheral_center,1,132,1.373,1.06,0.68,0.24,India public literature pattern mapped by facility tier and dengue-prone state
10152,Bihar,Gaya,district_center,5,132,2.712,1.06,0.92,0.19,India public literature pattern mapped by facility tier and dengue-prone state
285258,Bihar,Purnia,metro_tertiary_hub,6,132,7.216,1.06,1.42,0.13,India public literature pattern mapped by facility tier and dengue-prone state
10151,Bihar,Gaya,district_center,5,132,2.712,1.06,0.92,0.19,India public literature pattern mapped by facility tier and dengue-prone state
285259,Bihar,Siwan,peripheral_center,3,132,2.066,1.06,0.68,0.24,India public literature pattern mapped by facility tier and dengue-prone state
280156,Bihar,Begusarai,peripheral_center,4,132,2.289,1.06,0.68,0.24,India public literature pattern mapped by facility tier and dengue-prone state
284512,Bihar,Patna,urban_referral,32,132,4.657,1.06,1.16,0.16,India public literature pattern mapped by facility tier and dengue-prone state
280157,Bihar,Bhojpur,peripheral_center,4,132,2.289,1.06,0.68,0.24,India public literature pattern mapped by facility tier and dengue-prone state
10154,Bihar,Begusarai,urban_referral,4,132,4.715,1.06,1.16,0.16,India public literature pattern mapped by facility tier and dengue-prone state
280154,Bihar,Rohtas,urban_referral,5,132,4.338,1.06,1.16,0.16,India public literature pattern mapped by facility tier and dengue-prone state
280155,Bihar,Begusarai,urban_referral,4,132,4.379,1.06,1.16,0.16,India public literature pattern mapped by facility tier and dengue-prone state
10153,Bihar,Darbhanga,urban_referral,6,132,5.878,1.06,1.16,0.16,India public literature pattern mapped by facility tier and dengue-prone state
10156,Bihar,Patna,urban_referral,32,132,4.657,1.06,1.16,0.16,India public literature pattern mapped by facility tier and dengue-prone state
280152,Bihar,Purnia,urban_referral,6,132,5.185,1.06,1.16,0.16,India public literature pattern mapped by facility tier and dengue-prone state
280153,Bihar,Rohtas,district_center,5,132,2.712,1.06,0.92,0.19,India public literature pattern mapped by facility tier and dengue-prone state
10155,Bihar,Darbhanga,district_center,6,132,2.866,1.06,0.92,0.19,India public literature pattern mapped by facility tier and dengue-prone state
10158,Bihar,Jehanabad,peripheral_center,2,132,1.779,1.06,0.68,0.24,India public literature pattern mapped by facility tier and dengue-prone state
10157,Bihar,Siwan,peripheral_center,3,132,2.066,1.06,0.68,0.24,India public literature pattern mapped by facility tier and dengue-prone state
285260,Bihar,Patna,urban_referral,32,132,6.043,1.06,1.16,0.16,India public literature pattern mapped by facility tier and dengue-prone state
280151,Bihar,Purnia,district_center,6,132,2.866,1.06,0.92,0.19,India public literature pattern mapped by facility tier and dengue-prone state
10159,Bihar,Samastipur,urban_referral,2,132,4.205,1.06,1.16,0.16,India public literature pattern mapped by facility tier and dengue-prone state
5011,Bihar,Patna,urban_referral,32,132,4.657,1.06,1.16,0.16,India public literature pattern mapped by facility tier and dengue-prone state
10161,Bihar,Purba Champaran,urban_referral,7,132,5.185,1.06,1.16,0.16,India public literature pattern mapped by facility tier and dengue-prone state
10160,Bihar,Buxar,urban_referral,2,132,4.05,1.06,1.16,0.16,India public literature pattern mapped by facility tier and dengue-prone state
5013,Bihar,Patna,urban_referral,32,132,4.657,1.06,1.16,0.16,India public literature pattern mapped by facility tier and dengue-prone state
10163,Bihar,Pashchim Champaran,peripheral_center,2,132,1.779,1.06,0.68,0.24,India public literature pattern mapped by facility tier and dengue-prone state
5014,Bihar,Patna,urban_referral,32,132,4.657,1.06,1.16,0.16,India public literature pattern mapped by facility tier and dengue-prone state
10162,Bihar,Purba Champaran,district_center,7,132,2.999,1.06,0.92,0.19,India public literature pattern mapped by facility tier and dengue-prone state
284908,Bihar,Araria,peripheral_center,2,132,1.779,1.06,0.68,0.24,India public literature pattern mapped by facility tier and dengue-prone state
283258,Bihar,Saharsa,peripheral_center,4,132,2.289,1.06,0.68,0.24,India public literature pattern mapped by facility tier and dengue-prone state
10165,Bihar,Vaishali,peripheral_center,2,132,1.779,1.06,0.68,0.24,India public literature pattern mapped by facility tier and dengue-prone state
283257,Bihar,Nalanda,peripheral_center,4,132,2.289,1.06,0.68,0.24,India public literature pattern mapped by facility tier and dengue-prone state
10164,Bihar,Patna,urban_referral,32,132,4.657,1.06,1.16,0.16,India public literature pattern mapped by facility tier and dengue-prone state
10167,Bihar,Nalanda,peripheral_center,4,132,2.289,1.06,0.68,0.24,India public literature pattern mapped by facility tier and dengue-prone state
10166,Bihar,Purnia,urban_referral,6,132,5.052,1.06,1.16,0.16,India public literature pattern mapped by facility tier and dengue-prone state
5009,Bihar,Patna,urban_referral,32,132,6.736,1.06,1.16,0.16,India public literature pattern mapped by facility tier and dengue-prone state
10169,Bihar,Khagaria,urban_referral,2,132,3.868,1.06,1.16,0.16,India public literature pattern mapped by facility tier and dengue-prone state
10168,Bihar,Bhojpur,urban_referral,4,132,4.967,1.06,1.16,0.16,India public literature pattern mapped by facility tier and dengue-prone state
285320,Chandigarh,Chandigarh,metro_tertiary_hub,5,5,7.894,1.06,1.42,0.13,India public literature pattern mapped by facility tier and dengue-prone state
6001,Chandigarh,Chandigarh,metro_tertiary_hub,5,5,8.079,1.06,1.42,0.13,India public literature pattern mapped by facility tier and dengue-prone state
6003,Chandigarh,Chandigarh,district_center,5,5,2.712,1.06,0.92,0.19,India public literature pattern mapped by facility tier and dengue-prone state
6004,Chandigarh,Chandigarh,metro_tertiary_hub,5,5,7.581,1.06,1.42,0.13,India public literature pattern mapped by facility tier and dengue-prone state
94101,Chandigarh,Chandigarh,district_center,5,5,2.712,1.06,0.92,0.19,India public literature pattern mapped by facility tier and dengue-prone state
7044,Chhattisgarh,Bastar,peripheral_center,4,140,2.289,1.06,0.68,0.24,India public literature pattern mapped by facility tier and dengue-prone state
22118,Chhattisgarh,Raipur,urban_referral,34,140,6.507,1.06,1.16,0.16,India public literature pattern mapped by facility tier and dengue-prone state
22119,Chhattisgarh,Balod,peripheral_center,3,140,2.066,1.06,0.68,0.24,India public literature pattern mapped by facility tier and dengue-prone state
7048,Chhattisgarh,Koriya,peripheral_center,4,140,2.289,1.06,0.68,0.24,India public literature pattern mapped by facility tier and dengue-prone state
284180,Chhattisgarh,Raipur,urban_referral,34,140,4.715,1.06,1.16,0.16,India public literature pattern mapped by facility tier and dengue-prone state
7047,Chhattisgarh,Koriya,peripheral_center,4,140,2.289,1.06,0.68,0.24,India public literature pattern mapped by facility tier and dengue-prone state
22113,Chhattisgarh,Rajnandgaon,district_center,7,140,2.999,1.06,0.92,0.19,India public literature pattern mapped by facility tier and dengue-prone state
7040,Chhattisgarh,Surguja,district_center,7,140,2.999,1.06,0.92,0.19,India public literature pattern mapped by facility tier and dengue-prone state
22115,Chhattisgarh,Bilaspur,district_center,12,140,3.485,1.06,0.92,0.19,India public literature pattern mapped by facility tier and dengue-prone state
280777,Chhattisgarh,Mungeli,peripheral_center,3,140,2.066,1.06,0.68,0.24,India public literature pattern mapped by facility tier and dengue-prone state
280499,Chhattisgarh,Raipur,metro_tertiary_hub,34,140,9.37,1.06,1.42,0.13,India public literature pattern mapped by facility tier and dengue-prone state
285200,Chhattisgarh,Raigarh,district_center,10,140,3.318,1.06,0.92,0.19,India public literature pattern mapped by facility tier and dengue-prone state
22121,Chhattisgarh,Bijapur,peripheral_center,1,140,1.373,1.06,0.68,0.24,India public literature pattern mapped by facility tier and dengue-prone state
22122,Chhattisgarh,Kabirdham,peripheral_center,3,140,2.066,1.06,0.68,0.24,India public literature pattern mapped by facility tier and dengue-prone state
22123,Chhattisgarh,Surajpur,peripheral_center,1,140,1.373,1.06,0.68,0.24,India public literature pattern mapped by facility tier and dengue-prone state
22126,Chhattisgarh,Durg,urban_referral,11,140,5.437,1.06,1.16,0.16,India public literature pattern mapped by facility tier and dengue-prone state
22127,Chhattisgarh,Gariyaband,peripheral_center,1,140,1.373,1.06,0.68,0.24,India public literature pattern mapped by facility tier and dengue-prone state
282706,Chhattisgarh,Durg,district_center,11,140,3.405,1.06,0.92,0.19,India public literature pattern mapped by facility tier and dengue-prone state
22128,Chhattisgarh,Bemetra,peripheral_center,1,140,1.373,1.06,0.68,0.24,India public literature pattern mapped by facility tier and dengue-prone state
284729,Chhattisgarh,Raipur,urban_referral,34,140,7.354,1.06,1.16,0.16,India public literature pattern mapped by facility tier and dengue-prone state
283639,Chhattisgarh,Raigarh,urban_referral,10,140,5.755,1.06,1.16,0.16,India public literature pattern mapped by facility tier and dengue-prone state
283756,Chhattisgarh,Janjgir - Champa,district_center,5,140,2.712,1.06,0.92,0.19,India public literature pattern mapped by facility tier and dengue-prone state
283877,Chhattisgarh,Kanker,peripheral_center,4,140,2.289,1.06,0.68,0.24,India public literature pattern mapped by facility tier and dengue-prone state
22120,Chhattisgarh,Raipur,metro_tertiary_hub,34,140,8.76,1.06,1.42,0.13,India public literature pattern mapped by facility tier and dengue-prone state
284324,Chhattisgarh,Bilaspur,district_center,12,140,3.485,1.06,0.92,0.19,India public literature pattern mapped by facility tier and dengue-prone state
283232,Chhattisgarh,Kanker,peripheral_center,4,140,2.289,1.06,0.68,0.24,India public literature pattern mapped by facility tier and dengue-prone state
283231,Chhattisgarh,Mungeli,peripheral_center,3,140,2.066,1.06,0.68,0.24,India public literature pattern mapped by facility tier and dengue-prone state
284320,Chhattisgarh,Bastar,peripheral_center,4,140,2.289,1.06,0.68,0.24,India public literature pattern mapped by facility tier and dengue-prone state
283230,Chhattisgarh,Bilaigarh,peripheral_center,2,140,1.779,1.06,0.68,0.24,India public literature pattern mapped by facility tier and dengue-prone state
285172,Chhattisgarh,Raipur,urban_referral,34,140,4.715,1.06,1.16,0.16,India public literature pattern mapped by facility tier and dengue-prone state
285173,Chhattisgarh,Raipur,urban_referral,34,140,4.715,1.06,1.16,0.16,India public literature pattern mapped by facility tier and dengue-prone state
285217,Chhattisgarh,Surguja,district_center,7,140,2.999,1.06,0.92,0.19,India public literature pattern mapped by facility tier and dengue-prone state
283628,Chhattisgarh,Janjgir - Champa,district_center,5,140,2.712,1.06,0.92,0.19,India public literature pattern mapped by facility tier and dengue-prone state
284319,Chhattisgarh,Raipur,urban_referral,34,140,4.715,1.06,1.16,0.16,India public literature pattern mapped by facility tier and dengue-prone state
283229,Chhattisgarh,Raigarh,district_center,10,140,3.318,1.06,0.92,0.19,India public literature pattern mapped by facility tier and dengue-prone state
280755,Chhattisgarh,Raipur,urban_referral,34,140,7.2,1.06,1.16,0.16,India public literature pattern mapped by facility tier and dengue-prone state
283624,Chhattisgarh,Mahasamund,district_center,6,140,2.866,1.06,0.92,0.19,India public literature pattern mapped by facility tier and dengue-prone state
283228,Chhattisgarh,Korba,district_center,7,140,2.999,1.06,0.92,0.19,India public literature pattern mapped by facility tier and dengue-prone state
280475,Chhattisgarh,Baloda Bazaar,peripheral_center,3,140,2.066,1.06,0.68,0.24,India public literature pattern mapped by facility tier and dengue-prone state
283985,Chhattisgarh,Rajnandgaon,urban_referral,7,140,5.804,1.06,1.16,0.16,India public literature pattern mapped by facility tier and dengue-prone state
284435,Chhattisgarh,Durg,district_center,11,140,3.405,1.06,0.92,0.19,India public literature pattern mapped by facility tier and dengue-prone state
284795,Chhattisgarh,Dhamtari,peripheral_center,3,140,2.066,1.06,0.68,0.24,India public literature pattern mapped by facility tier and dengue-prone state
283220,Chhattisgarh,Raipur,urban_referral,34,140,7.66,1.06,1.16,0.16,India public literature pattern mapped by facility tier and dengue-prone state
22108,Chhattisgarh,Bilaspur,urban_referral,12,140,5.804,1.06,1.16,0.16,India public literature pattern mapped by facility tier and dengue-prone state
285069,Chhattisgarh,Raipur,urban_referral,34,140,4.715,1.06,1.16,0.16,India public literature pattern mapped by facility tier and dengue-prone state
22102,Chhattisgarh,Korba,district_center,7,140,2.999,1.06,0.92,0.19,India public literature pattern mapped by facility tier and dengue-prone state
22103,Chhattisgarh,Mahasamund,district_center,6,140,2.866,1.06,0.92,0.19,India public literature pattern mapped by facility tier and dengue-prone state
280505,Chhattisgarh,Rajnandgaon,urban_referral,7,140,4.849,1.06,1.16,0.16,India public literature pattern mapped by facility tier and dengue-prone state
22106,Chhattisgarh,Janjgir - Champa,district_center,5,140,2.712,1.06,0.92,0.19,India public literature pattern mapped by facility tier and dengue-prone state
280502,Chhattisgarh,Mahasamund,district_center,6,140,2.866,1.06,0.92,0.19,India public literature pattern mapped by facility tier and dengue-prone state
284548,Chhattisgarh,Durg,district_center,11,140,3.405,1.06,0.92,0.19,India public literature pattern mapped by facility tier and dengue-prone state
283613,Chhattisgarh,Bilaspur,district_center,12,140,3.485,1.06,0.92,0.19,India public literature pattern mapped by facility tier and dengue-prone state
280500,Chhattisgarh,Raipur,urban_referral,34,140,7.2,1.06,1.16,0.16,India public literature pattern mapped by facility tier and dengue-prone state
283337,Chhattisgarh,Bilaspur,district_center,12,140,3.485,1.06,0.92,0.19,India public literature pattern mapped by facility tier and dengue-prone state
283698,Chhattisgarh,Kabirdham,peripheral_center,3,140,2.066,1.06,0.68,0.24,India public literature pattern mapped by facility tier and dengue-prone state
283695,Chhattisgarh,Balod,peripheral_center,3,140,2.066,1.06,0.68,0.24,India public literature pattern mapped by facility tier and dengue-prone state
283692,Chhattisgarh,Raipur,urban_referral,34,140,7.549,1.06,1.16,0.16,India public literature pattern mapped by facility tier and dengue-prone state
7004,Chhattisgarh,Raipur,metro_tertiary_hub,34,140,8.664,1.06,1.42,0.13,India public literature pattern mapped by facility tier and dengue-prone state
7005,Chhattisgarh,Surguja,urban_referral,7,140,6.073,1.06,1.16,0.16,India public literature pattern mapped by facility tier and dengue-prone state
22154,Chhattisgarh,Raipur,urban_referral,34,140,4.715,1.06,1.16,0.16,India public literature pattern mapped by facility tier and dengue-prone state
22155,Chhattisgarh,Raipur,urban_referral,34,140,4.715,1.06,1.16,0.16,India public literature pattern mapped by facility tier and dengue-prone state
22156,Chhattisgarh,Raipur,urban_referral,34,140,4.715,1.06,1.16,0.16,India public literature pattern mapped by facility tier and dengue-prone state
22157,Chhattisgarh,Durg,district_center,11,140,3.405,1.06,0.92,0.19,India public literature pattern mapped by facility tier and dengue-prone state
22159,Chhattisgarh,Mahasamund,district_center,6,140,2.866,1.06,0.92,0.19,India public literature pattern mapped by facility tier and dengue-prone state
284813,Chhattisgarh,Janjgir - Champa,district_center,5,140,2.712,1.06,0.92,0.19,India public literature pattern mapped by facility tier and dengue-prone state
22150,Chhattisgarh,Bilaigarh,peripheral_center,2,140,1.779,1.06,0.68,0.24,India public literature pattern mapped by facility tier and dengue-prone state
284811,Chhattisgarh,Janjgir - Champa,district_center,5,140,2.712,1.06,0.92,0.19,India public literature pattern mapped by facility tier and dengue-prone state
22152,Chhattisgarh,Raigarh,district_center,10,140,4.011,1.06,0.92,0.19,India public literature pattern mapped by facility tier and dengue-prone state
22153,Chhattisgarh,Bastar,urban_referral,4,140,4.561,1.06,1.16,0.16,India public literature pattern mapped by facility tier and dengue-prone state
7011,Chhattisgarh,Durg,district_center,11,140,3.405,1.06,0.92,0.19,India public literature pattern mapped by facility tier and dengue-prone state
7010,Chhattisgarh,Raipur,urban_referral,34,140,7.2,1.06,1.16,0.16,India public literature pattern mapped by facility tier and dengue-prone state
7013,Chhattisgarh,Bilaspur,urban_referral,12,140,5.111,1.06,1.16,0.16,India public literature pattern mapped by facility tier and dengue-prone state
7012,Chhattisgarh,Raipur,metro_tertiary_hub,34,140,8.804,1.06,1.42,0.13,India public literature pattern mapped by facility tier and dengue-prone state
7015,Chhattisgarh,Korba,district_center,7,140,2.999,1.06,0.92,0.19,India public literature pattern mapped by facility tier and dengue-prone state
7014,Chhattisgarh,Raipur,urban_referral,34,140,6.795,1.06,1.16,0.16,India public literature pattern mapped by facility tier and dengue-prone state
7016,Chhattisgarh,Surguja,metro_tertiary_hub,7,140,6.495,1.06,1.42,0.13,India public literature pattern mapped by facility tier and dengue-prone state
22165,Chhattisgarh,Mungeli,peripheral_center,3,140,2.066,1.06,0.68,0.24,India public literature pattern mapped by facility tier and dengue-prone state
22167,Chhattisgarh,Bilaspur,district_center,12,140,3.485,1.06,0.92,0.19,India public literature pattern mapped by facility tier and dengue-prone state
284809,Chhattisgarh,Korba,district_center,7,140,2.999,1.06,0.92,0.19,India public literature pattern mapped by facility tier and dengue-prone state
280728,Chhattisgarh,Dhamtari,peripheral_center,3,140,2.066,1.06,0.68,0.24,India public literature pattern mapped by facility tier and dengue-prone state
280725,Chhattisgarh,Durg,district_center,11,140,3.405,1.06,0.92,0.19,India public literature pattern mapped by facility tier and dengue-prone state
280724,Chhattisgarh,Raipur,urban_referral,34,140,4.715,1.06,1.16,0.16,India public literature pattern mapped by facility tier and dengue-prone state
283317,Chhattisgarh,Bilaspur,district_center,12,140,3.485,1.06,0.92,0.19,India public literature pattern mapped by facility tier and dengue-prone state
22161,Chhattisgarh,Kanker,peripheral_center,4,140,2.289,1.06,0.68,0.24,India public literature pattern mapped by facility tier and dengue-prone state
22162,Chhattisgarh,Bilaspur,district_center,12,140,3.485,1.06,0.92,0.19,India public literature pattern mapped by facility tier and dengue-prone state
283953,Chhattisgarh,Raigarh,district_center,10,140,3.318,1.06,0.92,0.19,India public literature pattern mapped by facility tier and dengue-prone state
284007,Chhattisgarh,Raipur,urban_referral,34,140,4.715,1.06,1.16,0.16,India public literature pattern mapped by facility tier and dengue-prone state
22163,Chhattisgarh,Jashpur,peripheral_center,2,140,1.779,1.06,0.68,0.24,India public literature pattern mapped by facility tier and dengue-prone state
283710,Chhattisgarh,Durg,district_center,11,140,3.405,1.06,0.92,0.19,India public literature pattern mapped by facility tier and dengue-prone state
283677,Chhattisgarh,Rajnandgaon,urban_referral,7,140,5.947,1.06,1.16,0.16,India public literature pattern mapped by facility tier and dengue-prone state
22164,Chhattisgarh,Raipur,urban_referral,34,140,4.715,1.06,1.16,0.16,India public literature pattern mapped by facility tier and dengue-prone state
283796,Chhattisgarh,Baloda Bazaar,peripheral_center,3,140,2.066,1.06,0.68,0.24,India public literature pattern mapped by facility tier and dengue-prone state
282740,Chhattisgarh,Bastar,metro_tertiary_hub,4,140,6.074,1.06,1.42,0.13,India public literature pattern mapped by facility tier and dengue-prone state
7007,Chhattisgarh,Bilaspur,urban_referral,12,140,6.498,1.06,1.16,0.16,India public literature pattern mapped by facility tier and dengue-prone state
7022,Chhattisgarh,Raipur,urban_referral,34,140,4.715,1.06,1.16,0.16,India public literature pattern mapped by facility tier and dengue-prone state
7021,Chhattisgarh,Raigarh,district_center,10,140,3.318,1.06,0.92,0.19,India public literature pattern mapped by facility tier and dengue-prone state
7023,Chhattisgarh,Raipur,urban_referral,34,140,4.715,1.06,1.16,0.16,India public literature pattern mapped by facility tier and dengue-prone state
285256,Chhattisgarh,Raipur,urban_referral,34,140,7.113,1.06,1.16,0.16,India public literature pattern mapped by facility tier and dengue-prone state
285135,Chhattisgarh,Balod,peripheral_center,3,140,2.066,1.06,0.68,0.24,India public literature pattern mapped by facility tier and dengue-prone state
7025,Chhattisgarh,Bilaspur,district_center,12,140,3.485,1.06,0.92,0.19,India public literature pattern mapped by facility tier and dengue-prone state
285136,Chhattisgarh,Kabirdham,peripheral_center,3,140,2.759,1.06,0.68,0.24,India public literature pattern mapped by facility tier and dengue-prone state
7028,Chhattisgarh,Raigarh,district_center,10,140,3.318,1.06,0.92,0.19,India public literature pattern mapped by facility tier and dengue-prone state
22132,Chhattisgarh,Narayanpur,peripheral_center,2,140,1.779,1.06,0.68,0.24,India public literature pattern mapped by facility tier and dengue-prone state
22133,Chhattisgarh,Dhamtari,peripheral_center,3,140,2.066,1.06,0.68,0.24,India public literature pattern mapped by facility tier and dengue-prone state
22134,Chhattisgarh,Kanker,peripheral_center,4,140,2.289,1.06,0.68,0.24,India public literature pattern mapped by facility tier and dengue-prone state
22137,Chhattisgarh,Raigarh,district_center,10,140,3.318,1.06,0.92,0.19,India public literature pattern mapped by facility tier and dengue-prone state
22138,Chhattisgarh,Raigarh,district_center,10,140,3.318,1.06,0.92,0.19,India public literature pattern mapped by facility tier and dengue-prone state
7020,Chhattisgarh,Raipur,urban_referral,34,140,4.715,1.06,1.16,0.16,India public literature pattern mapped by facility tier and dengue-prone state
283706,Chhattisgarh,Raipur,urban_referral,34,140,4.715,1.06,1.16,0.16,India public literature pattern mapped by facility tier and dengue-prone state
22139,Chhattisgarh,Bilaspur,district_center,12,140,3.485,1.06,0.92,0.19,India public literature pattern mapped by facility tier and dengue-prone state
283308,Chhattisgarh,Koriya,peripheral_center,4,140,2.289,1.06,0.68,0.24,India public literature pattern mapped by facility tier and dengue-prone state
280435,Chhattisgarh,Raipur,urban_referral,34,140,4.715,1.06,1.16,0.16,India public literature pattern mapped by facility tier and dengue-prone state
280436,Chhattisgarh,Raipur,urban_referral,34,140,7.28,1.06,1.16,0.16,India public literature pattern mapped by facility tier and dengue-prone state
283820,Chhattisgarh,Raipur,urban_referral,34,140,4.715,1.06,1.16,0.16,India public literature pattern mapped by facility tier and dengue-prone state
22131,Chhattisgarh,Dantewada,peripheral_center,3,140,2.066,1.06,0.68,0.24,India public literature pattern mapped by facility tier and dengue-prone state
280551,Chhattisgarh,Durg,district_center,11,140,3.405,1.06,0.92,0.19,India public literature pattern mapped by facility tier and dengue-prone state
7018,Chhattisgarh,Narayanpur,peripheral_center,2,140,1.779,1.06,0.68,0.24,India public literature pattern mapped by facility tier and dengue-prone state
283663,Chhattisgarh,Koriya,peripheral_center,4,140,2.289,1.06,0.68,0.24,India public literature pattern mapped by facility tier and dengue-prone state
280271,Chhattisgarh,Rajnandgaon,district_center,7,140,2.999,1.06,0.92,0.19,India public literature pattern mapped by facility tier and dengue-prone state
284230,Chhattisgarh,Baloda Bazaar,peripheral_center,3,140,2.066,1.06,0.68,0.24,India public literature pattern mapped by facility tier and dengue-prone state
7033,Chhattisgarh,Dantewada,urban_referral,3,140,5.491,1.06,1.16,0.16,India public literature pattern mapped by facility tier and dengue-prone state
7032,Chhattisgarh,Durg,metro_tertiary_hub,11,140,7.124,1.06,1.42,0.13,India public literature pattern mapped by facility tier and dengue-prone state
7034,Chhattisgarh,Raipur,urban_referral,34,140,4.715,1.06,1.16,0.16,India public literature pattern mapped by facility tier and dengue-prone state
7037,Chhattisgarh,Surguja,urban_referral,7,140,5.185,1.06,1.16,0.16,India public literature pattern mapped by facility tier and dengue-prone state
22143,Chhattisgarh,Mahasamund,district_center,6,140,2.866,1.06,0.92,0.19,India public literature pattern mapped by facility tier and dengue-prone state
22144,Chhattisgarh,Raipur,urban_referral,34,140,6.661,1.06,1.16,0.16,India public literature pattern mapped by facility tier and dengue-prone state
22145,Chhattisgarh,Surguja,urban_referral,7,140,4.849,1.06,1.16,0.16,India public literature pattern mapped by facility tier and dengue-prone state
22146,Chhattisgarh,Korba,district_center,7,140,2.999,1.06,0.92,0.19,India public literature pattern mapped by facility tier and dengue-prone state
22147,Chhattisgarh,Rajnandgaon,urban_referral,7,140,4.338,1.06,1.16,0.16,India public literature pattern mapped by facility tier and dengue-prone state
22148,Chhattisgarh,Surguja,urban_referral,7,140,4.338,1.06,1.16,0.16,India public literature pattern mapped by facility tier and dengue-prone state
7031,Chhattisgarh,Korba,district_center,7,140,2.999,1.06,0.92,0.19,India public literature pattern mapped by facility tier and dengue-prone state
22149,Chhattisgarh,Jashpur,peripheral_center,2,140,1.779,1.06,0.68,0.24,India public literature pattern mapped by facility tier and dengue-prone state
7030,Chhattisgarh,Dantewada,peripheral_center,3,140,2.066,1.06,0.68,0.24,India public literature pattern mapped by facility tier and dengue-prone state
280425,Chhattisgarh,Rajnandgaon,district_center,7,140,2.999,1.06,0.92,0.19,India public literature pattern mapped by facility tier and dengue-prone state
22140,Chhattisgarh,Mahasamund,urban_referral,6,140,5.814,1.06,1.16,0.16,India public literature pattern mapped by facility tier and dengue-prone state
283895,Chhattisgarh,Durg,urban_referral,11,140,5.842,1.06,1.16,0.16,India public literature pattern mapped by facility tier and dengue-prone state
7029,Chhattisgarh,Raipur,urban_referral,34,140,7.66,1.06,1.16,0.16,India public literature pattern mapped by facility tier and dengue-prone state
284466,Chhattisgarh,Raigarh,urban_referral,10,140,4.944,1.06,1.16,0.16,India public literature pattern mapped by facility tier and dengue-prone state
282682,Chhattisgarh,Korba,urban_referral,7,140,4.849,1.06,1.16,0.16,India public literature pattern mapped by facility tier and dengue-prone state
284460,Chhattisgarh,Gaurella Pendra Marwahi,peripheral_center,1,140,1.373,1.06,0.68,0.24,India public literature pattern mapped by facility tier and dengue-prone state
9001,Dadra and Nagar Haveli and Daman and Diu,Daman,peripheral_center,1,2,1.373,1.06,0.68,0.24,India public literature pattern mapped by facility tier and dengue-prone state
8001,Dadra and Nagar Haveli and Daman and Diu,Dadra & Nagar Haveli,metro_tertiary_hub,1,2,5.579,1.06,1.42,0.13,India public literature pattern mapped by facility tier and dengue-prone state
285199,Delhi,North,peripheral_center,4,84,2.289,1.166,0.68,0.24,India public literature pattern mapped by facility tier and dengue-prone state
280737,Delhi,South West,metro_tertiary_hub,11,84,8.757,1.166,1.42,0.13,India public literature pattern mapped by facility tier and dengue-prone state
97111,Delhi,New Delhi,metro_tertiary_hub,10,84,8.372,1.166,1.42,0.13,India public literature pattern mapped by facility tier and dengue-prone state
672,Delhi,South,district_center,13,84,3.559,1.166,0.92,0.19,India public literature pattern mapped by facility tier and dengue-prone state
630,Delhi,South,district_center,13,84,3.559,1.166,0.92,0.19,India public literature pattern mapped by facility tier and dengue-prone state
631,Delhi,South,district_center,13,84,3.559,1.166,0.92,0.19,India public literature pattern mapped by facility tier and dengue-prone state
280730,Delhi,North,peripheral_center,4,84,2.289,1.166,0.68,0.24,India public literature pattern mapped by facility tier and dengue-prone state
632,Delhi,South,urban_referral,13,84,6.102,1.166,1.16,0.16,India public literature pattern mapped by facility tier and dengue-prone state
634,Delhi,Central,district_center,6,84,2.866,1.166,0.92,0.19,India public literature pattern mapped by facility tier and dengue-prone state
635,Delhi,East,urban_referral,7,84,5.947,1.166,1.16,0.16,India public literature pattern mapped by facility tier and dengue-prone state
280451,Delhi,North West,district_center,14,84,3.628,1.166,0.92,0.19,India public literature pattern mapped by facility tier and dengue-prone state
636,Delhi,South East,metro_tertiary_hub,3,84,6.996,1.166,1.42,0.13,India public literature pattern mapped by facility tier and dengue-prone state
637,Delhi,South East,peripheral_center,3,84,2.066,1.166,0.68,0.24,India public literature pattern mapped by facility tier and dengue-prone state
639,Delhi,North West,metro_tertiary_hub,14,84,8.153,1.166,1.42,0.13,India public literature pattern mapped by facility tier and dengue-prone state
283040,Delhi,East,district_center,7,84,3.693,1.166,0.92,0.19,India public literature pattern mapped by facility tier and dengue-prone state
97105,Delhi,South West,metro_tertiary_hub,11,84,9.064,1.166,1.42,0.13,India public literature pattern mapped by facility tier and dengue-prone state
97101,Delhi,New Delhi,district_center,10,84,3.318,1.166,0.92,0.19,India public literature pattern mapped by facility tier and dengue-prone state
97104,Delhi,South West,metro_tertiary_hub,11,84,8.336,1.166,1.42,0.13,India public literature pattern mapped by facility tier and dengue-prone state
283318,Delhi,South West,district_center,11,84,3.405,1.166,0.92,0.19,India public literature pattern mapped by facility tier and dengue-prone state
640,Delhi,West,district_center,11,84,3.405,1.166,0.92,0.19,India public literature pattern mapped by facility tier and dengue-prone state
284802,Delhi,North West,district_center,14,84,3.628,1.166,0.92,0.19,India public literature pattern mapped by facility tier and dengue-prone state
641,Delhi,South,district_center,13,84,3.559,1.166,0.92,0.19,India public literature pattern mapped by facility tier and dengue-prone state
642,Delhi,West,district_center,11,84,4.098,1.166,0.92,0.19,India public literature pattern mapped by facility tier and dengue-prone state
284129,Delhi,South East,peripheral_center,3,84,2.066,1.166,0.68,0.24,India public literature pattern mapped by facility tier and dengue-prone state
643,Delhi,West,metro_tertiary_hub,11,84,6.949,1.166,1.42,0.13,India public literature pattern mapped by facility tier and dengue-prone state
644,Delhi,New Delhi,urban_referral,10,84,5.86,1.166,1.16,0.16,India public literature pattern mapped by facility tier and dengue-prone state
284128,Delhi,East,district_center,7,84,2.999,1.166,0.92,0.19,India public literature pattern mapped by facility tier and dengue-prone state
280762,Delhi,South West,district_center,11,84,3.405,1.166,0.92,0.19,India public literature pattern mapped by facility tier and dengue-prone state
283477,Delhi,North East,peripheral_center,4,84,2.289,1.166,0.68,0.24,India public literature pattern mapped by facility tier and dengue-prone state
280440,Delhi,New Delhi,urban_referral,10,84,6.391,1.166,1.16,0.16,India public literature pattern mapped by facility tier and dengue-prone state
646,Delhi,West,district_center,11,84,3.405,1.166,0.92,0.19,India public literature pattern mapped by facility tier and dengue-prone state
647,Delhi,East,urban_referral,7,84,5.804,1.166,1.16,0.16,India public literature pattern mapped by facility tier and dengue-prone state
604,Delhi,New Delhi,district_center,10,84,3.318,1.166,0.92,0.19,India public literature pattern mapped by facility tier and dengue-prone state
648,Delhi,South,metro_tertiary_hub,13,84,8.202,1.166,1.42,0.13,India public literature pattern mapped by facility tier and dengue-prone state
606,Delhi,West,district_center,11,84,3.405,1.166,0.92,0.19,India public literature pattern mapped by facility tier and dengue-prone state
608,Delhi,Central,metro_tertiary_hub,6,84,6.41,1.166,1.42,0.13,India public literature pattern mapped by facility tier and dengue-prone state
609,Delhi,West,urban_referral,11,84,6.21,1.166,1.16,0.16,India public literature pattern mapped by facility tier and dengue-prone state
97134,Delhi,Central,district_center,6,84,2.866,1.166,0.92,0.19,India public literature pattern mapped by facility tier and dengue-prone state
97135,Delhi,New Delhi,district_center,10,84,3.318,1.166,0.92,0.19,India public literature pattern mapped by facility tier and dengue-prone state
97131,Delhi,North West,urban_referral,14,84,5.66,1.166,1.16,0.16,India public literature pattern mapped by facility tier and dengue-prone state
97132,Delhi,South,district_center,13,84,3.559,1.166,0.92,0.19,India public literature pattern mapped by facility tier and dengue-prone state
283827,Delhi,West,district_center,11,84,3.405,1.166,0.92,0.19,India public literature pattern mapped by facility tier and dengue-prone state
97133,Delhi,North West,district_center,14,84,3.628,1.166,0.92,0.19,India public literature pattern mapped by facility tier and dengue-prone state
650,Delhi,North West,district_center,14,84,3.628,1.166,0.92,0.19,India public literature pattern mapped by facility tier and dengue-prone state
284958,Delhi,South,district_center,13,84,3.559,1.166,0.92,0.19,India public literature pattern mapped by facility tier and dengue-prone state
651,Delhi,South West,metro_tertiary_hub,11,84,7.04,1.166,1.42,0.13,India public literature pattern mapped by facility tier and dengue-prone state
653,Delhi,West,metro_tertiary_hub,11,84,7.306,1.166,1.42,0.13,India public literature pattern mapped by facility tier and dengue-prone state
284119,Delhi,New Delhi,district_center,10,84,3.318,1.166,0.92,0.19,India public literature pattern mapped by facility tier and dengue-prone state
280752,Delhi,South West,district_center,11,84,3.405,1.166,0.92,0.19,India public literature pattern mapped by facility tier and dengue-prone state
610,Delhi,Shahdara,metro_tertiary_hub,1,84,6.207,1.166,1.42,0.13,India public literature pattern mapped by facility tier and dengue-prone state
654,Delhi,West,district_center,11,84,3.405,1.166,0.92,0.19,India public literature pattern mapped by facility tier and dengue-prone state
655,Delhi,West,urban_referral,11,84,6.353,1.166,1.16,0.16,India public literature pattern mapped by facility tier and dengue-prone state
612,Delhi,North West,district_center,14,84,3.628,1.166,0.92,0.19,India public literature pattern mapped by facility tier and dengue-prone state
656,Delhi,North West,urban_referral,14,84,4.967,1.166,1.16,0.16,India public literature pattern mapped by facility tier and dengue-prone state
657,Delhi,South West,district_center,11,84,3.405,1.166,0.92,0.19,India public literature pattern mapped by facility tier and dengue-prone state
613,Delhi,North West,district_center,14,84,3.628,1.166,0.92,0.19,India public literature pattern mapped by facility tier and dengue-prone state
614,Delhi,East,district_center,7,84,2.999,1.166,0.92,0.19,India public literature pattern mapped by facility tier and dengue-prone state
284477,Delhi,East,urban_referral,7,84,5.031,1.166,1.16,0.16,India public literature pattern mapped by facility tier and dengue-prone state
658,Delhi,North West,district_center,14,84,4.321,1.166,0.92,0.19,India public literature pattern mapped by facility tier and dengue-prone state
659,Delhi,South,district_center,13,84,3.559,1.166,0.92,0.19,India public literature pattern mapped by facility tier and dengue-prone state
615,Delhi,South West,urban_referral,11,84,5.842,1.166,1.16,0.16,India public literature pattern mapped by facility tier and dengue-prone state
616,Delhi,East,district_center,7,84,2.999,1.166,0.92,0.19,India public literature pattern mapped by facility tier and dengue-prone state
284870,Delhi,South,district_center,13,84,3.559,1.166,0.92,0.19,India public literature pattern mapped by facility tier and dengue-prone state
618,Delhi,North,metro_tertiary_hub,4,84,7.0,1.166,1.42,0.13,India public literature pattern mapped by facility tier and dengue-prone state
619,Delhi,North East,peripheral_center,4,84,2.289,1.166,0.68,0.24,India public literature pattern mapped by facility tier and dengue-prone state
285066,Delhi,West,district_center,11,84,3.405,1.166,0.92,0.19,India public literature pattern mapped by facility tier and dengue-prone state
97127,Delhi,North West,metro_tertiary_hub,14,84,7.529,1.166,1.42,0.13,India public literature pattern mapped by facility tier and dengue-prone state
97128,Delhi,New Delhi,urban_referral,10,84,6.043,1.166,1.16,0.16,India public literature pattern mapped by facility tier and dengue-prone state
660,Delhi,South West,district_center,11,84,3.405,1.166,0.92,0.19,India public literature pattern mapped by facility tier and dengue-prone state
280306,Delhi,Central,metro_tertiary_hub,6,84,7.15,1.166,1.42,0.13,India public literature pattern mapped by facility tier and dengue-prone state
663,Delhi,South,district_center,13,84,3.559,1.166,0.92,0.19,India public literature pattern mapped by facility tier and dengue-prone state
620,Delhi,Central,urban_referral,6,84,5.185,1.166,1.16,0.16,India public literature pattern mapped by facility tier and dengue-prone state
664,Delhi,Central,urban_referral,6,84,5.504,1.166,1.16,0.16,India public literature pattern mapped by facility tier and dengue-prone state
622,Delhi,South,district_center,13,84,3.559,1.166,0.92,0.19,India public literature pattern mapped by facility tier and dengue-prone state
666,Delhi,South,district_center,13,84,3.559,1.166,0.92,0.19,India public literature pattern mapped by facility tier and dengue-prone state
623,Delhi,North West,urban_referral,14,84,6.576,1.166,1.16,0.16,India public literature pattern mapped by facility tier and dengue-prone state
284742,Delhi,North East,peripheral_center,4,84,2.983,1.166,0.68,0.24,India public literature pattern mapped by facility tier and dengue-prone state
624,Delhi,North West,district_center,14,84,3.628,1.166,0.92,0.19,India public literature pattern mapped by facility tier and dengue-prone state
625,Delhi,North West,urban_referral,14,84,6.576,1.166,1.16,0.16,India public literature pattern mapped by facility tier and dengue-prone state
283498,Delhi,New Delhi,district_center,10,84,3.318,1.166,0.92,0.19,India public literature pattern mapped by facility tier and dengue-prone state
283297,Delhi,South West,district_center,11,84,3.405,1.166,0.92,0.19,India public literature pattern mapped by facility tier and dengue-prone state
629,Delhi,North,peripheral_center,4,84,2.289,1.166,0.68,0.24,India public literature pattern mapped by facility tier and dengue-prone state
283295,Delhi,New Delhi,district_center,10,84,3.318,1.166,0.92,0.19,India public literature pattern mapped by facility tier and dengue-prone state
283294,Delhi,North East,urban_referral,4,84,5.254,1.166,1.16,0.16,India public literature pattern mapped by facility tier and dengue-prone state
280167,Goa,North Goa,peripheral_center,3,5,2.066,1.06,0.68,0.24,India public literature pattern mapped by facility tier and dengue-prone state
10002,Goa,south Goa,peripheral_center,2,5,1.779,1.06,0.68,0.24,India public literature pattern mapped by facility tier and dengue-prone state
10001,Goa,North Goa,metro_tertiary_hub,3,5,7.284,1.06,1.42,0.13,India public literature pattern mapped by facility tier and dengue-prone state
282818,Goa,south Goa,peripheral_center,2,5,1.779,1.06,0.68,0.24,India public literature pattern mapped by facility tier and dengue-prone state
10005,Goa,North Goa,peripheral_center,3,5,2.066,1.06,0.68,0.24,India public literature pattern mapped by facility tier and dengue-prone state
24135,Gujarat,Gandhinagar,district_center,9,206,3.223,1.166,0.92,0.19,India public literature pattern mapped by facility tier and dengue-prone state
24136,Gujarat,Gujarat,peripheral_center,1,206,1.373,1.166,0.68,0.24,India public literature pattern mapped by facility tier and dengue-prone state
24137,Gujarat,Gandhinagar,district_center,9,206,3.223,1.166,0.92,0.19,India public literature pattern mapped by facility tier and dengue-prone state
24138,Gujarat,Vadodara,urban_referral,15,206,6.13,1.166,1.16,0.16,India public literature pattern mapped by facility tier and dengue-prone state
24139,Gujarat,Rajkot,district_center,12,206,3.485,1.166,0.92,0.19,India public literature pattern mapped by facility tier and dengue-prone state
283805,Gujarat,Junagadh,district_center,5,206,2.712,1.166,0.92,0.19,India public literature pattern mapped by facility tier and dengue-prone state
280415,Gujarat,Surat,urban_referral,15,206,3.933,1.166,1.16,0.16,India public literature pattern mapped by facility tier and dengue-prone state
280414,Gujarat,Ahmedabad,metro_tertiary_hub,36,206,6.13,1.166,1.42,0.13,India public literature pattern mapped by facility tier and dengue-prone state
24130,Gujarat,Patan,district_center,7,206,2.999,1.166,0.92,0.19,India public literature pattern mapped by facility tier and dengue-prone state
24131,Gujarat,Rajkot,metro_tertiary_hub,12,206,7.12,1.166,1.42,0.13,India public literature pattern mapped by facility tier and dengue-prone state
280412,Gujarat,Aravalli,peripheral_center,2,206,1.779,1.166,0.68,0.24,India public literature pattern mapped by facility tier and dengue-prone state
24132,Gujarat,Navsari,district_center,5,206,2.712,1.166,0.92,0.19,India public literature pattern mapped by facility tier and dengue-prone state
24133,Gujarat,Banas Kantha,district_center,13,206,3.559,1.166,0.92,0.19,India public literature pattern mapped by facility tier and dengue-prone state
283247,Gujarat,Kachchh,district_center,5,206,2.712,1.166,0.92,0.19,India public literature pattern mapped by facility tier and dengue-prone state
283246,Gujarat,Mahisagar,peripheral_center,2,206,1.779,1.166,0.68,0.24,India public literature pattern mapped by facility tier and dengue-prone state
283245,Gujarat,Bhavnagar,district_center,7,206,2.999,1.166,0.92,0.19,India public literature pattern mapped by facility tier and dengue-prone state
24140,Gujarat,Rajkot,district_center,12,206,3.485,1.166,0.92,0.19,India public literature pattern mapped by facility tier and dengue-prone state
24141,Gujarat,Vadodara,urban_referral,15,206,3.933,1.166,1.16,0.16,India public literature pattern mapped by facility tier and dengue-prone state
284449,Gujarat,Ahmedabad,metro_tertiary_hub,36,206,5.031,1.166,1.42,0.13,India public literature pattern mapped by facility tier and dengue-prone state
802,Gujarat,Ahmedabad,metro_tertiary_hub,36,206,5.031,1.166,1.42,0.13,India public literature pattern mapped by facility tier and dengue-prone state
803,Gujarat,Ahmedabad,metro_tertiary_hub,36,206,9.205,1.166,1.42,0.13,India public literature pattern mapped by facility tier and dengue-prone state
806,Gujarat,Ahmedabad,metro_tertiary_hub,36,206,9.626,1.166,1.42,0.13,India public literature pattern mapped by facility tier and dengue-prone state
807,Gujarat,Ahmedabad,metro_tertiary_hub,36,206,7.429,1.166,1.42,0.13,India public literature pattern mapped by facility tier and dengue-prone state
808,Gujarat,Ahmedabad,metro_tertiary_hub,36,206,6.823,1.166,1.42,0.13,India public literature pattern mapped by facility tier and dengue-prone state
809,Gujarat,Ahmedabad,metro_tertiary_hub,36,206,8.614,1.166,1.42,0.13,India public literature pattern mapped by facility tier and dengue-prone state
24112,Gujarat,Jamnagar,peripheral_center,2,206,1.779,1.166,0.68,0.24,India public literature pattern mapped by facility tier and dengue-prone state
24113,Gujarat,Ahmedabad,metro_tertiary_hub,36,206,5.031,1.166,1.42,0.13,India public literature pattern mapped by facility tier and dengue-prone state
24114,Gujarat,Rajkot,metro_tertiary_hub,12,206,7.204,1.166,1.42,0.13,India public literature pattern mapped by facility tier and dengue-prone state
280518,Gujarat,Panch Mahals,urban_referral,4,206,5.542,1.166,1.16,0.16,India public literature pattern mapped by facility tier and dengue-prone state
24118,Gujarat,Ahmedabad,metro_tertiary_hub,36,206,7.334,1.166,1.42,0.13,India public literature pattern mapped by facility tier and dengue-prone state
24119,Gujarat,Ahmedabad,metro_tertiary_hub,36,206,5.031,1.166,1.42,0.13,India public literature pattern mapped by facility tier and dengue-prone state
280514,Gujarat,Sabar Kantha,district_center,5,206,2.712,1.166,0.92,0.19,India public literature pattern mapped by facility tier and dengue-prone state
280515,Gujarat,Ahmedabad,metro_tertiary_hub,36,206,9.236,1.166,1.42,0.13,India public literature pattern mapped by facility tier and dengue-prone state
280754,Gujarat,Ahmedabad,metro_tertiary_hub,36,206,9.425,1.166,1.42,0.13,India public literature pattern mapped by facility tier and dengue-prone state
24111,Gujarat,Patan,urban_referral,7,206,4.626,1.166,1.16,0.16,India public literature pattern mapped by facility tier and dengue-prone state
810,Gujarat,Ahmedabad,metro_tertiary_hub,36,206,5.031,1.166,1.42,0.13,India public literature pattern mapped by facility tier and dengue-prone state
283224,Gujarat,Vadodara,urban_referral,15,206,6.235,1.166,1.16,0.16,India public literature pattern mapped by facility tier and dengue-prone state
811,Gujarat,Ahmedabad,metro_tertiary_hub,36,206,6.64,1.166,1.42,0.13,India public literature pattern mapped by facility tier and dengue-prone state
815,Gujarat,Ahmedabad,metro_tertiary_hub,36,206,5.031,1.166,1.42,0.13,India public literature pattern mapped by facility tier and dengue-prone state
817,Gujarat,Ahmedabad,metro_tertiary_hub,36,206,5.031,1.166,1.42,0.13,India public literature pattern mapped by facility tier and dengue-prone state
818,Gujarat,Ahmedabad,metro_tertiary_hub,36,206,8.289,1.166,1.42,0.13,India public literature pattern mapped by facility tier and dengue-prone state
819,Gujarat,Ahmedabad,metro_tertiary_hub,36,206,5.031,1.166,1.42,0.13,India public literature pattern mapped by facility tier and dengue-prone state
285225,Gujarat,Amreli,peripheral_center,4,206,2.289,1.166,0.68,0.24,India public literature pattern mapped by facility tier and dengue-prone state
1809,Gujarat,Porbandar,peripheral_center,3,206,2.066,1.166,0.68,0.24,India public literature pattern mapped by facility tier and dengue-prone state
24124,Gujarat,Mahesana,district_center,7,206,2.999,1.166,0.92,0.19,India public literature pattern mapped by facility tier and dengue-prone state
24125,Gujarat,Anand,district_center,7,206,2.999,1.166,0.92,0.19,India public literature pattern mapped by facility tier and dengue-prone state
282809,Gujarat,Vadodara,urban_referral,15,206,5.319,1.166,1.16,0.16,India public literature pattern mapped by facility tier and dengue-prone state
24126,Gujarat,Kheda,urban_referral,6,206,4.715,1.166,1.16,0.16,India public literature pattern mapped by facility tier and dengue-prone state
280745,Gujarat,Ahmedabad,metro_tertiary_hub,36,206,8.209,1.166,1.42,0.13,India public literature pattern mapped by facility tier and dengue-prone state
280741,Gujarat,Surendranagar,peripheral_center,4,206,2.289,1.166,0.68,0.24,India public literature pattern mapped by facility tier and dengue-prone state
280742,Gujarat,Amreli,peripheral_center,4,206,2.983,1.166,0.68,0.24,India public literature pattern mapped by facility tier and dengue-prone state
284426,Gujarat,Dahod,peripheral_center,4,206,2.289,1.166,0.68,0.24,India public literature pattern mapped by facility tier and dengue-prone state
24120,Gujarat,Surat,urban_referral,15,206,4.626,1.166,1.16,0.16,India public literature pattern mapped by facility tier and dengue-prone state
24121,Gujarat,Surat,urban_referral,15,206,6.012,1.166,1.16,0.16,India public literature pattern mapped by facility tier and dengue-prone state
821,Gujarat,Ahmedabad,metro_tertiary_hub,36,206,8.398,1.166,1.42,0.13,India public literature pattern mapped by facility tier and dengue-prone state
280740,Gujarat,Kheda,urban_referral,6,206,4.898,1.166,1.16,0.16,India public literature pattern mapped by facility tier and dengue-prone state
24122,Gujarat,Patan,district_center,7,206,2.999,1.166,0.92,0.19,India public literature pattern mapped by facility tier and dengue-prone state
822,Gujarat,Anand,district_center,7,206,2.999,1.166,0.92,0.19,India public literature pattern mapped by facility tier and dengue-prone state
284785,Gujarat,Ahmedabad,metro_tertiary_hub,36,206,5.031,1.166,1.42,0.13,India public literature pattern mapped by facility tier and dengue-prone state
1807,Gujarat,Patan,district_center,7,206,2.999,1.166,0.92,0.19,India public literature pattern mapped by facility tier and dengue-prone state
823,Gujarat,Anand,district_center,7,206,2.999,1.166,0.92,0.19,India public literature pattern mapped by facility tier and dengue-prone state
284421,Gujarat,Banas Kantha,district_center,13,206,3.559,1.166,0.92,0.19,India public literature pattern mapped by facility tier and dengue-prone state
1806,Gujarat,Patan,district_center,7,206,2.999,1.166,0.92,0.19,India public literature pattern mapped by facility tier and dengue-prone state
824,Gujarat,Banas Kantha,urban_referral,13,206,5.185,1.166,1.16,0.16,India public literature pattern mapped by facility tier and dengue-prone state
1805,Gujarat,Panch Mahals,peripheral_center,4,206,2.289,1.166,0.68,0.24,India public literature pattern mapped by facility tier and dengue-prone state
825,Gujarat,Bhavnagar,urban_referral,7,206,6.184,1.166,1.16,0.16,India public literature pattern mapped by facility tier and dengue-prone state
826,Gujarat,Bhavnagar,district_center,7,206,2.999,1.166,0.92,0.19,India public literature pattern mapped by facility tier and dengue-prone state
1804,Gujarat,Navsari,district_center,5,206,2.712,1.166,0.92,0.19,India public literature pattern mapped by facility tier and dengue-prone state
1803,Gujarat,Mahesana,district_center,7,206,2.999,1.166,0.92,0.19,India public literature pattern mapped by facility tier and dengue-prone state
828,Gujarat,Kachchh,district_center,5,206,2.712,1.166,0.92,0.19,India public literature pattern mapped by facility tier and dengue-prone state
1802,Gujarat,Mahesana,urban_referral,7,206,5.185,1.166,1.16,0.16,India public literature pattern mapped by facility tier and dengue-prone state
829,Gujarat,Kachchh,urban_referral,5,206,5.149,1.166,1.16,0.16,India public literature pattern mapped by facility tier and dengue-prone state
1801,Gujarat,Kheda,district_center,6,206,2.866,1.166,0.92,0.19,India public literature pattern mapped by facility tier and dengue-prone state
1811,Gujarat,Porbandar,peripheral_center,3,206,2.066,1.166,0.68,0.24,India public literature pattern mapped by facility tier and dengue-prone state
1810,Gujarat,Porbandar,peripheral_center,3,206,2.066,1.166,0.68,0.24,India public literature pattern mapped by facility tier and dengue-prone state
280578,Gujarat,Chhotaudepur,peripheral_center,1,206,1.373,1.166,0.68,0.24,India public literature pattern mapped by facility tier and dengue-prone state
280457,Gujarat,Morbi,metro_tertiary_hub,3,206,6.362,1.166,1.42,0.13,India public literature pattern mapped by facility tier and dengue-prone state
280455,Gujarat,Surat,metro_tertiary_hub,15,206,7.284,1.166,1.42,0.13,India public literature pattern mapped by facility tier and dengue-prone state
280576,Gujarat,Ahmedabad,metro_tertiary_hub,36,206,5.031,1.166,1.42,0.13,India public literature pattern mapped by facility tier and dengue-prone state
280456,Gujarat,Anand,district_center,7,206,2.999,1.166,0.92,0.19,India public literature pattern mapped by facility tier and dengue-prone state
830,Gujarat,Kachchh,urban_referral,5,206,5.896,1.166,1.16,0.16,India public literature pattern mapped by facility tier and dengue-prone state
284018,Gujarat,Valsad,urban_referral,6,206,4.205,1.166,1.16,0.16,India public literature pattern mapped by facility tier and dengue-prone state
280453,Gujarat,Ahmedabad,metro_tertiary_hub,36,206,5.031,1.166,1.42,0.13,India public literature pattern mapped by facility tier and dengue-prone state
833,Gujarat,Gandhinagar,urban_referral,9,206,5.254,1.166,1.16,0.16,India public literature pattern mapped by facility tier and dengue-prone state
1819,Gujarat,Aravalli,peripheral_center,2,206,1.779,1.166,0.68,0.24,India public literature pattern mapped by facility tier and dengue-prone state
280452,Gujarat,Ahmedabad,metro_tertiary_hub,36,206,5.031,1.166,1.42,0.13,India public literature pattern mapped by facility tier and dengue-prone state
284136,Gujarat,Amreli,peripheral_center,4,206,2.289,1.166,0.68,0.24,India public literature pattern mapped by facility tier and dengue-prone state
834,Gujarat,Gandhinagar,urban_referral,9,206,5.254,1.166,1.16,0.16,India public literature pattern mapped by facility tier and dengue-prone state
1818,Gujarat,Sabar Kantha,district_center,5,206,2.712,1.166,0.92,0.19,India public literature pattern mapped by facility tier and dengue-prone state
280573,Gujarat,Surendranagar,peripheral_center,4,206,2.289,1.166,0.68,0.24,India public literature pattern mapped by facility tier and dengue-prone state
1817,Gujarat,Rajkot,district_center,12,206,3.485,1.166,0.92,0.19,India public literature pattern mapped by facility tier and dengue-prone state
284135,Gujarat,Ahmedabad,metro_tertiary_hub,36,206,5.031,1.166,1.42,0.13,India public literature pattern mapped by facility tier and dengue-prone state
837,Gujarat,Junagadh,district_center,5,206,2.712,1.166,0.92,0.19,India public literature pattern mapped by facility tier and dengue-prone state
839,Gujarat,Kheda,district_center,6,206,2.866,1.166,0.92,0.19,India public literature pattern mapped by facility tier and dengue-prone state
1812,Gujarat,Rajkot,district_center,12,206,3.485,1.166,0.92,0.19,India public literature pattern mapped by facility tier and dengue-prone state
24109,Gujarat,Valsad,urban_referral,6,206,5.052,1.166,1.16,0.16,India public literature pattern mapped by facility tier and dengue-prone state
24101,Gujarat,Ahmedabad,metro_tertiary_hub,36,206,7.921,1.166,1.42,0.13,India public literature pattern mapped by facility tier and dengue-prone state
24102,Gujarat,Banas Kantha,district_center,13,206,3.559,1.166,0.92,0.19,India public literature pattern mapped by facility tier and dengue-prone state
24104,Gujarat,Gandhinagar,metro_tertiary_hub,9,206,7.124,1.166,1.42,0.13,India public literature pattern mapped by facility tier and dengue-prone state
24105,Gujarat,Vadodara,urban_referral,15,206,6.417,1.166,1.16,0.16,India public literature pattern mapped by facility tier and dengue-prone state
24106,Gujarat,Sabar Kantha,metro_tertiary_hub,5,206,6.646,1.166,1.42,0.13,India public literature pattern mapped by facility tier and dengue-prone state
24107,Gujarat,Vadodara,metro_tertiary_hub,15,206,7.488,1.166,1.42,0.13,India public literature pattern mapped by facility tier and dengue-prone state
24108,Gujarat,Ahmedabad,metro_tertiary_hub,36,206,6.823,1.166,1.42,0.13,India public literature pattern mapped by facility tier and dengue-prone state
284927,Gujarat,Narmada,peripheral_center,2,206,1.779,1.166,0.68,0.24,India public literature pattern mapped by facility tier and dengue-prone state
1822,Gujarat,Surendranagar,peripheral_center,4,206,2.289,1.166,0.68,0.24,India public literature pattern mapped by facility tier and dengue-prone state
1820,Gujarat,Sabar Kantha,district_center,5,206,2.712,1.166,0.92,0.19,India public literature pattern mapped by facility tier and dengue-prone state
840,Gujarat,Kheda,district_center,6,206,2.866,1.166,0.92,0.19,India public literature pattern mapped by facility tier and dengue-prone state
841,Gujarat,Mahesana,district_center,7,206,2.999,1.166,0.92,0.19,India public literature pattern mapped by facility tier and dengue-prone state
842,Gujarat,Navsari,urban_referral,5,206,4.561,1.166,1.16,0.16,India public literature pattern mapped by facility tier and dengue-prone state
845,Gujarat,Rajkot,urban_referral,12,206,5.804,1.166,1.16,0.16,India public literature pattern mapped by facility tier and dengue-prone state
846,Gujarat,Rajkot,district_center,12,206,3.485,1.166,0.92,0.19,India public literature pattern mapped by facility tier and dengue-prone state
283156,Gujarat,Navsari,district_center,5,206,2.712,1.166,0.92,0.19,India public literature pattern mapped by facility tier and dengue-prone state
847,Gujarat,Rajkot,district_center,12,206,3.485,1.166,0.92,0.19,India public literature pattern mapped by facility tier and dengue-prone state
1827,Gujarat,Valsad,district_center,6,206,2.866,1.166,0.92,0.19,India public literature pattern mapped by facility tier and dengue-prone state
283155,Gujarat,Dang,peripheral_center,1,206,1.373,1.166,0.68,0.24,India public literature pattern mapped by facility tier and dengue-prone state
1826,Gujarat,Valsad,district_center,6,206,2.866,1.166,0.92,0.19,India public literature pattern mapped by facility tier and dengue-prone state
283154,Gujarat,Anand,district_center,7,206,2.999,1.166,0.92,0.19,India public literature pattern mapped by facility tier and dengue-prone state
849,Gujarat,Surat,urban_referral,15,206,5.031,1.166,1.16,0.16,India public literature pattern mapped by facility tier and dengue-prone state
1825,Gujarat,Navsari,district_center,5,206,2.712,1.166,0.92,0.19,India public literature pattern mapped by facility tier and dengue-prone state
1824,Gujarat,Vadodara,urban_referral,15,206,3.933,1.166,1.16,0.16,India public literature pattern mapped by facility tier and dengue-prone state
284483,Gujarat,Surat,urban_referral,15,206,3.933,1.166,1.16,0.16,India public literature pattern mapped by facility tier and dengue-prone state
1823,Gujarat,Tapi,peripheral_center,2,206,1.779,1.166,0.68,0.24,India public literature pattern mapped by facility tier and dengue-prone state
280438,Gujarat,Panch Mahals,peripheral_center,4,206,2.289,1.166,0.68,0.24,India public literature pattern mapped by facility tier and dengue-prone state
280559,Gujarat,Devbhoomi Dwarka,peripheral_center,1,206,1.373,1.166,0.68,0.24,India public literature pattern mapped by facility tier and dengue-prone state
850,Gujarat,Surat,urban_referral,15,206,3.933,1.166,1.16,0.16,India public literature pattern mapped by facility tier and dengue-prone state
851,Gujarat,Surat,urban_referral,15,206,3.933,1.166,1.16,0.16,India public literature pattern mapped by facility tier and dengue-prone state
852,Gujarat,Surat,urban_referral,15,206,3.933,1.166,1.16,0.16,India public literature pattern mapped by facility tier and dengue-prone state
853,Gujarat,Surat,urban_referral,15,206,3.933,1.166,1.16,0.16,India public literature pattern mapped by facility tier and dengue-prone state
854,Gujarat,Surendranagar,urban_referral,4,206,5.072,1.166,1.16,0.16,India public literature pattern mapped by facility tier and dengue-prone state
284115,Gujarat,Panch Mahals,peripheral_center,4,206,2.289,1.166,0.68,0.24,India public literature pattern mapped by facility tier and dengue-prone state
855,Gujarat,Tapi,peripheral_center,2,206,1.779,1.166,0.68,0.24,India public literature pattern mapped by facility tier and dengue-prone state
858,Gujarat,Vadodara,urban_referral,15,206,6.498,1.166,1.16,0.16,India public literature pattern mapped by facility tier and dengue-prone state
284472,Gujarat,Ahmedabad,metro_tertiary_hub,36,206,5.031,1.166,1.42,0.13,India public literature pattern mapped by facility tier and dengue-prone state
284471,Gujarat,Vadodara,urban_referral,15,206,3.933,1.166,1.16,0.16,India public literature pattern mapped by facility tier and dengue-prone state
280426,Gujarat,Vadodara,urban_referral,15,206,6.766,1.166,1.16,0.16,India public literature pattern mapped by facility tier and dengue-prone state
860,Gujarat,Vadodara,urban_referral,15,206,6.33,1.166,1.16,0.16,India public literature pattern mapped by facility tier and dengue-prone state
280303,Gujarat,Narmada,peripheral_center,2,206,1.779,1.166,0.68,0.24,India public literature pattern mapped by facility tier and dengue-prone state
861,Gujarat,Vadodara,urban_referral,15,206,3.933,1.166,1.16,0.16,India public literature pattern mapped by facility tier and dengue-prone state
862,Gujarat,Vadodara,urban_referral,15,206,5.878,1.166,1.16,0.16,India public literature pattern mapped by facility tier and dengue-prone state
284229,Gujarat,Gandhinagar,district_center,9,206,3.223,1.166,0.92,0.19,India public literature pattern mapped by facility tier and dengue-prone state
284228,Gujarat,Vadodara,urban_referral,15,206,6.572,1.166,1.16,0.16,India public literature pattern mapped by facility tier and dengue-prone state
865,Gujarat,Valsad,metro_tertiary_hub,6,206,6.41,1.166,1.42,0.13,India public literature pattern mapped by facility tier and dengue-prone state
866,Gujarat,Valsad,urban_referral,6,206,4.898,1.166,1.16,0.16,India public literature pattern mapped by facility tier and dengue-prone state
870,Gujarat,Amreli,peripheral_center,4,206,2.289,1.166,0.68,0.24,India public literature pattern mapped by facility tier and dengue-prone state
284979,Gujarat,Banas Kantha,district_center,13,206,3.559,1.166,0.92,0.19,India public literature pattern mapped by facility tier and dengue-prone state
871,Gujarat,Anand,urban_referral,7,206,5.437,1.166,1.16,0.16,India public literature pattern mapped by facility tier and dengue-prone state
872,Gujarat,Anand,district_center,7,206,2.999,1.166,0.92,0.19,India public literature pattern mapped by facility tier and dengue-prone state
873,Gujarat,Banas Kantha,district_center,13,206,3.559,1.166,0.92,0.19,India public literature pattern mapped by facility tier and dengue-prone state
874,Gujarat,Banas Kantha,district_center,13,206,3.559,1.166,0.92,0.19,India public literature pattern mapped by facility tier and dengue-prone state
875,Gujarat,Banas Kantha,urban_referral,13,206,5.185,1.166,1.16,0.16,India public literature pattern mapped by facility tier and dengue-prone state
284971,Gujarat,Rajkot,metro_tertiary_hub,12,206,7.029,1.166,1.42,0.13,India public literature pattern mapped by facility tier and dengue-prone state
879,Gujarat,Banas Kantha,urban_referral,13,206,5.591,1.166,1.16,0.16,India public literature pattern mapped by facility tier and dengue-prone state
284172,Gujarat,Ahmedabad,metro_tertiary_hub,36,206,5.031,1.166,1.42,0.13,India public literature pattern mapped by facility tier and dengue-prone state
284170,Gujarat,Mahesana,urban_referral,7,206,5.804,1.166,1.16,0.16,India public literature pattern mapped by facility tier and dengue-prone state
880,Gujarat,Vav-Tharad,peripheral_center,3,206,2.066,1.166,0.68,0.24,India public literature pattern mapped by facility tier and dengue-prone state
881,Gujarat,Bharuch,peripheral_center,4,206,2.289,1.166,0.68,0.24,India public literature pattern mapped by facility tier and dengue-prone state
284968,Gujarat,Surat,urban_referral,15,206,3.933,1.166,1.16,0.16,India public literature pattern mapped by facility tier and dengue-prone state
882,Gujarat,Bharuch,urban_referral,4,206,4.156,1.166,1.16,0.16,India public literature pattern mapped by facility tier and dengue-prone state
883,Gujarat,Bhavnagar,district_center,7,206,2.999,1.166,0.92,0.19,India public literature pattern mapped by facility tier and dengue-prone state
884,Gujarat,Botad,peripheral_center,1,206,1.373,1.166,0.68,0.24,India public literature pattern mapped by facility tier and dengue-prone state
885,Gujarat,Bhavnagar,district_center,7,206,2.999,1.166,0.92,0.19,India public literature pattern mapped by facility tier and dengue-prone state
886,Gujarat,Kachchh,district_center,5,206,3.405,1.166,0.92,0.19,India public literature pattern mapped by facility tier and dengue-prone state
282662,Gujarat,Bharuch,peripheral_center,4,206,2.289,1.166,0.68,0.24,India public literature pattern mapped by facility tier and dengue-prone state
888,Gujarat,Surat,urban_referral,15,206,5.319,1.166,1.16,0.16,India public literature pattern mapped by facility tier and dengue-prone state
284840,Gujarat,Mahisagar,peripheral_center,2,206,1.779,1.166,0.68,0.24,India public literature pattern mapped by facility tier and dengue-prone state
889,Gujarat,Dahod,peripheral_center,4,206,2.289,1.166,0.68,0.24,India public literature pattern mapped by facility tier and dengue-prone state
284169,Gujarat,Ahmedabad,metro_tertiary_hub,36,206,9.158,1.166,1.42,0.13,India public literature pattern mapped by facility tier and dengue-prone state
282661,Gujarat,Kheda,district_center,6,206,2.866,1.166,0.92,0.19,India public literature pattern mapped by facility tier and dengue-prone state
284285,Gujarat,Vadodara,urban_referral,15,206,3.933,1.166,1.16,0.16,India public literature pattern mapped by facility tier and dengue-prone state
284284,Gujarat,Ahmedabad,metro_tertiary_hub,36,206,5.031,1.166,1.42,0.13,India public literature pattern mapped by facility tier and dengue-prone state
284283,Gujarat,Ahmedabad,metro_tertiary_hub,36,206,5.031,1.166,1.42,0.13,India public literature pattern mapped by facility tier and dengue-prone state
284839,Gujarat,Mahesana,district_center,7,206,2.999,1.166,0.92,0.19,India public literature pattern mapped by facility tier and dengue-prone state
282659,Gujarat,Patan,district_center,7,206,2.999,1.166,0.92,0.19,India public literature pattern mapped by facility tier and dengue-prone state
891,Gujarat,Gandhinagar,district_center,9,206,3.223,1.166,0.92,0.19,India public literature pattern mapped by facility tier and dengue-prone state
892,Gujarat,Gandhinagar,district_center,9,206,3.223,1.166,0.92,0.19,India public literature pattern mapped by facility tier and dengue-prone state
893,Gujarat,Jamnagar,peripheral_center,2,206,1.779,1.166,0.68,0.24,India public literature pattern mapped by facility tier and dengue-prone state
894,Gujarat,Gir Somnath,peripheral_center,2,206,1.779,1.166,0.68,0.24,India public literature pattern mapped by facility tier and dengue-prone state
895,Gujarat,Junagadh,urban_referral,5,206,5.842,1.166,1.16,0.16,India public literature pattern mapped by facility tier and dengue-prone state
896,Gujarat,Junagadh,district_center,5,206,2.712,1.166,0.92,0.19,India public literature pattern mapped by facility tier and dengue-prone state
284833,Gujarat,Ahmedabad,metro_tertiary_hub,36,206,5.031,1.166,1.42,0.13,India public literature pattern mapped by facility tier and dengue-prone state
897,Gujarat,Junagadh,district_center,5,206,2.712,1.166,0.92,0.19,India public literature pattern mapped by facility tier and dengue-prone state
284952,Gujarat,Surat,urban_referral,15,206,6.572,1.166,1.16,0.16,India public literature pattern mapped by facility tier and dengue-prone state
284396,Gujarat,Sabar Kantha,district_center,5,206,2.712,1.166,0.92,0.19,India public literature pattern mapped by facility tier and dengue-prone state
284390,Gujarat,Surat,urban_referral,15,206,3.933,1.166,1.16,0.16,India public literature pattern mapped by facility tier and dengue-prone state
280585,Gujarat,Dahod,urban_referral,4,206,4.561,1.166,1.16,0.16,India public literature pattern mapped by facility tier and dengue-prone state
280580,Gujarat,Ahmedabad,metro_tertiary_hub,36,206,5.031,1.166,1.42,0.13,India public literature pattern mapped by facility tier and dengue-prone state
284385,Gujarat,Gir Somnath,urban_referral,2,206,3.645,1.166,1.16,0.16,India public literature pattern mapped by facility tier and dengue-prone state
284539,Gujarat,Banas Kantha,urban_referral,13,206,5.185,1.166,1.16,0.16,India public literature pattern mapped by facility tier and dengue-prone state
283566,Gujarat,Rajkot,district_center,12,206,3.485,1.166,0.92,0.19,India public literature pattern mapped by facility tier and dengue-prone state
284411,Gujarat,Morbi,peripheral_center,3,206,2.066,1.166,0.68,0.24,India public literature pattern mapped by facility tier and dengue-prone state
283321,Gujarat,Bhavnagar,district_center,7,206,2.999,1.166,0.92,0.19,India public literature pattern mapped by facility tier and dengue-prone state
284526,Gujarat,Morbi,peripheral_center,3,206,2.066,1.166,0.68,0.24,India public literature pattern mapped by facility tier and dengue-prone state
283316,Gujarat,Banas Kantha,urban_referral,13,206,5.745,1.166,1.16,0.16,India public literature pattern mapped by facility tier and dengue-prone state
282583,Gujarat,Dahod,urban_referral,4,206,5.542,1.166,1.16,0.16,India public literature pattern mapped by facility tier and dengue-prone state
282580,Gujarat,Vav-Tharad,peripheral_center,3,206,2.066,1.166,0.68,0.24,India public literature pattern mapped by facility tier and dengue-prone state
284086,Gujarat,Bharuch,peripheral_center,4,206,2.983,1.166,0.68,0.24,India public literature pattern mapped by facility tier and dengue-prone state
280714,Gujarat,Mahesana,district_center,7,206,2.999,1.166,0.92,0.19,India public literature pattern mapped by facility tier and dengue-prone state
280836,Gujarat,Bhavnagar,district_center,7,206,2.999,1.166,0.92,0.19,India public literature pattern mapped by facility tier and dengue-prone state
280715,Gujarat,Surat,urban_referral,15,206,3.933,1.166,1.16,0.16,India public literature pattern mapped by facility tier and dengue-prone state
283427,Gujarat,Rajkot,urban_referral,12,206,5.922,1.166,1.16,0.16,India public literature pattern mapped by facility tier and dengue-prone state
282579,Gujarat,Banas Kantha,district_center,13,206,3.559,1.166,0.92,0.19,India public literature pattern mapped by facility tier and dengue-prone state
284513,Gujarat,Gandhinagar,district_center,9,206,3.223,1.166,0.92,0.19,India public literature pattern mapped by facility tier and dengue-prone state
283422,Gujarat,Patan,district_center,7,206,2.999,1.166,0.92,0.19,India public literature pattern mapped by facility tier and dengue-prone state
280703,Gujarat,Ahmedabad,metro_tertiary_hub,36,206,6.64,1.166,1.42,0.13,India public literature pattern mapped by facility tier and dengue-prone state
284504,Gujarat,Banas Kantha,district_center,13,206,3.559,1.166,0.92,0.19,India public literature pattern mapped by facility tier and dengue-prone state
280269,Gujarat,Vav-Tharad,peripheral_center,3,206,2.066,1.166,0.68,0.24,India public literature pattern mapped by facility tier and dengue-prone state
284184,Haryana,Kaithal,peripheral_center,3,151,2.066,1.06,0.68,0.24,India public literature pattern mapped by facility tier and dengue-prone state
11061,Haryana,Gurgaon,metro_tertiary_hub,18,151,8.296,1.06,1.42,0.13,India public literature pattern mapped by facility tier and dengue-prone state
11060,Haryana,Faridabad,metro_tertiary_hub,18,151,7.455,1.06,1.42,0.13,India public literature pattern mapped by facility tier and dengue-prone state
11063,Haryana,Faridabad,metro_tertiary_hub,18,151,7.583,1.06,1.42,0.13,India public literature pattern mapped by facility tier and dengue-prone state
11062,Haryana,Faridabad,metro_tertiary_hub,18,151,7.583,1.06,1.42,0.13,India public literature pattern mapped by facility tier and dengue-prone state
11065,Haryana,Gurgaon,urban_referral,18,151,6.938,1.06,1.16,0.16,India public literature pattern mapped by facility tier and dengue-prone state
283807,Haryana,Ambala,urban_referral,8,151,5.842,1.06,1.16,0.16,India public literature pattern mapped by facility tier and dengue-prone state
280413,Haryana,Gurgaon,metro_tertiary_hub,18,151,8.908,1.06,1.42,0.13,India public literature pattern mapped by facility tier and dengue-prone state
284977,Haryana,Faridabad,urban_referral,18,151,5.203,1.06,1.16,0.16,India public literature pattern mapped by facility tier and dengue-prone state
283487,Haryana,Faridabad,urban_referral,18,151,4.104,1.06,1.16,0.16,India public literature pattern mapped by facility tier and dengue-prone state
11066,Haryana,Fatehabad,urban_referral,4,151,5.603,1.06,1.16,0.16,India public literature pattern mapped by facility tier and dengue-prone state
11069,Haryana,Gurgaon,metro_tertiary_hub,18,151,8.599,1.06,1.42,0.13,India public literature pattern mapped by facility tier and dengue-prone state
11068,Haryana,Gurgaon,urban_referral,18,151,4.104,1.06,1.16,0.16,India public literature pattern mapped by facility tier and dengue-prone state
11074,Haryana,Palwal,peripheral_center,4,151,2.289,1.06,0.68,0.24,India public literature pattern mapped by facility tier and dengue-prone state
285169,Haryana,Bhiwani,urban_referral,3,151,3.645,1.06,1.16,0.16,India public literature pattern mapped by facility tier and dengue-prone state
280888,Haryana,Rohtak,district_center,5,151,2.712,1.06,0.92,0.19,India public literature pattern mapped by facility tier and dengue-prone state
280887,Haryana,Faridabad,urban_referral,18,151,4.104,1.06,1.16,0.16,India public literature pattern mapped by facility tier and dengue-prone state
283514,Haryana,Sonipat,district_center,9,151,3.223,1.06,0.92,0.19,India public literature pattern mapped by facility tier and dengue-prone state
283478,Haryana,Charkhi Dadri,peripheral_center,2,151,1.779,1.06,0.68,0.24,India public literature pattern mapped by facility tier and dengue-prone state
282784,Haryana,Palwal,peripheral_center,4,151,2.289,1.06,0.68,0.24,India public literature pattern mapped by facility tier and dengue-prone state
284565,Haryana,Gurgaon,urban_referral,18,151,4.104,1.06,1.16,0.16,India public literature pattern mapped by facility tier and dengue-prone state
11077,Haryana,Panipat,district_center,11,151,3.405,1.06,0.92,0.19,India public literature pattern mapped by facility tier and dengue-prone state
282783,Haryana,Yamunanagar,district_center,7,151,2.999,1.06,0.92,0.19,India public literature pattern mapped by facility tier and dengue-prone state
282782,Haryana,Yamunanagar,district_center,7,151,2.999,1.06,0.92,0.19,India public literature pattern mapped by facility tier and dengue-prone state
283871,Haryana,Faridabad,urban_referral,18,151,4.104,1.06,1.16,0.16,India public literature pattern mapped by facility tier and dengue-prone state
282781,Haryana,Yamunanagar,district_center,7,151,2.999,1.06,0.92,0.19,India public literature pattern mapped by facility tier and dengue-prone state
282780,Haryana,Yamunanagar,district_center,7,151,2.999,1.06,0.92,0.19,India public literature pattern mapped by facility tier and dengue-prone state
284281,Haryana,Panipat,district_center,11,151,3.405,1.06,0.92,0.19,India public literature pattern mapped by facility tier and dengue-prone state
11041,Haryana,Yamunanagar,district_center,7,151,2.999,1.06,0.92,0.19,India public literature pattern mapped by facility tier and dengue-prone state
11042,Haryana,Ambala,metro_tertiary_hub,8,151,7.355,1.06,1.42,0.13,India public literature pattern mapped by facility tier and dengue-prone state
282779,Haryana,Yamunanagar,district_center,7,151,2.999,1.06,0.92,0.19,India public literature pattern mapped by facility tier and dengue-prone state
280876,Haryana,Sirsa,district_center,5,151,2.712,1.06,0.92,0.19,India public literature pattern mapped by facility tier and dengue-prone state
282777,Haryana,Fatehabad,peripheral_center,4,151,2.289,1.06,0.68,0.24,India public literature pattern mapped by facility tier and dengue-prone state
282776,Haryana,Sonipat,district_center,9,151,3.223,1.06,0.92,0.19,India public literature pattern mapped by facility tier and dengue-prone state
283986,Haryana,Mahendragarh,peripheral_center,3,151,2.066,1.06,0.68,0.24,India public literature pattern mapped by facility tier and dengue-prone state
282775,Haryana,Sonipat,district_center,9,151,3.223,1.06,0.92,0.19,India public literature pattern mapped by facility tier and dengue-prone state
284799,Haryana,Karnal,district_center,8,151,3.117,1.06,0.92,0.19,India public literature pattern mapped by facility tier and dengue-prone state
282774,Haryana,Sonipat,district_center,9,151,3.223,1.06,0.92,0.19,India public literature pattern mapped by facility tier and dengue-prone state
282773,Haryana,Rohtak,district_center,5,151,2.712,1.06,0.92,0.19,India public literature pattern mapped by facility tier and dengue-prone state
11045,Haryana,Panipat,district_center,11,151,3.405,1.06,0.92,0.19,India public literature pattern mapped by facility tier and dengue-prone state
11044,Haryana,Ambala,district_center,8,151,3.81,1.06,0.92,0.19,India public literature pattern mapped by facility tier and dengue-prone state
11047,Haryana,Ambala,district_center,8,151,3.117,1.06,0.92,0.19,India public literature pattern mapped by facility tier and dengue-prone state
282771,Haryana,Rohtak,district_center,5,151,2.712,1.06,0.92,0.19,India public literature pattern mapped by facility tier and dengue-prone state
282770,Haryana,Rewari,district_center,6,151,2.866,1.06,0.92,0.19,India public literature pattern mapped by facility tier and dengue-prone state
11048,Haryana,Sonipat,district_center,9,151,3.223,1.06,0.92,0.19,India public literature pattern mapped by facility tier and dengue-prone state
284031,Haryana,Panipat,urban_referral,11,151,5.437,1.06,1.16,0.16,India public literature pattern mapped by facility tier and dengue-prone state
283580,Haryana,Gurgaon,urban_referral,18,151,4.104,1.06,1.16,0.16,India public literature pattern mapped by facility tier and dengue-prone state
11051,Haryana,Panchkula,peripheral_center,4,151,2.983,1.06,0.68,0.24,India public literature pattern mapped by facility tier and dengue-prone state
11054,Haryana,Faridabad,urban_referral,18,151,5.714,1.06,1.16,0.16,India public literature pattern mapped by facility tier and dengue-prone state
11053,Haryana,Sirsa,metro_tertiary_hub,5,151,6.544,1.06,1.42,0.13,India public literature pattern mapped by facility tier and dengue-prone state
285109,Haryana,Gurgaon,urban_referral,18,151,5.491,1.06,1.16,0.16,India public literature pattern mapped by facility tier and dengue-prone state
282769,Haryana,Rewari,district_center,6,151,2.866,1.06,0.92,0.19,India public literature pattern mapped by facility tier and dengue-prone state
282768,Haryana,Rewari,district_center,6,151,2.866,1.06,0.92,0.19,India public literature pattern mapped by facility tier and dengue-prone state
282767,Haryana,Panipat,district_center,11,151,3.405,1.06,0.92,0.19,India public literature pattern mapped by facility tier and dengue-prone state
282766,Haryana,Panipat,district_center,11,151,3.405,1.06,0.92,0.19,India public literature pattern mapped by facility tier and dengue-prone state
282765,Haryana,Panipat,district_center,11,151,3.405,1.06,0.92,0.19,India public literature pattern mapped by facility tier and dengue-prone state
284821,Haryana,Sonipat,district_center,9,151,3.223,1.06,0.92,0.19,India public literature pattern mapped by facility tier and dengue-prone state
282764,Haryana,Panipat,district_center,11,151,3.405,1.06,0.92,0.19,India public literature pattern mapped by facility tier and dengue-prone state
282763,Haryana,Mahendragarh,peripheral_center,3,151,2.066,1.06,0.68,0.24,India public literature pattern mapped by facility tier and dengue-prone state
11056,Haryana,Faridabad,urban_referral,18,151,4.104,1.06,1.16,0.16,India public literature pattern mapped by facility tier and dengue-prone state
11055,Haryana,Gurgaon,urban_referral,18,151,6.05,1.06,1.16,0.16,India public literature pattern mapped by facility tier and dengue-prone state
282761,Haryana,Kurukshetra,district_center,6,151,2.866,1.06,0.92,0.19,India public literature pattern mapped by facility tier and dengue-prone state
11058,Haryana,Jhajjar,district_center,9,151,3.223,1.06,0.92,0.19,India public literature pattern mapped by facility tier and dengue-prone state
282760,Haryana,Kurukshetra,district_center,6,151,3.559,1.06,0.92,0.19,India public literature pattern mapped by facility tier and dengue-prone state
11057,Haryana,Gurgaon,urban_referral,18,151,6.407,1.06,1.16,0.16,India public literature pattern mapped by facility tier and dengue-prone state
283331,Haryana,Palwal,peripheral_center,4,151,2.289,1.06,0.68,0.24,India public literature pattern mapped by facility tier and dengue-prone state
11059,Haryana,Rewari,urban_referral,6,151,5.185,1.06,1.16,0.16,India public literature pattern mapped by facility tier and dengue-prone state
96108,Haryana,Rohtak,metro_tertiary_hub,5,151,6.849,1.06,1.42,0.13,India public literature pattern mapped by facility tier and dengue-prone state
284260,Haryana,Ambala,district_center,8,151,3.117,1.06,0.92,0.19,India public literature pattern mapped by facility tier and dengue-prone state
96109,Haryana,Faridabad,urban_referral,18,151,4.104,1.06,1.16,0.16,India public literature pattern mapped by facility tier and dengue-prone state
96105,Haryana,Sonipat,urban_referral,9,151,6.407,1.06,1.16,0.16,India public literature pattern mapped by facility tier and dengue-prone state
96106,Haryana,Karnal,metro_tertiary_hub,8,151,7.921,1.06,1.42,0.13,India public literature pattern mapped by facility tier and dengue-prone state
11020,Haryana,Hisar,district_center,14,151,3.628,1.06,0.92,0.19,India public literature pattern mapped by facility tier and dengue-prone state
96107,Haryana,Hisar,metro_tertiary_hub,14,151,7.817,1.06,1.42,0.13,India public literature pattern mapped by facility tier and dengue-prone state
96103,Haryana,Panchkula,peripheral_center,4,151,2.289,1.06,0.68,0.24,India public literature pattern mapped by facility tier and dengue-prone state
282759,Haryana,Karnal,district_center,8,151,3.117,1.06,0.92,0.19,India public literature pattern mapped by facility tier and dengue-prone state
280732,Haryana,Gurgaon,urban_referral,18,151,5.203,1.06,1.16,0.16,India public literature pattern mapped by facility tier and dengue-prone state
282757,Haryana,Jhajjar,district_center,9,151,3.223,1.06,0.92,0.19,India public literature pattern mapped by facility tier and dengue-prone state
282756,Haryana,Jhajjar,district_center,9,151,3.223,1.06,0.92,0.19,India public literature pattern mapped by facility tier and dengue-prone state
283966,Haryana,Jind,peripheral_center,3,151,2.066,1.06,0.68,0.24,India public literature pattern mapped by facility tier and dengue-prone state
282755,Haryana,Jhajjar,district_center,9,151,3.223,1.06,0.92,0.19,India public literature pattern mapped by facility tier and dengue-prone state
283965,Haryana,Fatehabad,peripheral_center,4,151,2.289,1.06,0.68,0.24,India public literature pattern mapped by facility tier and dengue-prone state
282754,Haryana,Hisar,district_center,14,151,3.628,1.06,0.92,0.19,India public literature pattern mapped by facility tier and dengue-prone state
282753,Haryana,Hisar,district_center,14,151,3.628,1.06,0.92,0.19,India public literature pattern mapped by facility tier and dengue-prone state
284776,Haryana,Hisar,district_center,14,151,3.628,1.06,0.92,0.19,India public literature pattern mapped by facility tier and dengue-prone state
282752,Haryana,Hisar,district_center,14,151,3.628,1.06,0.92,0.19,India public literature pattern mapped by facility tier and dengue-prone state
283564,Haryana,Faridabad,metro_tertiary_hub,18,151,8.682,1.06,1.42,0.13,India public literature pattern mapped by facility tier and dengue-prone state
285080,Haryana,Gurgaon,urban_referral,18,151,6.502,1.06,1.16,0.16,India public literature pattern mapped by facility tier and dengue-prone state
11025,Haryana,Sirsa,metro_tertiary_hub,5,151,6.47,1.06,1.42,0.13,India public literature pattern mapped by facility tier and dengue-prone state
282595,Haryana,Panchkula,peripheral_center,4,151,2.289,1.06,0.68,0.24,India public literature pattern mapped by facility tier and dengue-prone state
11024,Haryana,Hisar,district_center,14,151,3.628,1.06,0.92,0.19,India public literature pattern mapped by facility tier and dengue-prone state
284013,Haryana,Karnal,district_center,8,151,3.117,1.06,0.92,0.19,India public literature pattern mapped by facility tier and dengue-prone state
282592,Haryana,Gurgaon,urban_referral,18,151,4.104,1.06,1.16,0.16,India public literature pattern mapped by facility tier and dengue-prone state
284771,Haryana,Sirsa,district_center,5,151,2.712,1.06,0.92,0.19,India public literature pattern mapped by facility tier and dengue-prone state
11029,Haryana,Karnal,district_center,8,151,3.117,1.06,0.92,0.19,India public literature pattern mapped by facility tier and dengue-prone state
284370,Haryana,Jhajjar,district_center,9,151,3.223,1.06,0.92,0.19,India public literature pattern mapped by facility tier and dengue-prone state
284092,Haryana,Gurgaon,urban_referral,18,151,7.049,1.06,1.16,0.16,India public literature pattern mapped by facility tier and dengue-prone state
284090,Haryana,Kurukshetra,district_center,6,151,2.866,1.06,0.92,0.19,India public literature pattern mapped by facility tier and dengue-prone state
11031,Haryana,Hisar,district_center,14,151,3.628,1.06,0.92,0.19,India public literature pattern mapped by facility tier and dengue-prone state
284929,Haryana,Karnal,district_center,8,151,3.117,1.06,0.92,0.19,India public literature pattern mapped by facility tier and dengue-prone state
284925,Haryana,Charkhi Dadri,peripheral_center,2,151,1.779,1.06,0.68,0.24,India public literature pattern mapped by facility tier and dengue-prone state
282747,Haryana,Faridabad,urban_referral,18,151,5.714,1.06,1.16,0.16,India public literature pattern mapped by facility tier and dengue-prone state
282746,Haryana,Faridabad,urban_referral,18,151,4.104,1.06,1.16,0.16,India public literature pattern mapped by facility tier and dengue-prone state
282745,Haryana,Faridabad,urban_referral,18,151,4.104,1.06,1.16,0.16,India public literature pattern mapped by facility tier and dengue-prone state
282744,Haryana,Faridabad,urban_referral,18,151,4.104,1.06,1.16,0.16,India public literature pattern mapped by facility tier and dengue-prone state
284888,Haryana,Jhajjar,district_center,9,151,3.223,1.06,0.92,0.19,India public literature pattern mapped by facility tier and dengue-prone state
282743,Haryana,Bhiwani,peripheral_center,3,151,2.066,1.06,0.68,0.24,India public literature pattern mapped by facility tier and dengue-prone state
282742,Haryana,Ambala,district_center,8,151,3.117,1.06,0.92,0.19,India public literature pattern mapped by facility tier and dengue-prone state
11033,Haryana,Karnal,district_center,8,151,3.117,1.06,0.92,0.19,India public literature pattern mapped by facility tier and dengue-prone state
284488,Haryana,Hisar,district_center,14,151,4.321,1.06,0.92,0.19,India public literature pattern mapped by facility tier and dengue-prone state
283157,Haryana,Kaithal,peripheral_center,3,151,2.066,1.06,0.68,0.24,India public literature pattern mapped by facility tier and dengue-prone state
11036,Haryana,Kurukshetra,district_center,6,151,2.866,1.06,0.92,0.19,India public literature pattern mapped by facility tier and dengue-prone state
11038,Haryana,Rewari,district_center,6,151,2.866,1.06,0.92,0.19,India public literature pattern mapped by facility tier and dengue-prone state
283396,Haryana,Jhajjar,metro_tertiary_hub,9,151,7.8,1.06,1.42,0.13,India public literature pattern mapped by facility tier and dengue-prone state
11037,Haryana,Fatehabad,peripheral_center,4,151,2.289,1.06,0.68,0.24,India public literature pattern mapped by facility tier and dengue-prone state
283391,Haryana,Gurgaon,urban_referral,18,151,4.798,1.06,1.16,0.16,India public literature pattern mapped by facility tier and dengue-prone state
96120,Haryana,Rewari,district_center,6,151,2.866,1.06,0.92,0.19,India public literature pattern mapped by facility tier and dengue-prone state
11008,Haryana,Kurukshetra,district_center,6,151,2.866,1.06,0.92,0.19,India public literature pattern mapped by facility tier and dengue-prone state
282616,Haryana,Ambala,urban_referral,8,151,4.744,1.06,1.16,0.16,India public literature pattern mapped by facility tier and dengue-prone state
282730,Haryana,Palwal,urban_referral,4,151,5.66,1.06,1.16,0.16,India public literature pattern mapped by facility tier and dengue-prone state
11003,Haryana,Gurgaon,urban_referral,18,151,5.491,1.06,1.16,0.16,India public literature pattern mapped by facility tier and dengue-prone state
282573,Haryana,Panchkula,metro_tertiary_hub,4,151,6.526,1.06,1.42,0.13,India public literature pattern mapped by facility tier and dengue-prone state
11002,Haryana,Mahendragarh,metro_tertiary_hub,3,151,6.138,1.06,1.42,0.13,India public literature pattern mapped by facility tier and dengue-prone state
11005,Haryana,Sonipat,metro_tertiary_hub,9,151,7.188,1.06,1.42,0.13,India public literature pattern mapped by facility tier and dengue-prone state
11006,Haryana,Sirsa,district_center,5,151,2.712,1.06,0.92,0.19,India public literature pattern mapped by facility tier and dengue-prone state
96119,Haryana,Panipat,district_center,11,151,3.405,1.06,0.92,0.19,India public literature pattern mapped by facility tier and dengue-prone state
285145,Haryana,Kurukshetra,district_center,6,151,2.866,1.06,0.92,0.19,India public literature pattern mapped by facility tier and dengue-prone state
96115,Haryana,Jhajjar,district_center,9,151,3.223,1.06,0.92,0.19,India public literature pattern mapped by facility tier and dengue-prone state
96116,Haryana,Sonipat,district_center,9,151,3.223,1.06,0.92,0.19,India public literature pattern mapped by facility tier and dengue-prone state
11010,Haryana,Panipat,urban_referral,11,151,5.842,1.06,1.16,0.16,India public literature pattern mapped by facility tier and dengue-prone state
96117,Haryana,Jhajjar,district_center,9,151,3.223,1.06,0.92,0.19,India public literature pattern mapped by facility tier and dengue-prone state
96118,Haryana,Hisar,district_center,14,151,3.628,1.06,0.92,0.19,India public literature pattern mapped by facility tier and dengue-prone state
96111,Haryana,Nuh,peripheral_center,1,151,1.373,1.06,0.68,0.24,India public literature pattern mapped by facility tier and dengue-prone state
96112,Haryana,Bhiwani,metro_tertiary_hub,3,151,6.39,1.06,1.42,0.13,India public literature pattern mapped by facility tier and dengue-prone state
96113,Haryana,Gurgaon,urban_referral,18,151,4.104,1.06,1.16,0.16,India public literature pattern mapped by facility tier and dengue-prone state
96114,Haryana,Ambala,urban_referral,8,151,5.842,1.06,1.16,0.16,India public literature pattern mapped by facility tier and dengue-prone state
280706,Haryana,Faridabad,urban_referral,18,151,5.491,1.06,1.16,0.16,India public literature pattern mapped by facility tier and dengue-prone state
280428,Haryana,Faridabad,urban_referral,18,151,6.669,1.06,1.16,0.16,India public literature pattern mapped by facility tier and dengue-prone state
96110,Haryana,Karnal,metro_tertiary_hub,8,151,7.281,1.06,1.42,0.13,India public literature pattern mapped by facility tier and dengue-prone state
282600,Haryana,Gurgaon,urban_referral,18,151,4.104,1.06,1.16,0.16,India public literature pattern mapped by facility tier and dengue-prone state
11012,Haryana,Jind,metro_tertiary_hub,3,151,6.207,1.06,1.42,0.13,India public literature pattern mapped by facility tier and dengue-prone state
284345,Haryana,Jind,peripheral_center,3,151,2.066,1.06,0.68,0.24,India public literature pattern mapped by facility tier and dengue-prone state
11011,Haryana,Hisar,district_center,14,151,4.321,1.06,0.92,0.19,India public literature pattern mapped by facility tier and dengue-prone state
11014,Haryana,Hisar,district_center,14,151,4.321,1.06,0.92,0.19,India public literature pattern mapped by facility tier and dengue-prone state
11013,Haryana,Yamunanagar,urban_referral,7,151,6.012,1.06,1.16,0.16,India public literature pattern mapped by facility tier and dengue-prone state
283375,Haryana,Rohtak,district_center,5,151,2.712,1.06,0.92,0.19,India public literature pattern mapped by facility tier and dengue-prone state
284463,Haryana,Panipat,district_center,11,151,3.405,1.06,0.92,0.19,India public literature pattern mapped by facility tier and dengue-prone state
11016,Haryana,Kaithal,urban_referral,3,151,5.319,1.06,1.16,0.16,India public literature pattern mapped by facility tier and dengue-prone state
283494,Haryana,Hisar,district_center,14,151,3.628,1.06,0.92,0.19,India public literature pattern mapped by facility tier and dengue-prone state
283493,Haryana,Hisar,district_center,14,151,3.628,1.06,0.92,0.19,India public literature pattern mapped by facility tier and dengue-prone state
11018,Haryana,Faridabad,urban_referral,18,151,6.812,1.06,1.16,0.16,India public literature pattern mapped by facility tier and dengue-prone state
12011,Himachal Pradesh,Kangra,peripheral_center,3,20,2.066,1.06,0.68,0.24,India public literature pattern mapped by facility tier and dengue-prone state
12010,Himachal Pradesh,Shimla,district_center,5,20,2.712,1.06,0.92,0.19,India public literature pattern mapped by facility tier and dengue-prone state
283936,Himachal Pradesh,Chamba,peripheral_center,1,20,1.373,1.06,0.68,0.24,India public literature pattern mapped by facility tier and dengue-prone state
12009,Himachal Pradesh,Una,peripheral_center,1,20,1.373,1.06,0.68,0.24,India public literature pattern mapped by facility tier and dengue-prone state
283978,Himachal Pradesh,Solan,peripheral_center,2,20,1.779,1.06,0.68,0.24,India public literature pattern mapped by facility tier and dengue-prone state
283302,Himachal Pradesh,Mandi,peripheral_center,2,20,1.779,1.06,0.68,0.24,India public literature pattern mapped by facility tier and dengue-prone state
283995,Himachal Pradesh,Kangra,peripheral_center,3,20,2.066,1.06,0.68,0.24,India public literature pattern mapped by facility tier and dengue-prone state
12002,Himachal Pradesh,Shimla,district_center,5,20,2.712,1.06,0.92,0.19,India public literature pattern mapped by facility tier and dengue-prone state
12012,Himachal Pradesh,Shimla,district_center,5,20,2.712,1.06,0.92,0.19,India public literature pattern mapped by facility tier and dengue-prone state
12004,Himachal Pradesh,Kullu,peripheral_center,1,20,1.373,1.06,0.68,0.24,India public literature pattern mapped by facility tier and dengue-prone state
12015,Himachal Pradesh,Kangra,peripheral_center,3,20,2.066,1.06,0.68,0.24,India public literature pattern mapped by facility tier and dengue-prone state
283265,Himachal Pradesh,Solan,peripheral_center,2,20,1.779,1.06,0.68,0.24,India public literature pattern mapped by facility tier and dengue-prone state
12014,Himachal Pradesh,Mandi,peripheral_center,2,20,1.779,1.06,0.68,0.24,India public literature pattern mapped by facility tier and dengue-prone state
282650,Himachal Pradesh,Hamirpur,peripheral_center,2,20,1.779,1.06,0.68,0.24,India public literature pattern mapped by facility tier and dengue-prone state
12017,Himachal Pradesh,Shimla,district_center,5,20,2.712,1.06,0.92,0.19,India public literature pattern mapped by facility tier and dengue-prone state
12016,Himachal Pradesh,Hamirpur,peripheral_center,2,20,1.779,1.06,0.68,0.24,India public literature pattern mapped by facility tier and dengue-prone state
12005,Himachal Pradesh,Shimla,urban_referral,5,20,4.744,1.06,1.16,0.16,India public literature pattern mapped by facility tier and dengue-prone state
12007,Himachal Pradesh,Sirmaur,peripheral_center,1,20,1.373,1.06,0.68,0.24,India public literature pattern mapped by facility tier and dengue-prone state
284482,Himachal Pradesh,Bilaspur,metro_tertiary_hub,1,20,5.109,1.06,1.42,0.13,India public literature pattern mapped by facility tier and dengue-prone state
12018,Himachal Pradesh,Kinnaur,peripheral_center,1,20,1.373,1.06,0.68,0.24,India public literature pattern mapped by facility tier and dengue-prone state
91112,Jammu and Kashmir,Jammu,urban_referral,5,23,5.842,1.06,1.16,0.16,India public literature pattern mapped by facility tier and dengue-prone state
91110,Jammu and Kashmir,Srinagar,district_center,10,23,3.318,1.06,0.92,0.19,India public literature pattern mapped by facility tier and dengue-prone state
91133,Jammu and Kashmir,Srinagar,district_center,10,23,3.318,1.06,0.92,0.19,India public literature pattern mapped by facility tier and dengue-prone state
285178,Jammu and Kashmir,Srinagar,district_center,10,23,3.318,1.06,0.92,0.19,India public literature pattern mapped by facility tier and dengue-prone state
283947,Jammu and Kashmir,Srinagar,district_center,10,23,3.318,1.06,0.92,0.19,India public literature pattern mapped by facility tier and dengue-prone state
283649,Jammu and Kashmir,Srinagar,district_center,10,23,3.318,1.06,0.92,0.19,India public literature pattern mapped by facility tier and dengue-prone state
280794,Jammu and Kashmir,Reasi,peripheral_center,2,23,1.779,1.06,0.68,0.24,India public literature pattern mapped by facility tier and dengue-prone state
91109,Jammu and Kashmir,Srinagar,district_center,10,23,3.318,1.06,0.92,0.19,India public literature pattern mapped by facility tier and dengue-prone state
284379,Jammu and Kashmir,Srinagar,urban_referral,10,23,5.637,1.06,1.16,0.16,India public literature pattern mapped by facility tier and dengue-prone state
91129,Jammu and Kashmir,Kupwara,peripheral_center,1,23,1.373,1.06,0.68,0.24,India public literature pattern mapped by facility tier and dengue-prone state
284255,Jammu and Kashmir,Jammu,district_center,5,23,2.712,1.06,0.92,0.19,India public literature pattern mapped by facility tier and dengue-prone state
13003,Jammu and Kashmir,Srinagar,district_center,10,23,3.318,1.06,0.92,0.19,India public literature pattern mapped by facility tier and dengue-prone state
13007,Jammu and Kashmir,Jammu,district_center,5,23,2.712,1.06,0.92,0.19,India public literature pattern mapped by facility tier and dengue-prone state
91121,Jammu and Kashmir,Ganderbal,peripheral_center,1,23,1.373,1.06,0.68,0.24,India public literature pattern mapped by facility tier and dengue-prone state
91105,Jammu and Kashmir,Kathua,peripheral_center,1,23,1.373,1.06,0.68,0.24,India public literature pattern mapped by facility tier and dengue-prone state
91103,Jammu and Kashmir,Jammu,metro_tertiary_hub,5,23,6.875,1.06,1.42,0.13,India public literature pattern mapped by facility tier and dengue-prone state
91125,Jammu and Kashmir,Ramban,peripheral_center,1,23,1.373,1.06,0.68,0.24,India public literature pattern mapped by facility tier and dengue-prone state
91120,Jammu and Kashmir,Badgam,peripheral_center,1,23,1.373,1.06,0.68,0.24,India public literature pattern mapped by facility tier and dengue-prone state
283957,Jammu and Kashmir,Srinagar,district_center,10,23,3.318,1.06,0.92,0.19,India public literature pattern mapped by facility tier and dengue-prone state
284945,Jammu and Kashmir,Samba,urban_referral,1,23,4.561,1.06,1.16,0.16,India public literature pattern mapped by facility tier and dengue-prone state
283875,Jammu and Kashmir,Srinagar,district_center,10,23,3.318,1.06,0.92,0.19,India public literature pattern mapped by facility tier and dengue-prone state
13013,Jammu and Kashmir,Jammu,urban_referral,5,23,4.05,1.06,1.16,0.16,India public literature pattern mapped by facility tier and dengue-prone state
283397,Jammu and Kashmir,Reasi,peripheral_center,2,23,1.779,1.06,0.68,0.24,India public literature pattern mapped by facility tier and dengue-prone state
20136,Jharkhand,Ranchi,urban_referral,22,72,5.905,1.06,1.16,0.16,India public literature pattern mapped by facility tier and dengue-prone state
20134,Jharkhand,Bokaro,peripheral_center,4,72,2.289,1.06,0.68,0.24,India public literature pattern mapped by facility tier and dengue-prone state
20133,Jharkhand,Chatra,peripheral_center,1,72,1.373,1.06,0.68,0.24,India public literature pattern mapped by facility tier and dengue-prone state
20132,Jharkhand,Pashchimi Singhbhum,peripheral_center,3,72,2.066,1.06,0.68,0.24,India public literature pattern mapped by facility tier and dengue-prone state
20131,Jharkhand,Simdega,peripheral_center,2,72,1.779,1.06,0.68,0.24,India public literature pattern mapped by facility tier and dengue-prone state
14010,Jharkhand,Ranchi,urban_referral,22,72,4.295,1.06,1.16,0.16,India public literature pattern mapped by facility tier and dengue-prone state
20130,Jharkhand,Saraikela-Kharsawan,peripheral_center,3,72,2.066,1.06,0.68,0.24,India public literature pattern mapped by facility tier and dengue-prone state
285116,Jharkhand,Ranchi,metro_tertiary_hub,22,72,8.487,1.06,1.42,0.13,India public literature pattern mapped by facility tier and dengue-prone state
20174,Jharkhand,Palamu,peripheral_center,4,72,2.289,1.06,0.68,0.24,India public literature pattern mapped by facility tier and dengue-prone state
280255,Jharkhand,Pashchimi Singhbhum,peripheral_center,3,72,2.066,1.06,0.68,0.24,India public literature pattern mapped by facility tier and dengue-prone state
284455,Jharkhand,Dhanbad,metro_tertiary_hub,8,72,6.795,1.06,1.42,0.13,India public literature pattern mapped by facility tier and dengue-prone state
283685,Jharkhand,Hazaribagh,peripheral_center,3,72,2.066,1.06,0.68,0.24,India public literature pattern mapped by facility tier and dengue-prone state
14020,Jharkhand,Ramgarh,peripheral_center,4,72,2.289,1.06,0.68,0.24,India public literature pattern mapped by facility tier and dengue-prone state
20103,Jharkhand,Ranchi,urban_referral,22,72,4.295,1.06,1.16,0.16,India public literature pattern mapped by facility tier and dengue-prone state
20147,Jharkhand,Saraikela-Kharsawan,peripheral_center,3,72,2.066,1.06,0.68,0.24,India public literature pattern mapped by facility tier and dengue-prone state
20146,Jharkhand,Ranchi,urban_referral,22,72,4.295,1.06,1.16,0.16,India public literature pattern mapped by facility tier and dengue-prone state
20101,Jharkhand,Ranchi,urban_referral,22,72,6.693,1.06,1.16,0.16,India public literature pattern mapped by facility tier and dengue-prone state
20143,Jharkhand,Ranchi,urban_referral,22,72,4.295,1.06,1.16,0.16,India public literature pattern mapped by facility tier and dengue-prone state
20185,Jharkhand,Khunti,peripheral_center,2,72,1.779,1.06,0.68,0.24,India public literature pattern mapped by facility tier and dengue-prone state
20109,Jharkhand,Dumka,peripheral_center,2,72,1.779,1.06,0.68,0.24,India public literature pattern mapped by facility tier and dengue-prone state
20108,Jharkhand,Dhanbad,district_center,8,72,3.117,1.06,0.92,0.19,India public literature pattern mapped by facility tier and dengue-prone state
20107,Jharkhand,Deoghar,peripheral_center,2,72,1.779,1.06,0.68,0.24,India public literature pattern mapped by facility tier and dengue-prone state
20105,Jharkhand,Bokaro,peripheral_center,4,72,2.289,1.06,0.68,0.24,India public literature pattern mapped by facility tier and dengue-prone state
284646,Jharkhand,Palamu,peripheral_center,4,72,2.289,1.06,0.68,0.24,India public literature pattern mapped by facility tier and dengue-prone state
20140,Jharkhand,Dhanbad,district_center,8,72,3.117,1.06,0.92,0.19,India public literature pattern mapped by facility tier and dengue-prone state
20184,Jharkhand,Bokaro,peripheral_center,4,72,2.289,1.06,0.68,0.24,India public literature pattern mapped by facility tier and dengue-prone state
14027,Jharkhand,Ranchi,urban_referral,22,72,4.295,1.06,1.16,0.16,India public literature pattern mapped by facility tier and dengue-prone state
20182,Jharkhand,Saraikela-Kharsawan,peripheral_center,3,72,2.066,1.06,0.68,0.24,India public literature pattern mapped by facility tier and dengue-prone state
283475,Jharkhand,Hazaribagh,urban_referral,3,72,5.031,1.06,1.16,0.16,India public literature pattern mapped by facility tier and dengue-prone state
284761,Jharkhand,Ranchi,urban_referral,22,72,6.241,1.06,1.16,0.16,India public literature pattern mapped by facility tier and dengue-prone state
284244,Jharkhand,Palamu,urban_referral,4,72,5.167,1.06,1.16,0.16,India public literature pattern mapped by facility tier and dengue-prone state
284121,Jharkhand,Ranchi,metro_tertiary_hub,22,72,7.6,1.06,1.42,0.13,India public literature pattern mapped by facility tier and dengue-prone state
14030,Jharkhand,Bokaro,peripheral_center,4,72,2.289,1.06,0.68,0.24,India public literature pattern mapped by facility tier and dengue-prone state
20115,Jharkhand,Godda,peripheral_center,2,72,1.779,1.06,0.68,0.24,India public literature pattern mapped by facility tier and dengue-prone state
20158,Jharkhand,Ranchi,urban_referral,22,72,4.295,1.06,1.16,0.16,India public literature pattern mapped by facility tier and dengue-prone state
20114,Jharkhand,Giridih,peripheral_center,1,72,1.373,1.06,0.68,0.24,India public literature pattern mapped by facility tier and dengue-prone state
20157,Jharkhand,Dhanbad,urban_referral,8,72,5.554,1.06,1.16,0.16,India public literature pattern mapped by facility tier and dengue-prone state
20112,Jharkhand,Purbi Singhbhum,peripheral_center,3,72,2.066,1.06,0.68,0.24,India public literature pattern mapped by facility tier and dengue-prone state
20111,Jharkhand,Purbi Singhbhum,peripheral_center,3,72,2.066,1.06,0.68,0.24,India public literature pattern mapped by facility tier and dengue-prone state
14035,Jharkhand,Ranchi,urban_referral,22,72,4.295,1.06,1.16,0.16,India public literature pattern mapped by facility tier and dengue-prone state
20153,Jharkhand,Garhwa,urban_referral,1,72,3.463,1.06,1.16,0.16,India public literature pattern mapped by facility tier and dengue-prone state
14032,Jharkhand,Purbi Singhbhum,metro_tertiary_hub,3,72,7.137,1.06,1.42,0.13,India public literature pattern mapped by facility tier and dengue-prone state
20152,Jharkhand,Ranchi,urban_referral,22,72,4.295,1.06,1.16,0.16,India public literature pattern mapped by facility tier and dengue-prone state
20119,Jharkhand,Khunti,peripheral_center,2,72,1.779,1.06,0.68,0.24,India public literature pattern mapped by facility tier and dengue-prone state
20117,Jharkhand,Hazaribagh,peripheral_center,3,72,2.066,1.06,0.68,0.24,India public literature pattern mapped by facility tier and dengue-prone state
284877,Jharkhand,Deoghar,urban_referral,2,72,3.357,1.06,1.16,0.16,India public literature pattern mapped by facility tier and dengue-prone state
280555,Jharkhand,Dhanbad,urban_referral,8,72,5.437,1.06,1.16,0.16,India public literature pattern mapped by facility tier and dengue-prone state
283622,Jharkhand,Dhanbad,district_center,8,72,3.117,1.06,0.92,0.19,India public literature pattern mapped by facility tier and dengue-prone state
282610,Jharkhand,Ranchi,urban_referral,22,72,7.24,1.06,1.16,0.16,India public literature pattern mapped by facility tier and dengue-prone state
282695,Jharkhand,Ranchi,metro_tertiary_hub,22,72,7.851,1.06,1.42,0.13,India public literature pattern mapped by facility tier and dengue-prone state
282651,Jharkhand,Pashchimi Singhbhum,peripheral_center,3,72,2.066,1.06,0.68,0.24,India public literature pattern mapped by facility tier and dengue-prone state
282572,Jharkhand,Simdega,peripheral_center,2,72,1.779,1.06,0.68,0.24,India public literature pattern mapped by facility tier and dengue-prone state
284872,Jharkhand,Dumka,peripheral_center,2,72,1.779,1.06,0.68,0.24,India public literature pattern mapped by facility tier and dengue-prone state
14041,Jharkhand,Kodarma,peripheral_center,2,72,1.779,1.06,0.68,0.24,India public literature pattern mapped by facility tier and dengue-prone state
20126,Jharkhand,Ranchi,urban_referral,22,72,4.295,1.06,1.16,0.16,India public literature pattern mapped by facility tier and dengue-prone state
14042,Jharkhand,Ranchi,urban_referral,22,72,4.295,1.06,1.16,0.16,India public literature pattern mapped by facility tier and dengue-prone state
20125,Jharkhand,Ramgarh,peripheral_center,4,72,2.289,1.06,0.68,0.24,India public literature pattern mapped by facility tier and dengue-prone state
20124,Jharkhand,Palamu,peripheral_center,4,72,2.289,1.06,0.68,0.24,India public literature pattern mapped by facility tier and dengue-prone state
20123,Jharkhand,Pakur,peripheral_center,1,72,1.373,1.06,0.68,0.24,India public literature pattern mapped by facility tier and dengue-prone state
14045,Jharkhand,Dhanbad,district_center,8,72,3.117,1.06,0.92,0.19,India public literature pattern mapped by facility tier and dengue-prone state
20121,Jharkhand,Latehar,peripheral_center,1,72,1.373,1.06,0.68,0.24,India public literature pattern mapped by facility tier and dengue-prone state
20120,Jharkhand,Kodarma,peripheral_center,2,72,1.779,1.06,0.68,0.24,India public literature pattern mapped by facility tier and dengue-prone state
20163,Jharkhand,Dhanbad,district_center,8,72,3.117,1.06,0.92,0.19,India public literature pattern mapped by facility tier and dengue-prone state
20129,Jharkhand,Sahibganj,urban_referral,1,72,4.156,1.06,1.16,0.16,India public literature pattern mapped by facility tier and dengue-prone state
20128,Jharkhand,Ranchi,urban_referral,22,72,4.295,1.06,1.16,0.16,India public literature pattern mapped by facility tier and dengue-prone state
282569,Jharkhand,Godda,peripheral_center,2,72,1.779,1.06,0.68,0.24,India public literature pattern mapped by facility tier and dengue-prone state
284622,Jharkhand,Ranchi,urban_referral,22,72,4.295,1.06,1.16,0.16,India public literature pattern mapped by facility tier and dengue-prone state
14005,Jharkhand,Ramgarh,peripheral_center,4,72,2.289,1.06,0.68,0.24,India public literature pattern mapped by facility tier and dengue-prone state
284621,Jharkhand,Ranchi,urban_referral,22,72,4.295,1.06,1.16,0.16,India public literature pattern mapped by facility tier and dengue-prone state
14048,Jharkhand,Ramgarh,urban_referral,4,72,4.379,1.06,1.16,0.16,India public literature pattern mapped by facility tier and dengue-prone state
14004,Jharkhand,Ranchi,urban_referral,22,72,7.129,1.06,1.16,0.16,India public literature pattern mapped by facility tier and dengue-prone state
14008,Jharkhand,Ranchi,urban_referral,22,72,7.068,1.06,1.16,0.16,India public literature pattern mapped by facility tier and dengue-prone state
283490,Karnataka,Bangalore Urban,metro_tertiary_hub,93,293,7.062,1.166,1.42,0.135,Karnataka/coastal Karnataka platelet discard pattern mapped by facility tier
283926,Karnataka,Bangalore Urban,metro_tertiary_hub,93,293,5.963,1.166,1.42,0.135,Karnataka/coastal Karnataka platelet discard pattern mapped by facility tier
283803,Karnataka,Ramanagara,urban_referral,4,293,4.849,1.166,1.16,0.166,Karnataka/coastal Karnataka platelet discard pattern mapped by facility tier
29146,Karnataka,Bangalore Urban,metro_tertiary_hub,93,293,9.547,1.166,1.42,0.135,Karnataka/coastal Karnataka platelet discard pattern mapped by facility tier
281189,Karnataka,Bagalkot,district_center,14,293,3.628,1.166,0.92,0.198,Karnataka/coastal Karnataka platelet discard pattern mapped by facility tier
281063,Karnataka,Bagalkot,urban_referral,14,293,5.66,1.166,1.16,0.166,Karnataka/coastal Karnataka platelet discard pattern mapped by facility tier
283482,Karnataka,Kolar,district_center,5,293,2.712,1.166,0.92,0.198,Karnataka/coastal Karnataka platelet discard pattern mapped by facility tier
29155,Karnataka,Chikmagalur,district_center,10,293,3.318,1.166,0.92,0.198,Karnataka/coastal Karnataka platelet discard pattern mapped by facility tier
29154,Karnataka,Bangalore Urban,metro_tertiary_hub,93,293,5.963,1.166,1.42,0.135,Karnataka/coastal Karnataka platelet discard pattern mapped by facility tier
29153,Karnataka,Shimoga,urban_referral,11,293,5.947,1.166,1.16,0.166,Karnataka/coastal Karnataka platelet discard pattern mapped by facility tier
29159,Karnataka,Raichur,district_center,9,293,3.223,1.166,0.92,0.198,Karnataka/coastal Karnataka platelet discard pattern mapped by facility tier
284206,Karnataka,Ballari,district_center,7,293,2.999,1.166,0.92,0.198,Karnataka/coastal Karnataka platelet discard pattern mapped by facility tier
29158,Karnataka,Bangalore Urban,metro_tertiary_hub,93,293,5.963,1.166,1.42,0.135,Karnataka/coastal Karnataka platelet discard pattern mapped by facility tier
283479,Karnataka,Shimoga,district_center,11,293,3.405,1.166,0.92,0.198,Karnataka/coastal Karnataka platelet discard pattern mapped by facility tier
281177,Karnataka,Belagavi,district_center,10,293,3.318,1.166,0.92,0.198,Karnataka/coastal Karnataka platelet discard pattern mapped by facility tier
29152,Karnataka,Kalaburagi,urban_referral,10,293,6.043,1.166,1.16,0.166,Karnataka/coastal Karnataka platelet discard pattern mapped by facility tier
283592,Karnataka,Chamarajanagar,urban_referral,4,293,4.561,1.166,1.16,0.166,Karnataka/coastal Karnataka platelet discard pattern mapped by facility tier
15087,Karnataka,Kalaburagi,district_center,10,293,3.318,1.166,0.92,0.198,Karnataka/coastal Karnataka platelet discard pattern mapped by facility tier
15086,Karnataka,Bangalore Urban,metro_tertiary_hub,93,293,5.963,1.166,1.42,0.135,Karnataka/coastal Karnataka platelet discard pattern mapped by facility tier
15084,Karnataka,Gadag,urban_referral,4,293,3.868,1.166,1.16,0.166,Karnataka/coastal Karnataka platelet discard pattern mapped by facility tier
15088,Karnataka,Bangalore Urban,metro_tertiary_hub,93,293,5.963,1.166,1.42,0.135,Karnataka/coastal Karnataka platelet discard pattern mapped by facility tier
29129,Karnataka,Shimoga,urban_referral,11,293,5.591,1.166,1.16,0.166,Karnataka/coastal Karnataka platelet discard pattern mapped by facility tier
29128,Karnataka,Tumkur,district_center,8,293,3.117,1.166,0.92,0.198,Karnataka/coastal Karnataka platelet discard pattern mapped by facility tier
15083,Karnataka,Davanagere,district_center,10,293,3.318,1.166,0.92,0.198,Karnataka/coastal Karnataka platelet discard pattern mapped by facility tier
15082,Karnataka,Bangalore Urban,metro_tertiary_hub,93,293,5.963,1.166,1.42,0.135,Karnataka/coastal Karnataka platelet discard pattern mapped by facility tier
15080,Karnataka,Uttara Kannada,district_center,5,293,2.712,1.166,0.92,0.198,Karnataka/coastal Karnataka platelet discard pattern mapped by facility tier
29121,Karnataka,Bangalore Urban,metro_tertiary_hub,93,293,8.908,1.166,1.42,0.135,Karnataka/coastal Karnataka platelet discard pattern mapped by facility tier
284796,Karnataka,Bangalore Urban,metro_tertiary_hub,93,293,5.963,1.166,1.42,0.135,Karnataka/coastal Karnataka platelet discard pattern mapped by facility tier
283221,Karnataka,Bangalore Urban,metro_tertiary_hub,93,293,5.963,1.166,1.42,0.135,Karnataka/coastal Karnataka platelet discard pattern mapped by facility tier
15098,Karnataka,Bangalore Urban,metro_tertiary_hub,93,293,7.755,1.166,1.42,0.135,Karnataka/coastal Karnataka platelet discard pattern mapped by facility tier
15095,Karnataka,Vijayapura,district_center,12,293,3.485,1.166,0.92,0.198,Karnataka/coastal Karnataka platelet discard pattern mapped by facility tier
15099,Karnataka,Dharwad,district_center,10,293,4.011,1.166,0.92,0.198,Karnataka/coastal Karnataka platelet discard pattern mapped by facility tier
285105,Karnataka,Bangalore Urban,metro_tertiary_hub,93,293,9.182,1.166,1.42,0.135,Karnataka/coastal Karnataka platelet discard pattern mapped by facility tier
15090,Karnataka,Bangalore Urban,metro_tertiary_hub,93,293,7.35,1.166,1.42,0.135,Karnataka/coastal Karnataka platelet discard pattern mapped by facility tier
29139,Karnataka,Mandya,metro_tertiary_hub,4,293,6.074,1.166,1.42,0.135,Karnataka/coastal Karnataka platelet discard pattern mapped by facility tier
15093,Karnataka,Dakshina Kannada,urban_referral,15,293,3.933,1.166,1.16,0.166,Karnataka/coastal Karnataka platelet discard pattern mapped by facility tier
15092,Karnataka,Raichur,urban_referral,9,293,5.254,1.166,1.16,0.166,Karnataka/coastal Karnataka platelet discard pattern mapped by facility tier
15091,Karnataka,Bangalore Urban,metro_tertiary_hub,93,293,5.963,1.166,1.42,0.135,Karnataka/coastal Karnataka platelet discard pattern mapped by facility tier
280625,Karnataka,Bangalore Urban,metro_tertiary_hub,93,293,5.963,1.166,1.42,0.135,Karnataka/coastal Karnataka platelet discard pattern mapped by facility tier
29132,Karnataka,Mysore,urban_referral,11,293,4.744,1.166,1.16,0.166,Karnataka/coastal Karnataka platelet discard pattern mapped by facility tier
29138,Karnataka,Chamarajanagar,urban_referral,4,293,4.156,1.166,1.16,0.166,Karnataka/coastal Karnataka platelet discard pattern mapped by facility tier
284789,Karnataka,Uttara Kannada,district_center,5,293,2.712,1.166,0.92,0.198,Karnataka/coastal Karnataka platelet discard pattern mapped by facility tier
283334,Karnataka,Bangalore Urban,metro_tertiary_hub,93,293,7.573,1.166,1.42,0.135,Karnataka/coastal Karnataka platelet discard pattern mapped by facility tier
284544,Karnataka,Belagavi,district_center,10,293,3.318,1.166,0.92,0.198,Karnataka/coastal Karnataka platelet discard pattern mapped by facility tier
283210,Karnataka,Tumkur,urban_referral,8,293,5.437,1.166,1.16,0.166,Karnataka/coastal Karnataka platelet discard pattern mapped by facility tier
284660,Karnataka,Bangalore Urban,metro_tertiary_hub,93,293,5.963,1.166,1.42,0.135,Karnataka/coastal Karnataka platelet discard pattern mapped by facility tier
15065,Karnataka,Dharwad,district_center,10,293,3.318,1.166,0.92,0.198,Karnataka/coastal Karnataka platelet discard pattern mapped by facility tier
283171,Karnataka,Shimoga,district_center,11,293,3.405,1.166,0.92,0.198,Karnataka/coastal Karnataka platelet discard pattern mapped by facility tier
15063,Karnataka,Chikmagalur,district_center,10,293,3.318,1.166,0.92,0.198,Karnataka/coastal Karnataka platelet discard pattern mapped by facility tier
15184,Karnataka,Koppal,urban_referral,4,293,5.477,1.166,1.16,0.166,Karnataka/coastal Karnataka platelet discard pattern mapped by facility tier
15062,Karnataka,Bangalore Urban,metro_tertiary_hub,93,293,5.963,1.166,1.42,0.135,Karnataka/coastal Karnataka platelet discard pattern mapped by facility tier
15183,Karnataka,Mysore,urban_referral,11,293,5.437,1.166,1.16,0.166,Karnataka/coastal Karnataka platelet discard pattern mapped by facility tier
15068,Karnataka,Bangalore Urban,metro_tertiary_hub,93,293,5.963,1.166,1.42,0.135,Karnataka/coastal Karnataka platelet discard pattern mapped by facility tier
29108,Karnataka,Dakshina Kannada,urban_referral,15,293,3.933,1.166,1.16,0.166,Karnataka/coastal Karnataka platelet discard pattern mapped by facility tier
15182,Karnataka,Bangalore Rural,district_center,7,293,2.999,1.166,0.92,0.198,Karnataka/coastal Karnataka platelet discard pattern mapped by facility tier
15060,Karnataka,Bangalore Urban,metro_tertiary_hub,93,293,5.963,1.166,1.42,0.135,Karnataka/coastal Karnataka platelet discard pattern mapped by facility tier
15181,Karnataka,Bangalore Urban,metro_tertiary_hub,93,293,5.963,1.166,1.42,0.135,Karnataka/coastal Karnataka platelet discard pattern mapped by facility tier
15180,Karnataka,Raichur,urban_referral,9,293,5.542,1.166,1.16,0.166,Karnataka/coastal Karnataka platelet discard pattern mapped by facility tier
29101,Karnataka,Shimoga,district_center,11,293,3.405,1.166,0.92,0.198,Karnataka/coastal Karnataka platelet discard pattern mapped by facility tier
280459,Karnataka,Bangalore Urban,metro_tertiary_hub,93,293,8.797,1.166,1.42,0.135,Karnataka/coastal Karnataka platelet discard pattern mapped by facility tier
280699,Karnataka,Shimoga,district_center,11,293,3.405,1.166,0.92,0.198,Karnataka/coastal Karnataka platelet discard pattern mapped by facility tier
284019,Karnataka,Dakshina Kannada,urban_referral,15,293,3.933,1.166,1.16,0.166,Karnataka/coastal Karnataka platelet discard pattern mapped by facility tier
29104,Karnataka,Shimoga,urban_referral,11,293,5.437,1.166,1.16,0.166,Karnataka/coastal Karnataka platelet discard pattern mapped by facility tier
29103,Karnataka,Raichur,urban_referral,9,293,5.072,1.166,1.16,0.166,Karnataka/coastal Karnataka platelet discard pattern mapped by facility tier
283169,Karnataka,Chikmagalur,district_center,10,293,3.318,1.166,0.92,0.198,Karnataka/coastal Karnataka platelet discard pattern mapped by facility tier
283960,Karnataka,Belagavi,district_center,10,293,3.318,1.166,0.92,0.198,Karnataka/coastal Karnataka platelet discard pattern mapped by facility tier
284257,Karnataka,Kalaburagi,urban_referral,10,293,4.944,1.166,1.16,0.166,Karnataka/coastal Karnataka platelet discard pattern mapped by facility tier
283167,Karnataka,Bagalkot,district_center,14,293,4.321,1.166,0.92,0.198,Karnataka/coastal Karnataka platelet discard pattern mapped by facility tier
15076,Karnataka,Bangalore Urban,metro_tertiary_hub,93,293,9.601,1.166,1.42,0.135,Karnataka/coastal Karnataka platelet discard pattern mapped by facility tier
283160,Karnataka,Dharwad,district_center,10,293,3.318,1.166,0.92,0.198,Karnataka/coastal Karnataka platelet discard pattern mapped by facility tier
15073,Karnataka,Bangalore Urban,metro_tertiary_hub,93,293,5.963,1.166,1.42,0.135,Karnataka/coastal Karnataka platelet discard pattern mapped by facility tier
15079,Karnataka,Bangalore Urban,metro_tertiary_hub,93,293,8.602,1.166,1.42,0.135,Karnataka/coastal Karnataka platelet discard pattern mapped by facility tier
15078,Karnataka,Mysore,urban_referral,11,293,6.043,1.166,1.16,0.166,Karnataka/coastal Karnataka platelet discard pattern mapped by facility tier
15077,Karnataka,Mandya,urban_referral,4,293,5.66,1.166,1.16,0.166,Karnataka/coastal Karnataka platelet discard pattern mapped by facility tier
29119,Karnataka,Uttara Kannada,urban_referral,5,293,5.149,1.166,1.16,0.166,Karnataka/coastal Karnataka platelet discard pattern mapped by facility tier
29118,Karnataka,Bangalore Urban,metro_tertiary_hub,93,293,7.755,1.166,1.42,0.135,Karnataka/coastal Karnataka platelet discard pattern mapped by facility tier
15071,Karnataka,Kodagu,peripheral_center,1,293,1.373,1.166,0.68,0.25,Karnataka/coastal Karnataka platelet discard pattern mapped by facility tier
284808,Karnataka,Tumkur,urban_referral,8,293,4.744,1.166,1.16,0.166,Karnataka/coastal Karnataka platelet discard pattern mapped by facility tier
29112,Karnataka,Dakshina Kannada,urban_referral,15,293,3.933,1.166,1.16,0.166,Karnataka/coastal Karnataka platelet discard pattern mapped by facility tier
29111,Karnataka,Bangalore Urban,metro_tertiary_hub,93,293,6.656,1.166,1.42,0.135,Karnataka/coastal Karnataka platelet discard pattern mapped by facility tier
283835,Karnataka,Davanagere,district_center,10,293,3.318,1.166,0.92,0.198,Karnataka/coastal Karnataka platelet discard pattern mapped by facility tier
284923,Karnataka,Shimoga,district_center,11,293,3.405,1.166,0.92,0.198,Karnataka/coastal Karnataka platelet discard pattern mapped by facility tier
283832,Karnataka,Ramanagara,peripheral_center,4,293,2.289,1.166,0.68,0.25,Karnataka/coastal Karnataka platelet discard pattern mapped by facility tier
29115,Karnataka,Dakshina Kannada,urban_referral,15,293,6.705,1.166,1.16,0.166,Karnataka/coastal Karnataka platelet discard pattern mapped by facility tier
29114,Karnataka,Udupi,metro_tertiary_hub,4,293,6.431,1.166,1.42,0.135,Karnataka/coastal Karnataka platelet discard pattern mapped by facility tier
284003,Karnataka,Udupi,peripheral_center,4,293,2.289,1.166,0.68,0.25,Karnataka/coastal Karnataka platelet discard pattern mapped by facility tier
283153,Karnataka,Raichur,district_center,9,293,3.223,1.166,0.92,0.198,Karnataka/coastal Karnataka platelet discard pattern mapped by facility tier
283151,Karnataka,Dharwad,district_center,10,293,3.318,1.166,0.92,0.198,Karnataka/coastal Karnataka platelet discard pattern mapped by facility tier
15164,Karnataka,Bangalore Urban,metro_tertiary_hub,93,293,5.963,1.166,1.42,0.135,Karnataka/coastal Karnataka platelet discard pattern mapped by facility tier
15163,Karnataka,Davanagere,district_center,10,293,3.318,1.166,0.92,0.198,Karnataka/coastal Karnataka platelet discard pattern mapped by facility tier
15042,Karnataka,Mandya,urban_referral,4,293,3.868,1.166,1.16,0.166,Karnataka/coastal Karnataka platelet discard pattern mapped by facility tier
15041,Karnataka,Dharwad,urban_referral,10,293,5.637,1.166,1.16,0.166,Karnataka/coastal Karnataka platelet discard pattern mapped by facility tier
15040,Karnataka,Chikmagalur,district_center,10,293,3.318,1.166,0.92,0.198,Karnataka/coastal Karnataka platelet discard pattern mapped by facility tier
15047,Karnataka,Dakshina Kannada,urban_referral,15,293,6.766,1.166,1.16,0.166,Karnataka/coastal Karnataka platelet discard pattern mapped by facility tier
15046,Karnataka,Davanagere,district_center,10,293,3.318,1.166,0.92,0.198,Karnataka/coastal Karnataka platelet discard pattern mapped by facility tier
15167,Karnataka,Mysore,urban_referral,11,293,5.842,1.166,1.16,0.166,Karnataka/coastal Karnataka platelet discard pattern mapped by facility tier
15045,Karnataka,Hassan,urban_referral,5,293,4.744,1.166,1.16,0.166,Karnataka/coastal Karnataka platelet discard pattern mapped by facility tier
15166,Karnataka,Kolar,urban_referral,5,293,5.149,1.166,1.16,0.166,Karnataka/coastal Karnataka platelet discard pattern mapped by facility tier
15044,Karnataka,Gadag,peripheral_center,4,293,2.289,1.166,0.68,0.25,Karnataka/coastal Karnataka platelet discard pattern mapped by facility tier
15165,Karnataka,Mysore,district_center,11,293,3.405,1.166,0.92,0.198,Karnataka/coastal Karnataka platelet discard pattern mapped by facility tier
15160,Karnataka,Bangalore Urban,metro_tertiary_hub,93,293,9.141,1.166,1.42,0.135,Karnataka/coastal Karnataka platelet discard pattern mapped by facility tier
283709,Karnataka,Bidar,peripheral_center,2,293,1.779,1.166,0.68,0.25,Karnataka/coastal Karnataka platelet discard pattern mapped by facility tier
284913,Karnataka,Chitradurga,district_center,5,293,2.712,1.166,0.92,0.198,Karnataka/coastal Karnataka platelet discard pattern mapped by facility tier
283822,Karnataka,Hassan,district_center,5,293,2.712,1.166,0.92,0.198,Karnataka/coastal Karnataka platelet discard pattern mapped by facility tier
283821,Karnataka,Raichur,district_center,9,293,3.223,1.166,0.92,0.198,Karnataka/coastal Karnataka platelet discard pattern mapped by facility tier
284910,Karnataka,Vijayapura,district_center,12,293,3.485,1.166,0.92,0.198,Karnataka/coastal Karnataka platelet discard pattern mapped by facility tier
283148,Karnataka,Bangalore Urban,metro_tertiary_hub,93,293,5.963,1.166,1.42,0.135,Karnataka/coastal Karnataka platelet discard pattern mapped by facility tier
284479,Karnataka,Bangalore Urban,metro_tertiary_hub,93,293,5.963,1.166,1.42,0.135,Karnataka/coastal Karnataka platelet discard pattern mapped by facility tier
283147,Karnataka,Bangalore Urban,metro_tertiary_hub,93,293,10.183,1.166,1.42,0.135,Karnataka/coastal Karnataka platelet discard pattern mapped by facility tier
284235,Karnataka,Vijayapura,district_center,12,293,3.485,1.166,0.92,0.198,Karnataka/coastal Karnataka platelet discard pattern mapped by facility tier
284234,Karnataka,Dakshina Kannada,urban_referral,15,293,3.933,1.166,1.16,0.166,Karnataka/coastal Karnataka platelet discard pattern mapped by facility tier
15049,Karnataka,Dharwad,district_center,10,293,3.318,1.166,0.92,0.198,Karnataka/coastal Karnataka platelet discard pattern mapped by facility tier
15169,Karnataka,Bangalore Urban,metro_tertiary_hub,93,293,7.909,1.166,1.42,0.135,Karnataka/coastal Karnataka platelet discard pattern mapped by facility tier
15054,Karnataka,Hassan,district_center,5,293,2.712,1.166,0.92,0.198,Karnataka/coastal Karnataka platelet discard pattern mapped by facility tier
15174,Karnataka,Bangalore Urban,metro_tertiary_hub,93,293,5.963,1.166,1.42,0.135,Karnataka/coastal Karnataka platelet discard pattern mapped by facility tier
15173,Karnataka,Dakshina Kannada,metro_tertiary_hub,15,293,7.525,1.166,1.42,0.135,Karnataka/coastal Karnataka platelet discard pattern mapped by facility tier
15052,Karnataka,Chitradurga,district_center,5,293,2.712,1.166,0.92,0.198,Karnataka/coastal Karnataka platelet discard pattern mapped by facility tier
15179,Karnataka,Mysore,urban_referral,11,293,5.591,1.166,1.16,0.166,Karnataka/coastal Karnataka platelet discard pattern mapped by facility tier
15178,Karnataka,Bangalore Urban,metro_tertiary_hub,93,293,9.834,1.166,1.42,0.135,Karnataka/coastal Karnataka platelet discard pattern mapped by facility tier
15057,Karnataka,Shimoga,urban_referral,11,293,6.13,1.166,1.16,0.166,Karnataka/coastal Karnataka platelet discard pattern mapped by facility tier
15177,Karnataka,Bangalore Urban,metro_tertiary_hub,93,293,5.963,1.166,1.42,0.135,Karnataka/coastal Karnataka platelet discard pattern mapped by facility tier
15056,Karnataka,Dakshina Kannada,urban_referral,15,293,3.933,1.166,1.16,0.166,Karnataka/coastal Karnataka platelet discard pattern mapped by facility tier
15176,Karnataka,Tumkur,urban_referral,8,293,4.456,1.166,1.16,0.166,Karnataka/coastal Karnataka platelet discard pattern mapped by facility tier
15171,Karnataka,Mysore,district_center,11,293,3.405,1.166,0.92,0.198,Karnataka/coastal Karnataka platelet discard pattern mapped by facility tier
15170,Karnataka,Bagalkot,urban_referral,14,293,5.814,1.166,1.16,0.166,Karnataka/coastal Karnataka platelet discard pattern mapped by facility tier
283815,Karnataka,Kalaburagi,district_center,10,293,3.318,1.166,0.92,0.198,Karnataka/coastal Karnataka platelet discard pattern mapped by facility tier
283138,Karnataka,Haveri,peripheral_center,3,293,2.066,1.166,0.68,0.25,Karnataka/coastal Karnataka platelet discard pattern mapped by facility tier
283499,Karnataka,Vijayapura,district_center,12,293,3.485,1.166,0.92,0.198,Karnataka/coastal Karnataka platelet discard pattern mapped by facility tier
283377,Karnataka,Bangalore Urban,metro_tertiary_hub,93,293,5.963,1.166,1.42,0.135,Karnataka/coastal Karnataka platelet discard pattern mapped by facility tier
284465,Karnataka,Bagalkot,district_center,14,293,3.628,1.166,0.92,0.198,Karnataka/coastal Karnataka platelet discard pattern mapped by facility tier
284222,Karnataka,Bangalore Urban,metro_tertiary_hub,93,293,5.963,1.166,1.42,0.135,Karnataka/coastal Karnataka platelet discard pattern mapped by facility tier
15059,Karnataka,Dharwad,district_center,10,293,3.318,1.166,0.92,0.198,Karnataka/coastal Karnataka platelet discard pattern mapped by facility tier
283495,Karnataka,Belagavi,district_center,10,293,3.318,1.166,0.92,0.198,Karnataka/coastal Karnataka platelet discard pattern mapped by facility tier
283251,Karnataka,Bangalore Rural,district_center,7,293,2.999,1.166,0.92,0.198,Karnataka/coastal Karnataka platelet discard pattern mapped by facility tier
283492,Karnataka,Koppal,peripheral_center,4,293,2.289,1.166,0.68,0.25,Karnataka/coastal Karnataka platelet discard pattern mapped by facility tier
15142,Karnataka,Bangalore Urban,metro_tertiary_hub,93,293,7.062,1.166,1.42,0.135,Karnataka/coastal Karnataka platelet discard pattern mapped by facility tier
15021,Karnataka,Vijayapura,district_center,12,293,3.485,1.166,0.92,0.198,Karnataka/coastal Karnataka platelet discard pattern mapped by facility tier
15020,Karnataka,Bidar,peripheral_center,2,293,1.779,1.166,0.68,0.25,Karnataka/coastal Karnataka platelet discard pattern mapped by facility tier
15141,Karnataka,Chamarajanagar,peripheral_center,4,293,2.289,1.166,0.68,0.25,Karnataka/coastal Karnataka platelet discard pattern mapped by facility tier
15140,Karnataka,Dakshina Kannada,metro_tertiary_hub,15,293,7.748,1.166,1.42,0.135,Karnataka/coastal Karnataka platelet discard pattern mapped by facility tier
15146,Karnataka,Bangalore Urban,metro_tertiary_hub,93,293,9.813,1.166,1.42,0.135,Karnataka/coastal Karnataka platelet discard pattern mapped by facility tier
15025,Karnataka,Kolar,district_center,5,293,2.712,1.166,0.92,0.198,Karnataka/coastal Karnataka platelet discard pattern mapped by facility tier
15024,Karnataka,Kolar,district_center,5,293,2.712,1.166,0.92,0.198,Karnataka/coastal Karnataka platelet discard pattern mapped by facility tier
15145,Karnataka,Udupi,peripheral_center,4,293,2.289,1.166,0.68,0.25,Karnataka/coastal Karnataka platelet discard pattern mapped by facility tier
15144,Karnataka,Bangalore Urban,metro_tertiary_hub,93,293,7.909,1.166,1.42,0.135,Karnataka/coastal Karnataka platelet discard pattern mapped by facility tier
15023,Karnataka,Raichur,district_center,9,293,3.223,1.166,0.92,0.198,Karnataka/coastal Karnataka platelet discard pattern mapped by facility tier
15143,Karnataka,Dharwad,urban_referral,10,293,5.504,1.166,1.16,0.166,Karnataka/coastal Karnataka platelet discard pattern mapped by facility tier
280378,Karnataka,Udupi,peripheral_center,4,293,2.289,1.166,0.68,0.25,Karnataka/coastal Karnataka platelet discard pattern mapped by facility tier
281225,Karnataka,Chikmagalur,district_center,10,293,3.318,1.166,0.92,0.198,Karnataka/coastal Karnataka platelet discard pattern mapped by facility tier
280379,Karnataka,Bangalore Urban,metro_tertiary_hub,93,293,7.755,1.166,1.42,0.135,Karnataka/coastal Karnataka platelet discard pattern mapped by facility tier
283523,Karnataka,Belagavi,district_center,10,293,3.318,1.166,0.92,0.198,Karnataka/coastal Karnataka platelet discard pattern mapped by facility tier
281224,Karnataka,Chikmagalur,district_center,10,293,3.318,1.166,0.92,0.198,Karnataka/coastal Karnataka platelet discard pattern mapped by facility tier
281221,Karnataka,Chikmagalur,district_center,10,293,3.318,1.166,0.92,0.198,Karnataka/coastal Karnataka platelet discard pattern mapped by facility tier
280374,Karnataka,Dakshina Kannada,urban_referral,15,293,5.319,1.166,1.16,0.166,Karnataka/coastal Karnataka platelet discard pattern mapped by facility tier
283884,Karnataka,Bangalore Urban,metro_tertiary_hub,93,293,5.963,1.166,1.42,0.135,Karnataka/coastal Karnataka platelet discard pattern mapped by facility tier
15029,Karnataka,Bangalore Urban,metro_tertiary_hub,93,293,5.963,1.166,1.42,0.135,Karnataka/coastal Karnataka platelet discard pattern mapped by facility tier
15149,Karnataka,Bangalore Urban,metro_tertiary_hub,93,293,8.602,1.166,1.42,0.135,Karnataka/coastal Karnataka platelet discard pattern mapped by facility tier
15028,Karnataka,Bangalore Urban,metro_tertiary_hub,93,293,5.963,1.166,1.42,0.135,Karnataka/coastal Karnataka platelet discard pattern mapped by facility tier
280372,Karnataka,Bangalore Urban,metro_tertiary_hub,93,293,9.915,1.166,1.42,0.135,Karnataka/coastal Karnataka platelet discard pattern mapped by facility tier
15027,Karnataka,Bangalore Urban,metro_tertiary_hub,93,293,5.963,1.166,1.42,0.135,Karnataka/coastal Karnataka platelet discard pattern mapped by facility tier
15147,Karnataka,Dharwad,urban_referral,10,293,5.35,1.166,1.16,0.166,Karnataka/coastal Karnataka platelet discard pattern mapped by facility tier
15026,Karnataka,Belagavi,district_center,10,293,3.318,1.166,0.92,0.198,Karnataka/coastal Karnataka platelet discard pattern mapped by facility tier
280371,Karnataka,Dharwad,district_center,10,293,3.318,1.166,0.92,0.198,Karnataka/coastal Karnataka platelet discard pattern mapped by facility tier
285283,Karnataka,Vijayapura,urban_referral,12,293,6.669,1.166,1.16,0.166,Karnataka/coastal Karnataka platelet discard pattern mapped by facility tier
15153,Karnataka,Bangalore Urban,metro_tertiary_hub,93,293,8.602,1.166,1.42,0.135,Karnataka/coastal Karnataka platelet discard pattern mapped by facility tier
15032,Karnataka,Bangalore Urban,metro_tertiary_hub,93,293,9.364,1.166,1.42,0.135,Karnataka/coastal Karnataka platelet discard pattern mapped by facility tier
15031,Karnataka,Tumkur,district_center,8,293,3.117,1.166,0.92,0.198,Karnataka/coastal Karnataka platelet discard pattern mapped by facility tier
15152,Karnataka,Bangalore Urban,metro_tertiary_hub,93,293,7.35,1.166,1.42,0.135,Karnataka/coastal Karnataka platelet discard pattern mapped by facility tier
15030,Karnataka,Bangalore Urban,metro_tertiary_hub,93,293,5.963,1.166,1.42,0.135,Karnataka/coastal Karnataka platelet discard pattern mapped by facility tier
15150,Karnataka,Dakshina Kannada,metro_tertiary_hub,15,293,7.525,1.166,1.42,0.135,Karnataka/coastal Karnataka platelet discard pattern mapped by facility tier
15157,Karnataka,Hassan,urban_referral,5,293,4.561,1.166,1.16,0.166,Karnataka/coastal Karnataka platelet discard pattern mapped by facility tier
15156,Karnataka,Dakshina Kannada,urban_referral,15,293,3.933,1.166,1.16,0.166,Karnataka/coastal Karnataka platelet discard pattern mapped by facility tier
15035,Karnataka,Shimoga,district_center,11,293,3.405,1.166,0.92,0.198,Karnataka/coastal Karnataka platelet discard pattern mapped by facility tier
15155,Karnataka,Dakshina Kannada,urban_referral,15,293,6.13,1.166,1.16,0.166,Karnataka/coastal Karnataka platelet discard pattern mapped by facility tier
280369,Karnataka,Kalaburagi,urban_referral,10,293,4.944,1.166,1.16,0.166,Karnataka/coastal Karnataka platelet discard pattern mapped by facility tier
283636,Karnataka,Vijayapura,district_center,12,293,3.485,1.166,0.92,0.198,Karnataka/coastal Karnataka platelet discard pattern mapped by facility tier
280367,Karnataka,Kalaburagi,district_center,10,293,3.318,1.166,0.92,0.198,Karnataka/coastal Karnataka platelet discard pattern mapped by facility tier
281215,Karnataka,Vijayapura,district_center,12,293,3.485,1.166,0.92,0.198,Karnataka/coastal Karnataka platelet discard pattern mapped by facility tier
280368,Karnataka,Kalaburagi,district_center,10,293,4.011,1.166,0.92,0.198,Karnataka/coastal Karnataka platelet discard pattern mapped by facility tier
283513,Karnataka,Bangalore Urban,metro_tertiary_hub,93,293,8.671,1.166,1.42,0.135,Karnataka/coastal Karnataka platelet discard pattern mapped by facility tier
283754,Karnataka,Vijayapura,urban_referral,12,293,5.334,1.166,1.16,0.166,Karnataka/coastal Karnataka platelet discard pattern mapped by facility tier
280365,Karnataka,Chitradurga,district_center,5,293,2.712,1.166,0.92,0.198,Karnataka/coastal Karnataka platelet discard pattern mapped by facility tier
281212,Karnataka,Vijayapura,district_center,12,293,3.485,1.166,0.92,0.198,Karnataka/coastal Karnataka platelet discard pattern mapped by facility tier
280366,Karnataka,Gadag,peripheral_center,4,293,2.289,1.166,0.68,0.25,Karnataka/coastal Karnataka platelet discard pattern mapped by facility tier
281213,Karnataka,Vijayapura,district_center,12,293,3.485,1.166,0.92,0.198,Karnataka/coastal Karnataka platelet discard pattern mapped by facility tier
283631,Karnataka,Davanagere,district_center,10,293,3.318,1.166,0.92,0.198,Karnataka/coastal Karnataka platelet discard pattern mapped by facility tier
283510,Karnataka,Shimoga,urban_referral,11,293,6.21,1.166,1.16,0.166,Karnataka/coastal Karnataka platelet discard pattern mapped by facility tier
15039,Karnataka,Ballari,district_center,7,293,2.999,1.166,0.92,0.198,Karnataka/coastal Karnataka platelet discard pattern mapped by facility tier
280364,Karnataka,Bagalkot,district_center,14,293,3.628,1.166,0.92,0.198,Karnataka/coastal Karnataka platelet discard pattern mapped by facility tier
15037,Karnataka,Bangalore Urban,metro_tertiary_hub,93,293,9.627,1.166,1.42,0.135,Karnataka/coastal Karnataka platelet discard pattern mapped by facility tier
283199,Karnataka,Raichur,district_center,9,293,3.223,1.166,0.92,0.198,Karnataka/coastal Karnataka platelet discard pattern mapped by facility tier
15158,Karnataka,Chikkaballapura,peripheral_center,2,293,1.779,1.166,0.68,0.25,Karnataka/coastal Karnataka platelet discard pattern mapped by facility tier
283195,Karnataka,Bangalore Urban,metro_tertiary_hub,93,293,5.963,1.166,1.42,0.135,Karnataka/coastal Karnataka platelet discard pattern mapped by facility tier
283194,Karnataka,Bagalkot,district_center,14,293,3.628,1.166,0.92,0.198,Karnataka/coastal Karnataka platelet discard pattern mapped by facility tier
15003,Karnataka,Kalaburagi,district_center,10,293,3.318,1.166,0.92,0.198,Karnataka/coastal Karnataka platelet discard pattern mapped by facility tier
15123,Karnataka,Chitradurga,district_center,5,293,2.712,1.166,0.92,0.198,Karnataka/coastal Karnataka platelet discard pattern mapped by facility tier
15122,Karnataka,Bagalkot,district_center,14,293,3.628,1.166,0.92,0.198,Karnataka/coastal Karnataka platelet discard pattern mapped by facility tier
15001,Karnataka,Bangalore Urban,metro_tertiary_hub,93,293,5.963,1.166,1.42,0.135,Karnataka/coastal Karnataka platelet discard pattern mapped by facility tier
284959,Karnataka,Vijayanagara,peripheral_center,2,293,1.779,1.166,0.68,0.25,Karnataka/coastal Karnataka platelet discard pattern mapped by facility tier
283505,Karnataka,Raichur,district_center,9,293,3.223,1.166,0.92,0.198,Karnataka/coastal Karnataka platelet discard pattern mapped by facility tier
280358,Karnataka,Bangalore Urban,metro_tertiary_hub,93,293,5.963,1.166,1.42,0.135,Karnataka/coastal Karnataka platelet discard pattern mapped by facility tier
280359,Karnataka,Ballari,metro_tertiary_hub,7,293,6.832,1.166,1.42,0.135,Karnataka/coastal Karnataka platelet discard pattern mapped by facility tier
283504,Karnataka,Tumkur,urban_referral,8,293,4.744,1.166,1.16,0.166,Karnataka/coastal Karnataka platelet discard pattern mapped by facility tier
284955,Karnataka,Haveri,peripheral_center,3,293,2.066,1.166,0.68,0.25,Karnataka/coastal Karnataka platelet discard pattern mapped by facility tier
284834,Karnataka,Yadgir,peripheral_center,2,293,1.779,1.166,0.68,0.25,Karnataka/coastal Karnataka platelet discard pattern mapped by facility tier
281325,Karnataka,Chamarajanagar,peripheral_center,4,293,2.289,1.166,0.68,0.25,Karnataka/coastal Karnataka platelet discard pattern mapped by facility tier
283865,Karnataka,Koppal,peripheral_center,4,293,2.289,1.166,0.68,0.25,Karnataka/coastal Karnataka platelet discard pattern mapped by facility tier
280357,Karnataka,Bangalore Urban,metro_tertiary_hub,93,293,9.182,1.166,1.42,0.135,Karnataka/coastal Karnataka platelet discard pattern mapped by facility tier
283502,Karnataka,Vijayanagara,peripheral_center,2,293,1.779,1.166,0.68,0.25,Karnataka/coastal Karnataka platelet discard pattern mapped by facility tier
15128,Karnataka,Tumkur,district_center,8,293,3.117,1.166,0.92,0.198,Karnataka/coastal Karnataka platelet discard pattern mapped by facility tier
15007,Karnataka,Bangalore Urban,metro_tertiary_hub,93,293,9.141,1.166,1.42,0.135,Karnataka/coastal Karnataka platelet discard pattern mapped by facility tier
15005,Karnataka,Bangalore Urban,metro_tertiary_hub,93,293,8.602,1.166,1.42,0.135,Karnataka/coastal Karnataka platelet discard pattern mapped by facility tier
15126,Karnataka,Belagavi,district_center,10,293,3.318,1.166,0.92,0.198,Karnataka/coastal Karnataka platelet discard pattern mapped by facility tier
15004,Karnataka,Bangalore Urban,metro_tertiary_hub,93,293,10.691,1.166,1.42,0.135,Karnataka/coastal Karnataka platelet discard pattern mapped by facility tier
15009,Karnataka,Bangalore Urban,metro_tertiary_hub,93,293,8.448,1.166,1.42,0.135,Karnataka/coastal Karnataka platelet discard pattern mapped by facility tier
15129,Karnataka,Bangalore Urban,metro_tertiary_hub,93,293,7.35,1.166,1.42,0.135,Karnataka/coastal Karnataka platelet discard pattern mapped by facility tier
15008,Karnataka,Bangalore Urban,metro_tertiary_hub,93,293,5.963,1.166,1.42,0.135,Karnataka/coastal Karnataka platelet discard pattern mapped by facility tier
15131,Karnataka,Bangalore Urban,metro_tertiary_hub,93,293,7.062,1.166,1.42,0.135,Karnataka/coastal Karnataka platelet discard pattern mapped by facility tier
15130,Karnataka,Mysore,district_center,11,293,3.405,1.166,0.92,0.198,Karnataka/coastal Karnataka platelet discard pattern mapped by facility tier
15014,Karnataka,Bangalore Urban,metro_tertiary_hub,93,293,6.656,1.166,1.42,0.135,Karnataka/coastal Karnataka platelet discard pattern mapped by facility tier
15134,Karnataka,Davanagere,district_center,10,293,3.318,1.166,0.92,0.198,Karnataka/coastal Karnataka platelet discard pattern mapped by facility tier
15012,Karnataka,Dakshina Kannada,urban_referral,15,293,5.878,1.166,1.16,0.166,Karnataka/coastal Karnataka platelet discard pattern mapped by facility tier
15133,Karnataka,Uttara Kannada,district_center,5,293,2.712,1.166,0.92,0.198,Karnataka/coastal Karnataka platelet discard pattern mapped by facility tier
15011,Karnataka,Belagavi,metro_tertiary_hub,10,293,7.344,1.166,1.42,0.135,Karnataka/coastal Karnataka platelet discard pattern mapped by facility tier
284828,Karnataka,Bangalore Urban,metro_tertiary_hub,93,293,8.361,1.166,1.42,0.135,Karnataka/coastal Karnataka platelet discard pattern mapped by facility tier
283979,Karnataka,Bangalore Rural,urban_referral,7,293,4.626,1.166,1.16,0.166,Karnataka/coastal Karnataka platelet discard pattern mapped by facility tier
283852,Karnataka,Bangalore Urban,metro_tertiary_hub,93,293,9.952,1.166,1.42,0.135,Karnataka/coastal Karnataka platelet discard pattern mapped by facility tier
283973,Karnataka,Mandya,peripheral_center,4,293,2.289,1.166,0.68,0.25,Karnataka/coastal Karnataka platelet discard pattern mapped by facility tier
15139,Karnataka,Davanagere,metro_tertiary_hub,10,293,6.996,1.166,1.42,0.135,Karnataka/coastal Karnataka platelet discard pattern mapped by facility tier
15018,Karnataka,Bangalore Rural,metro_tertiary_hub,7,293,6.996,1.166,1.42,0.135,Karnataka/coastal Karnataka platelet discard pattern mapped by facility tier
15138,Karnataka,Uttara Kannada,district_center,5,293,2.712,1.166,0.92,0.198,Karnataka/coastal Karnataka platelet discard pattern mapped by facility tier
15016,Karnataka,Bangalore Urban,metro_tertiary_hub,93,293,10.994,1.166,1.42,0.135,Karnataka/coastal Karnataka platelet discard pattern mapped by facility tier
15137,Karnataka,Koppal,peripheral_center,4,293,2.289,1.166,0.68,0.25,Karnataka/coastal Karnataka platelet discard pattern mapped by facility tier
284145,Karnataka,Ballari,district_center,7,293,2.999,1.166,0.92,0.198,Karnataka/coastal Karnataka platelet discard pattern mapped by facility tier
15015,Karnataka,Belagavi,district_center,10,293,3.318,1.166,0.92,0.198,Karnataka/coastal Karnataka platelet discard pattern mapped by facility tier
15136,Karnataka,Bangalore Urban,metro_tertiary_hub,93,293,11.602,1.166,1.42,0.135,Karnataka/coastal Karnataka platelet discard pattern mapped by facility tier
283175,Karnataka,Chikmagalur,district_center,10,293,3.318,1.166,0.92,0.198,Karnataka/coastal Karnataka platelet discard pattern mapped by facility tier
283174,Karnataka,Bangalore Urban,metro_tertiary_hub,93,293,7.062,1.166,1.42,0.135,Karnataka/coastal Karnataka platelet discard pattern mapped by facility tier
283173,Karnataka,Bangalore Urban,metro_tertiary_hub,93,293,5.963,1.166,1.42,0.135,Karnataka/coastal Karnataka platelet discard pattern mapped by facility tier
285232,Karnataka,Bangalore Urban,metro_tertiary_hub,93,293,6.656,1.166,1.42,0.135,Karnataka/coastal Karnataka platelet discard pattern mapped by facility tier
15102,Karnataka,Bangalore Urban,metro_tertiary_hub,93,293,5.963,1.166,1.42,0.135,Karnataka/coastal Karnataka platelet discard pattern mapped by facility tier
15101,Karnataka,Bagalkot,urban_referral,14,293,5.814,1.166,1.16,0.166,Karnataka/coastal Karnataka platelet discard pattern mapped by facility tier
285238,Karnataka,Bangalore Rural,district_center,7,293,3.693,1.166,0.92,0.198,Karnataka/coastal Karnataka platelet discard pattern mapped by facility tier
283209,Karnataka,Chikmagalur,urban_referral,10,293,4.657,1.166,1.16,0.166,Karnataka/coastal Karnataka platelet discard pattern mapped by facility tier
284417,Karnataka,Bangalore Urban,metro_tertiary_hub,93,293,8.266,1.166,1.42,0.135,Karnataka/coastal Karnataka platelet discard pattern mapped by facility tier
283449,Karnataka,Belagavi,district_center,10,293,3.318,1.166,0.92,0.198,Karnataka/coastal Karnataka platelet discard pattern mapped by facility tier
284658,Karnataka,Bangalore Urban,metro_tertiary_hub,93,293,5.963,1.166,1.42,0.135,Karnataka/coastal Karnataka platelet discard pattern mapped by facility tier
280972,Karnataka,Mysore,metro_tertiary_hub,11,293,7.339,1.166,1.42,0.135,Karnataka/coastal Karnataka platelet discard pattern mapped by facility tier
283568,Karnataka,Mysore,district_center,11,293,3.405,1.166,0.92,0.198,Karnataka/coastal Karnataka platelet discard pattern mapped by facility tier
283203,Karnataka,Ramanagara,urban_referral,4,293,4.715,1.166,1.16,0.166,Karnataka/coastal Karnataka platelet discard pattern mapped by facility tier
15105,Karnataka,Bangalore Urban,metro_tertiary_hub,93,293,5.963,1.166,1.42,0.135,Karnataka/coastal Karnataka platelet discard pattern mapped by facility tier
284532,Karnataka,Bagalkot,district_center,14,293,3.628,1.166,0.92,0.198,Karnataka/coastal Karnataka platelet discard pattern mapped by facility tier
283441,Karnataka,Kalaburagi,district_center,10,293,3.318,1.166,0.92,0.198,Karnataka/coastal Karnataka platelet discard pattern mapped by facility tier
15103,Karnataka,Davanagere,urban_referral,10,293,6.123,1.166,1.16,0.166,Karnataka/coastal Karnataka platelet discard pattern mapped by facility tier
283561,Karnataka,Bagalkot,district_center,14,293,3.628,1.166,0.92,0.198,Karnataka/coastal Karnataka platelet discard pattern mapped by facility tier
15108,Karnataka,Bangalore Urban,metro_tertiary_hub,93,293,8.448,1.166,1.42,0.135,Karnataka/coastal Karnataka platelet discard pattern mapped by facility tier
15107,Karnataka,Chitradurga,metro_tertiary_hub,5,293,6.303,1.166,1.42,0.135,Karnataka/coastal Karnataka platelet discard pattern mapped by facility tier
285120,Karnataka,Chikkaballapura,peripheral_center,2,293,1.779,1.166,0.68,0.25,Karnataka/coastal Karnataka platelet discard pattern mapped by facility tier
285121,Karnataka,Bangalore Urban,metro_tertiary_hub,93,293,5.963,1.166,1.42,0.135,Karnataka/coastal Karnataka platelet discard pattern mapped by facility tier
285243,Karnataka,Bangalore Urban,metro_tertiary_hub,93,293,5.963,1.166,1.42,0.135,Karnataka/coastal Karnataka platelet discard pattern mapped by facility tier
285122,Karnataka,Bagalkot,district_center,14,293,3.628,1.166,0.92,0.198,Karnataka/coastal Karnataka platelet discard pattern mapped by facility tier
15113,Karnataka,Bangalore Urban,metro_tertiary_hub,93,293,8.736,1.166,1.42,0.135,Karnataka/coastal Karnataka platelet discard pattern mapped by facility tier
15112,Karnataka,Bangalore Urban,metro_tertiary_hub,93,293,9.519,1.166,1.42,0.135,Karnataka/coastal Karnataka platelet discard pattern mapped by facility tier
15111,Karnataka,Haveri,peripheral_center,3,293,2.066,1.166,0.68,0.25,Karnataka/coastal Karnataka platelet discard pattern mapped by facility tier
15110,Karnataka,Bangalore Rural,district_center,7,293,2.999,1.166,0.92,0.198,Karnataka/coastal Karnataka platelet discard pattern mapped by facility tier
283319,Karnataka,Mysore,urban_referral,11,293,6.284,1.166,1.16,0.166,Karnataka/coastal Karnataka platelet discard pattern mapped by facility tier
283438,Karnataka,Bangalore Urban,metro_tertiary_hub,93,293,5.963,1.166,1.42,0.135,Karnataka/coastal Karnataka platelet discard pattern mapped by facility tier
283437,Karnataka,Tumkur,urban_referral,8,293,5.437,1.166,1.16,0.166,Karnataka/coastal Karnataka platelet discard pattern mapped by facility tier
283436,Karnataka,Ballari,district_center,7,293,2.999,1.166,0.92,0.198,Karnataka/coastal Karnataka platelet discard pattern mapped by facility tier
283797,Karnataka,Davanagere,district_center,10,293,3.318,1.166,0.92,0.198,Karnataka/coastal Karnataka platelet discard pattern mapped by facility tier
284641,Karnataka,Bagalkot,district_center,14,293,3.628,1.166,0.92,0.198,Karnataka/coastal Karnataka platelet discard pattern mapped by facility tier
15119,Karnataka,Ballari,district_center,7,293,2.999,1.166,0.92,0.198,Karnataka/coastal Karnataka platelet discard pattern mapped by facility tier
285130,Karnataka,Bangalore Urban,metro_tertiary_hub,93,293,5.963,1.166,1.42,0.135,Karnataka/coastal Karnataka platelet discard pattern mapped by facility tier
285131,Karnataka,Bangalore Urban,metro_tertiary_hub,93,293,8.043,1.166,1.42,0.135,Karnataka/coastal Karnataka platelet discard pattern mapped by facility tier
284081,Karnataka,Hassan,district_center,5,293,2.712,1.166,0.92,0.198,Karnataka/coastal Karnataka platelet discard pattern mapped by facility tier
29166,Karnataka,Ballari,district_center,7,293,2.999,1.166,0.92,0.198,Karnataka/coastal Karnataka platelet discard pattern mapped by facility tier
29165,Karnataka,Yadgir,peripheral_center,2,293,1.779,1.166,0.68,0.25,Karnataka/coastal Karnataka platelet discard pattern mapped by facility tier
29164,Karnataka,Davanagere,district_center,10,293,3.318,1.166,0.92,0.198,Karnataka/coastal Karnataka platelet discard pattern mapped by facility tier
283304,Karnataka,Bangalore Urban,metro_tertiary_hub,93,293,7.909,1.166,1.42,0.135,Karnataka/coastal Karnataka platelet discard pattern mapped by facility tier
283788,Karnataka,Gadag,urban_referral,4,293,4.156,1.166,1.16,0.166,Karnataka/coastal Karnataka platelet discard pattern mapped by facility tier
29163,Karnataka,Kolar,district_center,5,293,2.712,1.166,0.92,0.198,Karnataka/coastal Karnataka platelet discard pattern mapped by facility tier
29161,Karnataka,Chikmagalur,district_center,10,293,3.318,1.166,0.92,0.198,Karnataka/coastal Karnataka platelet discard pattern mapped by facility tier
29160,Karnataka,Ramanagara,peripheral_center,4,293,2.289,1.166,0.68,0.25,Karnataka/coastal Karnataka platelet discard pattern mapped by facility tier
280389,Karnataka,Bangalore Urban,metro_tertiary_hub,93,293,5.963,1.166,1.42,0.135,Karnataka/coastal Karnataka platelet discard pattern mapped by facility tier
284867,Karnataka,Bangalore Urban,metro_tertiary_hub,93,293,5.963,1.166,1.42,0.135,Karnataka/coastal Karnataka platelet discard pattern mapped by facility tier
283899,Karnataka,Vijayapura,district_center,12,293,3.485,1.166,0.92,0.198,Karnataka/coastal Karnataka platelet discard pattern mapped by facility tier
283897,Karnataka,Kalaburagi,district_center,10,293,3.318,1.166,0.92,0.198,Karnataka/coastal Karnataka platelet discard pattern mapped by facility tier
280386,Karnataka,Bagalkot,district_center,14,293,3.628,1.166,0.92,0.198,Karnataka/coastal Karnataka platelet discard pattern mapped by facility tier
280383,Karnataka,Bangalore Rural,district_center,7,293,2.999,1.166,0.92,0.198,Karnataka/coastal Karnataka platelet discard pattern mapped by facility tier
280381,Karnataka,Bangalore Urban,metro_tertiary_hub,93,293,9.895,1.166,1.42,0.135,Karnataka/coastal Karnataka platelet discard pattern mapped by facility tier
280382,Karnataka,Bangalore Urban,metro_tertiary_hub,93,293,5.963,1.166,1.42,0.135,Karnataka/coastal Karnataka platelet discard pattern mapped by facility tier
285151,Karnataka,Bangalore Urban,metro_tertiary_hub,93,293,5.963,1.166,1.42,0.135,Karnataka/coastal Karnataka platelet discard pattern mapped by facility tier
284185,Karnataka,Bangalore Urban,metro_tertiary_hub,93,293,5.963,1.166,1.42,0.135,Karnataka/coastal Karnataka platelet discard pattern mapped by facility tier
16077,Kerala,Kottayam,urban_referral,16,198,3.993,1.166,1.16,0.16,India public literature pattern mapped by facility tier and dengue-prone state
16076,Kerala,Kollam,urban_referral,18,198,5.491,1.166,1.16,0.16,India public literature pattern mapped by facility tier and dengue-prone state
16079,Kerala,Kottayam,urban_referral,16,198,3.993,1.166,1.16,0.16,India public literature pattern mapped by facility tier and dengue-prone state
16078,Kerala,Kottayam,urban_referral,16,198,3.993,1.166,1.16,0.16,India public literature pattern mapped by facility tier and dengue-prone state
16072,Kerala,Kollam,urban_referral,18,198,6.877,1.166,1.16,0.16,India public literature pattern mapped by facility tier and dengue-prone state
16071,Kerala,Kollam,urban_referral,18,198,6.407,1.166,1.16,0.16,India public literature pattern mapped by facility tier and dengue-prone state
283925,Kerala,Kollam,urban_referral,18,198,4.104,1.166,1.16,0.16,India public literature pattern mapped by facility tier and dengue-prone state
284459,Kerala,Pathanamthitta,urban_referral,10,198,5.167,1.166,1.16,0.16,India public literature pattern mapped by facility tier and dengue-prone state
16088,Kerala,Kottayam,urban_referral,16,198,3.993,1.166,1.16,0.16,India public literature pattern mapped by facility tier and dengue-prone state
16086,Kerala,Kottayam,urban_referral,16,198,3.993,1.166,1.16,0.16,India public literature pattern mapped by facility tier and dengue-prone state
16085,Kerala,Kottayam,urban_referral,16,198,3.993,1.166,1.16,0.16,India public literature pattern mapped by facility tier and dengue-prone state
16080,Kerala,Kottayam,urban_referral,16,198,3.993,1.166,1.16,0.16,India public literature pattern mapped by facility tier and dengue-prone state
16084,Kerala,Kottayam,urban_referral,16,198,5.38,1.166,1.16,0.16,India public literature pattern mapped by facility tier and dengue-prone state
16081,Kerala,Kottayam,urban_referral,16,198,3.993,1.166,1.16,0.16,India public literature pattern mapped by facility tier and dengue-prone state
282944,Kerala,Thrissur,urban_referral,21,198,4.251,1.166,1.16,0.16,India public literature pattern mapped by facility tier and dengue-prone state
282942,Kerala,Thrissur,urban_referral,21,198,4.251,1.166,1.16,0.16,India public literature pattern mapped by facility tier and dengue-prone state
284564,Kerala,Malappuram,urban_referral,17,198,4.05,1.166,1.16,0.16,India public literature pattern mapped by facility tier and dengue-prone state
284562,Kerala,Thrissur,urban_referral,21,198,4.251,1.166,1.16,0.16,India public literature pattern mapped by facility tier and dengue-prone state
16055,Kerala,Idukki,district_center,10,198,3.318,1.166,0.92,0.19,India public literature pattern mapped by facility tier and dengue-prone state
16054,Kerala,Ernakulam,urban_referral,21,198,6.816,1.166,1.16,0.16,India public literature pattern mapped by facility tier and dengue-prone state
16053,Kerala,Ernakulam,urban_referral,21,198,6.959,1.166,1.16,0.16,India public literature pattern mapped by facility tier and dengue-prone state
16052,Kerala,Ernakulam,urban_referral,21,198,4.251,1.166,1.16,0.16,India public literature pattern mapped by facility tier and dengue-prone state
16059,Kerala,Idukki,district_center,10,198,3.318,1.166,0.92,0.19,India public literature pattern mapped by facility tier and dengue-prone state
16056,Kerala,Idukki,urban_referral,10,198,5.504,1.166,1.16,0.16,India public literature pattern mapped by facility tier and dengue-prone state
16051,Kerala,Ernakulam,metro_tertiary_hub,21,198,8.76,1.166,1.42,0.13,India public literature pattern mapped by facility tier and dengue-prone state
16050,Kerala,Ernakulam,metro_tertiary_hub,21,198,7.556,1.166,1.42,0.13,India public literature pattern mapped by facility tier and dengue-prone state
282811,Kerala,Kollam,urban_referral,18,198,4.104,1.166,1.16,0.16,India public literature pattern mapped by facility tier and dengue-prone state
282810,Kerala,Ernakulam,metro_tertiary_hub,21,198,7.507,1.166,1.42,0.13,India public literature pattern mapped by facility tier and dengue-prone state
282931,Kerala,Malappuram,urban_referral,17,198,6.353,1.166,1.16,0.16,India public literature pattern mapped by facility tier and dengue-prone state
284798,Kerala,Thrissur,urban_referral,21,198,4.251,1.166,1.16,0.16,India public literature pattern mapped by facility tier and dengue-prone state
16066,Kerala,Kollam,urban_referral,18,198,5.491,1.166,1.16,0.16,India public literature pattern mapped by facility tier and dengue-prone state
16064,Kerala,Kannur,urban_referral,17,198,4.05,1.166,1.16,0.16,India public literature pattern mapped by facility tier and dengue-prone state
16068,Kerala,Kollam,metro_tertiary_hub,18,198,7.36,1.166,1.42,0.13,India public literature pattern mapped by facility tier and dengue-prone state
16067,Kerala,Kollam,urban_referral,18,198,4.104,1.166,1.16,0.16,India public literature pattern mapped by facility tier and dengue-prone state
282808,Kerala,Kottayam,metro_tertiary_hub,16,198,8.145,1.166,1.42,0.13,India public literature pattern mapped by facility tier and dengue-prone state
282807,Kerala,Pathanamthitta,urban_referral,10,198,5.755,1.166,1.16,0.16,India public literature pattern mapped by facility tier and dengue-prone state
16062,Kerala,Kannur,metro_tertiary_hub,17,198,7.948,1.166,1.42,0.13,India public literature pattern mapped by facility tier and dengue-prone state
16061,Kerala,Idukki,district_center,10,198,3.318,1.166,0.92,0.19,India public literature pattern mapped by facility tier and dengue-prone state
282806,Kerala,Idukki,metro_tertiary_hub,10,198,6.953,1.166,1.42,0.13,India public literature pattern mapped by facility tier and dengue-prone state
282805,Kerala,Ernakulam,urban_referral,21,198,5.637,1.166,1.16,0.16,India public literature pattern mapped by facility tier and dengue-prone state
16060,Kerala,Idukki,district_center,10,198,4.011,1.166,0.92,0.19,India public literature pattern mapped by facility tier and dengue-prone state
282804,Kerala,Kottayam,urban_referral,16,198,5.38,1.166,1.16,0.16,India public literature pattern mapped by facility tier and dengue-prone state
282802,Kerala,Palakkad,urban_referral,15,198,6.417,1.166,1.16,0.16,India public literature pattern mapped by facility tier and dengue-prone state
282801,Kerala,Palakkad,urban_referral,15,198,3.933,1.166,1.16,0.16,India public literature pattern mapped by facility tier and dengue-prone state
282800,Kerala,Pathanamthitta,urban_referral,10,198,6.123,1.166,1.16,0.16,India public literature pattern mapped by facility tier and dengue-prone state
283333,Kerala,Kollam,metro_tertiary_hub,18,198,7.623,1.166,1.42,0.13,India public literature pattern mapped by facility tier and dengue-prone state
16033,Kerala,Alappuzha,district_center,7,198,2.999,1.166,0.92,0.19,India public literature pattern mapped by facility tier and dengue-prone state
16032,Kerala,Alappuzha,district_center,7,198,2.999,1.166,0.92,0.19,India public literature pattern mapped by facility tier and dengue-prone state
16152,Kerala,Thrissur,urban_referral,21,198,4.251,1.166,1.16,0.16,India public literature pattern mapped by facility tier and dengue-prone state
16030,Kerala,Kannur,urban_referral,17,198,4.05,1.166,1.16,0.16,India public literature pattern mapped by facility tier and dengue-prone state
16158,Kerala,Kottayam,urban_referral,16,198,3.993,1.166,1.16,0.16,India public literature pattern mapped by facility tier and dengue-prone state
16036,Kerala,Ernakulam,urban_referral,21,198,4.251,1.166,1.16,0.16,India public literature pattern mapped by facility tier and dengue-prone state
16156,Kerala,Thiruvananthapuram,metro_tertiary_hub,18,198,7.542,1.166,1.42,0.13,India public literature pattern mapped by facility tier and dengue-prone state
16155,Kerala,Thrissur,urban_referral,21,198,6.554,1.166,1.16,0.16,India public literature pattern mapped by facility tier and dengue-prone state
284817,Kerala,Kozhikode,urban_referral,21,198,4.251,1.166,1.16,0.16,India public literature pattern mapped by facility tier and dengue-prone state
284936,Kerala,Thiruvananthapuram,urban_referral,18,198,4.104,1.166,1.16,0.16,India public literature pattern mapped by facility tier and dengue-prone state
284933,Kerala,Alappuzha,district_center,7,198,2.999,1.166,0.92,0.19,India public literature pattern mapped by facility tier and dengue-prone state
16039,Kerala,Ernakulam,urban_referral,21,198,4.251,1.166,1.16,0.16,India public literature pattern mapped by facility tier and dengue-prone state
16159,Kerala,Kottayam,urban_referral,16,198,5.38,1.166,1.16,0.16,India public literature pattern mapped by facility tier and dengue-prone state
16038,Kerala,Ernakulam,urban_referral,21,198,6.649,1.166,1.16,0.16,India public literature pattern mapped by facility tier and dengue-prone state
285083,Kerala,Palakkad,urban_referral,15,198,5.542,1.166,1.16,0.16,India public literature pattern mapped by facility tier and dengue-prone state
16044,Kerala,Ernakulam,metro_tertiary_hub,21,198,8.2,1.166,1.42,0.13,India public literature pattern mapped by facility tier and dengue-prone state
16043,Kerala,Ernakulam,urban_referral,21,198,4.251,1.166,1.16,0.16,India public literature pattern mapped by facility tier and dengue-prone state
285088,Kerala,Idukki,district_center,10,198,3.318,1.166,0.92,0.19,India public literature pattern mapped by facility tier and dengue-prone state
285089,Kerala,Thrissur,urban_referral,21,198,4.251,1.166,1.16,0.16,India public literature pattern mapped by facility tier and dengue-prone state
16042,Kerala,Ernakulam,urban_referral,21,198,5.35,1.166,1.16,0.16,India public literature pattern mapped by facility tier and dengue-prone state
16047,Kerala,Ernakulam,urban_referral,21,198,4.251,1.166,1.16,0.16,India public literature pattern mapped by facility tier and dengue-prone state
16045,Kerala,Ernakulam,urban_referral,21,198,4.251,1.166,1.16,0.16,India public literature pattern mapped by facility tier and dengue-prone state
16160,Kerala,Wayanad,metro_tertiary_hub,5,198,6.47,1.166,1.42,0.13,India public literature pattern mapped by facility tier and dengue-prone state
285090,Kerala,Thiruvananthapuram,urban_referral,18,198,4.104,1.166,1.16,0.16,India public literature pattern mapped by facility tier and dengue-prone state
283273,Kerala,Idukki,district_center,10,198,3.318,1.166,0.92,0.19,India public literature pattern mapped by facility tier and dengue-prone state
16015,Kerala,Kasaragod,metro_tertiary_hub,2,198,5.563,1.166,1.42,0.13,India public literature pattern mapped by facility tier and dengue-prone state
16136,Kerala,Thrissur,urban_referral,21,198,4.251,1.166,1.16,0.16,India public literature pattern mapped by facility tier and dengue-prone state
16014,Kerala,Kannur,metro_tertiary_hub,17,198,8.421,1.166,1.42,0.13,India public literature pattern mapped by facility tier and dengue-prone state
16133,Kerala,Thiruvananthapuram,urban_referral,18,198,6.184,1.166,1.16,0.16,India public literature pattern mapped by facility tier and dengue-prone state
283389,Kerala,Thiruvananthapuram,urban_referral,18,198,4.104,1.166,1.16,0.16,India public literature pattern mapped by facility tier and dengue-prone state
16019,Kerala,Kozhikode,urban_referral,21,198,5.637,1.166,1.16,0.16,India public literature pattern mapped by facility tier and dengue-prone state
16018,Kerala,Kollam,urban_referral,18,198,4.104,1.166,1.16,0.16,India public literature pattern mapped by facility tier and dengue-prone state
16017,Kerala,Kollam,metro_tertiary_hub,18,198,7.542,1.166,1.42,0.13,India public literature pattern mapped by facility tier and dengue-prone state
283266,Kerala,Ernakulam,metro_tertiary_hub,21,198,7.647,1.166,1.42,0.13,India public literature pattern mapped by facility tier and dengue-prone state
16016,Kerala,Kasaragod,urban_referral,2,198,3.868,1.166,1.16,0.16,India public literature pattern mapped by facility tier and dengue-prone state
16021,Kerala,Malappuram,metro_tertiary_hub,17,198,8.544,1.166,1.42,0.13,India public literature pattern mapped by facility tier and dengue-prone state
16020,Kerala,Malappuram,metro_tertiary_hub,17,198,7.776,1.166,1.42,0.13,India public literature pattern mapped by facility tier and dengue-prone state
16141,Kerala,Thrissur,metro_tertiary_hub,21,198,8.149,1.166,1.42,0.13,India public literature pattern mapped by facility tier and dengue-prone state
16140,Kerala,Thrissur,metro_tertiary_hub,21,198,8.605,1.166,1.42,0.13,India public literature pattern mapped by facility tier and dengue-prone state
16026,Kerala,Thrissur,urban_referral,21,198,6.448,1.166,1.16,0.16,India public literature pattern mapped by facility tier and dengue-prone state
16145,Kerala,Thrissur,urban_referral,21,198,4.251,1.166,1.16,0.16,India public literature pattern mapped by facility tier and dengue-prone state
16023,Kerala,Thiruvananthapuram,urban_referral,18,198,4.104,1.166,1.16,0.16,India public literature pattern mapped by facility tier and dengue-prone state
283939,Kerala,Malappuram,urban_referral,17,198,4.05,1.166,1.16,0.16,India public literature pattern mapped by facility tier and dengue-prone state
16028,Kerala,Wayanad,urban_referral,5,198,5.591,1.166,1.16,0.16,India public literature pattern mapped by facility tier and dengue-prone state
16149,Kerala,Thrissur,urban_referral,21,198,4.251,1.166,1.16,0.16,India public literature pattern mapped by facility tier and dengue-prone state
16148,Kerala,Thrissur,urban_referral,21,198,4.251,1.166,1.16,0.16,India public literature pattern mapped by facility tier and dengue-prone state
16114,Kerala,Palakkad,urban_referral,15,198,3.933,1.166,1.16,0.16,India public literature pattern mapped by facility tier and dengue-prone state
16113,Kerala,Palakkad,urban_referral,15,198,6.13,1.166,1.16,0.16,India public literature pattern mapped by facility tier and dengue-prone state
285159,Kerala,Malappuram,urban_referral,17,198,4.05,1.166,1.16,0.16,India public literature pattern mapped by facility tier and dengue-prone state
16112,Kerala,Palakkad,urban_referral,15,198,5.878,1.166,1.16,0.16,India public literature pattern mapped by facility tier and dengue-prone state
16111,Kerala,Palakkad,urban_referral,15,198,3.933,1.166,1.16,0.16,India public literature pattern mapped by facility tier and dengue-prone state
280939,Kerala,Thiruvananthapuram,urban_referral,18,198,4.104,1.166,1.16,0.16,India public literature pattern mapped by facility tier and dengue-prone state
284618,Kerala,Malappuram,urban_referral,17,198,4.05,1.166,1.16,0.16,India public literature pattern mapped by facility tier and dengue-prone state
284617,Kerala,Kollam,urban_referral,18,198,4.104,1.166,1.16,0.16,India public literature pattern mapped by facility tier and dengue-prone state
284859,Kerala,Thrissur,urban_referral,21,198,6.816,1.166,1.16,0.16,India public literature pattern mapped by facility tier and dengue-prone state
280930,Kerala,Thiruvananthapuram,urban_referral,18,198,6.877,1.166,1.16,0.16,India public literature pattern mapped by facility tier and dengue-prone state
284858,Kerala,Malappuram,urban_referral,17,198,4.05,1.166,1.16,0.16,India public literature pattern mapped by facility tier and dengue-prone state
284616,Kerala,Ernakulam,metro_tertiary_hub,21,198,7.647,1.166,1.42,0.13,India public literature pattern mapped by facility tier and dengue-prone state
284615,Kerala,Thrissur,urban_referral,21,198,4.251,1.166,1.16,0.16,India public literature pattern mapped by facility tier and dengue-prone state
284614,Kerala,Kozhikode,urban_referral,21,198,4.251,1.166,1.16,0.16,India public literature pattern mapped by facility tier and dengue-prone state
284856,Kerala,Kannur,urban_referral,17,198,4.05,1.166,1.16,0.16,India public literature pattern mapped by facility tier and dengue-prone state
282798,Kerala,Thiruvananthapuram,urban_referral,18,198,5.491,1.166,1.16,0.16,India public literature pattern mapped by facility tier and dengue-prone state
284855,Kerala,Thrissur,urban_referral,21,198,6.89,1.166,1.16,0.16,India public literature pattern mapped by facility tier and dengue-prone state
282678,Kerala,Kozhikode,metro_tertiary_hub,21,198,8.829,1.166,1.42,0.13,India public literature pattern mapped by facility tier and dengue-prone state
282797,Kerala,Kozhikode,urban_referral,21,198,6.33,1.166,1.16,0.16,India public literature pattern mapped by facility tier and dengue-prone state
284853,Kerala,Kozhikode,urban_referral,21,198,4.251,1.166,1.16,0.16,India public literature pattern mapped by facility tier and dengue-prone state
284611,Kerala,Kottayam,urban_referral,16,198,3.993,1.166,1.16,0.16,India public literature pattern mapped by facility tier and dengue-prone state
282796,Kerala,Palakkad,urban_referral,15,198,3.933,1.166,1.16,0.16,India public literature pattern mapped by facility tier and dengue-prone state
282795,Kerala,Thiruvananthapuram,urban_referral,18,198,5.491,1.166,1.16,0.16,India public literature pattern mapped by facility tier and dengue-prone state
282673,Kerala,Palakkad,urban_referral,15,198,3.933,1.166,1.16,0.16,India public literature pattern mapped by facility tier and dengue-prone state
284610,Kerala,Thrissur,urban_referral,21,198,4.251,1.166,1.16,0.16,India public literature pattern mapped by facility tier and dengue-prone state
284851,Kerala,Thiruvananthapuram,urban_referral,18,198,4.104,1.166,1.16,0.16,India public literature pattern mapped by facility tier and dengue-prone state
282793,Kerala,Kannur,urban_referral,17,198,6.448,1.166,1.16,0.16,India public literature pattern mapped by facility tier and dengue-prone state
282791,Kerala,Kannur,urban_referral,17,198,4.05,1.166,1.16,0.16,India public literature pattern mapped by facility tier and dengue-prone state
282790,Kerala,Thiruvananthapuram,urban_referral,18,198,4.104,1.166,1.16,0.16,India public literature pattern mapped by facility tier and dengue-prone state
285161,Kerala,Wayanad,district_center,5,198,2.712,1.166,0.92,0.19,India public literature pattern mapped by facility tier and dengue-prone state
16121,Kerala,Pathanamthitta,urban_referral,10,198,6.123,1.166,1.16,0.16,India public literature pattern mapped by facility tier and dengue-prone state
16004,Kerala,Kannur,urban_referral,17,198,4.05,1.166,1.16,0.16,India public literature pattern mapped by facility tier and dengue-prone state
16125,Kerala,Thiruvananthapuram,urban_referral,18,198,4.104,1.166,1.16,0.16,India public literature pattern mapped by facility tier and dengue-prone state
16003,Kerala,Kannur,metro_tertiary_hub,17,198,7.807,1.166,1.42,0.13,India public literature pattern mapped by facility tier and dengue-prone state
16124,Kerala,Pathanamthitta,metro_tertiary_hub,10,198,7.185,1.166,1.42,0.13,India public literature pattern mapped by facility tier and dengue-prone state
16002,Kerala,Kannur,urban_referral,17,198,4.05,1.166,1.16,0.16,India public literature pattern mapped by facility tier and dengue-prone state
16123,Kerala,Pathanamthitta,district_center,10,198,3.318,1.166,0.92,0.19,India public literature pattern mapped by facility tier and dengue-prone state
16122,Kerala,Pathanamthitta,urban_referral,10,198,6.197,1.166,1.16,0.16,India public literature pattern mapped by facility tier and dengue-prone state
284848,Kerala,Malappuram,urban_referral,17,198,4.05,1.166,1.16,0.16,India public literature pattern mapped by facility tier and dengue-prone state
282789,Kerala,Pathanamthitta,urban_referral,10,198,5.167,1.166,1.16,0.16,India public literature pattern mapped by facility tier and dengue-prone state
284604,Kerala,Ernakulam,urban_referral,21,198,4.251,1.166,1.16,0.16,India public literature pattern mapped by facility tier and dengue-prone state
282788,Kerala,Kozhikode,metro_tertiary_hub,21,198,8.149,1.166,1.42,0.13,India public literature pattern mapped by facility tier and dengue-prone state
282666,Kerala,Ernakulam,urban_referral,21,198,6.554,1.166,1.16,0.16,India public literature pattern mapped by facility tier and dengue-prone state
284603,Kerala,Thiruvananthapuram,urban_referral,18,198,5.203,1.166,1.16,0.16,India public literature pattern mapped by facility tier and dengue-prone state
284845,Kerala,Kollam,urban_referral,18,198,5.714,1.166,1.16,0.16,India public literature pattern mapped by facility tier and dengue-prone state
282787,Kerala,Idukki,urban_referral,10,198,5.637,1.166,1.16,0.16,India public literature pattern mapped by facility tier and dengue-prone state
282667,Kerala,Idukki,urban_referral,10,198,6.043,1.166,1.16,0.16,India public literature pattern mapped by facility tier and dengue-prone state
284602,Kerala,Kozhikode,urban_referral,21,198,6.448,1.166,1.16,0.16,India public literature pattern mapped by facility tier and dengue-prone state
282786,Kerala,Kannur,urban_referral,17,198,6.823,1.166,1.16,0.16,India public literature pattern mapped by facility tier and dengue-prone state
284601,Kerala,Malappuram,urban_referral,17,198,5.996,1.166,1.16,0.16,India public literature pattern mapped by facility tier and dengue-prone state
282785,Kerala,Pathanamthitta,district_center,10,198,3.318,1.166,0.92,0.19,India public literature pattern mapped by facility tier and dengue-prone state
284841,Kerala,Thrissur,urban_referral,21,198,4.251,1.166,1.16,0.16,India public literature pattern mapped by facility tier and dengue-prone state
16129,Kerala,Thiruvananthapuram,urban_referral,18,198,6.302,1.166,1.16,0.16,India public literature pattern mapped by facility tier and dengue-prone state
16008,Kerala,Kannur,urban_referral,17,198,5.996,1.166,1.16,0.16,India public literature pattern mapped by facility tier and dengue-prone state
16007,Kerala,Kozhikode,urban_referral,21,198,6.649,1.166,1.16,0.16,India public literature pattern mapped by facility tier and dengue-prone state
16128,Kerala,Thiruvananthapuram,urban_referral,18,198,6.938,1.166,1.16,0.16,India public literature pattern mapped by facility tier and dengue-prone state
16127,Kerala,Thiruvananthapuram,urban_referral,18,198,6.812,1.166,1.16,0.16,India public literature pattern mapped by facility tier and dengue-prone state
16006,Kerala,Kozhikode,urban_referral,21,198,6.197,1.166,1.16,0.16,India public literature pattern mapped by facility tier and dengue-prone state
16005,Kerala,Kannur,urban_referral,17,198,4.05,1.166,1.16,0.16,India public literature pattern mapped by facility tier and dengue-prone state
16126,Kerala,Thiruvananthapuram,urban_referral,18,198,4.104,1.166,1.16,0.16,India public literature pattern mapped by facility tier and dengue-prone state
285059,Kerala,Palakkad,urban_referral,15,198,5.724,1.166,1.16,0.16,India public literature pattern mapped by facility tier and dengue-prone state
280914,Kerala,Kozhikode,urban_referral,21,198,4.251,1.166,1.16,0.16,India public literature pattern mapped by facility tier and dengue-prone state
280912,Kerala,Kottayam,metro_tertiary_hub,16,198,8.037,1.166,1.42,0.13,India public literature pattern mapped by facility tier and dengue-prone state
284719,Kerala,Kollam,urban_referral,18,198,4.104,1.166,1.16,0.16,India public literature pattern mapped by facility tier and dengue-prone state
280910,Kerala,Palakkad,urban_referral,15,198,3.933,1.166,1.16,0.16,India public literature pattern mapped by facility tier and dengue-prone state
280911,Kerala,Kottayam,urban_referral,16,198,5.092,1.166,1.16,0.16,India public literature pattern mapped by facility tier and dengue-prone state
282894,Kerala,Kannur,urban_referral,17,198,4.05,1.166,1.16,0.16,India public literature pattern mapped by facility tier and dengue-prone state
285060,Kerala,Kannur,urban_referral,17,198,4.05,1.166,1.16,0.16,India public literature pattern mapped by facility tier and dengue-prone state
16103,Kerala,Malappuram,urban_referral,17,198,6.448,1.166,1.16,0.16,India public literature pattern mapped by facility tier and dengue-prone state
280909,Kerala,Kollam,metro_tertiary_hub,18,198,7.409,1.166,1.42,0.13,India public literature pattern mapped by facility tier and dengue-prone state
16100,Kerala,Kozhikode,urban_referral,21,198,4.251,1.166,1.16,0.16,India public literature pattern mapped by facility tier and dengue-prone state
280907,Kerala,Kannur,urban_referral,17,198,6.13,1.166,1.16,0.16,India public literature pattern mapped by facility tier and dengue-prone state
280904,Kerala,Alappuzha,district_center,7,198,2.999,1.166,0.92,0.19,India public literature pattern mapped by facility tier and dengue-prone state
284707,Kerala,Ernakulam,urban_referral,21,198,6.33,1.166,1.16,0.16,India public literature pattern mapped by facility tier and dengue-prone state
284948,Kerala,Malappuram,urban_referral,17,198,4.05,1.166,1.16,0.16,India public literature pattern mapped by facility tier and dengue-prone state
283857,Kerala,Kollam,metro_tertiary_hub,18,198,7.975,1.166,1.42,0.13,India public literature pattern mapped by facility tier and dengue-prone state
282883,Kerala,Alappuzha,district_center,7,198,2.999,1.166,0.92,0.19,India public literature pattern mapped by facility tier and dengue-prone state
16107,Kerala,Malappuram,metro_tertiary_hub,17,198,9.341,1.166,1.42,0.13,India public literature pattern mapped by facility tier and dengue-prone state
282882,Kerala,Alappuzha,district_center,7,198,2.999,1.166,0.92,0.19,India public literature pattern mapped by facility tier and dengue-prone state
16104,Kerala,Malappuram,urban_referral,17,198,4.05,1.166,1.16,0.16,India public literature pattern mapped by facility tier and dengue-prone state
16109,Kerala,Malappuram,metro_tertiary_hub,17,198,7.643,1.166,1.42,0.13,India public literature pattern mapped by facility tier and dengue-prone state
16108,Kerala,Malappuram,urban_referral,17,198,6.941,1.166,1.16,0.16,India public literature pattern mapped by facility tier and dengue-prone state
284893,Kerala,Kannur,urban_referral,17,198,4.05,1.166,1.16,0.16,India public literature pattern mapped by facility tier and dengue-prone state
284891,Kerala,Palakkad,urban_referral,15,198,5.878,1.166,1.16,0.16,India public literature pattern mapped by facility tier and dengue-prone state
282906,Kerala,Kollam,urban_referral,18,198,4.104,1.166,1.16,0.16,India public literature pattern mapped by facility tier and dengue-prone state
284645,Kerala,Thrissur,urban_referral,21,198,4.251,1.166,1.16,0.16,India public literature pattern mapped by facility tier and dengue-prone state
283311,Kerala,Palakkad,urban_referral,15,198,5.319,1.166,1.16,0.16,India public literature pattern mapped by facility tier and dengue-prone state
284087,Kerala,Alappuzha,urban_referral,7,198,5.878,1.166,1.16,0.16,India public literature pattern mapped by facility tier and dengue-prone state
16098,Kerala,Kozhikode,urban_referral,21,198,4.251,1.166,1.16,0.16,India public literature pattern mapped by facility tier and dengue-prone state
16097,Kerala,Kozhikode,urban_referral,21,198,4.251,1.166,1.16,0.16,India public literature pattern mapped by facility tier and dengue-prone state
16096,Kerala,Kozhikode,metro_tertiary_hub,21,198,8.037,1.166,1.42,0.13,India public literature pattern mapped by facility tier and dengue-prone state
16091,Kerala,Kozhikode,urban_referral,21,198,6.649,1.166,1.16,0.16,India public literature pattern mapped by facility tier and dengue-prone state
16095,Kerala,Kozhikode,metro_tertiary_hub,21,198,7.769,1.166,1.42,0.13,India public literature pattern mapped by facility tier and dengue-prone state
16094,Kerala,Kozhikode,metro_tertiary_hub,21,198,8.272,1.166,1.42,0.13,India public literature pattern mapped by facility tier and dengue-prone state
16093,Kerala,Kozhikode,urban_referral,21,198,6.33,1.166,1.16,0.16,India public literature pattern mapped by facility tier and dengue-prone state
32102,Kerala,Palakkad,metro_tertiary_hub,15,198,7.856,1.166,1.42,0.13,India public literature pattern mapped by facility tier and dengue-prone state
284635,Kerala,Thrissur,urban_referral,21,198,4.251,1.166,1.16,0.16,India public literature pattern mapped by facility tier and dengue-prone state
284633,Kerala,Kollam,urban_referral,18,198,4.104,1.166,1.16,0.16,India public literature pattern mapped by facility tier and dengue-prone state
285140,Kerala,Ernakulam,urban_referral,21,198,4.251,1.166,1.16,0.16,India public literature pattern mapped by facility tier and dengue-prone state
284629,Kerala,Wayanad,district_center,5,198,2.712,1.166,0.92,0.19,India public literature pattern mapped by facility tier and dengue-prone state
284628,Kerala,Kozhikode,urban_referral,21,198,4.251,1.166,1.16,0.16,India public literature pattern mapped by facility tier and dengue-prone state
284627,Kerala,Palakkad,urban_referral,15,198,3.933,1.166,1.16,0.16,India public literature pattern mapped by facility tier and dengue-prone state
280941,Kerala,Wayanad,district_center,5,198,2.712,1.166,0.92,0.19,India public literature pattern mapped by facility tier and dengue-prone state
280388,Kerala,Pathanamthitta,metro_tertiary_hub,10,198,6.814,1.166,1.42,0.13,India public literature pattern mapped by facility tier and dengue-prone state
282684,Kerala,Kozhikode,urban_referral,21,198,6.043,1.166,1.16,0.16,India public literature pattern mapped by facility tier and dengue-prone state
282681,Kerala,Malappuram,metro_tertiary_hub,17,198,7.401,1.166,1.42,0.13,India public literature pattern mapped by facility tier and dengue-prone state
91116,Ladakh,Leh(Ladakh),peripheral_center,2,2,1.779,1.06,0.68,0.24,India public literature pattern mapped by facility tier and dengue-prone state
13014,Ladakh,Leh(Ladakh),peripheral_center,2,2,1.779,1.06,0.68,0.24,India public literature pattern mapped by facility tier and dengue-prone state
23166,Madhya Pradesh,Panna,peripheral_center,1,164,1.373,1.06,0.68,0.24,India public literature pattern mapped by facility tier and dengue-prone state
23167,Madhya Pradesh,Raisen,peripheral_center,1,164,1.373,1.06,0.68,0.24,India public literature pattern mapped by facility tier and dengue-prone state
23168,Madhya Pradesh,Rajgarh,peripheral_center,1,164,1.373,1.06,0.68,0.24,India public literature pattern mapped by facility tier and dengue-prone state
23169,Madhya Pradesh,Sehore,peripheral_center,3,164,2.066,1.06,0.68,0.24,India public literature pattern mapped by facility tier and dengue-prone state
590,Madhya Pradesh,Satna,peripheral_center,3,164,2.066,1.06,0.68,0.24,India public literature pattern mapped by facility tier and dengue-prone state
283409,Madhya Pradesh,Bhopal,urban_referral,29,164,4.561,1.06,1.16,0.16,India public literature pattern mapped by facility tier and dengue-prone state
23160,Madhya Pradesh,Jhabua,peripheral_center,2,164,1.779,1.06,0.68,0.24,India public literature pattern mapped by facility tier and dengue-prone state
23161,Madhya Pradesh,Khandwa (East Nimar),urban_referral,2,164,4.205,1.06,1.16,0.16,India public literature pattern mapped by facility tier and dengue-prone state
23162,Madhya Pradesh,Khargone (West Nimar),urban_referral,2,164,4.898,1.06,1.16,0.16,India public literature pattern mapped by facility tier and dengue-prone state
283369,Madhya Pradesh,Betul,peripheral_center,4,164,2.289,1.06,0.68,0.24,India public literature pattern mapped by facility tier and dengue-prone state
23164,Madhya Pradesh,Morena,urban_referral,1,164,3.463,1.06,1.16,0.16,India public literature pattern mapped by facility tier and dengue-prone state
284852,Madhya Pradesh,Dhar,district_center,5,164,2.712,1.06,0.92,0.19,India public literature pattern mapped by facility tier and dengue-prone state
283365,Madhya Pradesh,Sagar,urban_referral,4,164,4.379,1.06,1.16,0.16,India public literature pattern mapped by facility tier and dengue-prone state
284174,Madhya Pradesh,Gwalior,metro_tertiary_hub,10,164,7.114,1.06,1.42,0.13,India public literature pattern mapped by facility tier and dengue-prone state
285321,Madhya Pradesh,Shahdol,metro_tertiary_hub,2,164,6.256,1.06,1.42,0.13,India public literature pattern mapped by facility tier and dengue-prone state
23178,Madhya Pradesh,Indore,metro_tertiary_hub,22,164,7.923,1.06,1.42,0.13,India public literature pattern mapped by facility tier and dengue-prone state
283638,Madhya Pradesh,Chhatarpur,peripheral_center,1,164,1.373,1.06,0.68,0.24,India public literature pattern mapped by facility tier and dengue-prone state
23170,Madhya Pradesh,Shajapur,peripheral_center,1,164,1.373,1.06,0.68,0.24,India public literature pattern mapped by facility tier and dengue-prone state
284209,Madhya Pradesh,Bhopal,metro_tertiary_hub,29,164,7.817,1.06,1.42,0.13,India public literature pattern mapped by facility tier and dengue-prone state
23171,Madhya Pradesh,Sheopur,peripheral_center,1,164,1.373,1.06,0.68,0.24,India public literature pattern mapped by facility tier and dengue-prone state
23172,Madhya Pradesh,Sidhi,peripheral_center,1,164,1.373,1.06,0.68,0.24,India public literature pattern mapped by facility tier and dengue-prone state
284208,Madhya Pradesh,Bhopal,urban_referral,29,164,4.561,1.06,1.16,0.16,India public literature pattern mapped by facility tier and dengue-prone state
283239,Madhya Pradesh,Rewa,peripheral_center,4,164,2.289,1.06,0.68,0.24,India public literature pattern mapped by facility tier and dengue-prone state
23173,Madhya Pradesh,Tikamgarh,peripheral_center,1,164,1.373,1.06,0.68,0.24,India public literature pattern mapped by facility tier and dengue-prone state
283238,Madhya Pradesh,Chhindwara,urban_referral,3,164,5.031,1.06,1.16,0.16,India public literature pattern mapped by facility tier and dengue-prone state
23174,Madhya Pradesh,Umaria,peripheral_center,1,164,1.373,1.06,0.68,0.24,India public literature pattern mapped by facility tier and dengue-prone state
23175,Madhya Pradesh,Vidisha,peripheral_center,3,164,2.066,1.06,0.68,0.24,India public literature pattern mapped by facility tier and dengue-prone state
283237,Madhya Pradesh,Bhopal,metro_tertiary_hub,29,164,7.957,1.06,1.42,0.13,India public literature pattern mapped by facility tier and dengue-prone state
284446,Madhya Pradesh,Neemuch,peripheral_center,2,164,1.779,1.06,0.68,0.24,India public literature pattern mapped by facility tier and dengue-prone state
284842,Madhya Pradesh,Vidisha,urban_referral,3,164,3.933,1.06,1.16,0.16,India public literature pattern mapped by facility tier and dengue-prone state
283236,Madhya Pradesh,Bhopal,urban_referral,29,164,4.561,1.06,1.16,0.16,India public literature pattern mapped by facility tier and dengue-prone state
23176,Madhya Pradesh,Bhopal,metro_tertiary_hub,29,164,8.882,1.06,1.42,0.13,India public literature pattern mapped by facility tier and dengue-prone state
284962,Madhya Pradesh,Burhanpur,peripheral_center,3,164,2.066,1.06,0.68,0.24,India public literature pattern mapped by facility tier and dengue-prone state
283235,Madhya Pradesh,Bhopal,urban_referral,29,164,7.126,1.06,1.16,0.16,India public literature pattern mapped by facility tier and dengue-prone state
284444,Madhya Pradesh,Sehore,peripheral_center,3,164,2.066,1.06,0.68,0.24,India public literature pattern mapped by facility tier and dengue-prone state
283234,Madhya Pradesh,Bhopal,urban_referral,29,164,4.561,1.06,1.16,0.16,India public literature pattern mapped by facility tier and dengue-prone state
284168,Madhya Pradesh,Chhindwara,urban_referral,3,164,3.645,1.06,1.16,0.16,India public literature pattern mapped by facility tier and dengue-prone state
1508,Madhya Pradesh,Narmadapuram,district_center,6,164,2.866,1.06,0.92,0.19,India public literature pattern mapped by facility tier and dengue-prone state
284167,Madhya Pradesh,Bhopal,urban_referral,29,164,4.561,1.06,1.16,0.16,India public literature pattern mapped by facility tier and dengue-prone state
284166,Madhya Pradesh,Shivpuri,peripheral_center,2,164,1.779,1.06,0.68,0.24,India public literature pattern mapped by facility tier and dengue-prone state
1505,Madhya Pradesh,Jabalpur,urban_referral,7,164,5.185,1.06,1.16,0.16,India public literature pattern mapped by facility tier and dengue-prone state
23144,Madhya Pradesh,Gwalior,district_center,10,164,3.318,1.06,0.92,0.19,India public literature pattern mapped by facility tier and dengue-prone state
23147,Madhya Pradesh,Alirajpur,peripheral_center,1,164,1.373,1.06,0.68,0.24,India public literature pattern mapped by facility tier and dengue-prone state
23148,Madhya Pradesh,Anuppur,peripheral_center,1,164,1.373,1.06,0.68,0.24,India public literature pattern mapped by facility tier and dengue-prone state
23149,Madhya Pradesh,Ashoknagar,peripheral_center,2,164,1.779,1.06,0.68,0.24,India public literature pattern mapped by facility tier and dengue-prone state
283508,Madhya Pradesh,Balaghat,urban_referral,2,164,5.031,1.06,1.16,0.16,India public literature pattern mapped by facility tier and dengue-prone state
282815,Madhya Pradesh,Gwalior,district_center,10,164,3.318,1.06,0.92,0.19,India public literature pattern mapped by facility tier and dengue-prone state
284957,Madhya Pradesh,Rewa,peripheral_center,4,164,2.289,1.06,0.68,0.24,India public literature pattern mapped by facility tier and dengue-prone state
23142,Madhya Pradesh,Gwalior,district_center,10,164,3.318,1.06,0.92,0.19,India public literature pattern mapped by facility tier and dengue-prone state
284711,Madhya Pradesh,Sagar,peripheral_center,4,164,2.289,1.06,0.68,0.24,India public literature pattern mapped by facility tier and dengue-prone state
535,Madhya Pradesh,Bhopal,urban_referral,29,164,4.561,1.06,1.16,0.16,India public literature pattern mapped by facility tier and dengue-prone state
23143,Madhya Pradesh,Singrauli,urban_referral,1,164,4.05,1.06,1.16,0.16,India public literature pattern mapped by facility tier and dengue-prone state
536,Madhya Pradesh,Neemuch,peripheral_center,2,164,1.779,1.06,0.68,0.24,India public literature pattern mapped by facility tier and dengue-prone state
1519,Madhya Pradesh,Bhopal,urban_referral,29,164,7.269,1.06,1.16,0.16,India public literature pattern mapped by facility tier and dengue-prone state
1518,Madhya Pradesh,Bhopal,urban_referral,29,164,6.864,1.06,1.16,0.16,India public literature pattern mapped by facility tier and dengue-prone state
1517,Madhya Pradesh,Bhopal,urban_referral,29,164,4.561,1.06,1.16,0.16,India public literature pattern mapped by facility tier and dengue-prone state
23155,Madhya Pradesh,Dewas,peripheral_center,4,164,2.289,1.06,0.68,0.24,India public literature pattern mapped by facility tier and dengue-prone state
23156,Madhya Pradesh,Dhar,district_center,5,164,2.712,1.06,0.92,0.19,India public literature pattern mapped by facility tier and dengue-prone state
23157,Madhya Pradesh,Dindori,peripheral_center,1,164,1.373,1.06,0.68,0.24,India public literature pattern mapped by facility tier and dengue-prone state
23158,Madhya Pradesh,Gwalior,district_center,10,164,3.318,1.06,0.92,0.19,India public literature pattern mapped by facility tier and dengue-prone state
23159,Madhya Pradesh,Narmadapuram,district_center,6,164,2.866,1.06,0.92,0.19,India public literature pattern mapped by facility tier and dengue-prone state
1524,Madhya Pradesh,Indore,urban_referral,22,164,4.295,1.06,1.16,0.16,India public literature pattern mapped by facility tier and dengue-prone state
541,Madhya Pradesh,Bhopal,urban_referral,29,164,4.561,1.06,1.16,0.16,India public literature pattern mapped by facility tier and dengue-prone state
542,Madhya Pradesh,Bhopal,urban_referral,29,164,4.561,1.06,1.16,0.16,India public literature pattern mapped by facility tier and dengue-prone state
1522,Madhya Pradesh,Bhopal,urban_referral,29,164,4.561,1.06,1.16,0.16,India public literature pattern mapped by facility tier and dengue-prone state
23150,Madhya Pradesh,Bhind,peripheral_center,1,164,1.373,1.06,0.68,0.24,India public literature pattern mapped by facility tier and dengue-prone state
284944,Madhya Pradesh,Mandsaur,urban_referral,2,164,3.868,1.06,1.16,0.16,India public literature pattern mapped by facility tier and dengue-prone state
543,Madhya Pradesh,Bhopal,urban_referral,29,164,4.561,1.06,1.16,0.16,India public literature pattern mapped by facility tier and dengue-prone state
1521,Madhya Pradesh,Bhopal,urban_referral,29,164,7.126,1.06,1.16,0.16,India public literature pattern mapped by facility tier and dengue-prone state
23151,Madhya Pradesh,Burhanpur,peripheral_center,3,164,2.066,1.06,0.68,0.24,India public literature pattern mapped by facility tier and dengue-prone state
544,Madhya Pradesh,Bhopal,urban_referral,29,164,7.394,1.06,1.16,0.16,India public literature pattern mapped by facility tier and dengue-prone state
284943,Madhya Pradesh,Gwalior,district_center,10,164,3.318,1.06,0.92,0.19,India public literature pattern mapped by facility tier and dengue-prone state
284305,Madhya Pradesh,Khargone (West Nimar),peripheral_center,2,164,1.779,1.06,0.68,0.24,India public literature pattern mapped by facility tier and dengue-prone state
1520,Madhya Pradesh,Bhopal,urban_referral,29,164,4.561,1.06,1.16,0.16,India public literature pattern mapped by facility tier and dengue-prone state
23153,Madhya Pradesh,Damoh,peripheral_center,1,164,1.373,1.06,0.68,0.24,India public literature pattern mapped by facility tier and dengue-prone state
545,Madhya Pradesh,Bhopal,metro_tertiary_hub,29,164,8.348,1.06,1.42,0.13,India public literature pattern mapped by facility tier and dengue-prone state
546,Madhya Pradesh,Bhopal,metro_tertiary_hub,29,164,8.753,1.06,1.42,0.13,India public literature pattern mapped by facility tier and dengue-prone state
23154,Madhya Pradesh,Datia,peripheral_center,1,164,1.373,1.06,0.68,0.24,India public literature pattern mapped by facility tier and dengue-prone state
547,Madhya Pradesh,Satna,peripheral_center,3,164,2.066,1.06,0.68,0.24,India public literature pattern mapped by facility tier and dengue-prone state
548,Madhya Pradesh,Bhopal,urban_referral,29,164,4.561,1.06,1.16,0.16,India public literature pattern mapped by facility tier and dengue-prone state
549,Madhya Pradesh,Indore,urban_referral,22,164,7.24,1.06,1.16,0.16,India public literature pattern mapped by facility tier and dengue-prone state
280461,Madhya Pradesh,Indore,urban_referral,22,164,4.295,1.06,1.16,0.16,India public literature pattern mapped by facility tier and dengue-prone state
1526,Madhya Pradesh,Indore,urban_referral,22,164,6.493,1.06,1.16,0.16,India public literature pattern mapped by facility tier and dengue-prone state
285111,Madhya Pradesh,Vidisha,peripheral_center,3,164,2.066,1.06,0.68,0.24,India public literature pattern mapped by facility tier and dengue-prone state
283291,Madhya Pradesh,Jabalpur,district_center,7,164,2.999,1.06,0.92,0.19,India public literature pattern mapped by facility tier and dengue-prone state
285112,Madhya Pradesh,Sehore,urban_referral,3,164,4.492,1.06,1.16,0.16,India public literature pattern mapped by facility tier and dengue-prone state
23129,Madhya Pradesh,Bhopal,urban_referral,29,164,6.171,1.06,1.16,0.16,India public literature pattern mapped by facility tier and dengue-prone state
552,Madhya Pradesh,Indore,metro_tertiary_hub,22,164,7.888,1.06,1.42,0.13,India public literature pattern mapped by facility tier and dengue-prone state
1534,Madhya Pradesh,Khandwa (East Nimar),peripheral_center,2,164,1.779,1.06,0.68,0.24,India public literature pattern mapped by facility tier and dengue-prone state
554,Madhya Pradesh,Indore,urban_referral,22,164,4.295,1.06,1.16,0.16,India public literature pattern mapped by facility tier and dengue-prone state
23120,Madhya Pradesh,Narsimhapur,metro_tertiary_hub,1,164,5.109,1.06,1.42,0.13,India public literature pattern mapped by facility tier and dengue-prone state
557,Madhya Pradesh,Indore,metro_tertiary_hub,22,164,7.888,1.06,1.42,0.13,India public literature pattern mapped by facility tier and dengue-prone state
559,Madhya Pradesh,Indore,urban_referral,22,164,4.295,1.06,1.16,0.16,India public literature pattern mapped by facility tier and dengue-prone state
284496,Madhya Pradesh,Guna,peripheral_center,2,164,1.779,1.06,0.68,0.24,India public literature pattern mapped by facility tier and dengue-prone state
282593,Madhya Pradesh,Indore,urban_referral,22,164,6.78,1.06,1.16,0.16,India public literature pattern mapped by facility tier and dengue-prone state
1538,Madhya Pradesh,Guna,urban_referral,2,164,4.05,1.06,1.16,0.16,India public literature pattern mapped by facility tier and dengue-prone state
284010,Madhya Pradesh,Narmadapuram,district_center,6,164,2.866,1.06,0.92,0.19,India public literature pattern mapped by facility tier and dengue-prone state
280290,Madhya Pradesh,Jabalpur,metro_tertiary_hub,7,164,6.544,1.06,1.42,0.13,India public literature pattern mapped by facility tier and dengue-prone state
23138,Madhya Pradesh,Chhindwara,urban_referral,3,164,5.319,1.06,1.16,0.16,India public literature pattern mapped by facility tier and dengue-prone state
1547,Madhya Pradesh,Narmadapuram,district_center,6,164,2.866,1.06,0.92,0.19,India public literature pattern mapped by facility tier and dengue-prone state
281812,Madhya Pradesh,Ratlam,peripheral_center,3,164,2.066,1.06,0.68,0.24,India public literature pattern mapped by facility tier and dengue-prone state
561,Madhya Pradesh,Indore,urban_referral,22,164,6.493,1.06,1.16,0.16,India public literature pattern mapped by facility tier and dengue-prone state
563,Madhya Pradesh,Indore,metro_tertiary_hub,22,164,7.6,1.06,1.42,0.13,India public literature pattern mapped by facility tier and dengue-prone state
1545,Madhya Pradesh,Ratlam,urban_referral,3,164,4.744,1.06,1.16,0.16,India public literature pattern mapped by facility tier and dengue-prone state
564,Madhya Pradesh,Indore,urban_referral,22,164,4.295,1.06,1.16,0.16,India public literature pattern mapped by facility tier and dengue-prone state
1543,Madhya Pradesh,Dewas,peripheral_center,4,164,2.289,1.06,0.68,0.24,India public literature pattern mapped by facility tier and dengue-prone state
566,Madhya Pradesh,Indore,urban_referral,22,164,6.693,1.06,1.16,0.16,India public literature pattern mapped by facility tier and dengue-prone state
280563,Madhya Pradesh,Bhopal,urban_referral,29,164,4.561,1.06,1.16,0.16,India public literature pattern mapped by facility tier and dengue-prone state
567,Madhya Pradesh,Indore,metro_tertiary_hub,22,164,8.139,1.06,1.42,0.13,India public literature pattern mapped by facility tier and dengue-prone state
1540,Madhya Pradesh,Jabalpur,district_center,7,164,2.999,1.06,0.92,0.19,India public literature pattern mapped by facility tier and dengue-prone state
284248,Madhya Pradesh,Indore,urban_referral,22,164,6.493,1.06,1.16,0.16,India public literature pattern mapped by facility tier and dengue-prone state
280286,Madhya Pradesh,Burhanpur,urban_referral,3,164,4.744,1.06,1.16,0.16,India public literature pattern mapped by facility tier and dengue-prone state
569,Madhya Pradesh,Indore,urban_referral,22,164,4.295,1.06,1.16,0.16,India public literature pattern mapped by facility tier and dengue-prone state
280285,Madhya Pradesh,Indore,urban_referral,22,164,4.295,1.06,1.16,0.16,India public literature pattern mapped by facility tier and dengue-prone state
280282,Madhya Pradesh,Gwalior,district_center,10,164,3.318,1.06,0.92,0.19,India public literature pattern mapped by facility tier and dengue-prone state
282582,Madhya Pradesh,Sagar,peripheral_center,4,164,2.289,1.06,0.68,0.24,India public literature pattern mapped by facility tier and dengue-prone state
283791,Madhya Pradesh,Indore,metro_tertiary_hub,22,164,7.774,1.06,1.42,0.13,India public literature pattern mapped by facility tier and dengue-prone state
284481,Madhya Pradesh,Bhopal,urban_referral,29,164,6.758,1.06,1.16,0.16,India public literature pattern mapped by facility tier and dengue-prone state
285099,Madhya Pradesh,Dhar,district_center,5,164,2.712,1.06,0.92,0.19,India public literature pattern mapped by facility tier and dengue-prone state
23109,Madhya Pradesh,Mandsaur,metro_tertiary_hub,2,164,6.207,1.06,1.42,0.13,India public literature pattern mapped by facility tier and dengue-prone state
285255,Madhya Pradesh,Jabalpur,district_center,7,164,2.999,1.06,0.92,0.19,India public literature pattern mapped by facility tier and dengue-prone state
23101,Madhya Pradesh,Indore,metro_tertiary_hub,22,164,8.362,1.06,1.42,0.13,India public literature pattern mapped by facility tier and dengue-prone state
23102,Madhya Pradesh,Bhopal,metro_tertiary_hub,29,164,8.117,1.06,1.42,0.13,India public literature pattern mapped by facility tier and dengue-prone state
23103,Madhya Pradesh,Gwalior,district_center,10,164,3.318,1.06,0.92,0.19,India public literature pattern mapped by facility tier and dengue-prone state
23104,Madhya Pradesh,Katni,peripheral_center,1,164,1.373,1.06,0.68,0.24,India public literature pattern mapped by facility tier and dengue-prone state
23106,Madhya Pradesh,Shivpuri,peripheral_center,2,164,2.472,1.06,0.68,0.24,India public literature pattern mapped by facility tier and dengue-prone state
571,Madhya Pradesh,Indore,urban_referral,22,164,4.295,1.06,1.16,0.16,India public literature pattern mapped by facility tier and dengue-prone state
281804,Madhya Pradesh,Agar Malwa,peripheral_center,2,164,1.779,1.06,0.68,0.24,India public literature pattern mapped by facility tier and dengue-prone state
23107,Madhya Pradesh,Shahdol,urban_referral,2,164,4.05,1.06,1.16,0.16,India public literature pattern mapped by facility tier and dengue-prone state
23180,Madhya Pradesh,Ujjain,peripheral_center,4,164,2.289,1.06,0.68,0.24,India public literature pattern mapped by facility tier and dengue-prone state
23184,Madhya Pradesh,Betul,peripheral_center,4,164,2.289,1.06,0.68,0.24,India public literature pattern mapped by facility tier and dengue-prone state
284878,Madhya Pradesh,Indore,urban_referral,22,164,7.004,1.06,1.16,0.16,India public literature pattern mapped by facility tier and dengue-prone state
576,Madhya Pradesh,Gwalior,district_center,10,164,3.318,1.06,0.92,0.19,India public literature pattern mapped by facility tier and dengue-prone state
577,Madhya Pradesh,Gwalior,district_center,10,164,3.318,1.06,0.92,0.19,India public literature pattern mapped by facility tier and dengue-prone state
283420,Madhya Pradesh,Ashoknagar,peripheral_center,2,164,1.779,1.06,0.68,0.24,India public literature pattern mapped by facility tier and dengue-prone state
284470,Madhya Pradesh,Harda,peripheral_center,2,164,1.779,1.06,0.68,0.24,India public literature pattern mapped by facility tier and dengue-prone state
23119,Madhya Pradesh,Satna,metro_tertiary_hub,3,164,5.851,1.06,1.42,0.13,India public literature pattern mapped by facility tier and dengue-prone state
23111,Madhya Pradesh,Harda,peripheral_center,2,164,1.779,1.06,0.68,0.24,India public literature pattern mapped by facility tier and dengue-prone state
23112,Madhya Pradesh,Seoni,peripheral_center,2,164,1.779,1.06,0.68,0.24,India public literature pattern mapped by facility tier and dengue-prone state
281918,Madhya Pradesh,Rewa,peripheral_center,4,164,2.289,1.06,0.68,0.24,India public literature pattern mapped by facility tier and dengue-prone state
23115,Madhya Pradesh,Betul,urban_referral,4,164,5.167,1.06,1.16,0.16,India public literature pattern mapped by facility tier and dengue-prone state
23116,Madhya Pradesh,Jabalpur,urban_referral,7,164,5.319,1.06,1.16,0.16,India public literature pattern mapped by facility tier and dengue-prone state
581,Madhya Pradesh,Ujjain,metro_tertiary_hub,4,164,6.074,1.06,1.42,0.13,India public literature pattern mapped by facility tier and dengue-prone state
23118,Madhya Pradesh,Barwani,urban_referral,2,164,4.657,1.06,1.16,0.16,India public literature pattern mapped by facility tier and dengue-prone state
583,Madhya Pradesh,Ujjain,peripheral_center,4,164,2.983,1.06,0.68,0.24,India public literature pattern mapped by facility tier and dengue-prone state
284904,Madhya Pradesh,Barwani,peripheral_center,2,164,1.779,1.06,0.68,0.24,India public literature pattern mapped by facility tier and dengue-prone state
283418,Madhya Pradesh,Seoni,peripheral_center,2,164,1.779,1.06,0.68,0.24,India public literature pattern mapped by facility tier and dengue-prone state
584,Madhya Pradesh,Dhar,district_center,5,164,2.712,1.06,0.92,0.19,India public literature pattern mapped by facility tier and dengue-prone state
585,Madhya Pradesh,Narmadapuram,district_center,6,164,2.866,1.06,0.92,0.19,India public literature pattern mapped by facility tier and dengue-prone state
283417,Madhya Pradesh,Balaghat,peripheral_center,2,164,1.779,1.06,0.68,0.24,India public literature pattern mapped by facility tier and dengue-prone state
586,Madhya Pradesh,Narmadapuram,urban_referral,6,164,4.715,1.06,1.16,0.16,India public literature pattern mapped by facility tier and dengue-prone state
587,Madhya Pradesh,Betul,urban_referral,4,164,5.408,1.06,1.16,0.16,India public literature pattern mapped by facility tier and dengue-prone state
284900,Madhya Pradesh,Ujjain,urban_referral,4,164,4.967,1.06,1.16,0.16,India public literature pattern mapped by facility tier and dengue-prone state
588,Madhya Pradesh,Jhabua,peripheral_center,2,164,1.779,1.06,0.68,0.24,India public literature pattern mapped by facility tier and dengue-prone state
283414,Madhya Pradesh,Dhar,district_center,5,164,2.712,1.06,0.92,0.19,India public literature pattern mapped by facility tier and dengue-prone state
283656,Madhya Pradesh,Bhopal,urban_referral,29,164,6.758,1.06,1.16,0.16,India public literature pattern mapped by facility tier and dengue-prone state
589,Madhya Pradesh,Sagar,peripheral_center,4,164,2.289,1.06,0.68,0.24,India public literature pattern mapped by facility tier and dengue-prone state
284469,Madhya Pradesh,Dewas,metro_tertiary_hub,4,164,6.585,1.06,1.42,0.13,India public literature pattern mapped by facility tier and dengue-prone state
280541,Madhya Pradesh,Dewas,urban_referral,4,164,4.849,1.06,1.16,0.16,India public literature pattern mapped by facility tier and dengue-prone state
284468,Madhya Pradesh,Ratlam,peripheral_center,3,164,2.066,1.06,0.68,0.24,India public literature pattern mapped by facility tier and dengue-prone state
504,Madhya Pradesh,Jabalpur,metro_tertiary_hub,7,164,7.371,1.06,1.42,0.13,India public literature pattern mapped by facility tier and dengue-prone state
505,Madhya Pradesh,Rewa,peripheral_center,4,164,2.289,1.06,0.68,0.24,India public literature pattern mapped by facility tier and dengue-prone state
507,Madhya Pradesh,Bhopal,urban_referral,29,164,4.561,1.06,1.16,0.16,India public literature pattern mapped by facility tier and dengue-prone state
285272,Madhya Pradesh,Agar Malwa,urban_referral,2,164,4.205,1.06,1.16,0.16,India public literature pattern mapped by facility tier and dengue-prone state
18135,Maharashtra,Parbhani,district_center,6,379,2.866,1.166,0.92,0.19,India public literature pattern mapped by facility tier and dengue-prone state
18256,Maharashtra,Amravati,district_center,8,379,3.117,1.166,0.92,0.19,India public literature pattern mapped by facility tier and dengue-prone state
18014,Maharashtra,Mumbai,metro_tertiary_hub,51,379,5.371,1.166,1.42,0.13,India public literature pattern mapped by facility tier and dengue-prone state
18136,Maharashtra,Mumbai,metro_tertiary_hub,51,379,7.163,1.166,1.42,0.13,India public literature pattern mapped by facility tier and dengue-prone state
18015,Maharashtra,Mumbai,metro_tertiary_hub,51,379,6.47,1.166,1.42,0.13,India public literature pattern mapped by facility tier and dengue-prone state
18257,Maharashtra,Amravati,urban_referral,8,379,4.456,1.166,1.16,0.16,India public literature pattern mapped by facility tier and dengue-prone state
18137,Maharashtra,Ahmadnagar,district_center,14,379,3.628,1.166,0.92,0.19,India public literature pattern mapped by facility tier and dengue-prone state
18258,Maharashtra,Akola,urban_referral,6,379,4.715,1.166,1.16,0.16,India public literature pattern mapped by facility tier and dengue-prone state
18016,Maharashtra,Mumbai,metro_tertiary_hub,51,379,8.262,1.166,1.42,0.13,India public literature pattern mapped by facility tier and dengue-prone state
18138,Maharashtra,Ahmadnagar,district_center,14,379,4.321,1.166,0.92,0.19,India public literature pattern mapped by facility tier and dengue-prone state
18017,Maharashtra,Mumbai,metro_tertiary_hub,51,379,5.371,1.166,1.42,0.13,India public literature pattern mapped by facility tier and dengue-prone state
18252,Maharashtra,Aurangabad,district_center,10,379,3.318,1.166,0.92,0.19,India public literature pattern mapped by facility tier and dengue-prone state
18131,Maharashtra,Solapur,urban_referral,20,379,6.402,1.166,1.16,0.16,India public literature pattern mapped by facility tier and dengue-prone state
18011,Maharashtra,Chandrapur,urban_referral,6,379,5.745,1.166,1.16,0.16,India public literature pattern mapped by facility tier and dengue-prone state
285312,Maharashtra,Sindhudurg,peripheral_center,4,379,2.289,1.166,0.68,0.24,India public literature pattern mapped by facility tier and dengue-prone state
18253,Maharashtra,Amravati,district_center,8,379,3.117,1.166,0.92,0.19,India public literature pattern mapped by facility tier and dengue-prone state
18132,Maharashtra,Kolhapur,metro_tertiary_hub,13,379,7.237,1.166,1.42,0.13,India public literature pattern mapped by facility tier and dengue-prone state
18134,Maharashtra,Sangli,urban_referral,16,379,5.092,1.166,1.16,0.16,India public literature pattern mapped by facility tier and dengue-prone state
18250,Maharashtra,Parbhani,district_center,6,379,2.866,1.166,0.92,0.19,India public literature pattern mapped by facility tier and dengue-prone state
18251,Maharashtra,Osmanabad,peripheral_center,3,379,2.066,1.166,0.68,0.24,India public literature pattern mapped by facility tier and dengue-prone state
18130,Maharashtra,Sangli,urban_referral,16,379,3.993,1.166,1.16,0.16,India public literature pattern mapped by facility tier and dengue-prone state
284454,Maharashtra,Thane,urban_referral,28,379,4.527,1.166,1.16,0.16,India public literature pattern mapped by facility tier and dengue-prone state
18139,Maharashtra,Ahmadnagar,urban_referral,14,379,5.477,1.166,1.16,0.16,India public literature pattern mapped by facility tier and dengue-prone state
18018,Maharashtra,Mumbai,metro_tertiary_hub,51,379,5.371,1.166,1.42,0.13,India public literature pattern mapped by facility tier and dengue-prone state
18019,Maharashtra,Mumbai,metro_tertiary_hub,51,379,6.47,1.166,1.42,0.13,India public literature pattern mapped by facility tier and dengue-prone state
18267,Maharashtra,Washim,urban_referral,4,379,4.379,1.166,1.16,0.16,India public literature pattern mapped by facility tier and dengue-prone state
18025,Maharashtra,Mumbai,metro_tertiary_hub,51,379,8.204,1.166,1.42,0.13,India public literature pattern mapped by facility tier and dengue-prone state
18146,Maharashtra,Ahmadnagar,district_center,14,379,3.628,1.166,0.92,0.19,India public literature pattern mapped by facility tier and dengue-prone state
18026,Maharashtra,Akola,urban_referral,6,379,5.671,1.166,1.16,0.16,India public literature pattern mapped by facility tier and dengue-prone state
18147,Maharashtra,Ahmadnagar,urban_referral,14,379,6.641,1.166,1.16,0.16,India public literature pattern mapped by facility tier and dengue-prone state
18268,Maharashtra,Latur,district_center,8,379,3.117,1.166,0.92,0.19,India public literature pattern mapped by facility tier and dengue-prone state
18269,Maharashtra,Buldana,district_center,5,379,2.712,1.166,0.92,0.19,India public literature pattern mapped by facility tier and dengue-prone state
18027,Maharashtra,Bid,urban_referral,7,379,4.849,1.166,1.16,0.16,India public literature pattern mapped by facility tier and dengue-prone state
18149,Maharashtra,Ahmadnagar,district_center,14,379,3.628,1.166,0.92,0.19,India public literature pattern mapped by facility tier and dengue-prone state
18021,Maharashtra,Mumbai,metro_tertiary_hub,51,379,5.371,1.166,1.42,0.13,India public literature pattern mapped by facility tier and dengue-prone state
18142,Maharashtra,Ahmadnagar,district_center,14,379,3.628,1.166,0.92,0.19,India public literature pattern mapped by facility tier and dengue-prone state
18264,Maharashtra,Akola,district_center,6,379,2.866,1.166,0.92,0.19,India public literature pattern mapped by facility tier and dengue-prone state
18022,Maharashtra,Mumbai,metro_tertiary_hub,51,379,8.507,1.166,1.42,0.13,India public literature pattern mapped by facility tier and dengue-prone state
18143,Maharashtra,Ahmadnagar,district_center,14,379,3.628,1.166,0.92,0.19,India public literature pattern mapped by facility tier and dengue-prone state
18144,Maharashtra,Ahmadnagar,urban_referral,14,379,4.967,1.166,1.16,0.16,India public literature pattern mapped by facility tier and dengue-prone state
18265,Maharashtra,Nagpur,urban_referral,18,379,4.798,1.166,1.16,0.16,India public literature pattern mapped by facility tier and dengue-prone state
18023,Maharashtra,Mumbai,metro_tertiary_hub,51,379,8.367,1.166,1.42,0.13,India public literature pattern mapped by facility tier and dengue-prone state
18024,Maharashtra,Mumbai,metro_tertiary_hub,51,379,10.814,1.166,1.42,0.13,India public literature pattern mapped by facility tier and dengue-prone state
18266,Maharashtra,Akola,district_center,6,379,2.866,1.166,0.92,0.19,India public literature pattern mapped by facility tier and dengue-prone state
18140,Maharashtra,Ahmadnagar,district_center,14,379,3.628,1.166,0.92,0.19,India public literature pattern mapped by facility tier and dengue-prone state
18261,Maharashtra,Akola,district_center,6,379,2.866,1.166,0.92,0.19,India public literature pattern mapped by facility tier and dengue-prone state
18141,Maharashtra,Ahmadnagar,district_center,14,379,3.628,1.166,0.92,0.19,India public literature pattern mapped by facility tier and dengue-prone state
18262,Maharashtra,Parbhani,district_center,6,379,2.866,1.166,0.92,0.19,India public literature pattern mapped by facility tier and dengue-prone state
283233,Maharashtra,Solapur,urban_referral,20,379,4.205,1.166,1.16,0.16,India public literature pattern mapped by facility tier and dengue-prone state
18234,Maharashtra,Chandrapur,district_center,6,379,2.866,1.166,0.92,0.19,India public literature pattern mapped by facility tier and dengue-prone state
18113,Maharashtra,Solapur,urban_referral,20,379,4.205,1.166,1.16,0.16,India public literature pattern mapped by facility tier and dengue-prone state
18114,Maharashtra,Solapur,urban_referral,20,379,4.898,1.166,1.16,0.16,India public literature pattern mapped by facility tier and dengue-prone state
18236,Maharashtra,Latur,metro_tertiary_hub,8,379,6.662,1.166,1.42,0.13,India public literature pattern mapped by facility tier and dengue-prone state
18115,Maharashtra,Solapur,urban_referral,20,379,4.205,1.166,1.16,0.16,India public literature pattern mapped by facility tier and dengue-prone state
18116,Maharashtra,Kolhapur,urban_referral,13,379,6.507,1.166,1.16,0.16,India public literature pattern mapped by facility tier and dengue-prone state
18230,Maharashtra,Buldana,urban_referral,5,379,4.338,1.166,1.16,0.16,India public literature pattern mapped by facility tier and dengue-prone state
18231,Maharashtra,Bid,district_center,7,379,2.999,1.166,0.92,0.19,India public literature pattern mapped by facility tier and dengue-prone state
18232,Maharashtra,Bid,district_center,7,379,2.999,1.166,0.92,0.19,India public literature pattern mapped by facility tier and dengue-prone state
18112,Maharashtra,Nashik,metro_tertiary_hub,20,379,7.723,1.166,1.42,0.13,India public literature pattern mapped by facility tier and dengue-prone state
284555,Maharashtra,Pune,metro_tertiary_hub,48,379,5.312,1.166,1.42,0.13,India public literature pattern mapped by facility tier and dengue-prone state
284433,Maharashtra,Satara,district_center,12,379,3.485,1.166,0.92,0.19,India public literature pattern mapped by facility tier and dengue-prone state
284432,Maharashtra,Bid,district_center,7,379,2.999,1.166,0.92,0.19,India public literature pattern mapped by facility tier and dengue-prone state
18117,Maharashtra,Buldana,district_center,5,379,2.712,1.166,0.92,0.19,India public literature pattern mapped by facility tier and dengue-prone state
18238,Maharashtra,Latur,metro_tertiary_hub,8,379,6.708,1.166,1.42,0.13,India public literature pattern mapped by facility tier and dengue-prone state
18118,Maharashtra,Kolhapur,urban_referral,13,379,4.898,1.166,1.16,0.16,India public literature pattern mapped by facility tier and dengue-prone state
18124,Maharashtra,Kolhapur,district_center,13,379,3.559,1.166,0.92,0.19,India public literature pattern mapped by facility tier and dengue-prone state
18003,Maharashtra,Mumbai,metro_tertiary_hub,51,379,6.064,1.166,1.42,0.13,India public literature pattern mapped by facility tier and dengue-prone state
18125,Maharashtra,Kolhapur,urban_referral,13,379,5.408,1.166,1.16,0.16,India public literature pattern mapped by facility tier and dengue-prone state
18247,Maharashtra,Mumbai,metro_tertiary_hub,51,379,7.163,1.166,1.42,0.13,India public literature pattern mapped by facility tier and dengue-prone state
18005,Maharashtra,Mumbai,metro_tertiary_hub,51,379,5.371,1.166,1.42,0.13,India public literature pattern mapped by facility tier and dengue-prone state
18126,Maharashtra,Kolhapur,urban_referral,13,379,5.996,1.166,1.16,0.16,India public literature pattern mapped by facility tier and dengue-prone state
18006,Maharashtra,Mumbai,metro_tertiary_hub,51,379,5.371,1.166,1.42,0.13,India public literature pattern mapped by facility tier and dengue-prone state
18120,Maharashtra,Kolhapur,district_center,13,379,3.559,1.166,0.92,0.19,India public literature pattern mapped by facility tier and dengue-prone state
18241,Maharashtra,Osmanabad,peripheral_center,3,379,2.066,1.166,0.68,0.24,India public literature pattern mapped by facility tier and dengue-prone state
18121,Maharashtra,Kolhapur,urban_referral,13,379,6.197,1.166,1.16,0.16,India public literature pattern mapped by facility tier and dengue-prone state
18243,Maharashtra,Nanded,district_center,8,379,3.117,1.166,0.92,0.19,India public literature pattern mapped by facility tier and dengue-prone state
18001,Maharashtra,Mumbai,metro_tertiary_hub,51,379,5.371,1.166,1.42,0.13,India public literature pattern mapped by facility tier and dengue-prone state
18122,Maharashtra,Kolhapur,metro_tertiary_hub,13,379,7.426,1.166,1.42,0.13,India public literature pattern mapped by facility tier and dengue-prone state
18244,Maharashtra,Nanded,district_center,8,379,3.117,1.166,0.92,0.19,India public literature pattern mapped by facility tier and dengue-prone state
18002,Maharashtra,Mumbai,metro_tertiary_hub,51,379,5.371,1.166,1.42,0.13,India public literature pattern mapped by facility tier and dengue-prone state
18123,Maharashtra,Kolhapur,metro_tertiary_hub,13,379,7.195,1.166,1.42,0.13,India public literature pattern mapped by facility tier and dengue-prone state
18240,Maharashtra,Chandrapur,urban_referral,6,379,5.671,1.166,1.16,0.16,India public literature pattern mapped by facility tier and dengue-prone state
283339,Maharashtra,Ahmadnagar,district_center,14,379,3.628,1.166,0.92,0.19,India public literature pattern mapped by facility tier and dengue-prone state
281039,Maharashtra,Nashik,urban_referral,20,379,4.205,1.166,1.16,0.16,India public literature pattern mapped by facility tier and dengue-prone state
18007,Maharashtra,Mumbai,metro_tertiary_hub,51,379,7.568,1.166,1.42,0.13,India public literature pattern mapped by facility tier and dengue-prone state
18008,Maharashtra,Mumbai,metro_tertiary_hub,51,379,5.371,1.166,1.42,0.13,India public literature pattern mapped by facility tier and dengue-prone state
18129,Maharashtra,Pune,metro_tertiary_hub,48,379,8.202,1.166,1.42,0.13,India public literature pattern mapped by facility tier and dengue-prone state
18009,Maharashtra,Mumbai,metro_tertiary_hub,51,379,5.371,1.166,1.42,0.13,India public literature pattern mapped by facility tier and dengue-prone state
284140,Maharashtra,Nanded,district_center,8,379,3.117,1.166,0.92,0.19,India public literature pattern mapped by facility tier and dengue-prone state
18214,Maharashtra,Raigarh,district_center,10,379,3.318,1.166,0.92,0.19,India public literature pattern mapped by facility tier and dengue-prone state
18215,Maharashtra,Raigarh,district_center,10,379,3.318,1.166,0.92,0.19,India public literature pattern mapped by facility tier and dengue-prone state
27164,Maharashtra,Nashik,urban_referral,20,379,4.205,1.166,1.16,0.16,India public literature pattern mapped by facility tier and dengue-prone state
27165,Maharashtra,Nashik,urban_referral,20,379,4.205,1.166,1.16,0.16,India public literature pattern mapped by facility tier and dengue-prone state
27162,Maharashtra,Pune,metro_tertiary_hub,48,379,5.312,1.166,1.42,0.13,India public literature pattern mapped by facility tier and dengue-prone state
27163,Maharashtra,Parbhani,district_center,6,379,2.866,1.166,0.92,0.19,India public literature pattern mapped by facility tier and dengue-prone state
27168,Maharashtra,Parbhani,district_center,6,379,2.866,1.166,0.92,0.19,India public literature pattern mapped by facility tier and dengue-prone state
27169,Maharashtra,Wardha,peripheral_center,4,379,2.289,1.166,0.68,0.24,India public literature pattern mapped by facility tier and dengue-prone state
27166,Maharashtra,Thane,urban_referral,28,379,6.607,1.166,1.16,0.16,India public literature pattern mapped by facility tier and dengue-prone state
27167,Maharashtra,Pune,metro_tertiary_hub,48,379,5.312,1.166,1.42,0.13,India public literature pattern mapped by facility tier and dengue-prone state
284016,Maharashtra,Mumbai,metro_tertiary_hub,51,379,8.982,1.166,1.42,0.13,India public literature pattern mapped by facility tier and dengue-prone state
283289,Maharashtra,Solapur,urban_referral,20,379,4.205,1.166,1.16,0.16,India public literature pattern mapped by facility tier and dengue-prone state
284015,Maharashtra,Yavatmal,district_center,6,379,2.866,1.166,0.92,0.19,India public literature pattern mapped by facility tier and dengue-prone state
284499,Maharashtra,Sangli,urban_referral,16,379,3.993,1.166,1.16,0.16,India public literature pattern mapped by facility tier and dengue-prone state
284498,Maharashtra,Washim,peripheral_center,4,379,2.289,1.166,0.68,0.24,India public literature pattern mapped by facility tier and dengue-prone state
284014,Maharashtra,Solapur,urban_referral,20,379,4.205,1.166,1.16,0.16,India public literature pattern mapped by facility tier and dengue-prone state
283287,Maharashtra,Pune,metro_tertiary_hub,48,379,5.312,1.166,1.42,0.13,India public literature pattern mapped by facility tier and dengue-prone state
18216,Maharashtra,Raigarh,district_center,10,379,3.318,1.166,0.92,0.19,India public literature pattern mapped by facility tier and dengue-prone state
27160,Maharashtra,Yavatmal,district_center,6,379,2.866,1.166,0.92,0.19,India public literature pattern mapped by facility tier and dengue-prone state
284254,Maharashtra,Aurangabad,district_center,10,379,3.318,1.166,0.92,0.19,India public literature pattern mapped by facility tier and dengue-prone state
283286,Maharashtra,Raigarh,district_center,10,379,3.318,1.166,0.92,0.19,India public literature pattern mapped by facility tier and dengue-prone state
18223,Maharashtra,Aurangabad,metro_tertiary_hub,10,379,8.237,1.166,1.42,0.13,India public literature pattern mapped by facility tier and dengue-prone state
18102,Maharashtra,Satara,metro_tertiary_hub,12,379,7.163,1.166,1.42,0.13,India public literature pattern mapped by facility tier and dengue-prone state
18103,Maharashtra,Satara,urban_referral,12,379,6.29,1.166,1.16,0.16,India public literature pattern mapped by facility tier and dengue-prone state
18225,Maharashtra,Aurangabad,district_center,10,379,3.318,1.166,0.92,0.19,India public literature pattern mapped by facility tier and dengue-prone state
18104,Maharashtra,Satara,district_center,12,379,3.485,1.166,0.92,0.19,India public literature pattern mapped by facility tier and dengue-prone state
18105,Maharashtra,Satara,district_center,12,379,4.178,1.166,0.92,0.19,India public literature pattern mapped by facility tier and dengue-prone state
18226,Maharashtra,Aurangabad,urban_referral,10,379,6.123,1.166,1.16,0.16,India public literature pattern mapped by facility tier and dengue-prone state
18220,Maharashtra,Latur,urban_referral,8,379,5.755,1.166,1.16,0.16,India public literature pattern mapped by facility tier and dengue-prone state
18221,Maharashtra,Dhule,district_center,7,379,2.999,1.166,0.92,0.19,India public literature pattern mapped by facility tier and dengue-prone state
27174,Maharashtra,Thane,urban_referral,28,379,4.527,1.166,1.16,0.16,India public literature pattern mapped by facility tier and dengue-prone state
27177,Maharashtra,Amravati,district_center,8,379,3.117,1.166,0.92,0.19,India public literature pattern mapped by facility tier and dengue-prone state
284246,Maharashtra,Nandurbar,peripheral_center,3,379,2.066,1.166,0.68,0.24,India public literature pattern mapped by facility tier and dengue-prone state
27171,Maharashtra,Dhule,urban_referral,7,379,4.849,1.166,1.16,0.16,India public literature pattern mapped by facility tier and dengue-prone state
18227,Maharashtra,Jalna,urban_referral,3,379,3.933,1.166,1.16,0.16,India public literature pattern mapped by facility tier and dengue-prone state
18107,Maharashtra,Solapur,urban_referral,20,379,5.591,1.166,1.16,0.16,India public literature pattern mapped by facility tier and dengue-prone state
18228,Maharashtra,Jalna,peripheral_center,3,379,2.066,1.166,0.68,0.24,India public literature pattern mapped by facility tier and dengue-prone state
18108,Maharashtra,Solapur,urban_referral,20,379,4.205,1.166,1.16,0.16,India public literature pattern mapped by facility tier and dengue-prone state
18109,Maharashtra,Solapur,urban_referral,20,379,5.303,1.166,1.16,0.16,India public literature pattern mapped by facility tier and dengue-prone state
27170,Maharashtra,Aurangabad,district_center,10,379,3.318,1.166,0.92,0.19,India public literature pattern mapped by facility tier and dengue-prone state
284361,Maharashtra,Nashik,urban_referral,20,379,4.205,1.166,1.16,0.16,India public literature pattern mapped by facility tier and dengue-prone state
284360,Maharashtra,Mumbai,metro_tertiary_hub,51,379,5.371,1.166,1.42,0.13,India public literature pattern mapped by facility tier and dengue-prone state
27146,Maharashtra,Nagpur,metro_tertiary_hub,18,379,8.028,1.166,1.42,0.13,India public literature pattern mapped by facility tier and dengue-prone state
284117,Maharashtra,Palghar,district_center,11,379,3.405,1.166,0.92,0.19,India public literature pattern mapped by facility tier and dengue-prone state
284359,Maharashtra,Thane,urban_referral,28,379,4.527,1.166,1.16,0.16,India public literature pattern mapped by facility tier and dengue-prone state
284358,Maharashtra,Pune,metro_tertiary_hub,48,379,5.312,1.166,1.42,0.13,India public literature pattern mapped by facility tier and dengue-prone state
283264,Maharashtra,Aurangabad,metro_tertiary_hub,10,379,8.403,1.166,1.42,0.13,India public literature pattern mapped by facility tier and dengue-prone state
283142,Maharashtra,Bhandara,urban_referral,2,379,3.645,1.166,1.16,0.16,India public literature pattern mapped by facility tier and dengue-prone state
284350,Maharashtra,Pune,metro_tertiary_hub,48,379,5.312,1.166,1.42,0.13,India public literature pattern mapped by facility tier and dengue-prone state
283261,Maharashtra,Nagpur,urban_referral,18,379,4.798,1.166,1.16,0.16,India public literature pattern mapped by facility tier and dengue-prone state
18201,Maharashtra,Thane,metro_tertiary_hub,28,379,8.155,1.166,1.42,0.13,India public literature pattern mapped by facility tier and dengue-prone state
283260,Maharashtra,Pune,metro_tertiary_hub,48,379,5.312,1.166,1.42,0.13,India public literature pattern mapped by facility tier and dengue-prone state
18203,Maharashtra,Nanded,district_center,8,379,3.117,1.166,0.92,0.19,India public literature pattern mapped by facility tier and dengue-prone state
18204,Maharashtra,Thane,urban_referral,28,379,4.527,1.166,1.16,0.16,India public literature pattern mapped by facility tier and dengue-prone state
27154,Maharashtra,Mumbai,metro_tertiary_hub,51,379,5.371,1.166,1.42,0.13,India public literature pattern mapped by facility tier and dengue-prone state
27152,Maharashtra,Gondiya,urban_referral,1,379,3.463,1.166,1.16,0.16,India public literature pattern mapped by facility tier and dengue-prone state
283259,Maharashtra,Thane,urban_referral,28,379,4.527,1.166,1.16,0.16,India public literature pattern mapped by facility tier and dengue-prone state
284589,Maharashtra,Amravati,urban_referral,8,379,5.554,1.166,1.16,0.16,India public literature pattern mapped by facility tier and dengue-prone state
18209,Maharashtra,Palghar,urban_referral,11,379,4.744,1.166,1.16,0.16,India public literature pattern mapped by facility tier and dengue-prone state
284467,Maharashtra,Kolhapur,urban_referral,13,379,5.408,1.166,1.16,0.16,India public literature pattern mapped by facility tier and dengue-prone state
18205,Maharashtra,Thane,urban_referral,28,379,4.527,1.166,1.16,0.16,India public literature pattern mapped by facility tier and dengue-prone state
18206,Maharashtra,Palghar,district_center,11,379,3.405,1.166,0.92,0.19,India public literature pattern mapped by facility tier and dengue-prone state
27150,Maharashtra,Sindhudurg,peripheral_center,4,379,2.289,1.166,0.68,0.24,India public literature pattern mapped by facility tier and dengue-prone state
18207,Maharashtra,Palghar,urban_referral,11,379,5.591,1.166,1.16,0.16,India public literature pattern mapped by facility tier and dengue-prone state
285274,Maharashtra,Solapur,urban_referral,20,379,4.205,1.166,1.16,0.16,India public literature pattern mapped by facility tier and dengue-prone state
285275,Maharashtra,Pune,metro_tertiary_hub,48,379,5.312,1.166,1.42,0.13,India public literature pattern mapped by facility tier and dengue-prone state
285276,Maharashtra,Solapur,urban_referral,20,379,4.205,1.166,1.16,0.16,India public literature pattern mapped by facility tier and dengue-prone state
18098,Maharashtra,Sangli,urban_referral,16,379,5.38,1.166,1.16,0.16,India public literature pattern mapped by facility tier and dengue-prone state
18099,Maharashtra,Satara,district_center,12,379,3.485,1.166,0.92,0.19,India public literature pattern mapped by facility tier and dengue-prone state
18094,Maharashtra,Sangli,urban_referral,16,379,3.993,1.166,1.16,0.16,India public literature pattern mapped by facility tier and dengue-prone state
18095,Maharashtra,Sangli,urban_referral,16,379,5.603,1.166,1.16,0.16,India public literature pattern mapped by facility tier and dengue-prone state
18096,Maharashtra,Sangli,metro_tertiary_hub,16,379,7.75,1.166,1.42,0.13,India public literature pattern mapped by facility tier and dengue-prone state
18097,Maharashtra,Sangli,urban_referral,16,379,6.938,1.166,1.16,0.16,India public literature pattern mapped by facility tier and dengue-prone state
18090,Maharashtra,Sangli,urban_referral,16,379,3.993,1.166,1.16,0.16,India public literature pattern mapped by facility tier and dengue-prone state
18091,Maharashtra,Sangli,urban_referral,16,379,4.686,1.166,1.16,0.16,India public literature pattern mapped by facility tier and dengue-prone state
283198,Maharashtra,Palghar,district_center,11,379,3.405,1.166,0.92,0.19,India public literature pattern mapped by facility tier and dengue-prone state
18076,Maharashtra,Kolhapur,urban_referral,13,379,6.572,1.166,1.16,0.16,India public literature pattern mapped by facility tier and dengue-prone state
18077,Maharashtra,Pune,metro_tertiary_hub,48,379,5.312,1.166,1.42,0.13,India public literature pattern mapped by facility tier and dengue-prone state
18078,Maharashtra,Pune,metro_tertiary_hub,48,379,6.005,1.166,1.42,0.13,India public literature pattern mapped by facility tier and dengue-prone state
18199,Maharashtra,Thane,urban_referral,28,379,4.527,1.166,1.16,0.16,India public literature pattern mapped by facility tier and dengue-prone state
18079,Maharashtra,Pune,metro_tertiary_hub,48,379,7.104,1.166,1.42,0.13,India public literature pattern mapped by facility tier and dengue-prone state
18193,Maharashtra,Thane,urban_referral,28,379,6.607,1.166,1.16,0.16,India public literature pattern mapped by facility tier and dengue-prone state
18072,Maharashtra,Pune,metro_tertiary_hub,48,379,5.312,1.166,1.42,0.13,India public literature pattern mapped by facility tier and dengue-prone state
18194,Maharashtra,Thane,urban_referral,28,379,4.527,1.166,1.16,0.16,India public literature pattern mapped by facility tier and dengue-prone state
18073,Maharashtra,Pune,metro_tertiary_hub,48,379,9.224,1.166,1.42,0.13,India public literature pattern mapped by facility tier and dengue-prone state
18195,Maharashtra,Thane,urban_referral,28,379,6.319,1.166,1.16,0.16,India public literature pattern mapped by facility tier and dengue-prone state
18196,Maharashtra,Thane,urban_referral,28,379,4.527,1.166,1.16,0.16,India public literature pattern mapped by facility tier and dengue-prone state
18190,Maharashtra,Thane,urban_referral,28,379,6.725,1.166,1.16,0.16,India public literature pattern mapped by facility tier and dengue-prone state
18070,Maharashtra,Pune,metro_tertiary_hub,48,379,7.71,1.166,1.42,0.13,India public literature pattern mapped by facility tier and dengue-prone state
18071,Maharashtra,Pune,metro_tertiary_hub,48,379,8.403,1.166,1.42,0.13,India public literature pattern mapped by facility tier and dengue-prone state
285061,Maharashtra,Jalgaon,district_center,10,379,3.318,1.166,0.92,0.19,India public literature pattern mapped by facility tier and dengue-prone state
285062,Maharashtra,Gadchiroli,peripheral_center,3,379,2.066,1.166,0.68,0.24,India public literature pattern mapped by facility tier and dengue-prone state
284150,Maharashtra,Parbhani,district_center,6,379,2.866,1.166,0.92,0.19,India public literature pattern mapped by facility tier and dengue-prone state
18088,Maharashtra,Chandrapur,district_center,6,379,2.866,1.166,0.92,0.19,India public literature pattern mapped by facility tier and dengue-prone state
18089,Maharashtra,Gadchiroli,metro_tertiary_hub,3,379,5.897,1.166,1.42,0.13,India public literature pattern mapped by facility tier and dengue-prone state
18083,Maharashtra,Pune,metro_tertiary_hub,48,379,5.312,1.166,1.42,0.13,India public literature pattern mapped by facility tier and dengue-prone state
18085,Maharashtra,Pune,metro_tertiary_hub,48,379,7.258,1.166,1.42,0.13,India public literature pattern mapped by facility tier and dengue-prone state
18086,Maharashtra,Nagpur,metro_tertiary_hub,18,379,7.36,1.166,1.42,0.13,India public literature pattern mapped by facility tier and dengue-prone state
18080,Maharashtra,Pune,metro_tertiary_hub,48,379,7.71,1.166,1.42,0.13,India public literature pattern mapped by facility tier and dengue-prone state
18081,Maharashtra,Pune,metro_tertiary_hub,48,379,7.877,1.166,1.42,0.13,India public literature pattern mapped by facility tier and dengue-prone state
18082,Maharashtra,Pune,metro_tertiary_hub,48,379,8.531,1.166,1.42,0.13,India public literature pattern mapped by facility tier and dengue-prone state
283298,Maharashtra,Sangli,urban_referral,16,379,3.993,1.166,1.16,0.16,India public literature pattern mapped by facility tier and dengue-prone state
18058,Maharashtra,Mumbai,metro_tertiary_hub,51,379,5.371,1.166,1.42,0.13,India public literature pattern mapped by facility tier and dengue-prone state
18179,Maharashtra,Nashik,metro_tertiary_hub,20,379,8.048,1.166,1.42,0.13,India public literature pattern mapped by facility tier and dengue-prone state
285231,Maharashtra,Chandrapur,district_center,6,379,2.866,1.166,0.92,0.19,India public literature pattern mapped by facility tier and dengue-prone state
18059,Maharashtra,Mumbai,metro_tertiary_hub,51,379,5.371,1.166,1.42,0.13,India public literature pattern mapped by facility tier and dengue-prone state
18175,Maharashtra,Nashik,urban_referral,20,379,5.814,1.166,1.16,0.16,India public literature pattern mapped by facility tier and dengue-prone state
18297,Maharashtra,Nashik,urban_referral,20,379,4.205,1.166,1.16,0.16,India public literature pattern mapped by facility tier and dengue-prone state
18055,Maharashtra,Mumbai,metro_tertiary_hub,51,379,8.927,1.166,1.42,0.13,India public literature pattern mapped by facility tier and dengue-prone state
18176,Maharashtra,Nashik,metro_tertiary_hub,20,379,7.899,1.166,1.42,0.13,India public literature pattern mapped by facility tier and dengue-prone state
18056,Maharashtra,Mumbai,metro_tertiary_hub,51,379,5.371,1.166,1.42,0.13,India public literature pattern mapped by facility tier and dengue-prone state
18177,Maharashtra,Nashik,urban_referral,20,379,4.205,1.166,1.16,0.16,India public literature pattern mapped by facility tier and dengue-prone state
18057,Maharashtra,Mumbai,metro_tertiary_hub,51,379,5.371,1.166,1.42,0.13,India public literature pattern mapped by facility tier and dengue-prone state
18178,Maharashtra,Nashik,urban_referral,20,379,4.205,1.166,1.16,0.16,India public literature pattern mapped by facility tier and dengue-prone state
18050,Maharashtra,Mumbai,metro_tertiary_hub,51,379,5.371,1.166,1.42,0.13,India public literature pattern mapped by facility tier and dengue-prone state
18292,Maharashtra,Wardha,urban_referral,4,379,5.334,1.166,1.16,0.16,India public literature pattern mapped by facility tier and dengue-prone state
18171,Maharashtra,Nashik,metro_tertiary_hub,20,379,8.336,1.166,1.42,0.13,India public literature pattern mapped by facility tier and dengue-prone state
18051,Maharashtra,Mumbai,metro_tertiary_hub,51,379,5.371,1.166,1.42,0.13,India public literature pattern mapped by facility tier and dengue-prone state
18293,Maharashtra,Wardha,urban_referral,4,379,5.714,1.166,1.16,0.16,India public literature pattern mapped by facility tier and dengue-prone state
18172,Maharashtra,Nashik,urban_referral,20,379,4.205,1.166,1.16,0.16,India public literature pattern mapped by facility tier and dengue-prone state
18052,Maharashtra,Mumbai,metro_tertiary_hub,51,379,8.868,1.166,1.42,0.13,India public literature pattern mapped by facility tier and dengue-prone state
18173,Maharashtra,Nashik,urban_referral,20,379,4.205,1.166,1.16,0.16,India public literature pattern mapped by facility tier and dengue-prone state
280738,Maharashtra,Mumbai,metro_tertiary_hub,51,379,5.371,1.166,1.42,0.13,India public literature pattern mapped by facility tier and dengue-prone state
18290,Maharashtra,Nagpur,urban_referral,18,379,4.104,1.166,1.16,0.16,India public literature pattern mapped by facility tier and dengue-prone state
18170,Maharashtra,Nashik,urban_referral,20,379,4.205,1.166,1.16,0.16,India public literature pattern mapped by facility tier and dengue-prone state
18291,Maharashtra,Wardha,peripheral_center,4,379,2.289,1.166,0.68,0.24,India public literature pattern mapped by facility tier and dengue-prone state
18069,Maharashtra,Pune,metro_tertiary_hub,48,379,9.183,1.166,1.42,0.13,India public literature pattern mapped by facility tier and dengue-prone state
284095,Maharashtra,Raigarh,district_center,10,379,3.318,1.166,0.92,0.19,India public literature pattern mapped by facility tier and dengue-prone state
285244,Maharashtra,Raigarh,district_center,10,379,3.318,1.166,0.92,0.19,India public literature pattern mapped by facility tier and dengue-prone state
18065,Maharashtra,Pune,metro_tertiary_hub,48,379,7.951,1.166,1.42,0.13,India public literature pattern mapped by facility tier and dengue-prone state
18186,Maharashtra,Thane,metro_tertiary_hub,28,379,7.832,1.166,1.42,0.13,India public literature pattern mapped by facility tier and dengue-prone state
18187,Maharashtra,Thane,urban_referral,28,379,4.527,1.166,1.16,0.16,India public literature pattern mapped by facility tier and dengue-prone state
18067,Maharashtra,Pune,metro_tertiary_hub,48,379,5.312,1.166,1.42,0.13,India public literature pattern mapped by facility tier and dengue-prone state
18188,Maharashtra,Mumbai,metro_tertiary_hub,51,379,7.674,1.166,1.42,0.13,India public literature pattern mapped by facility tier and dengue-prone state
18189,Maharashtra,Thane,metro_tertiary_hub,28,379,8.006,1.166,1.42,0.13,India public literature pattern mapped by facility tier and dengue-prone state
18068,Maharashtra,Pune,metro_tertiary_hub,48,379,5.312,1.166,1.42,0.13,India public literature pattern mapped by facility tier and dengue-prone state
18061,Maharashtra,Pune,metro_tertiary_hub,48,379,5.312,1.166,1.42,0.13,India public literature pattern mapped by facility tier and dengue-prone state
18183,Maharashtra,Thane,urban_referral,28,379,4.527,1.166,1.16,0.16,India public literature pattern mapped by facility tier and dengue-prone state
18062,Maharashtra,Pune,metro_tertiary_hub,48,379,6.005,1.166,1.42,0.13,India public literature pattern mapped by facility tier and dengue-prone state
18184,Maharashtra,Thane,urban_referral,28,379,4.527,1.166,1.16,0.16,India public literature pattern mapped by facility tier and dengue-prone state
18064,Maharashtra,Pune,metro_tertiary_hub,48,379,5.312,1.166,1.42,0.13,India public literature pattern mapped by facility tier and dengue-prone state
18185,Maharashtra,Thane,urban_referral,28,379,6.137,1.166,1.16,0.16,India public literature pattern mapped by facility tier and dengue-prone state
18181,Maharashtra,Dhule,district_center,7,379,2.999,1.166,0.92,0.19,India public literature pattern mapped by facility tier and dengue-prone state
280723,Maharashtra,Satara,district_center,12,379,3.485,1.166,0.92,0.19,India public literature pattern mapped by facility tier and dengue-prone state
18278,Maharashtra,Buldana,district_center,5,379,2.712,1.166,0.92,0.19,India public literature pattern mapped by facility tier and dengue-prone state
18157,Maharashtra,Jalgaon,district_center,10,379,3.318,1.166,0.92,0.19,India public literature pattern mapped by facility tier and dengue-prone state
18036,Maharashtra,Mumbai,metro_tertiary_hub,51,379,7.163,1.166,1.42,0.13,India public literature pattern mapped by facility tier and dengue-prone state
18037,Maharashtra,Mumbai,metro_tertiary_hub,51,379,9.482,1.166,1.42,0.13,India public literature pattern mapped by facility tier and dengue-prone state
18158,Maharashtra,Jalgaon,district_center,10,379,3.318,1.166,0.92,0.19,India public literature pattern mapped by facility tier and dengue-prone state
284084,Maharashtra,Washim,peripheral_center,4,379,2.289,1.166,0.68,0.24,India public literature pattern mapped by facility tier and dengue-prone state
18159,Maharashtra,Jalgaon,district_center,10,379,3.318,1.166,0.92,0.19,India public literature pattern mapped by facility tier and dengue-prone state
18038,Maharashtra,Mumbai,metro_tertiary_hub,51,379,5.371,1.166,1.42,0.13,India public literature pattern mapped by facility tier and dengue-prone state
18039,Maharashtra,Mumbai,metro_tertiary_hub,51,379,8.507,1.166,1.42,0.13,India public literature pattern mapped by facility tier and dengue-prone state
18153,Maharashtra,Dhule,district_center,7,379,2.999,1.166,0.92,0.19,India public literature pattern mapped by facility tier and dengue-prone state
18275,Maharashtra,Yavatmal,district_center,6,379,2.866,1.166,0.92,0.19,India public literature pattern mapped by facility tier and dengue-prone state
18154,Maharashtra,Dhule,metro_tertiary_hub,7,379,6.718,1.166,1.42,0.13,India public literature pattern mapped by facility tier and dengue-prone state
18033,Maharashtra,Mumbai,metro_tertiary_hub,51,379,5.371,1.166,1.42,0.13,India public literature pattern mapped by facility tier and dengue-prone state
18034,Maharashtra,Mumbai,metro_tertiary_hub,51,379,8.416,1.166,1.42,0.13,India public literature pattern mapped by facility tier and dengue-prone state
18155,Maharashtra,Jalgaon,district_center,10,379,3.318,1.166,0.92,0.19,India public literature pattern mapped by facility tier and dengue-prone state
18156,Maharashtra,Jalgaon,district_center,10,379,3.318,1.166,0.92,0.19,India public literature pattern mapped by facility tier and dengue-prone state
18035,Maharashtra,Mumbai,metro_tertiary_hub,51,379,8.955,1.166,1.42,0.13,India public literature pattern mapped by facility tier and dengue-prone state
18277,Maharashtra,Buldana,district_center,5,379,2.712,1.166,0.92,0.19,India public literature pattern mapped by facility tier and dengue-prone state
18150,Maharashtra,Dhule,district_center,7,379,2.999,1.166,0.92,0.19,India public literature pattern mapped by facility tier and dengue-prone state
18030,Maharashtra,Mumbai,metro_tertiary_hub,51,379,5.371,1.166,1.42,0.13,India public literature pattern mapped by facility tier and dengue-prone state
18152,Maharashtra,Dhule,district_center,7,379,2.999,1.166,0.92,0.19,India public literature pattern mapped by facility tier and dengue-prone state
280719,Maharashtra,Nanded,district_center,8,379,3.117,1.166,0.92,0.19,India public literature pattern mapped by facility tier and dengue-prone state
18031,Maharashtra,Mumbai,metro_tertiary_hub,51,379,9.605,1.166,1.42,0.13,India public literature pattern mapped by facility tier and dengue-prone state
18047,Maharashtra,Mumbai,metro_tertiary_hub,51,379,7.856,1.166,1.42,0.13,India public literature pattern mapped by facility tier and dengue-prone state
18289,Maharashtra,Nagpur,urban_referral,18,379,6.502,1.166,1.16,0.16,India public literature pattern mapped by facility tier and dengue-prone state
18168,Maharashtra,Nashik,metro_tertiary_hub,20,379,7.899,1.166,1.42,0.13,India public literature pattern mapped by facility tier and dengue-prone state
18169,Maharashtra,Nashik,urban_referral,20,379,4.205,1.166,1.16,0.16,India public literature pattern mapped by facility tier and dengue-prone state
18048,Maharashtra,Mumbai,metro_tertiary_hub,51,379,5.371,1.166,1.42,0.13,India public literature pattern mapped by facility tier and dengue-prone state
18049,Maharashtra,Mumbai,metro_tertiary_hub,51,379,5.371,1.166,1.42,0.13,India public literature pattern mapped by facility tier and dengue-prone state
285265,Maharashtra,Nanded,district_center,8,379,3.117,1.166,0.92,0.19,India public literature pattern mapped by facility tier and dengue-prone state
18285,Maharashtra,Nagpur,urban_referral,18,379,6.812,1.166,1.16,0.16,India public literature pattern mapped by facility tier and dengue-prone state
18043,Maharashtra,Pune,metro_tertiary_hub,48,379,5.312,1.166,1.42,0.13,India public literature pattern mapped by facility tier and dengue-prone state
18164,Maharashtra,Nandurbar,peripheral_center,3,379,2.066,1.166,0.68,0.24,India public literature pattern mapped by facility tier and dengue-prone state
18165,Maharashtra,Nashik,urban_referral,20,379,4.205,1.166,1.16,0.16,India public literature pattern mapped by facility tier and dengue-prone state
18044,Maharashtra,Mumbai,metro_tertiary_hub,51,379,9.085,1.166,1.42,0.13,India public literature pattern mapped by facility tier and dengue-prone state
18286,Maharashtra,Nagpur,metro_tertiary_hub,18,379,7.861,1.166,1.42,0.13,India public literature pattern mapped by facility tier and dengue-prone state
18287,Maharashtra,Nagpur,urban_referral,18,379,4.104,1.166,1.16,0.16,India public literature pattern mapped by facility tier and dengue-prone state
18045,Maharashtra,Mumbai,metro_tertiary_hub,51,379,5.371,1.166,1.42,0.13,India public literature pattern mapped by facility tier and dengue-prone state
18166,Maharashtra,Nagpur,urban_referral,18,379,6.502,1.166,1.16,0.16,India public literature pattern mapped by facility tier and dengue-prone state
18167,Maharashtra,Nashik,urban_referral,20,379,4.205,1.166,1.16,0.16,India public literature pattern mapped by facility tier and dengue-prone state
18288,Maharashtra,Nagpur,metro_tertiary_hub,18,379,8.83,1.166,1.42,0.13,India public literature pattern mapped by facility tier and dengue-prone state
18160,Maharashtra,Jalgaon,district_center,10,379,3.318,1.166,0.92,0.19,India public literature pattern mapped by facility tier and dengue-prone state
18040,Maharashtra,Mumbai Suburban,peripheral_center,1,379,1.373,1.166,0.68,0.24,India public literature pattern mapped by facility tier and dengue-prone state
18161,Maharashtra,Jalgaon,urban_referral,10,379,5.755,1.166,1.16,0.16,India public literature pattern mapped by facility tier and dengue-prone state
18162,Maharashtra,Jalgaon,district_center,10,379,3.318,1.166,0.92,0.19,India public literature pattern mapped by facility tier and dengue-prone state
18283,Maharashtra,Nagpur,urban_referral,18,379,6.407,1.166,1.16,0.16,India public literature pattern mapped by facility tier and dengue-prone state
18284,Maharashtra,Nagpur,urban_referral,18,379,4.104,1.166,1.16,0.16,India public literature pattern mapped by facility tier and dengue-prone state
18042,Maharashtra,Mumbai,metro_tertiary_hub,51,379,8.316,1.166,1.42,0.13,India public literature pattern mapped by facility tier and dengue-prone state
280536,Maharashtra,Raigarh,urban_referral,10,379,5.956,1.166,1.16,0.16,India public literature pattern mapped by facility tier and dengue-prone state
280537,Maharashtra,Solapur,metro_tertiary_hub,20,379,7.832,1.166,1.42,0.13,India public literature pattern mapped by facility tier and dengue-prone state
280535,Maharashtra,Pune,metro_tertiary_hub,48,379,6.698,1.166,1.42,0.13,India public literature pattern mapped by facility tier and dengue-prone state
280770,Maharashtra,Nanded,urban_referral,8,379,6.13,1.166,1.16,0.16,India public literature pattern mapped by facility tier and dengue-prone state
280765,Maharashtra,Sindhudurg,peripheral_center,4,379,2.289,1.166,0.68,0.24,India public literature pattern mapped by facility tier and dengue-prone state
280766,Maharashtra,Palghar,district_center,11,379,3.405,1.166,0.92,0.19,India public literature pattern mapped by facility tier and dengue-prone state
280520,Maharashtra,Aurangabad,urban_referral,10,379,6.502,1.166,1.16,0.16,India public literature pattern mapped by facility tier and dengue-prone state
280516,Maharashtra,Solapur,urban_referral,20,379,4.205,1.166,1.16,0.16,India public literature pattern mapped by facility tier and dengue-prone state
280757,Maharashtra,Mumbai,metro_tertiary_hub,51,379,6.47,1.166,1.42,0.13,India public literature pattern mapped by facility tier and dengue-prone state
280753,Maharashtra,Pune,metro_tertiary_hub,48,379,7.258,1.166,1.42,0.13,India public literature pattern mapped by facility tier and dengue-prone state
283609,Maharashtra,Nagpur,metro_tertiary_hub,18,379,8.102,1.166,1.42,0.13,India public literature pattern mapped by facility tier and dengue-prone state
280696,Maharashtra,Sangli,urban_referral,16,379,3.993,1.166,1.16,0.16,India public literature pattern mapped by facility tier and dengue-prone state
283840,Maharashtra,Latur,metro_tertiary_hub,8,379,9.742,1.166,1.42,0.13,India public literature pattern mapped by facility tier and dengue-prone state
280694,Maharashtra,Yavatmal,district_center,6,379,2.866,1.166,0.92,0.19,India public literature pattern mapped by facility tier and dengue-prone state
280692,Maharashtra,Pune,metro_tertiary_hub,48,379,5.312,1.166,1.42,0.13,India public literature pattern mapped by facility tier and dengue-prone state
284803,Maharashtra,Pune,metro_tertiary_hub,48,379,5.312,1.166,1.42,0.13,India public literature pattern mapped by facility tier and dengue-prone state
284921,Maharashtra,Aurangabad,district_center,10,379,3.318,1.166,0.92,0.19,India public literature pattern mapped by facility tier and dengue-prone state
282741,Maharashtra,Bid,district_center,7,379,2.999,1.166,0.92,0.19,India public literature pattern mapped by facility tier and dengue-prone state
284915,Maharashtra,Bid,district_center,7,379,2.999,1.166,0.92,0.19,India public literature pattern mapped by facility tier and dengue-prone state
282735,Maharashtra,Osmanabad,peripheral_center,3,379,2.066,1.166,0.68,0.24,India public literature pattern mapped by facility tier and dengue-prone state
282733,Maharashtra,Pune,metro_tertiary_hub,48,379,5.312,1.166,1.42,0.13,India public literature pattern mapped by facility tier and dengue-prone state
280674,Maharashtra,Solapur,urban_referral,20,379,6.602,1.166,1.16,0.16,India public literature pattern mapped by facility tier and dengue-prone state
282601,Maharashtra,Pune,metro_tertiary_hub,48,379,6.005,1.166,1.42,0.13,India public literature pattern mapped by facility tier and dengue-prone state
280662,Maharashtra,Pune,metro_tertiary_hub,48,379,5.312,1.166,1.42,0.13,India public literature pattern mapped by facility tier and dengue-prone state
27128,Maharashtra,Palghar,district_center,11,379,3.405,1.166,0.92,0.19,India public literature pattern mapped by facility tier and dengue-prone state
27129,Maharashtra,Akola,district_center,6,379,2.866,1.166,0.92,0.19,India public literature pattern mapped by facility tier and dengue-prone state
27126,Maharashtra,Sindhudurg,metro_tertiary_hub,4,379,6.743,1.166,1.42,0.13,India public literature pattern mapped by facility tier and dengue-prone state
27127,Maharashtra,Latur,urban_referral,8,379,5.842,1.166,1.16,0.16,India public literature pattern mapped by facility tier and dengue-prone state
27120,Maharashtra,Pune,metro_tertiary_hub,48,379,7.951,1.166,1.42,0.13,India public literature pattern mapped by facility tier and dengue-prone state
27121,Maharashtra,Sangli,urban_referral,16,379,6.884,1.166,1.16,0.16,India public literature pattern mapped by facility tier and dengue-prone state
280138,Maharashtra,Solapur,urban_referral,20,379,4.205,1.166,1.16,0.16,India public literature pattern mapped by facility tier and dengue-prone state
27124,Maharashtra,Thane,urban_referral,28,379,4.527,1.166,1.16,0.16,India public literature pattern mapped by facility tier and dengue-prone state
27122,Maharashtra,Nagpur,urban_referral,18,379,7.049,1.166,1.16,0.16,India public literature pattern mapped by facility tier and dengue-prone state
27123,Maharashtra,Washim,peripheral_center,4,379,2.289,1.166,0.68,0.24,India public literature pattern mapped by facility tier and dengue-prone state
280132,Maharashtra,Sangli,urban_referral,16,379,3.993,1.166,1.16,0.16,India public literature pattern mapped by facility tier and dengue-prone state
280133,Maharashtra,Satara,district_center,12,379,3.485,1.166,0.92,0.19,India public literature pattern mapped by facility tier and dengue-prone state
280130,Maharashtra,Sangli,urban_referral,16,379,6.558,1.166,1.16,0.16,India public literature pattern mapped by facility tier and dengue-prone state
280131,Maharashtra,Sangli,urban_referral,16,379,3.993,1.166,1.16,0.16,India public literature pattern mapped by facility tier and dengue-prone state
282670,Maharashtra,Pune,metro_tertiary_hub,48,379,8.02,1.166,1.42,0.13,India public literature pattern mapped by facility tier and dengue-prone state
27131,Maharashtra,Nanded,district_center,8,379,3.117,1.166,0.92,0.19,India public literature pattern mapped by facility tier and dengue-prone state
282668,Maharashtra,Aurangabad,urban_referral,10,379,5.755,1.166,1.16,0.16,India public literature pattern mapped by facility tier and dengue-prone state
27130,Maharashtra,Gadchiroli,peripheral_center,3,379,2.066,1.166,0.68,0.24,India public literature pattern mapped by facility tier and dengue-prone state
280125,Maharashtra,Pune,metro_tertiary_hub,48,379,5.312,1.166,1.42,0.13,India public literature pattern mapped by facility tier and dengue-prone state
284844,Maharashtra,Palghar,district_center,11,379,3.405,1.166,0.92,0.19,India public literature pattern mapped by facility tier and dengue-prone state
280126,Maharashtra,Pune,metro_tertiary_hub,48,379,6.921,1.166,1.42,0.13,India public literature pattern mapped by facility tier and dengue-prone state
284843,Maharashtra,Pune,metro_tertiary_hub,48,379,5.312,1.166,1.42,0.13,India public literature pattern mapped by facility tier and dengue-prone state
27133,Maharashtra,Nagpur,urban_referral,18,379,4.104,1.166,1.16,0.16,India public literature pattern mapped by facility tier and dengue-prone state
280123,Maharashtra,Pune,metro_tertiary_hub,48,379,7.258,1.166,1.42,0.13,India public literature pattern mapped by facility tier and dengue-prone state
280124,Maharashtra,Pune,metro_tertiary_hub,48,379,5.312,1.166,1.42,0.13,India public literature pattern mapped by facility tier and dengue-prone state
284720,Maharashtra,Pune,metro_tertiary_hub,48,379,5.312,1.166,1.42,0.13,India public literature pattern mapped by facility tier and dengue-prone state
284961,Maharashtra,Pune,metro_tertiary_hub,48,379,5.312,1.166,1.42,0.13,India public literature pattern mapped by facility tier and dengue-prone state
280120,Maharashtra,Ratnagiri,urban_referral,3,379,5.185,1.166,1.16,0.16,India public literature pattern mapped by facility tier and dengue-prone state
27107,Maharashtra,Mumbai,metro_tertiary_hub,51,379,9.035,1.166,1.42,0.13,India public literature pattern mapped by facility tier and dengue-prone state
27105,Maharashtra,Ratnagiri,urban_referral,3,379,4.338,1.166,1.16,0.16,India public literature pattern mapped by facility tier and dengue-prone state
27108,Maharashtra,Nandurbar,metro_tertiary_hub,3,379,5.851,1.166,1.42,0.13,India public literature pattern mapped by facility tier and dengue-prone state
27109,Maharashtra,Satara,district_center,12,379,3.485,1.166,0.92,0.19,India public literature pattern mapped by facility tier and dengue-prone state
284835,Maharashtra,Latur,district_center,8,379,3.117,1.166,0.92,0.19,India public literature pattern mapped by facility tier and dengue-prone state
27117,Maharashtra,Bhandara,metro_tertiary_hub,2,379,5.737,1.166,1.42,0.13,India public literature pattern mapped by facility tier and dengue-prone state
27118,Maharashtra,Ratnagiri,metro_tertiary_hub,3,379,5.897,1.166,1.42,0.13,India public literature pattern mapped by facility tier and dengue-prone state
27115,Maharashtra,Bid,district_center,7,379,2.999,1.166,0.92,0.19,India public literature pattern mapped by facility tier and dengue-prone state
27116,Maharashtra,Raigarh,district_center,10,379,3.318,1.166,0.92,0.19,India public literature pattern mapped by facility tier and dengue-prone state
27119,Maharashtra,Solapur,urban_referral,20,379,4.205,1.166,1.16,0.16,India public literature pattern mapped by facility tier and dengue-prone state
284946,Maharashtra,Thane,urban_referral,28,379,4.527,1.166,1.16,0.16,India public literature pattern mapped by facility tier and dengue-prone state
27113,Maharashtra,Chandrapur,urban_referral,6,379,6.05,1.166,1.16,0.16,India public literature pattern mapped by facility tier and dengue-prone state
27114,Maharashtra,Amravati,urban_referral,8,379,5.755,1.166,1.16,0.16,India public literature pattern mapped by facility tier and dengue-prone state
27111,Maharashtra,Pune,metro_tertiary_hub,48,379,6.698,1.166,1.42,0.13,India public literature pattern mapped by facility tier and dengue-prone state
283207,Maharashtra,Pune,metro_tertiary_hub,48,379,5.312,1.166,1.42,0.13,India public literature pattern mapped by facility tier and dengue-prone state
282598,Maharashtra,Solapur,urban_referral,20,379,4.205,1.166,1.16,0.16,India public literature pattern mapped by facility tier and dengue-prone state
282599,Maharashtra,Nagpur,urban_referral,18,379,5.896,1.166,1.16,0.16,India public literature pattern mapped by facility tier and dengue-prone state
284529,Maharashtra,Pune,metro_tertiary_hub,48,379,5.312,1.166,1.42,0.13,India public literature pattern mapped by facility tier and dengue-prone state
284765,Maharashtra,Nashik,urban_referral,20,379,4.205,1.166,1.16,0.16,India public literature pattern mapped by facility tier and dengue-prone state
284764,Maharashtra,Amravati,district_center,8,379,3.117,1.166,0.92,0.19,India public literature pattern mapped by facility tier and dengue-prone state
284763,Maharashtra,Satara,district_center,12,379,3.485,1.166,0.92,0.19,India public literature pattern mapped by facility tier and dengue-prone state
282586,Maharashtra,Satara,metro_tertiary_hub,12,379,7.204,1.166,1.42,0.13,India public literature pattern mapped by facility tier and dengue-prone state
284762,Maharashtra,Thane,urban_referral,28,379,4.527,1.166,1.16,0.16,India public literature pattern mapped by facility tier and dengue-prone state
283307,Maharashtra,Jalgaon,district_center,10,379,3.318,1.166,0.92,0.19,India public literature pattern mapped by facility tier and dengue-prone state
283306,Maharashtra,Jalna,peripheral_center,3,379,2.066,1.166,0.68,0.24,India public literature pattern mapped by facility tier and dengue-prone state
283305,Maharashtra,Ahmadnagar,district_center,14,379,3.628,1.166,0.92,0.19,India public literature pattern mapped by facility tier and dengue-prone state
284514,Maharashtra,Palghar,district_center,11,379,3.405,1.166,0.92,0.19,India public literature pattern mapped by facility tier and dengue-prone state
282577,Maharashtra,Thane,urban_referral,28,379,7.012,1.166,1.16,0.16,India public literature pattern mapped by facility tier and dengue-prone state
284510,Maharashtra,Ahmadnagar,district_center,14,379,3.628,1.166,0.92,0.19,India public literature pattern mapped by facility tier and dengue-prone state
282570,Maharashtra,Thane,urban_referral,28,379,4.527,1.166,1.16,0.16,India public literature pattern mapped by facility tier and dengue-prone state
284509,Maharashtra,Satara,urban_referral,12,379,5.517,1.166,1.16,0.16,India public literature pattern mapped by facility tier and dengue-prone state
284508,Maharashtra,Amravati,district_center,8,379,3.117,1.166,0.92,0.19,India public literature pattern mapped by facility tier and dengue-prone state
280149,Maharashtra,Raigarh,metro_tertiary_hub,10,379,7.455,1.166,1.42,0.13,India public literature pattern mapped by facility tier and dengue-prone state
280147,Maharashtra,Yavatmal,district_center,6,379,2.866,1.166,0.92,0.19,India public literature pattern mapped by facility tier and dengue-prone state
282568,Maharashtra,Latur,district_center,8,379,3.117,1.166,0.92,0.19,India public literature pattern mapped by facility tier and dengue-prone state
280148,Maharashtra,Kolhapur,district_center,13,379,3.559,1.166,0.92,0.19,India public literature pattern mapped by facility tier and dengue-prone state
280145,Maharashtra,Thane,urban_referral,28,379,4.527,1.166,1.16,0.16,India public literature pattern mapped by facility tier and dengue-prone state
282565,Maharashtra,Palghar,metro_tertiary_hub,11,379,7.083,1.166,1.42,0.13,India public literature pattern mapped by facility tier and dengue-prone state
280146,Maharashtra,Yavatmal,district_center,6,379,2.866,1.166,0.92,0.19,India public literature pattern mapped by facility tier and dengue-prone state
280143,Maharashtra,Thane,urban_referral,28,379,4.527,1.166,1.16,0.16,India public literature pattern mapped by facility tier and dengue-prone state
282564,Maharashtra,Nagpur,urban_referral,18,379,6.877,1.166,1.16,0.16,India public literature pattern mapped by facility tier and dengue-prone state
280141,Maharashtra,Solapur,urban_referral,20,379,4.205,1.166,1.16,0.16,India public literature pattern mapped by facility tier and dengue-prone state
282683,Maharashtra,Raigarh,urban_referral,10,379,5.755,1.166,1.16,0.16,India public literature pattern mapped by facility tier and dengue-prone state
282562,Maharashtra,Thane,urban_referral,28,379,5.626,1.166,1.16,0.16,India public literature pattern mapped by facility tier and dengue-prone state
280142,Maharashtra,Palghar,district_center,11,379,3.405,1.166,0.92,0.19,India public literature pattern mapped by facility tier and dengue-prone state
280140,Maharashtra,Solapur,urban_referral,20,379,4.205,1.166,1.16,0.16,India public literature pattern mapped by facility tier and dengue-prone state
284837,Manipur,Tamenglong,peripheral_center,1,7,1.373,1.06,0.68,0.24,India public literature pattern mapped by facility tier and dengue-prone state
19004,Manipur,Imphal West,urban_referral,2,7,4.05,1.06,1.16,0.16,India public literature pattern mapped by facility tier and dengue-prone state
280348,Manipur,Imphal East,urban_referral,2,7,5.092,1.06,1.16,0.16,India public literature pattern mapped by facility tier and dengue-prone state
14101,Manipur,Churachandpur,peripheral_center,1,7,1.373,1.06,0.68,0.24,India public literature pattern mapped by facility tier and dengue-prone state
280355,Manipur,Imphal West,urban_referral,2,7,3.868,1.06,1.16,0.16,India public literature pattern mapped by facility tier and dengue-prone state
283751,Manipur,Imphal East,urban_referral,2,7,5.149,1.06,1.16,0.16,India public literature pattern mapped by facility tier and dengue-prone state
283792,Manipur,Thoubal,peripheral_center,1,7,1.373,1.06,0.68,0.24,India public literature pattern mapped by facility tier and dengue-prone state
20005,Meghalaya,West Garo Hills,metro_tertiary_hub,1,11,5.697,1.06,1.42,0.13,India public literature pattern mapped by facility tier and dengue-prone state
20004,Meghalaya,East Khasi Hills,metro_tertiary_hub,5,11,6.677,1.06,1.42,0.13,India public literature pattern mapped by facility tier and dengue-prone state
283946,Meghalaya,West Khasi Hills,peripheral_center,1,11,1.373,1.06,0.68,0.24,India public literature pattern mapped by facility tier and dengue-prone state
20003,Meghalaya,East Khasi Hills,district_center,5,11,2.712,1.06,0.92,0.19,India public literature pattern mapped by facility tier and dengue-prone state
20002,Meghalaya,East Khasi Hills,district_center,5,11,2.712,1.06,0.92,0.19,India public literature pattern mapped by facility tier and dengue-prone state
284823,Meghalaya,Ribhoi,peripheral_center,2,11,1.779,1.06,0.68,0.24,India public literature pattern mapped by facility tier and dengue-prone state
20001,Meghalaya,East Khasi Hills,district_center,5,11,2.712,1.06,0.92,0.19,India public literature pattern mapped by facility tier and dengue-prone state
280804,Meghalaya,East Garo Hills,peripheral_center,1,11,1.373,1.06,0.68,0.24,India public literature pattern mapped by facility tier and dengue-prone state
282581,Meghalaya,Ribhoi,peripheral_center,2,11,1.779,1.06,0.68,0.24,India public literature pattern mapped by facility tier and dengue-prone state
20007,Meghalaya,West Jaintia Hills,peripheral_center,1,11,1.373,1.06,0.68,0.24,India public literature pattern mapped by facility tier and dengue-prone state
20006,Meghalaya,East Khasi Hills,metro_tertiary_hub,5,11,6.708,1.06,1.42,0.13,India public literature pattern mapped by facility tier and dengue-prone state
21006,Mizoram,Lunglei,peripheral_center,2,7,1.779,1.06,0.68,0.24,India public literature pattern mapped by facility tier and dengue-prone state
21003,Mizoram,Champhai,peripheral_center,1,7,1.373,1.06,0.68,0.24,India public literature pattern mapped by facility tier and dengue-prone state
21002,Mizoram,Aizawl,urban_referral,3,7,5.491,1.06,1.16,0.16,India public literature pattern mapped by facility tier and dengue-prone state
21001,Mizoram,Lunglei,peripheral_center,2,7,1.779,1.06,0.68,0.24,India public literature pattern mapped by facility tier and dengue-prone state
21010,Mizoram,Lawngtlai,peripheral_center,1,7,1.373,1.06,0.68,0.24,India public literature pattern mapped by facility tier and dengue-prone state
280351,Mizoram,Aizawl,urban_referral,3,7,4.626,1.06,1.16,0.16,India public literature pattern mapped by facility tier and dengue-prone state
21007,Mizoram,Aizawl,urban_referral,3,7,5.38,1.06,1.16,0.16,India public literature pattern mapped by facility tier and dengue-prone state
283934,Nagaland,Kohima,metro_tertiary_hub,1,3,5.724,1.06,1.42,0.13,India public literature pattern mapped by facility tier and dengue-prone state
281049,Nagaland,Dimapur,peripheral_center,1,3,1.373,1.06,0.68,0.24,India public literature pattern mapped by facility tier and dengue-prone state
22006,Nagaland,Mokokchung,peripheral_center,1,3,1.373,1.06,0.68,0.24,India public literature pattern mapped by facility tier and dengue-prone state
21105,Odisha,Khordha,metro_tertiary_hub,13,72,7.951,1.166,1.42,0.13,India public literature pattern mapped by facility tier and dengue-prone state
21104,Odisha,Khordha,district_center,13,72,3.559,1.166,0.92,0.19,India public literature pattern mapped by facility tier and dengue-prone state
21102,Odisha,Cuttack,metro_tertiary_hub,4,72,7.037,1.166,1.42,0.13,India public literature pattern mapped by facility tier and dengue-prone state
21101,Odisha,Khordha,district_center,13,72,3.559,1.166,0.92,0.19,India public literature pattern mapped by facility tier and dengue-prone state
32041,Odisha,Deogarh,peripheral_center,1,72,1.373,1.166,0.68,0.24,India public literature pattern mapped by facility tier and dengue-prone state
32086,Odisha,Angul,peripheral_center,3,72,2.066,1.166,0.68,0.24,India public literature pattern mapped by facility tier and dengue-prone state
32042,Odisha,Mayurbhanj,peripheral_center,3,72,2.066,1.166,0.68,0.24,India public literature pattern mapped by facility tier and dengue-prone state
32081,Odisha,Angul,peripheral_center,3,72,2.066,1.166,0.68,0.24,India public literature pattern mapped by facility tier and dengue-prone state
21108,Odisha,Khordha,metro_tertiary_hub,13,72,7.585,1.166,1.42,0.13,India public literature pattern mapped by facility tier and dengue-prone state
32082,Odisha,Kalahandi,peripheral_center,3,72,2.066,1.166,0.68,0.24,India public literature pattern mapped by facility tier and dengue-prone state
21107,Odisha,Khordha,urban_referral,13,72,5.996,1.166,1.16,0.16,India public literature pattern mapped by facility tier and dengue-prone state
21106,Odisha,Cuttack,peripheral_center,4,72,2.289,1.166,0.68,0.24,India public literature pattern mapped by facility tier and dengue-prone state
32005,Odisha,Khordha,metro_tertiary_hub,13,72,8.49,1.166,1.42,0.13,India public literature pattern mapped by facility tier and dengue-prone state
32049,Odisha,Sundargarh,urban_referral,7,72,5.878,1.166,1.16,0.16,India public literature pattern mapped by facility tier and dengue-prone state
284814,Odisha,Kalahandi,urban_referral,3,72,4.492,1.166,1.16,0.16,India public literature pattern mapped by facility tier and dengue-prone state
32003,Odisha,Koraput,peripheral_center,3,72,2.066,1.166,0.68,0.24,India public literature pattern mapped by facility tier and dengue-prone state
32047,Odisha,Sambalpur,peripheral_center,4,72,2.289,1.166,0.68,0.24,India public literature pattern mapped by facility tier and dengue-prone state
32048,Odisha,Kendrapara,peripheral_center,1,72,1.373,1.166,0.68,0.24,India public literature pattern mapped by facility tier and dengue-prone state
32045,Odisha,Puri,peripheral_center,1,72,1.373,1.166,0.68,0.24,India public literature pattern mapped by facility tier and dengue-prone state
32001,Odisha,Bargarh,peripheral_center,2,72,1.779,1.166,0.68,0.24,India public literature pattern mapped by facility tier and dengue-prone state
32089,Odisha,Jajapur,peripheral_center,2,72,1.779,1.166,0.68,0.24,India public literature pattern mapped by facility tier and dengue-prone state
32087,Odisha,Cuttack,metro_tertiary_hub,4,72,9.048,1.166,1.42,0.13,India public literature pattern mapped by facility tier and dengue-prone state
32088,Odisha,Ganjam,metro_tertiary_hub,2,72,7.495,1.166,1.42,0.13,India public literature pattern mapped by facility tier and dengue-prone state
280450,Odisha,Balangir,peripheral_center,3,72,2.066,1.166,0.68,0.24,India public literature pattern mapped by facility tier and dengue-prone state
32009,Odisha,Ganjam,peripheral_center,2,72,1.779,1.166,0.68,0.24,India public literature pattern mapped by facility tier and dengue-prone state
32007,Odisha,Baleshwar,peripheral_center,3,72,2.066,1.166,0.68,0.24,India public literature pattern mapped by facility tier and dengue-prone state
32008,Odisha,Bargarh,peripheral_center,2,72,1.779,1.166,0.68,0.24,India public literature pattern mapped by facility tier and dengue-prone state
32074,Odisha,Sambalpur,peripheral_center,4,72,2.289,1.166,0.68,0.24,India public literature pattern mapped by facility tier and dengue-prone state
32031,Odisha,Kandhamal,peripheral_center,2,72,1.779,1.166,0.68,0.24,India public literature pattern mapped by facility tier and dengue-prone state
32072,Odisha,Koraput,peripheral_center,3,72,2.066,1.166,0.68,0.24,India public literature pattern mapped by facility tier and dengue-prone state
32073,Odisha,Dhenkanal,peripheral_center,1,72,1.373,1.166,0.68,0.24,India public literature pattern mapped by facility tier and dengue-prone state
32070,Odisha,Sambalpur,peripheral_center,4,72,2.289,1.166,0.68,0.24,India public literature pattern mapped by facility tier and dengue-prone state
32071,Odisha,Nayagarh,peripheral_center,1,72,1.373,1.166,0.68,0.24,India public literature pattern mapped by facility tier and dengue-prone state
32039,Odisha,Kandhamal,peripheral_center,2,72,1.779,1.166,0.68,0.24,India public literature pattern mapped by facility tier and dengue-prone state
32036,Odisha,Balangir,peripheral_center,3,72,2.066,1.166,0.68,0.24,India public literature pattern mapped by facility tier and dengue-prone state
32078,Odisha,Khordha,urban_referral,13,72,5.185,1.166,1.16,0.16,India public literature pattern mapped by facility tier and dengue-prone state
32079,Odisha,Nuapada,peripheral_center,2,72,1.779,1.166,0.68,0.24,India public literature pattern mapped by facility tier and dengue-prone state
32076,Odisha,Balangir,peripheral_center,3,72,2.066,1.166,0.68,0.24,India public literature pattern mapped by facility tier and dengue-prone state
32032,Odisha,Jharsuguda,peripheral_center,1,72,1.373,1.166,0.68,0.24,India public literature pattern mapped by facility tier and dengue-prone state
32033,Odisha,Mayurbhanj,metro_tertiary_hub,3,72,6.544,1.166,1.42,0.13,India public literature pattern mapped by facility tier and dengue-prone state
32077,Odisha,Sundargarh,district_center,7,72,2.999,1.166,0.92,0.19,India public literature pattern mapped by facility tier and dengue-prone state
283596,Odisha,Cuttack,peripheral_center,4,72,2.289,1.166,0.68,0.24,India public literature pattern mapped by facility tier and dengue-prone state
32020,Odisha,Nuapada,peripheral_center,2,72,1.779,1.166,0.68,0.24,India public literature pattern mapped by facility tier and dengue-prone state
32069,Odisha,Khordha,metro_tertiary_hub,13,72,7.055,1.166,1.42,0.13,India public literature pattern mapped by facility tier and dengue-prone state
32026,Odisha,Khordha,metro_tertiary_hub,13,72,9.089,1.166,1.42,0.13,India public literature pattern mapped by facility tier and dengue-prone state
32023,Odisha,Kalahandi,peripheral_center,3,72,2.066,1.166,0.68,0.24,India public literature pattern mapped by facility tier and dengue-prone state
283942,Odisha,Khordha,metro_tertiary_hub,13,72,7.237,1.166,1.42,0.13,India public literature pattern mapped by facility tier and dengue-prone state
32024,Odisha,Koraput,peripheral_center,3,72,2.066,1.166,0.68,0.24,India public literature pattern mapped by facility tier and dengue-prone state
32068,Odisha,Kendujhar,peripheral_center,2,72,1.779,1.166,0.68,0.24,India public literature pattern mapped by facility tier and dengue-prone state
280751,Odisha,Baleshwar,peripheral_center,3,72,2.066,1.166,0.68,0.24,India public literature pattern mapped by facility tier and dengue-prone state
32066,Odisha,Angul,peripheral_center,3,72,2.066,1.166,0.68,0.24,India public literature pattern mapped by facility tier and dengue-prone state
32052,Odisha,Sundargarh,district_center,7,72,2.999,1.166,0.92,0.19,India public literature pattern mapped by facility tier and dengue-prone state
32050,Odisha,Gajapati,peripheral_center,1,72,1.373,1.166,0.68,0.24,India public literature pattern mapped by facility tier and dengue-prone state
32090,Odisha,Rayagada,peripheral_center,2,72,1.779,1.166,0.68,0.24,India public literature pattern mapped by facility tier and dengue-prone state
32091,Odisha,Sundargarh,urban_referral,7,72,5.031,1.166,1.16,0.16,India public literature pattern mapped by facility tier and dengue-prone state
32016,Odisha,Nabarangapur,peripheral_center,1,72,1.373,1.166,0.68,0.24,India public literature pattern mapped by facility tier and dengue-prone state
32017,Odisha,Jajapur,peripheral_center,2,72,1.779,1.166,0.68,0.24,India public literature pattern mapped by facility tier and dengue-prone state
32058,Odisha,Mayurbhanj,peripheral_center,3,72,2.066,1.166,0.68,0.24,India public literature pattern mapped by facility tier and dengue-prone state
32014,Odisha,Baudh,peripheral_center,1,72,1.373,1.166,0.68,0.24,India public literature pattern mapped by facility tier and dengue-prone state
32015,Odisha,Sundargarh,district_center,7,72,2.999,1.166,0.92,0.19,India public literature pattern mapped by facility tier and dengue-prone state
32059,Odisha,Sundargarh,urban_referral,7,72,5.878,1.166,1.16,0.16,India public literature pattern mapped by facility tier and dengue-prone state
32012,Odisha,Sambalpur,peripheral_center,4,72,2.289,1.166,0.68,0.24,India public literature pattern mapped by facility tier and dengue-prone state
32056,Odisha,Khordha,urban_referral,13,72,6.364,1.166,1.16,0.16,India public literature pattern mapped by facility tier and dengue-prone state
32057,Odisha,Khordha,district_center,13,72,3.559,1.166,0.92,0.19,India public literature pattern mapped by facility tier and dengue-prone state
32010,Odisha,Kendujhar,peripheral_center,2,72,1.779,1.166,0.68,0.24,India public literature pattern mapped by facility tier and dengue-prone state
32054,Odisha,Baleshwar,peripheral_center,3,72,2.066,1.166,0.68,0.24,India public literature pattern mapped by facility tier and dengue-prone state
32011,Odisha,Malkangiri,peripheral_center,1,72,1.373,1.166,0.68,0.24,India public literature pattern mapped by facility tier and dengue-prone state
281034,Odisha,Rayagada,peripheral_center,2,72,1.779,1.166,0.68,0.24,India public literature pattern mapped by facility tier and dengue-prone state
280385,Odisha,Subarnapur,peripheral_center,1,72,1.373,1.166,0.68,0.24,India public literature pattern mapped by facility tier and dengue-prone state
283332,Odisha,Sundargarh,metro_tertiary_hub,7,72,6.544,1.166,1.42,0.13,India public literature pattern mapped by facility tier and dengue-prone state
284100,Odisha,Khordha,district_center,13,72,3.559,1.166,0.92,0.19,India public literature pattern mapped by facility tier and dengue-prone state
32018,Odisha,Bhadrak,peripheral_center,1,72,1.373,1.166,0.68,0.24,India public literature pattern mapped by facility tier and dengue-prone state
23009,Puducherry,Puducherry,district_center,12,16,3.485,1.06,0.92,0.19,India public literature pattern mapped by facility tier and dengue-prone state
23012,Puducherry,Puducherry,urban_referral,12,16,5.804,1.06,1.16,0.16,India public literature pattern mapped by facility tier and dengue-prone state
23001,Puducherry,Puducherry,urban_referral,12,16,5.517,1.06,1.16,0.16,India public literature pattern mapped by facility tier and dengue-prone state
23013,Puducherry,Puducherry,district_center,12,16,3.485,1.06,0.92,0.19,India public literature pattern mapped by facility tier and dengue-prone state
23002,Puducherry,Karaikal,peripheral_center,3,16,2.066,1.06,0.68,0.24,India public literature pattern mapped by facility tier and dengue-prone state
23014,Puducherry,Puducherry,urban_referral,12,16,4.824,1.06,1.16,0.16,India public literature pattern mapped by facility tier and dengue-prone state
23004,Puducherry,Mahe,peripheral_center,1,16,1.373,1.06,0.68,0.24,India public literature pattern mapped by facility tier and dengue-prone state
23016,Puducherry,Puducherry,urban_referral,12,16,5.517,1.06,1.16,0.16,India public literature pattern mapped by facility tier and dengue-prone state
23006,Puducherry,Puducherry,district_center,12,16,3.485,1.06,0.92,0.19,India public literature pattern mapped by facility tier and dengue-prone state
23017,Puducherry,Puducherry,district_center,12,16,3.485,1.06,0.92,0.19,India public literature pattern mapped by facility tier and dengue-prone state
23018,Puducherry,Puducherry,urban_referral,12,16,4.824,1.06,1.16,0.16,India public literature pattern mapped by facility tier and dengue-prone state
23008,Puducherry,Karaikal,peripheral_center,3,16,2.066,1.06,0.68,0.24,India public literature pattern mapped by facility tier and dengue-prone state
34103,Puducherry,Puducherry,metro_tertiary_hub,12,16,8.507,1.06,1.42,0.13,India public literature pattern mapped by facility tier and dengue-prone state
282721,Puducherry,Karaikal,peripheral_center,3,16,2.066,1.06,0.68,0.24,India public literature pattern mapped by facility tier and dengue-prone state
23010,Puducherry,Puducherry,metro_tertiary_hub,12,16,7.076,1.06,1.42,0.13,India public literature pattern mapped by facility tier and dengue-prone state
23011,Puducherry,Puducherry,urban_referral,12,16,4.824,1.06,1.16,0.16,India public literature pattern mapped by facility tier and dengue-prone state
285153,Punjab,Ludhiana,urban_referral,30,168,4.594,1.06,1.16,0.16,India public literature pattern mapped by facility tier and dengue-prone state
94127,Punjab,Hoshiarpur,district_center,7,168,2.999,1.06,0.92,0.19,India public literature pattern mapped by facility tier and dengue-prone state
94126,Punjab,Tarn Taran,peripheral_center,4,168,2.289,1.06,0.68,0.24,India public literature pattern mapped by facility tier and dengue-prone state
94125,Punjab,Ludhiana,urban_referral,30,168,4.594,1.06,1.16,0.16,India public literature pattern mapped by facility tier and dengue-prone state
94124,Punjab,Sahibzada Ajit Singh Nagar,district_center,13,168,3.559,1.06,0.92,0.19,India public literature pattern mapped by facility tier and dengue-prone state
285277,Punjab,Ludhiana,urban_referral,30,168,6.203,1.06,1.16,0.16,India public literature pattern mapped by facility tier and dengue-prone state
285311,Punjab,Patiala,district_center,11,168,3.405,1.06,0.92,0.19,India public literature pattern mapped by facility tier and dengue-prone state
94128,Punjab,Kapurthala,peripheral_center,4,168,2.289,1.06,0.68,0.24,India public literature pattern mapped by facility tier and dengue-prone state
27008,Punjab,Amritsar,urban_referral,21,168,4.251,1.06,1.16,0.16,India public literature pattern mapped by facility tier and dengue-prone state
27006,Punjab,Hoshiarpur,district_center,7,168,2.999,1.06,0.92,0.19,India public literature pattern mapped by facility tier and dengue-prone state
94123,Punjab,Gurdaspur,district_center,6,168,2.866,1.06,0.92,0.19,India public literature pattern mapped by facility tier and dengue-prone state
94121,Punjab,Mansa,peripheral_center,2,168,1.779,1.06,0.68,0.24,India public literature pattern mapped by facility tier and dengue-prone state
94120,Punjab,Amritsar,urban_referral,21,168,4.251,1.06,1.16,0.16,India public literature pattern mapped by facility tier and dengue-prone state
284739,Punjab,Faridkot,district_center,5,168,2.712,1.06,0.92,0.19,India public literature pattern mapped by facility tier and dengue-prone state
27088,Punjab,Bathinda,district_center,13,168,3.559,1.06,0.92,0.19,India public literature pattern mapped by facility tier and dengue-prone state
27085,Punjab,Patiala,urban_referral,11,168,6.353,1.06,1.16,0.16,India public literature pattern mapped by facility tier and dengue-prone state
27086,Punjab,Ludhiana,urban_referral,30,168,5.693,1.06,1.16,0.16,India public literature pattern mapped by facility tier and dengue-prone state
27003,Punjab,Ludhiana,urban_referral,30,168,4.594,1.06,1.16,0.16,India public literature pattern mapped by facility tier and dengue-prone state
283404,Punjab,Amritsar,urban_referral,21,168,4.251,1.06,1.16,0.16,India public literature pattern mapped by facility tier and dengue-prone state
27004,Punjab,Ludhiana,urban_referral,30,168,5.287,1.06,1.16,0.16,India public literature pattern mapped by facility tier and dengue-prone state
283402,Punjab,Ludhiana,urban_referral,30,168,4.594,1.06,1.16,0.16,India public literature pattern mapped by facility tier and dengue-prone state
27089,Punjab,Bathinda,district_center,13,168,3.559,1.06,0.92,0.19,India public literature pattern mapped by facility tier and dengue-prone state
27001,Punjab,Amritsar,urban_referral,21,168,7.024,1.06,1.16,0.16,India public literature pattern mapped by facility tier and dengue-prone state
27080,Punjab,Amritsar,urban_referral,21,168,4.251,1.06,1.16,0.16,India public literature pattern mapped by facility tier and dengue-prone state
284058,Punjab,Ludhiana,urban_referral,30,168,4.594,1.06,1.16,0.16,India public literature pattern mapped by facility tier and dengue-prone state
283640,Punjab,Amritsar,urban_referral,21,168,4.251,1.06,1.16,0.16,India public literature pattern mapped by facility tier and dengue-prone state
282672,Punjab,Amritsar,urban_referral,21,168,4.251,1.06,1.16,0.16,India public literature pattern mapped by facility tier and dengue-prone state
27083,Punjab,Kapurthala,peripheral_center,4,168,2.289,1.06,0.68,0.24,India public literature pattern mapped by facility tier and dengue-prone state
94116,Punjab,Jalandhar,metro_tertiary_hub,19,168,8.772,1.06,1.42,0.13,India public literature pattern mapped by facility tier and dengue-prone state
94115,Punjab,Faridkot,metro_tertiary_hub,5,168,7.7,1.06,1.42,0.13,India public literature pattern mapped by facility tier and dengue-prone state
94114,Punjab,Amritsar,urban_referral,21,168,4.251,1.06,1.16,0.16,India public literature pattern mapped by facility tier and dengue-prone state
94113,Punjab,Bathinda,urban_referral,13,168,5.996,1.06,1.16,0.16,India public literature pattern mapped by facility tier and dengue-prone state
94119,Punjab,Rupnagar,district_center,6,168,2.866,1.06,0.92,0.19,India public literature pattern mapped by facility tier and dengue-prone state
94118,Punjab,Patiala,metro_tertiary_hub,11,168,8.064,1.06,1.42,0.13,India public literature pattern mapped by facility tier and dengue-prone state
94117,Punjab,Pathankot,district_center,5,168,2.712,1.06,0.92,0.19,India public literature pattern mapped by facility tier and dengue-prone state
27098,Punjab,Sahibzada Ajit Singh Nagar,district_center,13,168,3.559,1.06,0.92,0.19,India public literature pattern mapped by facility tier and dengue-prone state
27010,Punjab,Jalandhar,urban_referral,19,168,4.156,1.06,1.16,0.16,India public literature pattern mapped by facility tier and dengue-prone state
27011,Punjab,Ludhiana,metro_tertiary_hub,30,168,8.592,1.06,1.42,0.13,India public literature pattern mapped by facility tier and dengue-prone state
27099,Punjab,Bathinda,urban_referral,13,168,5.745,1.06,1.16,0.16,India public literature pattern mapped by facility tier and dengue-prone state
283635,Punjab,Patiala,district_center,11,168,3.405,1.06,0.92,0.19,India public literature pattern mapped by facility tier and dengue-prone state
27012,Punjab,Ludhiana,urban_referral,30,168,4.594,1.06,1.16,0.16,India public literature pattern mapped by facility tier and dengue-prone state
280761,Punjab,Amritsar,urban_referral,21,168,5.637,1.06,1.16,0.16,India public literature pattern mapped by facility tier and dengue-prone state
284722,Punjab,Tarn Taran,peripheral_center,4,168,2.289,1.06,0.68,0.24,India public literature pattern mapped by facility tier and dengue-prone state
282665,Punjab,Pathankot,district_center,5,168,2.712,1.06,0.92,0.19,India public literature pattern mapped by facility tier and dengue-prone state
284567,Punjab,Amritsar,urban_referral,21,168,4.251,1.06,1.16,0.16,India public literature pattern mapped by facility tier and dengue-prone state
27013,Punjab,Ludhiana,urban_referral,30,168,4.594,1.06,1.16,0.16,India public literature pattern mapped by facility tier and dengue-prone state
284203,Punjab,Patiala,district_center,11,168,3.405,1.06,0.92,0.19,India public literature pattern mapped by facility tier and dengue-prone state
27090,Punjab,Sahibzada Ajit Singh Nagar,district_center,13,168,3.559,1.06,0.92,0.19,India public literature pattern mapped by facility tier and dengue-prone state
283594,Punjab,Kapurthala,peripheral_center,4,168,2.289,1.06,0.68,0.24,India public literature pattern mapped by facility tier and dengue-prone state
27094,Punjab,Sahibzada Ajit Singh Nagar,urban_referral,13,168,5.185,1.06,1.16,0.16,India public literature pattern mapped by facility tier and dengue-prone state
283593,Punjab,Muktsar,peripheral_center,1,168,1.373,1.06,0.68,0.24,India public literature pattern mapped by facility tier and dengue-prone state
27095,Punjab,Ludhiana,urban_referral,30,168,7.367,1.06,1.16,0.16,India public literature pattern mapped by facility tier and dengue-prone state
27092,Punjab,Patiala,district_center,11,168,3.405,1.06,0.92,0.19,India public literature pattern mapped by facility tier and dengue-prone state
27093,Punjab,Amritsar,urban_referral,21,168,4.251,1.06,1.16,0.16,India public literature pattern mapped by facility tier and dengue-prone state
283590,Punjab,Sahibzada Ajit Singh Nagar,district_center,13,168,3.559,1.06,0.92,0.19,India public literature pattern mapped by facility tier and dengue-prone state
94149,Punjab,Patiala,district_center,11,168,3.405,1.06,0.92,0.19,India public literature pattern mapped by facility tier and dengue-prone state
285296,Punjab,Jalandhar,urban_referral,19,168,4.156,1.06,1.16,0.16,India public literature pattern mapped by facility tier and dengue-prone state
94148,Punjab,Sangrur,peripheral_center,4,168,2.289,1.06,0.68,0.24,India public literature pattern mapped by facility tier and dengue-prone state
94147,Punjab,Bathinda,district_center,13,168,3.559,1.06,0.92,0.19,India public literature pattern mapped by facility tier and dengue-prone state
94146,Punjab,Patiala,district_center,11,168,3.405,1.06,0.92,0.19,India public literature pattern mapped by facility tier and dengue-prone state
94141,Punjab,Moga,peripheral_center,3,168,2.066,1.06,0.68,0.24,India public literature pattern mapped by facility tier and dengue-prone state
94143,Punjab,Hoshiarpur,district_center,7,168,2.999,1.06,0.92,0.19,India public literature pattern mapped by facility tier and dengue-prone state
280756,Punjab,Jalandhar,urban_referral,19,168,4.156,1.06,1.16,0.16,India public literature pattern mapped by facility tier and dengue-prone state
284717,Punjab,Shahid Bhagat Singh Nagar,peripheral_center,3,168,2.066,1.06,0.68,0.24,India public literature pattern mapped by facility tier and dengue-prone state
283227,Punjab,Ludhiana,urban_referral,30,168,4.594,1.06,1.16,0.16,India public literature pattern mapped by facility tier and dengue-prone state
27103,Punjab,Jalandhar,urban_referral,19,168,4.156,1.06,1.16,0.16,India public literature pattern mapped by facility tier and dengue-prone state
283743,Punjab,Jalandhar,urban_referral,19,168,4.156,1.06,1.16,0.16,India public literature pattern mapped by facility tier and dengue-prone state
283500,Punjab,Pathankot,district_center,5,168,2.712,1.06,0.92,0.19,India public literature pattern mapped by facility tier and dengue-prone state
283586,Punjab,Jalandhar,urban_referral,19,168,4.156,1.06,1.16,0.16,India public literature pattern mapped by facility tier and dengue-prone state
27061,Punjab,Jalandhar,urban_referral,19,168,4.156,1.06,1.16,0.16,India public literature pattern mapped by facility tier and dengue-prone state
283341,Punjab,Patiala,district_center,11,168,3.405,1.06,0.92,0.19,India public literature pattern mapped by facility tier and dengue-prone state
27062,Punjab,Jalandhar,urban_referral,19,168,4.156,1.06,1.16,0.16,India public literature pattern mapped by facility tier and dengue-prone state
283581,Punjab,Sahibzada Ajit Singh Nagar,district_center,13,168,3.559,1.06,0.92,0.19,India public literature pattern mapped by facility tier and dengue-prone state
27060,Punjab,Sahibzada Ajit Singh Nagar,metro_tertiary_hub,13,168,7.866,1.06,1.42,0.13,India public literature pattern mapped by facility tier and dengue-prone state
284393,Punjab,Shahid Bhagat Singh Nagar,peripheral_center,3,168,2.066,1.06,0.68,0.24,India public literature pattern mapped by facility tier and dengue-prone state
94138,Punjab,Faridkot,district_center,5,168,2.712,1.06,0.92,0.19,India public literature pattern mapped by facility tier and dengue-prone state
94137,Punjab,Ludhiana,urban_referral,30,168,4.594,1.06,1.16,0.16,India public literature pattern mapped by facility tier and dengue-prone state
94136,Punjab,Kapurthala,peripheral_center,4,168,2.289,1.06,0.68,0.24,India public literature pattern mapped by facility tier and dengue-prone state
94135,Punjab,Ludhiana,urban_referral,30,168,4.594,1.06,1.16,0.16,India public literature pattern mapped by facility tier and dengue-prone state
285104,Punjab,Sangrur,peripheral_center,4,168,2.289,1.06,0.68,0.24,India public literature pattern mapped by facility tier and dengue-prone state
94139,Punjab,Malerkotla,peripheral_center,2,168,1.779,1.06,0.68,0.24,India public literature pattern mapped by facility tier and dengue-prone state
94130,Punjab,Firozpur,peripheral_center,3,168,2.066,1.06,0.68,0.24,India public literature pattern mapped by facility tier and dengue-prone state
285107,Punjab,Ludhiana,urban_referral,30,168,4.594,1.06,1.16,0.16,India public literature pattern mapped by facility tier and dengue-prone state
94134,Punjab,Hoshiarpur,urban_referral,7,168,5.637,1.06,1.16,0.16,India public literature pattern mapped by facility tier and dengue-prone state
94133,Punjab,Gurdaspur,district_center,6,168,2.866,1.06,0.92,0.19,India public literature pattern mapped by facility tier and dengue-prone state
283619,Punjab,Sangrur,peripheral_center,4,168,2.289,1.06,0.68,0.24,India public literature pattern mapped by facility tier and dengue-prone state
94131,Punjab,Fatehgarh Sahib,peripheral_center,3,168,2.066,1.06,0.68,0.24,India public literature pattern mapped by facility tier and dengue-prone state
27074,Punjab,Ludhiana,urban_referral,30,168,4.594,1.06,1.16,0.16,India public literature pattern mapped by facility tier and dengue-prone state
27078,Punjab,Amritsar,urban_referral,21,168,6.448,1.06,1.16,0.16,India public literature pattern mapped by facility tier and dengue-prone state
284424,Punjab,Ludhiana,urban_referral,30,168,4.594,1.06,1.16,0.16,India public literature pattern mapped by facility tier and dengue-prone state
283575,Punjab,Faridkot,district_center,5,168,2.712,1.06,0.92,0.19,India public literature pattern mapped by facility tier and dengue-prone state
283572,Punjab,Ludhiana,urban_referral,30,168,4.594,1.06,1.16,0.16,India public literature pattern mapped by facility tier and dengue-prone state
27072,Punjab,Ludhiana,urban_referral,30,168,5.287,1.06,1.16,0.16,India public literature pattern mapped by facility tier and dengue-prone state
283571,Punjab,Pathankot,district_center,5,168,2.712,1.06,0.92,0.19,India public literature pattern mapped by facility tier and dengue-prone state
283570,Punjab,Bathinda,district_center,13,168,3.559,1.06,0.92,0.19,India public literature pattern mapped by facility tier and dengue-prone state
283690,Punjab,Sahibzada Ajit Singh Nagar,district_center,13,168,3.559,1.06,0.92,0.19,India public literature pattern mapped by facility tier and dengue-prone state
284938,Punjab,Jalandhar,urban_referral,19,168,4.156,1.06,1.16,0.16,India public literature pattern mapped by facility tier and dengue-prone state
283329,Punjab,Jalandhar,urban_referral,19,168,4.156,1.06,1.16,0.16,India public literature pattern mapped by facility tier and dengue-prone state
283569,Punjab,Jalandhar,urban_referral,19,168,4.849,1.06,1.16,0.16,India public literature pattern mapped by facility tier and dengue-prone state
283689,Punjab,Jalandhar,urban_referral,19,168,4.156,1.06,1.16,0.16,India public literature pattern mapped by facility tier and dengue-prone state
283600,Punjab,Hoshiarpur,district_center,7,168,2.999,1.06,0.92,0.19,India public literature pattern mapped by facility tier and dengue-prone state
284810,Punjab,Bathinda,district_center,13,168,3.559,1.06,0.92,0.19,India public literature pattern mapped by facility tier and dengue-prone state
283204,Punjab,Rupnagar,district_center,6,168,2.866,1.06,0.92,0.19,India public literature pattern mapped by facility tier and dengue-prone state
27045,Punjab,Jalandhar,urban_referral,19,168,4.156,1.06,1.16,0.16,India public literature pattern mapped by facility tier and dengue-prone state
27046,Punjab,Gurdaspur,district_center,6,168,2.866,1.06,0.92,0.19,India public literature pattern mapped by facility tier and dengue-prone state
282597,Punjab,Amritsar,urban_referral,21,168,4.251,1.06,1.16,0.16,India public literature pattern mapped by facility tier and dengue-prone state
283322,Punjab,Amritsar,urban_referral,21,168,4.251,1.06,1.16,0.16,India public literature pattern mapped by facility tier and dengue-prone state
284770,Punjab,Malerkotla,peripheral_center,2,168,1.779,1.06,0.68,0.24,India public literature pattern mapped by facility tier and dengue-prone state
27040,Punjab,Jalandhar,urban_referral,19,168,4.156,1.06,1.16,0.16,India public literature pattern mapped by facility tier and dengue-prone state
93104,Punjab,Ludhiana,urban_referral,30,168,4.594,1.06,1.16,0.16,India public literature pattern mapped by facility tier and dengue-prone state
93103,Punjab,Rupnagar,district_center,6,168,2.866,1.06,0.92,0.19,India public literature pattern mapped by facility tier and dengue-prone state
94159,Punjab,Amritsar,urban_referral,21,168,4.251,1.06,1.16,0.16,India public literature pattern mapped by facility tier and dengue-prone state
93102,Punjab,Ludhiana,urban_referral,30,168,4.594,1.06,1.16,0.16,India public literature pattern mapped by facility tier and dengue-prone state
93101,Punjab,Gurdaspur,district_center,6,168,2.866,1.06,0.92,0.19,India public literature pattern mapped by facility tier and dengue-prone state
93108,Punjab,Bathinda,district_center,13,168,3.559,1.06,0.92,0.19,India public literature pattern mapped by facility tier and dengue-prone state
93107,Punjab,Sangrur,peripheral_center,4,168,2.289,1.06,0.68,0.24,India public literature pattern mapped by facility tier and dengue-prone state
93106,Punjab,Gurdaspur,district_center,6,168,2.866,1.06,0.92,0.19,India public literature pattern mapped by facility tier and dengue-prone state
93105,Punjab,Sahibzada Ajit Singh Nagar,district_center,13,168,3.559,1.06,0.92,0.19,India public literature pattern mapped by facility tier and dengue-prone state
94152,Punjab,Sahibzada Ajit Singh Nagar,metro_tertiary_hub,13,168,7.055,1.06,1.42,0.13,India public literature pattern mapped by facility tier and dengue-prone state
94151,Punjab,Ludhiana,urban_referral,30,168,4.594,1.06,1.16,0.16,India public literature pattern mapped by facility tier and dengue-prone state
280729,Punjab,Moga,urban_referral,3,168,4.156,1.06,1.16,0.16,India public literature pattern mapped by facility tier and dengue-prone state
94150,Punjab,Rupnagar,district_center,6,168,2.866,1.06,0.92,0.19,India public literature pattern mapped by facility tier and dengue-prone state
94156,Punjab,Barnala,peripheral_center,1,168,1.373,1.06,0.68,0.24,India public literature pattern mapped by facility tier and dengue-prone state
280727,Punjab,Patiala,metro_tertiary_hub,11,168,7.083,1.06,1.42,0.13,India public literature pattern mapped by facility tier and dengue-prone state
94155,Punjab,Tarn Taran,peripheral_center,4,168,2.289,1.06,0.68,0.24,India public literature pattern mapped by facility tier and dengue-prone state
94154,Punjab,Rupnagar,district_center,6,168,2.866,1.06,0.92,0.19,India public literature pattern mapped by facility tier and dengue-prone state
94153,Punjab,Fazilka,peripheral_center,2,168,1.779,1.06,0.68,0.24,India public literature pattern mapped by facility tier and dengue-prone state
27054,Punjab,Hoshiarpur,district_center,7,168,2.999,1.06,0.92,0.19,India public literature pattern mapped by facility tier and dengue-prone state
27053,Punjab,Jalandhar,urban_referral,19,168,4.156,1.06,1.16,0.16,India public literature pattern mapped by facility tier and dengue-prone state
27056,Punjab,Amritsar,urban_referral,21,168,5.86,1.06,1.16,0.16,India public literature pattern mapped by facility tier and dengue-prone state
284127,Punjab,Firozpur,peripheral_center,3,168,2.066,1.06,0.68,0.24,India public literature pattern mapped by facility tier and dengue-prone state
27057,Punjab,Hoshiarpur,district_center,7,168,2.999,1.06,0.92,0.19,India public literature pattern mapped by facility tier and dengue-prone state
283830,Punjab,Amritsar,urban_referral,21,168,4.251,1.06,1.16,0.16,India public literature pattern mapped by facility tier and dengue-prone state
282585,Punjab,Ludhiana,urban_referral,30,168,4.594,1.06,1.16,0.16,India public literature pattern mapped by facility tier and dengue-prone state
283433,Punjab,Jalandhar,metro_tertiary_hub,19,168,7.674,1.06,1.42,0.13,India public literature pattern mapped by facility tier and dengue-prone state
283399,Punjab,Patiala,metro_tertiary_hub,11,168,7.163,1.06,1.42,0.13,India public literature pattern mapped by facility tier and dengue-prone state
284883,Punjab,Faridkot,urban_referral,5,168,4.561,1.06,1.16,0.16,India public literature pattern mapped by facility tier and dengue-prone state
283431,Punjab,Ludhiana,urban_referral,30,168,4.594,1.06,1.16,0.16,India public literature pattern mapped by facility tier and dengue-prone state
284881,Punjab,Pathankot,district_center,5,168,2.712,1.06,0.92,0.19,India public literature pattern mapped by facility tier and dengue-prone state
284089,Punjab,Bathinda,urban_referral,13,168,5.408,1.06,1.16,0.16,India public literature pattern mapped by facility tier and dengue-prone state
27051,Punjab,Jalandhar,urban_referral,19,168,6.795,1.06,1.16,0.16,India public literature pattern mapped by facility tier and dengue-prone state
283670,Punjab,Rupnagar,district_center,6,168,2.866,1.06,0.92,0.19,India public literature pattern mapped by facility tier and dengue-prone state
284120,Punjab,Fazilka,peripheral_center,2,168,1.779,1.06,0.68,0.24,India public literature pattern mapped by facility tier and dengue-prone state
285133,Punjab,Ludhiana,metro_tertiary_hub,30,168,7.85,1.06,1.42,0.13,India public literature pattern mapped by facility tier and dengue-prone state
282739,Punjab,Amritsar,urban_referral,21,168,4.251,1.06,1.16,0.16,India public literature pattern mapped by facility tier and dengue-prone state
282736,Punjab,Moga,urban_referral,3,168,4.492,1.06,1.16,0.16,India public literature pattern mapped by facility tier and dengue-prone state
283825,Punjab,Mansa,peripheral_center,2,168,1.779,1.06,0.68,0.24,India public literature pattern mapped by facility tier and dengue-prone state
283667,Punjab,Amritsar,urban_referral,21,168,4.251,1.06,1.16,0.16,India public literature pattern mapped by facility tier and dengue-prone state
280310,Punjab,Tarn Taran,peripheral_center,4,168,2.289,1.06,0.68,0.24,India public literature pattern mapped by facility tier and dengue-prone state
283666,Punjab,Amritsar,urban_referral,21,168,4.251,1.06,1.16,0.16,India public literature pattern mapped by facility tier and dengue-prone state
284511,Punjab,Amritsar,urban_referral,21,168,4.251,1.06,1.16,0.16,India public literature pattern mapped by facility tier and dengue-prone state
284079,Punjab,Fatehgarh Sahib,peripheral_center,3,168,2.066,1.06,0.68,0.24,India public literature pattern mapped by facility tier and dengue-prone state
281484,Punjab,Ludhiana,urban_referral,30,168,4.594,1.06,1.16,0.16,India public literature pattern mapped by facility tier and dengue-prone state
283781,Punjab,Bathinda,urban_referral,13,168,6.632,1.06,1.16,0.16,India public literature pattern mapped by facility tier and dengue-prone state
283140,Punjab,Ludhiana,urban_referral,30,168,5.693,1.06,1.16,0.16,India public literature pattern mapped by facility tier and dengue-prone state
284909,Punjab,Gurdaspur,district_center,6,168,2.866,1.06,0.92,0.19,India public literature pattern mapped by facility tier and dengue-prone state
280829,Punjab,Ludhiana,urban_referral,30,168,4.594,1.06,1.16,0.16,India public literature pattern mapped by facility tier and dengue-prone state
285307,Punjab,Bathinda,district_center,13,168,3.559,1.06,0.92,0.19,India public literature pattern mapped by facility tier and dengue-prone state
280309,Punjab,Sahibzada Ajit Singh Nagar,metro_tertiary_hub,13,168,7.104,1.06,1.42,0.13,India public literature pattern mapped by facility tier and dengue-prone state
94177,Punjab,Bathinda,metro_tertiary_hub,13,168,8.029,1.06,1.42,0.13,India public literature pattern mapped by facility tier and dengue-prone state
280308,Punjab,Sahibzada Ajit Singh Nagar,urban_referral,13,168,5.996,1.06,1.16,0.16,India public literature pattern mapped by facility tier and dengue-prone state
27032,Punjab,Shahid Bhagat Singh Nagar,peripheral_center,3,168,2.066,1.06,0.68,0.24,India public literature pattern mapped by facility tier and dengue-prone state
282602,Punjab,Ludhiana,urban_referral,30,168,4.594,1.06,1.16,0.16,India public literature pattern mapped by facility tier and dengue-prone state
27036,Punjab,Jalandhar,urban_referral,19,168,4.156,1.06,1.16,0.16,India public literature pattern mapped by facility tier and dengue-prone state
283655,Punjab,Bathinda,district_center,13,168,3.559,1.06,0.92,0.19,India public literature pattern mapped by facility tier and dengue-prone state
284863,Punjab,Fatehgarh Sahib,peripheral_center,3,168,2.066,1.06,0.68,0.24,India public literature pattern mapped by facility tier and dengue-prone state
284346,Punjab,Sahibzada Ajit Singh Nagar,metro_tertiary_hub,13,168,7.697,1.06,1.42,0.13,India public literature pattern mapped by facility tier and dengue-prone state
283770,Punjab,Firozpur,urban_referral,3,168,4.338,1.06,1.16,0.16,India public literature pattern mapped by facility tier and dengue-prone state
285313,Rajasthan,Sikar,district_center,14,300,3.628,1.166,0.92,0.19,India public literature pattern mapped by facility tier and dengue-prone state
28055,Rajasthan,Jaipur,metro_tertiary_hub,74,300,7.124,1.166,1.42,0.13,India public literature pattern mapped by facility tier and dengue-prone state
28056,Rajasthan,Ajmer,district_center,12,300,3.485,1.166,0.92,0.19,India public literature pattern mapped by facility tier and dengue-prone state
282956,Rajasthan,Bharatpur,district_center,13,300,3.559,1.166,0.92,0.19,India public literature pattern mapped by facility tier and dengue-prone state
28053,Rajasthan,Jaipur,metro_tertiary_hub,74,300,10.192,1.166,1.42,0.13,India public literature pattern mapped by facility tier and dengue-prone state
282953,Rajasthan,Baran,peripheral_center,3,300,2.066,1.166,0.68,0.24,India public literature pattern mapped by facility tier and dengue-prone state
28058,Rajasthan,Jodhpur,district_center,12,300,3.485,1.166,0.92,0.19,India public literature pattern mapped by facility tier and dengue-prone state
283367,Rajasthan,Jalor,district_center,5,300,2.712,1.166,0.92,0.19,India public literature pattern mapped by facility tier and dengue-prone state
284575,Rajasthan,Jodhpur,district_center,12,300,3.485,1.166,0.92,0.19,India public literature pattern mapped by facility tier and dengue-prone state
282397,Rajasthan,Kota,urban_referral,15,300,3.933,1.166,1.16,0.16,India public literature pattern mapped by facility tier and dengue-prone state
283363,Rajasthan,Jaipur,metro_tertiary_hub,74,300,9.499,1.166,1.42,0.13,India public literature pattern mapped by facility tier and dengue-prone state
283361,Rajasthan,Jaipur,metro_tertiary_hub,74,300,5.737,1.166,1.42,0.13,India public literature pattern mapped by facility tier and dengue-prone state
283360,Rajasthan,Jodhpur,district_center,12,300,3.485,1.166,0.92,0.19,India public literature pattern mapped by facility tier and dengue-prone state
28050,Rajasthan,Alwar,urban_referral,13,300,5.745,1.166,1.16,0.16,India public literature pattern mapped by facility tier and dengue-prone state
283914,Rajasthan,Sikar,district_center,14,300,3.628,1.166,0.92,0.19,India public literature pattern mapped by facility tier and dengue-prone state
280404,Rajasthan,Jaipur,metro_tertiary_hub,74,300,5.737,1.166,1.42,0.13,India public literature pattern mapped by facility tier and dengue-prone state
28066,Rajasthan,Jaipur,metro_tertiary_hub,74,300,5.737,1.166,1.42,0.13,India public literature pattern mapped by facility tier and dengue-prone state
28067,Rajasthan,Kota,metro_tertiary_hub,15,300,7.188,1.166,1.42,0.13,India public literature pattern mapped by facility tier and dengue-prone state
280402,Rajasthan,Jaipur,metro_tertiary_hub,74,300,9.07,1.166,1.42,0.13,India public literature pattern mapped by facility tier and dengue-prone state
28064,Rajasthan,Bikaner,district_center,7,300,2.999,1.166,0.92,0.19,India public literature pattern mapped by facility tier and dengue-prone state
28065,Rajasthan,Ajmer,district_center,12,300,3.485,1.166,0.92,0.19,India public literature pattern mapped by facility tier and dengue-prone state
280403,Rajasthan,Jaipur,metro_tertiary_hub,74,300,5.737,1.166,1.42,0.13,India public literature pattern mapped by facility tier and dengue-prone state
280400,Rajasthan,Jaipur,metro_tertiary_hub,74,300,5.737,1.166,1.42,0.13,India public literature pattern mapped by facility tier and dengue-prone state
284569,Rajasthan,Dhaulpur,peripheral_center,3,300,2.066,1.166,0.68,0.24,India public literature pattern mapped by facility tier and dengue-prone state
282389,Rajasthan,Kota,urban_referral,15,300,3.933,1.166,1.16,0.16,India public literature pattern mapped by facility tier and dengue-prone state
28068,Rajasthan,Dausa,district_center,6,300,2.866,1.166,0.92,0.19,India public literature pattern mapped by facility tier and dengue-prone state
284205,Rajasthan,Jaipur,metro_tertiary_hub,74,300,5.737,1.166,1.42,0.13,India public literature pattern mapped by facility tier and dengue-prone state
284326,Rajasthan,Jaipur,metro_tertiary_hub,74,300,5.737,1.166,1.42,0.13,India public literature pattern mapped by facility tier and dengue-prone state
28069,Rajasthan,Phalodi,peripheral_center,2,300,1.779,1.166,0.68,0.24,India public literature pattern mapped by facility tier and dengue-prone state
284323,Rajasthan,Nagaur,district_center,7,300,2.999,1.166,0.92,0.19,India public literature pattern mapped by facility tier and dengue-prone state
284563,Rajasthan,Jodhpur,district_center,12,300,3.485,1.166,0.92,0.19,India public literature pattern mapped by facility tier and dengue-prone state
283595,Rajasthan,Bikaner,metro_tertiary_hub,7,300,7.894,1.166,1.42,0.13,India public literature pattern mapped by facility tier and dengue-prone state
28062,Rajasthan,Jhunjhunun,district_center,11,300,3.405,1.166,0.92,0.19,India public literature pattern mapped by facility tier and dengue-prone state
28063,Rajasthan,Sikar,district_center,14,300,3.628,1.166,0.92,0.19,India public literature pattern mapped by facility tier and dengue-prone state
283471,Rajasthan,Rajsamand,peripheral_center,4,300,2.289,1.166,0.68,0.24,India public literature pattern mapped by facility tier and dengue-prone state
28060,Rajasthan,Bhilwara,district_center,6,300,2.866,1.166,0.92,0.19,India public literature pattern mapped by facility tier and dengue-prone state
28061,Rajasthan,Jaipur,metro_tertiary_hub,74,300,9.203,1.166,1.42,0.13,India public literature pattern mapped by facility tier and dengue-prone state
285211,Rajasthan,Sawai Madhopur,district_center,6,300,2.866,1.166,0.92,0.19,India public literature pattern mapped by facility tier and dengue-prone state
28039,Rajasthan,Jaisalmer,peripheral_center,1,300,1.373,1.166,0.68,0.24,India public literature pattern mapped by facility tier and dengue-prone state
28033,Rajasthan,Dungarpur,metro_tertiary_hub,4,300,6.248,1.166,1.42,0.13,India public literature pattern mapped by facility tier and dengue-prone state
28034,Rajasthan,Kota,urban_referral,15,300,3.933,1.166,1.16,0.16,India public literature pattern mapped by facility tier and dengue-prone state
28032,Rajasthan,Jaipur,metro_tertiary_hub,74,300,5.737,1.166,1.42,0.13,India public literature pattern mapped by facility tier and dengue-prone state
284317,Rajasthan,Jaipur,metro_tertiary_hub,74,300,5.737,1.166,1.42,0.13,India public literature pattern mapped by facility tier and dengue-prone state
28037,Rajasthan,Chittaurgarh,urban_referral,6,300,4.715,1.166,1.16,0.16,India public literature pattern mapped by facility tier and dengue-prone state
284438,Rajasthan,Nagaur,district_center,7,300,2.999,1.166,0.92,0.19,India public literature pattern mapped by facility tier and dengue-prone state
28038,Rajasthan,Pratapgarh,peripheral_center,2,300,1.779,1.166,0.68,0.24,India public literature pattern mapped by facility tier and dengue-prone state
284436,Rajasthan,Jaipur,metro_tertiary_hub,74,300,5.737,1.166,1.42,0.13,India public literature pattern mapped by facility tier and dengue-prone state
28035,Rajasthan,Nagaur,district_center,7,300,2.999,1.166,0.92,0.19,India public literature pattern mapped by facility tier and dengue-prone state
28036,Rajasthan,Sikar,urban_referral,14,300,6.065,1.166,1.16,0.16,India public literature pattern mapped by facility tier and dengue-prone state
283344,Rajasthan,Jalor,urban_referral,5,300,5.437,1.166,1.16,0.16,India public literature pattern mapped by facility tier and dengue-prone state
283584,Rajasthan,Jaipur,metro_tertiary_hub,74,300,5.737,1.166,1.42,0.13,India public literature pattern mapped by facility tier and dengue-prone state
284430,Rajasthan,Ganganagar,district_center,13,300,3.559,1.166,0.92,0.19,India public literature pattern mapped by facility tier and dengue-prone state
283461,Rajasthan,Nagaur,district_center,7,300,2.999,1.166,0.92,0.19,India public literature pattern mapped by facility tier and dengue-prone state
285108,Rajasthan,Didwana-Kuchaman,peripheral_center,3,300,2.066,1.166,0.68,0.24,India public literature pattern mapped by facility tier and dengue-prone state
28044,Rajasthan,Churu,district_center,6,300,2.866,1.166,0.92,0.19,India public literature pattern mapped by facility tier and dengue-prone state
28045,Rajasthan,Hanumangarh,metro_tertiary_hub,8,300,6.875,1.166,1.42,0.13,India public literature pattern mapped by facility tier and dengue-prone state
28042,Rajasthan,Barmer,urban_referral,1,300,4.492,1.166,1.16,0.16,India public literature pattern mapped by facility tier and dengue-prone state
284429,Rajasthan,Jaipur,metro_tertiary_hub,74,300,5.737,1.166,1.42,0.13,India public literature pattern mapped by facility tier and dengue-prone state
28043,Rajasthan,Jhunjhunun,urban_referral,11,300,5.947,1.166,1.16,0.16,India public literature pattern mapped by facility tier and dengue-prone state
28048,Rajasthan,Bharatpur,district_center,13,300,3.559,1.166,0.92,0.19,India public literature pattern mapped by facility tier and dengue-prone state
284427,Rajasthan,Hanumangarh,district_center,8,300,3.117,1.166,0.92,0.19,India public literature pattern mapped by facility tier and dengue-prone state
284547,Rajasthan,Kotputli-Behror,peripheral_center,3,300,2.066,1.166,0.68,0.24,India public literature pattern mapped by facility tier and dengue-prone state
28049,Rajasthan,Jaipur,metro_tertiary_hub,74,300,9.65,1.166,1.42,0.13,India public literature pattern mapped by facility tier and dengue-prone state
28046,Rajasthan,Ganganagar,district_center,13,300,3.559,1.166,0.92,0.19,India public literature pattern mapped by facility tier and dengue-prone state
284423,Rajasthan,Ajmer,district_center,12,300,3.485,1.166,0.92,0.19,India public literature pattern mapped by facility tier and dengue-prone state
284300,Rajasthan,Alwar,district_center,13,300,3.559,1.166,0.92,0.19,India public literature pattern mapped by facility tier and dengue-prone state
284784,Rajasthan,Baran,peripheral_center,3,300,2.066,1.166,0.68,0.24,India public literature pattern mapped by facility tier and dengue-prone state
282361,Rajasthan,Karauli,district_center,6,300,2.866,1.166,0.92,0.19,India public literature pattern mapped by facility tier and dengue-prone state
28040,Rajasthan,Baran,urban_referral,3,300,5.491,1.166,1.16,0.16,India public literature pattern mapped by facility tier and dengue-prone state
283450,Rajasthan,Sirohi,peripheral_center,2,300,1.779,1.166,0.68,0.24,India public literature pattern mapped by facility tier and dengue-prone state
285079,Rajasthan,Sikar,district_center,14,300,3.628,1.166,0.92,0.19,India public literature pattern mapped by facility tier and dengue-prone state
28019,Rajasthan,Bhilwara,district_center,6,300,2.866,1.166,0.92,0.19,India public literature pattern mapped by facility tier and dengue-prone state
28018,Rajasthan,Ajmer,metro_tertiary_hub,12,300,7.814,1.166,1.42,0.13,India public literature pattern mapped by facility tier and dengue-prone state
283607,Rajasthan,Ajmer,district_center,12,300,3.485,1.166,0.92,0.19,India public literature pattern mapped by facility tier and dengue-prone state
28011,Rajasthan,Pali,metro_tertiary_hub,6,300,6.698,1.166,1.42,0.13,India public literature pattern mapped by facility tier and dengue-prone state
283605,Rajasthan,Karauli,district_center,6,300,2.866,1.166,0.92,0.19,India public literature pattern mapped by facility tier and dengue-prone state
28012,Rajasthan,Alwar,metro_tertiary_hub,13,300,7.104,1.166,1.42,0.13,India public literature pattern mapped by facility tier and dengue-prone state
282514,Rajasthan,Chittaurgarh,district_center,6,300,2.866,1.166,0.92,0.19,India public literature pattern mapped by facility tier and dengue-prone state
284935,Rajasthan,Jaipur,metro_tertiary_hub,74,300,5.737,1.166,1.42,0.13,India public literature pattern mapped by facility tier and dengue-prone state
283603,Rajasthan,Kota,urban_referral,15,300,3.933,1.166,1.16,0.16,India public literature pattern mapped by facility tier and dengue-prone state
28010,Rajasthan,Ajmer,urban_referral,12,300,6.669,1.166,1.16,0.16,India public literature pattern mapped by facility tier and dengue-prone state
282512,Rajasthan,Chittaurgarh,district_center,6,300,2.866,1.166,0.92,0.19,India public literature pattern mapped by facility tier and dengue-prone state
28016,Rajasthan,Sirohi,peripheral_center,2,300,1.779,1.166,0.68,0.24,India public literature pattern mapped by facility tier and dengue-prone state
28013,Rajasthan,Dhaulpur,peripheral_center,3,300,2.066,1.166,0.68,0.24,India public literature pattern mapped by facility tier and dengue-prone state
28014,Rajasthan,Bharatpur,urban_referral,13,300,5.745,1.166,1.16,0.16,India public literature pattern mapped by facility tier and dengue-prone state
284134,Rajasthan,Jodhpur,district_center,12,300,3.485,1.166,0.92,0.19,India public literature pattern mapped by facility tier and dengue-prone state
284494,Rajasthan,Beawar,peripheral_center,1,300,1.373,1.166,0.68,0.24,India public literature pattern mapped by facility tier and dengue-prone state
284252,Rajasthan,Jhunjhunun,district_center,11,300,3.405,1.166,0.92,0.19,India public literature pattern mapped by facility tier and dengue-prone state
285086,Rajasthan,Kota,urban_referral,15,300,3.933,1.166,1.16,0.16,India public literature pattern mapped by facility tier and dengue-prone state
285087,Rajasthan,Jaipur,metro_tertiary_hub,74,300,5.737,1.166,1.42,0.13,India public literature pattern mapped by facility tier and dengue-prone state
28028,Rajasthan,Ajmer,district_center,12,300,3.485,1.166,0.92,0.19,India public literature pattern mapped by facility tier and dengue-prone state
283719,Rajasthan,Ganganagar,district_center,13,300,3.559,1.166,0.92,0.19,India public literature pattern mapped by facility tier and dengue-prone state
283716,Rajasthan,Jaipur,metro_tertiary_hub,74,300,5.737,1.166,1.42,0.13,India public literature pattern mapped by facility tier and dengue-prone state
284805,Rajasthan,Ganganagar,district_center,13,300,3.559,1.166,0.92,0.19,India public literature pattern mapped by facility tier and dengue-prone state
28022,Rajasthan,Jaipur,metro_tertiary_hub,74,300,9.293,1.166,1.42,0.13,India public literature pattern mapped by facility tier and dengue-prone state
28023,Rajasthan,Tonk,peripheral_center,4,300,2.289,1.166,0.68,0.24,India public literature pattern mapped by facility tier and dengue-prone state
283836,Rajasthan,Jodhpur,district_center,12,300,3.485,1.166,0.92,0.19,India public literature pattern mapped by facility tier and dengue-prone state
28020,Rajasthan,Churu,urban_referral,6,300,5.504,1.166,1.16,0.16,India public literature pattern mapped by facility tier and dengue-prone state
28026,Rajasthan,Ganganagar,district_center,13,300,3.559,1.166,0.92,0.19,India public literature pattern mapped by facility tier and dengue-prone state
283712,Rajasthan,Jaipur,metro_tertiary_hub,74,300,5.737,1.166,1.42,0.13,India public literature pattern mapped by facility tier and dengue-prone state
28027,Rajasthan,Sawai Madhopur,district_center,6,300,2.866,1.166,0.92,0.19,India public literature pattern mapped by facility tier and dengue-prone state
28024,Rajasthan,Banswara,peripheral_center,3,300,2.066,1.166,0.68,0.24,India public literature pattern mapped by facility tier and dengue-prone state
283831,Rajasthan,Jhunjhunun,district_center,11,300,3.405,1.166,0.92,0.19,India public literature pattern mapped by facility tier and dengue-prone state
284249,Rajasthan,Nagaur,district_center,7,300,2.999,1.166,0.92,0.19,India public literature pattern mapped by facility tier and dengue-prone state
284247,Rajasthan,Jaipur,metro_tertiary_hub,74,300,5.737,1.166,1.42,0.13,India public literature pattern mapped by facility tier and dengue-prone state
285092,Rajasthan,Jaipur,metro_tertiary_hub,74,300,5.737,1.166,1.42,0.13,India public literature pattern mapped by facility tier and dengue-prone state
284365,Rajasthan,Bikaner,district_center,7,300,3.693,1.166,0.92,0.19,India public literature pattern mapped by facility tier and dengue-prone state
284242,Rajasthan,Jaipur,metro_tertiary_hub,74,300,6.431,1.166,1.42,0.13,India public literature pattern mapped by facility tier and dengue-prone state
284241,Rajasthan,Alwar,district_center,13,300,3.559,1.166,0.92,0.19,India public literature pattern mapped by facility tier and dengue-prone state
284240,Rajasthan,Bikaner,district_center,7,300,2.999,1.166,0.92,0.19,India public literature pattern mapped by facility tier and dengue-prone state
285098,Rajasthan,Banswara,peripheral_center,3,300,2.066,1.166,0.68,0.24,India public literature pattern mapped by facility tier and dengue-prone state
283390,Rajasthan,Didwana-Kuchaman,peripheral_center,3,300,2.066,1.166,0.68,0.24,India public literature pattern mapped by facility tier and dengue-prone state
283707,Rajasthan,Jaipur,metro_tertiary_hub,74,300,5.737,1.166,1.42,0.13,India public literature pattern mapped by facility tier and dengue-prone state
283703,Rajasthan,Khairthal-Tijara,peripheral_center,3,300,2.066,1.166,0.68,0.24,India public literature pattern mapped by facility tier and dengue-prone state
283702,Rajasthan,Ajmer,district_center,12,300,3.485,1.166,0.92,0.19,India public literature pattern mapped by facility tier and dengue-prone state
283944,Rajasthan,Churu,district_center,6,300,2.866,1.166,0.92,0.19,India public literature pattern mapped by facility tier and dengue-prone state
284912,Rajasthan,Jaipur,metro_tertiary_hub,74,300,7.935,1.166,1.42,0.13,India public literature pattern mapped by facility tier and dengue-prone state
280557,Rajasthan,Udaipur,urban_referral,7,300,5.878,1.166,1.16,0.16,India public literature pattern mapped by facility tier and dengue-prone state
284911,Rajasthan,Jaipur,metro_tertiary_hub,74,300,8.135,1.166,1.42,0.13,India public literature pattern mapped by facility tier and dengue-prone state
283701,Rajasthan,Khairthal-Tijara,peripheral_center,3,300,2.066,1.166,0.68,0.24,India public literature pattern mapped by facility tier and dengue-prone state
282974,Rajasthan,Karauli,district_center,6,300,2.866,1.166,0.92,0.19,India public literature pattern mapped by facility tier and dengue-prone state
284118,Rajasthan,Jhunjhunun,district_center,11,300,3.405,1.166,0.92,0.19,India public literature pattern mapped by facility tier and dengue-prone state
284238,Rajasthan,Jaipur,metro_tertiary_hub,74,300,5.737,1.166,1.42,0.13,India public literature pattern mapped by facility tier and dengue-prone state
282972,Rajasthan,Karauli,district_center,6,300,2.866,1.166,0.92,0.19,India public literature pattern mapped by facility tier and dengue-prone state
284237,Rajasthan,Chittaurgarh,district_center,6,300,2.866,1.166,0.92,0.19,India public literature pattern mapped by facility tier and dengue-prone state
283388,Rajasthan,Jhalawar,district_center,5,300,2.712,1.166,0.92,0.19,India public literature pattern mapped by facility tier and dengue-prone state
283387,Rajasthan,Jhalawar,district_center,5,300,2.712,1.166,0.92,0.19,India public literature pattern mapped by facility tier and dengue-prone state
283386,Rajasthan,Kota,urban_referral,15,300,6.766,1.166,1.16,0.16,India public literature pattern mapped by facility tier and dengue-prone state
283385,Rajasthan,Ganganagar,district_center,13,300,3.559,1.166,0.92,0.19,India public literature pattern mapped by facility tier and dengue-prone state
284594,Rajasthan,Hanumangarh,district_center,8,300,3.117,1.166,0.92,0.19,India public literature pattern mapped by facility tier and dengue-prone state
283382,Rajasthan,Jaipur,metro_tertiary_hub,74,300,5.737,1.166,1.42,0.13,India public literature pattern mapped by facility tier and dengue-prone state
283381,Rajasthan,Jaipur,metro_tertiary_hub,74,300,5.737,1.166,1.42,0.13,India public literature pattern mapped by facility tier and dengue-prone state
285300,Rajasthan,Sawai Madhopur,district_center,6,300,2.866,1.166,0.92,0.19,India public literature pattern mapped by facility tier and dengue-prone state
28008,Rajasthan,Jodhpur,metro_tertiary_hub,12,300,8.539,1.166,1.42,0.13,India public literature pattern mapped by facility tier and dengue-prone state
28009,Rajasthan,Jodhpur,metro_tertiary_hub,12,300,7.596,1.166,1.42,0.13,India public literature pattern mapped by facility tier and dengue-prone state
28006,Rajasthan,Jodhpur,metro_tertiary_hub,12,300,8.248,1.166,1.42,0.13,India public literature pattern mapped by facility tier and dengue-prone state
285306,Rajasthan,Hanumangarh,district_center,8,300,3.81,1.166,0.92,0.19,India public literature pattern mapped by facility tier and dengue-prone state
28007,Rajasthan,Bundi,urban_referral,2,300,5.092,1.166,1.16,0.16,India public literature pattern mapped by facility tier and dengue-prone state
283938,Rajasthan,Jhunjhunun,district_center,11,300,3.405,1.166,0.92,0.19,India public literature pattern mapped by facility tier and dengue-prone state
28001,Rajasthan,Udaipur,metro_tertiary_hub,7,300,6.965,1.166,1.42,0.13,India public literature pattern mapped by facility tier and dengue-prone state
282966,Rajasthan,Jhunjhunun,district_center,11,300,3.405,1.166,0.92,0.19,India public literature pattern mapped by facility tier and dengue-prone state
28004,Rajasthan,Jaipur,metro_tertiary_hub,74,300,8.04,1.166,1.42,0.13,India public literature pattern mapped by facility tier and dengue-prone state
28005,Rajasthan,Jaipur,metro_tertiary_hub,74,300,6.836,1.166,1.42,0.13,India public literature pattern mapped by facility tier and dengue-prone state
28002,Rajasthan,Jaipur,metro_tertiary_hub,74,300,9.588,1.166,1.42,0.13,India public literature pattern mapped by facility tier and dengue-prone state
28003,Rajasthan,Jaipur,metro_tertiary_hub,74,300,5.737,1.166,1.42,0.13,India public literature pattern mapped by facility tier and dengue-prone state
284226,Rajasthan,Nagaur,district_center,7,300,2.999,1.166,0.92,0.19,India public literature pattern mapped by facility tier and dengue-prone state
284225,Rajasthan,Hanumangarh,district_center,8,300,3.117,1.166,0.92,0.19,India public literature pattern mapped by facility tier and dengue-prone state
284224,Rajasthan,Tonk,peripheral_center,4,300,2.289,1.166,0.68,0.24,India public literature pattern mapped by facility tier and dengue-prone state
283376,Rajasthan,Dausa,district_center,6,300,2.866,1.166,0.92,0.19,India public literature pattern mapped by facility tier and dengue-prone state
284221,Rajasthan,Pali,district_center,6,300,2.866,1.166,0.92,0.19,India public literature pattern mapped by facility tier and dengue-prone state
283371,Rajasthan,Kota,urban_referral,15,300,3.933,1.166,1.16,0.16,India public literature pattern mapped by facility tier and dengue-prone state
283407,Rajasthan,Jaipur,metro_tertiary_hub,74,300,5.737,1.166,1.42,0.13,India public literature pattern mapped by facility tier and dengue-prone state
283769,Rajasthan,Jhunjhunun,district_center,11,300,3.405,1.166,0.92,0.19,India public literature pattern mapped by facility tier and dengue-prone state
283647,Rajasthan,Jaipur,metro_tertiary_hub,74,300,6.836,1.166,1.42,0.13,India public literature pattern mapped by facility tier and dengue-prone state
283888,Rajasthan,Jhunjhunun,district_center,11,300,3.405,1.166,0.92,0.19,India public literature pattern mapped by facility tier and dengue-prone state
284975,Rajasthan,Karauli,district_center,6,300,2.866,1.166,0.92,0.19,India public literature pattern mapped by facility tier and dengue-prone state
284854,Rajasthan,Ganganagar,district_center,13,300,3.559,1.166,0.92,0.19,India public literature pattern mapped by facility tier and dengue-prone state
283641,Rajasthan,Jaipur,metro_tertiary_hub,74,300,5.737,1.166,1.42,0.13,India public literature pattern mapped by facility tier and dengue-prone state
284179,Rajasthan,Khairthal-Tijara,peripheral_center,3,300,2.066,1.166,0.68,0.24,India public literature pattern mapped by facility tier and dengue-prone state
282430,Rajasthan,Sikar,district_center,14,300,3.628,1.166,0.92,0.19,India public literature pattern mapped by facility tier and dengue-prone state
284175,Rajasthan,Jaipur,metro_tertiary_hub,74,300,5.737,1.166,1.42,0.13,India public literature pattern mapped by facility tier and dengue-prone state
284171,Rajasthan,Jaipur,metro_tertiary_hub,74,300,8.04,1.166,1.42,0.13,India public literature pattern mapped by facility tier and dengue-prone state
285168,Rajasthan,Kota,urban_referral,15,300,3.933,1.166,1.16,0.16,India public literature pattern mapped by facility tier and dengue-prone state
282429,Rajasthan,Bikaner,district_center,7,300,2.999,1.166,0.92,0.19,India public literature pattern mapped by facility tier and dengue-prone state
283517,Rajasthan,Banswara,peripheral_center,3,300,2.066,1.166,0.68,0.24,India public literature pattern mapped by facility tier and dengue-prone state
28100,Rajasthan,Bikaner,district_center,7,300,2.999,1.166,0.92,0.19,India public literature pattern mapped by facility tier and dengue-prone state
283998,Rajasthan,Pratapgarh,peripheral_center,2,300,1.779,1.166,0.68,0.24,India public literature pattern mapped by facility tier and dengue-prone state
283755,Rajasthan,Dungarpur,peripheral_center,4,300,2.289,1.166,0.68,0.24,India public literature pattern mapped by facility tier and dengue-prone state
283634,Rajasthan,Chittaurgarh,urban_referral,6,300,4.898,1.166,1.16,0.16,India public literature pattern mapped by facility tier and dengue-prone state
283633,Rajasthan,Alwar,urban_referral,13,300,6.197,1.166,1.16,0.16,India public literature pattern mapped by facility tier and dengue-prone state
283632,Rajasthan,Jaipur,metro_tertiary_hub,74,300,5.737,1.166,1.42,0.13,India public literature pattern mapped by facility tier and dengue-prone state
280240,Rajasthan,Jodhpur,district_center,12,300,3.485,1.166,0.92,0.19,India public literature pattern mapped by facility tier and dengue-prone state
280241,Rajasthan,Kota,metro_tertiary_hub,15,300,7.594,1.166,1.42,0.13,India public literature pattern mapped by facility tier and dengue-prone state
284287,Rajasthan,Jaipur,metro_tertiary_hub,74,300,5.737,1.166,1.42,0.13,India public literature pattern mapped by facility tier and dengue-prone state
285054,Rajasthan,Dausa,district_center,6,300,2.866,1.166,0.92,0.19,India public literature pattern mapped by facility tier and dengue-prone state
283072,Rajasthan,Sawai Madhopur,district_center,6,300,2.866,1.166,0.92,0.19,India public literature pattern mapped by facility tier and dengue-prone state
283071,Rajasthan,Rajsamand,peripheral_center,4,300,2.289,1.166,0.68,0.24,India public literature pattern mapped by facility tier and dengue-prone state
283070,Rajasthan,Didwana-Kuchaman,peripheral_center,3,300,2.066,1.166,0.68,0.24,India public literature pattern mapped by facility tier and dengue-prone state
98107,Rajasthan,Dhaulpur,peripheral_center,3,300,2.066,1.166,0.68,0.24,India public literature pattern mapped by facility tier and dengue-prone state
98106,Rajasthan,Ganganagar,urban_referral,13,300,5.878,1.166,1.16,0.16,India public literature pattern mapped by facility tier and dengue-prone state
98103,Rajasthan,Jaipur,metro_tertiary_hub,74,300,5.737,1.166,1.42,0.13,India public literature pattern mapped by facility tier and dengue-prone state
98104,Rajasthan,Kota,metro_tertiary_hub,15,300,7.56,1.166,1.42,0.13,India public literature pattern mapped by facility tier and dengue-prone state
283629,Rajasthan,Bharatpur,district_center,13,300,3.559,1.166,0.92,0.19,India public literature pattern mapped by facility tier and dengue-prone state
280239,Rajasthan,Ajmer,district_center,12,300,3.485,1.166,0.92,0.19,India public literature pattern mapped by facility tier and dengue-prone state
283627,Rajasthan,Bharatpur,district_center,13,300,3.559,1.166,0.92,0.19,India public literature pattern mapped by facility tier and dengue-prone state
282539,Rajasthan,Jaipur,metro_tertiary_hub,74,300,8.956,1.166,1.42,0.13,India public literature pattern mapped by facility tier and dengue-prone state
280237,Rajasthan,Ajmer,district_center,12,300,3.485,1.166,0.92,0.19,India public literature pattern mapped by facility tier and dengue-prone state
283626,Rajasthan,Hanumangarh,urban_referral,8,300,4.744,1.166,1.16,0.16,India public literature pattern mapped by facility tier and dengue-prone state
284836,Rajasthan,Jaipur,metro_tertiary_hub,74,300,5.737,1.166,1.42,0.13,India public literature pattern mapped by facility tier and dengue-prone state
284712,Rajasthan,Jaipur,metro_tertiary_hub,74,300,5.737,1.166,1.42,0.13,India public literature pattern mapped by facility tier and dengue-prone state
283623,Rajasthan,Rajsamand,urban_referral,4,300,4.379,1.166,1.16,0.16,India public literature pattern mapped by facility tier and dengue-prone state
283621,Rajasthan,Bharatpur,district_center,13,300,3.559,1.166,0.92,0.19,India public literature pattern mapped by facility tier and dengue-prone state
283620,Rajasthan,Hanumangarh,district_center,8,300,3.117,1.166,0.92,0.19,India public literature pattern mapped by facility tier and dengue-prone state
282410,Rajasthan,Bharatpur,district_center,13,300,3.559,1.166,0.92,0.19,India public literature pattern mapped by facility tier and dengue-prone state
284950,Rajasthan,Bhilwara,district_center,6,300,2.866,1.166,0.92,0.19,India public literature pattern mapped by facility tier and dengue-prone state
283069,Rajasthan,Nagaur,district_center,7,300,2.999,1.166,0.92,0.19,India public literature pattern mapped by facility tier and dengue-prone state
285180,Rajasthan,Alwar,urban_referral,13,300,5.878,1.166,1.16,0.16,India public literature pattern mapped by facility tier and dengue-prone state
284157,Rajasthan,Jaipur,metro_tertiary_hub,74,300,5.737,1.166,1.42,0.13,India public literature pattern mapped by facility tier and dengue-prone state
283068,Rajasthan,Phalodi,peripheral_center,2,300,1.779,1.166,0.68,0.24,India public literature pattern mapped by facility tier and dengue-prone state
284397,Rajasthan,Sikar,urban_referral,14,300,5.477,1.166,1.16,0.16,India public literature pattern mapped by facility tier and dengue-prone state
284154,Rajasthan,Tonk,peripheral_center,4,300,2.289,1.166,0.68,0.24,India public literature pattern mapped by facility tier and dengue-prone state
284152,Rajasthan,Jaipur,metro_tertiary_hub,74,300,6.431,1.166,1.42,0.13,India public literature pattern mapped by facility tier and dengue-prone state
283063,Rajasthan,Jaipur,metro_tertiary_hub,74,300,5.737,1.166,1.42,0.13,India public literature pattern mapped by facility tier and dengue-prone state
284394,Rajasthan,Sikar,district_center,14,300,3.628,1.166,0.92,0.19,India public literature pattern mapped by facility tier and dengue-prone state
285187,Rajasthan,Bharatpur,district_center,13,300,3.559,1.166,0.92,0.19,India public literature pattern mapped by facility tier and dengue-prone state
285189,Rajasthan,Chittaurgarh,district_center,6,300,2.866,1.166,0.92,0.19,India public literature pattern mapped by facility tier and dengue-prone state
285068,Rajasthan,Sikar,district_center,14,300,3.628,1.166,0.92,0.19,India public literature pattern mapped by facility tier and dengue-prone state
282408,Rajasthan,Bharatpur,district_center,13,300,3.559,1.166,0.92,0.19,India public literature pattern mapped by facility tier and dengue-prone state
283618,Rajasthan,Sawai Madhopur,district_center,6,300,2.866,1.166,0.92,0.19,India public literature pattern mapped by facility tier and dengue-prone state
283616,Rajasthan,Karauli,district_center,6,300,2.866,1.166,0.92,0.19,India public literature pattern mapped by facility tier and dengue-prone state
282403,Rajasthan,Bharatpur,district_center,13,300,3.559,1.166,0.92,0.19,India public literature pattern mapped by facility tier and dengue-prone state
283612,Rajasthan,Jhalawar,district_center,5,300,2.712,1.166,0.92,0.19,India public literature pattern mapped by facility tier and dengue-prone state
282520,Rajasthan,Dausa,district_center,6,300,2.866,1.166,0.92,0.19,India public literature pattern mapped by facility tier and dengue-prone state
285071,Rajasthan,Bhilwara,urban_referral,6,300,4.492,1.166,1.16,0.16,India public literature pattern mapped by facility tier and dengue-prone state
284263,Rajasthan,Alwar,district_center,13,300,3.559,1.166,0.92,0.19,India public literature pattern mapped by facility tier and dengue-prone state
284383,Rajasthan,Jaipur,metro_tertiary_hub,74,300,5.737,1.166,1.42,0.13,India public literature pattern mapped by facility tier and dengue-prone state
283052,Rajasthan,Balotara,peripheral_center,1,300,1.373,1.166,0.68,0.24,India public literature pattern mapped by facility tier and dengue-prone state
285233,Rajasthan,Alwar,district_center,13,300,3.559,1.166,0.92,0.19,India public literature pattern mapped by facility tier and dengue-prone state
285234,Rajasthan,Ganganagar,district_center,13,300,3.559,1.166,0.92,0.19,India public literature pattern mapped by facility tier and dengue-prone state
285236,Rajasthan,Jhunjhunun,district_center,11,300,3.405,1.166,0.92,0.19,India public literature pattern mapped by facility tier and dengue-prone state
98121,Rajasthan,Alwar,district_center,13,300,3.559,1.166,0.92,0.19,India public literature pattern mapped by facility tier and dengue-prone state
98122,Rajasthan,Ganganagar,district_center,13,300,3.559,1.166,0.92,0.19,India public literature pattern mapped by facility tier and dengue-prone state
28099,Rajasthan,Kota,metro_tertiary_hub,15,300,7.658,1.166,1.42,0.13,India public literature pattern mapped by facility tier and dengue-prone state
284419,Rajasthan,Bharatpur,district_center,13,300,3.559,1.166,0.92,0.19,India public literature pattern mapped by facility tier and dengue-prone state
28097,Rajasthan,Kota,metro_tertiary_hub,15,300,7.371,1.166,1.42,0.13,India public literature pattern mapped by facility tier and dengue-prone state
28098,Rajasthan,Jaipur,metro_tertiary_hub,74,300,5.737,1.166,1.42,0.13,India public literature pattern mapped by facility tier and dengue-prone state
284777,Rajasthan,Bundi,peripheral_center,2,300,1.779,1.166,0.68,0.24,India public literature pattern mapped by facility tier and dengue-prone state
283687,Rajasthan,Jaipur,metro_tertiary_hub,74,300,5.737,1.166,1.42,0.13,India public literature pattern mapped by facility tier and dengue-prone state
28091,Rajasthan,Kota,urban_referral,15,300,3.933,1.166,1.16,0.16,India public literature pattern mapped by facility tier and dengue-prone state
28092,Rajasthan,Udaipur,urban_referral,7,300,5.724,1.166,1.16,0.16,India public literature pattern mapped by facility tier and dengue-prone state
284895,Rajasthan,Pali,district_center,6,300,3.559,1.166,0.92,0.19,India public literature pattern mapped by facility tier and dengue-prone state
284410,Rajasthan,Bharatpur,district_center,13,300,3.559,1.166,0.92,0.19,India public literature pattern mapped by facility tier and dengue-prone state
28090,Rajasthan,Udaipur,district_center,7,300,2.999,1.166,0.92,0.19,India public literature pattern mapped by facility tier and dengue-prone state
28095,Rajasthan,Jaipur,metro_tertiary_hub,74,300,5.737,1.166,1.42,0.13,India public literature pattern mapped by facility tier and dengue-prone state
283681,Rajasthan,Jaipur,metro_tertiary_hub,74,300,8.51,1.166,1.42,0.13,India public literature pattern mapped by facility tier and dengue-prone state
280294,Rajasthan,Jaipur,metro_tertiary_hub,74,300,8.782,1.166,1.42,0.13,India public literature pattern mapped by facility tier and dengue-prone state
28096,Rajasthan,Pali,district_center,6,300,2.866,1.166,0.92,0.19,India public literature pattern mapped by facility tier and dengue-prone state
28093,Rajasthan,Sikar,district_center,14,300,3.628,1.166,0.92,0.19,India public literature pattern mapped by facility tier and dengue-prone state
284890,Rajasthan,Sikar,district_center,14,300,3.628,1.166,0.92,0.19,India public literature pattern mapped by facility tier and dengue-prone state
28094,Rajasthan,Kota,urban_referral,15,300,3.933,1.166,1.16,0.16,India public literature pattern mapped by facility tier and dengue-prone state
285241,Rajasthan,Dausa,district_center,6,300,2.866,1.166,0.92,0.19,India public literature pattern mapped by facility tier and dengue-prone state
285246,Rajasthan,Jaipur,metro_tertiary_hub,74,300,5.737,1.166,1.42,0.13,India public literature pattern mapped by facility tier and dengue-prone state
98117,Rajasthan,Jaipur,metro_tertiary_hub,74,300,5.737,1.166,1.42,0.13,India public literature pattern mapped by facility tier and dengue-prone state
285126,Rajasthan,Jaipur,metro_tertiary_hub,74,300,5.737,1.166,1.42,0.13,India public literature pattern mapped by facility tier and dengue-prone state
98119,Rajasthan,Dungarpur,peripheral_center,4,300,2.289,1.166,0.68,0.24,India public literature pattern mapped by facility tier and dengue-prone state
98114,Rajasthan,Jalor,district_center,5,300,2.712,1.166,0.92,0.19,India public literature pattern mapped by facility tier and dengue-prone state
285128,Rajasthan,Kotputli-Behror,peripheral_center,3,300,2.066,1.166,0.68,0.24,India public literature pattern mapped by facility tier and dengue-prone state
98113,Rajasthan,Kotputli-Behror,peripheral_center,3,300,2.066,1.166,0.68,0.24,India public literature pattern mapped by facility tier and dengue-prone state
98116,Rajasthan,Sikar,district_center,14,300,3.628,1.166,0.92,0.19,India public literature pattern mapped by facility tier and dengue-prone state
98115,Rajasthan,Jhalawar,urban_referral,5,300,4.744,1.166,1.16,0.16,India public literature pattern mapped by facility tier and dengue-prone state
98110,Rajasthan,Bikaner,district_center,7,300,2.999,1.166,0.92,0.19,India public literature pattern mapped by facility tier and dengue-prone state
98112,Rajasthan,Jaipur,metro_tertiary_hub,74,300,5.737,1.166,1.42,0.13,India public literature pattern mapped by facility tier and dengue-prone state
98111,Rajasthan,Ganganagar,district_center,13,300,3.559,1.166,0.92,0.19,India public literature pattern mapped by facility tier and dengue-prone state
284406,Rajasthan,Jodhpur,district_center,12,300,3.485,1.166,0.92,0.19,India public literature pattern mapped by facility tier and dengue-prone state
283557,Rajasthan,Pali,district_center,6,300,2.866,1.166,0.92,0.19,India public literature pattern mapped by facility tier and dengue-prone state
283556,Rajasthan,Jalor,district_center,5,300,2.712,1.166,0.92,0.19,India public literature pattern mapped by facility tier and dengue-prone state
284401,Rajasthan,Dausa,district_center,6,300,2.866,1.166,0.92,0.19,India public literature pattern mapped by facility tier and dengue-prone state
283675,Rajasthan,Tonk,urban_referral,4,300,5.334,1.166,1.16,0.16,India public literature pattern mapped by facility tier and dengue-prone state
283674,Rajasthan,Jaipur,metro_tertiary_hub,74,300,5.737,1.166,1.42,0.13,India public literature pattern mapped by facility tier and dengue-prone state
283673,Rajasthan,Jaipur,metro_tertiary_hub,74,300,5.737,1.166,1.42,0.13,India public literature pattern mapped by facility tier and dengue-prone state
283551,Rajasthan,Jaipur,metro_tertiary_hub,74,300,7.683,1.166,1.42,0.13,India public literature pattern mapped by facility tier and dengue-prone state
283790,Rajasthan,Alwar,district_center,13,300,3.559,1.166,0.92,0.19,India public literature pattern mapped by facility tier and dengue-prone state
285253,Rajasthan,Sikar,district_center,14,300,3.628,1.166,0.92,0.19,India public literature pattern mapped by facility tier and dengue-prone state
285134,Rajasthan,Churu,district_center,6,300,2.866,1.166,0.92,0.19,India public literature pattern mapped by facility tier and dengue-prone state
284080,Rajasthan,Alwar,metro_tertiary_hub,13,300,7.104,1.166,1.42,0.13,India public literature pattern mapped by facility tier and dengue-prone state
28077,Rajasthan,Jhalawar,metro_tertiary_hub,5,300,6.823,1.166,1.42,0.13,India public literature pattern mapped by facility tier and dengue-prone state
28078,Rajasthan,Rajsamand,peripheral_center,4,300,2.289,1.166,0.68,0.24,India public literature pattern mapped by facility tier and dengue-prone state
283428,Rajasthan,Dungarpur,peripheral_center,4,300,2.289,1.166,0.68,0.24,India public literature pattern mapped by facility tier and dengue-prone state
28075,Rajasthan,Udaipur,district_center,7,300,2.999,1.166,0.92,0.19,India public literature pattern mapped by facility tier and dengue-prone state
283669,Rajasthan,Alwar,urban_referral,13,300,5.996,1.166,1.16,0.16,India public literature pattern mapped by facility tier and dengue-prone state
28076,Rajasthan,Jaipur,metro_tertiary_hub,74,300,5.737,1.166,1.42,0.13,India public literature pattern mapped by facility tier and dengue-prone state
283668,Rajasthan,Bhilwara,urban_referral,6,300,4.492,1.166,1.16,0.16,India public literature pattern mapped by facility tier and dengue-prone state
284636,Rajasthan,Jhunjhunun,district_center,11,300,3.405,1.166,0.92,0.19,India public literature pattern mapped by facility tier and dengue-prone state
283425,Rajasthan,Jaipur,metro_tertiary_hub,74,300,5.737,1.166,1.42,0.13,India public literature pattern mapped by facility tier and dengue-prone state
28079,Rajasthan,Jaipur,metro_tertiary_hub,74,300,5.737,1.166,1.42,0.13,India public literature pattern mapped by facility tier and dengue-prone state
283424,Rajasthan,Jaipur,metro_tertiary_hub,74,300,5.737,1.166,1.42,0.13,India public literature pattern mapped by facility tier and dengue-prone state
280399,Rajasthan,Jaipur,metro_tertiary_hub,74,300,9.139,1.166,1.42,0.13,India public literature pattern mapped by facility tier and dengue-prone state
280396,Rajasthan,Bhilwara,urban_referral,6,300,5.303,1.166,1.16,0.16,India public literature pattern mapped by facility tier and dengue-prone state
284873,Rajasthan,Jaipur,metro_tertiary_hub,74,300,5.737,1.166,1.42,0.13,India public literature pattern mapped by facility tier and dengue-prone state
280397,Rajasthan,Ganganagar,district_center,13,300,3.559,1.166,0.92,0.19,India public literature pattern mapped by facility tier and dengue-prone state
28070,Rajasthan,Ajmer,district_center,12,300,3.485,1.166,0.92,0.19,India public literature pattern mapped by facility tier and dengue-prone state
283662,Rajasthan,Sikar,metro_tertiary_hub,14,300,7.495,1.166,1.42,0.13,India public literature pattern mapped by facility tier and dengue-prone state
280395,Rajasthan,Bharatpur,district_center,13,300,3.559,1.166,0.92,0.19,India public literature pattern mapped by facility tier and dengue-prone state
28073,Rajasthan,Pali,district_center,6,300,2.866,1.166,0.92,0.19,India public literature pattern mapped by facility tier and dengue-prone state
283660,Rajasthan,Jaipur,metro_tertiary_hub,74,300,5.737,1.166,1.42,0.13,India public literature pattern mapped by facility tier and dengue-prone state
28074,Rajasthan,Udaipur,metro_tertiary_hub,7,300,6.495,1.166,1.42,0.13,India public literature pattern mapped by facility tier and dengue-prone state
284076,Rajasthan,Jaipur,metro_tertiary_hub,74,300,5.737,1.166,1.42,0.13,India public literature pattern mapped by facility tier and dengue-prone state
28071,Rajasthan,Udaipur,metro_tertiary_hub,7,300,7.237,1.166,1.42,0.13,India public literature pattern mapped by facility tier and dengue-prone state
28072,Rajasthan,Ajmer,district_center,12,300,3.485,1.166,0.92,0.19,India public literature pattern mapped by facility tier and dengue-prone state
28088,Rajasthan,Jaipur,metro_tertiary_hub,74,300,6.431,1.166,1.42,0.13,India public literature pattern mapped by facility tier and dengue-prone state
28089,Rajasthan,Hanumangarh,district_center,8,300,3.117,1.166,0.92,0.19,India public literature pattern mapped by facility tier and dengue-prone state
283659,Rajasthan,Alwar,district_center,13,300,3.559,1.166,0.92,0.19,India public literature pattern mapped by facility tier and dengue-prone state
28086,Rajasthan,Ganganagar,district_center,13,300,3.559,1.166,0.92,0.19,India public literature pattern mapped by facility tier and dengue-prone state
283658,Rajasthan,Jaipur,metro_tertiary_hub,74,300,5.737,1.166,1.42,0.13,India public literature pattern mapped by facility tier and dengue-prone state
28087,Rajasthan,Jaipur,metro_tertiary_hub,74,300,8.733,1.166,1.42,0.13,India public literature pattern mapped by facility tier and dengue-prone state
28080,Rajasthan,Jodhpur,district_center,12,300,3.485,1.166,0.92,0.19,India public literature pattern mapped by facility tier and dengue-prone state
283652,Rajasthan,Sawai Madhopur,district_center,6,300,2.866,1.166,0.92,0.19,India public literature pattern mapped by facility tier and dengue-prone state
28081,Rajasthan,Churu,district_center,6,300,2.866,1.166,0.92,0.19,India public literature pattern mapped by facility tier and dengue-prone state
283893,Rajasthan,Churu,district_center,6,300,2.866,1.166,0.92,0.19,India public literature pattern mapped by facility tier and dengue-prone state
283771,Rajasthan,Jalor,district_center,5,300,2.712,1.166,0.92,0.19,India public literature pattern mapped by facility tier and dengue-prone state
24001,Sikkim,Gangtok,urban_referral,3,5,4.744,1.06,1.16,0.16,India public literature pattern mapped by facility tier and dengue-prone state
24002,Sikkim,Namchi,peripheral_center,1,5,1.373,1.06,0.68,0.24,India public literature pattern mapped by facility tier and dengue-prone state
283850,Sikkim,Gyalshing,peripheral_center,1,5,1.373,1.06,0.68,0.24,India public literature pattern mapped by facility tier and dengue-prone state
24003,Sikkim,Gangtok,urban_referral,3,5,4.492,1.06,1.16,0.16,India public literature pattern mapped by facility tier and dengue-prone state
283829,Sikkim,Gangtok,peripheral_center,3,5,2.066,1.06,0.68,0.24,India public literature pattern mapped by facility tier and dengue-prone state
30260,Tamil Nadu,Thiruvallur,district_center,8,335,3.117,1.166,0.92,0.19,India public literature pattern mapped by facility tier and dengue-prone state
282719,Tamil Nadu,Virudhunagar,district_center,7,335,2.999,1.166,0.92,0.19,India public literature pattern mapped by facility tier and dengue-prone state
280659,Tamil Nadu,Vellore,metro_tertiary_hub,7,335,8.397,1.166,1.42,0.13,India public literature pattern mapped by facility tier and dengue-prone state
282716,Tamil Nadu,Chengalpattu,district_center,10,335,3.318,1.166,0.92,0.19,India public literature pattern mapped by facility tier and dengue-prone state
30266,Tamil Nadu,Kanyakumari,metro_tertiary_hub,11,335,7.083,1.166,1.42,0.13,India public literature pattern mapped by facility tier and dengue-prone state
282715,Tamil Nadu,The Nilgiris,peripheral_center,4,335,2.289,1.166,0.68,0.24,India public literature pattern mapped by facility tier and dengue-prone state
30024,Tamil Nadu,Pudukkottai,metro_tertiary_hub,4,335,7.204,1.166,1.42,0.13,India public literature pattern mapped by facility tier and dengue-prone state
30265,Tamil Nadu,Tiruchirappalli,urban_referral,17,335,4.05,1.166,1.16,0.16,India public literature pattern mapped by facility tier and dengue-prone state
283924,Tamil Nadu,Karur,peripheral_center,4,335,2.983,1.166,0.68,0.24,India public literature pattern mapped by facility tier and dengue-prone state
282714,Tamil Nadu,Thanjavur,urban_referral,13,335,6.632,1.166,1.16,0.16,India public literature pattern mapped by facility tier and dengue-prone state
30268,Tamil Nadu,Chengalpattu,urban_referral,10,335,5.504,1.166,1.16,0.16,India public literature pattern mapped by facility tier and dengue-prone state
30026,Tamil Nadu,Cuddalore,district_center,6,335,2.866,1.166,0.92,0.19,India public literature pattern mapped by facility tier and dengue-prone state
282713,Tamil Nadu,Salem,urban_referral,19,335,4.156,1.166,1.16,0.16,India public literature pattern mapped by facility tier and dengue-prone state
282712,Tamil Nadu,Ranipet,peripheral_center,4,335,2.289,1.166,0.68,0.24,India public literature pattern mapped by facility tier and dengue-prone state
30025,Tamil Nadu,Cuddalore,district_center,6,335,2.866,1.166,0.92,0.19,India public literature pattern mapped by facility tier and dengue-prone state
30020,Tamil Nadu,Viluppuram,district_center,6,335,2.866,1.166,0.92,0.19,India public literature pattern mapped by facility tier and dengue-prone state
30141,Tamil Nadu,Theni,urban_referral,5,335,4.338,1.166,1.16,0.16,India public literature pattern mapped by facility tier and dengue-prone state
283800,Tamil Nadu,Dindigul,district_center,12,335,3.485,1.166,0.92,0.19,India public literature pattern mapped by facility tier and dengue-prone state
282711,Tamil Nadu,Thoothukkudi,district_center,7,335,2.999,1.166,0.92,0.19,India public literature pattern mapped by facility tier and dengue-prone state
283920,Tamil Nadu,Chennai,metro_tertiary_hub,55,335,7.843,1.166,1.42,0.13,India public literature pattern mapped by facility tier and dengue-prone state
30022,Tamil Nadu,Thanjavur,district_center,13,335,3.559,1.166,0.92,0.19,India public literature pattern mapped by facility tier and dengue-prone state
30264,Tamil Nadu,Kanchipuram,urban_referral,16,335,3.993,1.166,1.16,0.16,India public literature pattern mapped by facility tier and dengue-prone state
30263,Tamil Nadu,Salem,urban_referral,19,335,4.156,1.166,1.16,0.16,India public literature pattern mapped by facility tier and dengue-prone state
30142,Tamil Nadu,Chennai,metro_tertiary_hub,55,335,7.748,1.166,1.42,0.13,India public literature pattern mapped by facility tier and dengue-prone state
283489,Tamil Nadu,Thanjavur,district_center,13,335,3.559,1.166,0.92,0.19,India public literature pattern mapped by facility tier and dengue-prone state
30021,Tamil Nadu,Dindigul,district_center,12,335,3.485,1.166,0.92,0.19,India public literature pattern mapped by facility tier and dengue-prone state
283366,Tamil Nadu,Pudukkottai,peripheral_center,4,335,2.289,1.166,0.68,0.24,India public literature pattern mapped by facility tier and dengue-prone state
30028,Tamil Nadu,Tenkasi,peripheral_center,4,335,2.289,1.166,0.68,0.24,India public literature pattern mapped by facility tier and dengue-prone state
30149,Tamil Nadu,Tiruchirappalli,urban_referral,17,335,4.05,1.166,1.16,0.16,India public literature pattern mapped by facility tier and dengue-prone state
284451,Tamil Nadu,Chennai,metro_tertiary_hub,55,335,8.153,1.166,1.42,0.13,India public literature pattern mapped by facility tier and dengue-prone state
30027,Tamil Nadu,Cuddalore,metro_tertiary_hub,6,335,6.832,1.166,1.42,0.13,India public literature pattern mapped by facility tier and dengue-prone state
30269,Tamil Nadu,Chennai,metro_tertiary_hub,55,335,8.279,1.166,1.42,0.13,India public literature pattern mapped by facility tier and dengue-prone state
283240,Tamil Nadu,Dharmapuri,urban_referral,4,335,5.542,1.166,1.16,0.16,India public literature pattern mapped by facility tier and dengue-prone state
283919,Tamil Nadu,Salem,urban_referral,19,335,6.554,1.166,1.16,0.16,India public literature pattern mapped by facility tier and dengue-prone state
282709,Tamil Nadu,Sivaganga,metro_tertiary_hub,2,335,5.61,1.166,1.42,0.13,India public literature pattern mapped by facility tier and dengue-prone state
283918,Tamil Nadu,Erode,district_center,11,335,3.405,1.166,0.92,0.19,India public literature pattern mapped by facility tier and dengue-prone state
282708,Tamil Nadu,Theni,district_center,5,335,2.712,1.166,0.92,0.19,India public literature pattern mapped by facility tier and dengue-prone state
282707,Tamil Nadu,Coimbatore,urban_referral,26,335,4.456,1.166,1.16,0.16,India public literature pattern mapped by facility tier and dengue-prone state
283917,Tamil Nadu,Kanchipuram,urban_referral,16,335,3.993,1.166,1.16,0.16,India public literature pattern mapped by facility tier and dengue-prone state
282705,Tamil Nadu,Erode,district_center,11,335,3.405,1.166,0.92,0.19,India public literature pattern mapped by facility tier and dengue-prone state
282704,Tamil Nadu,Kanyakumari,metro_tertiary_hub,11,335,6.996,1.166,1.42,0.13,India public literature pattern mapped by facility tier and dengue-prone state
30013,Tamil Nadu,Virudhunagar,metro_tertiary_hub,7,335,6.635,1.166,1.42,0.13,India public literature pattern mapped by facility tier and dengue-prone state
283913,Tamil Nadu,Chennai,metro_tertiary_hub,55,335,7.055,1.166,1.42,0.13,India public literature pattern mapped by facility tier and dengue-prone state
30254,Tamil Nadu,Dindigul,district_center,12,335,3.485,1.166,0.92,0.19,India public literature pattern mapped by facility tier and dengue-prone state
282703,Tamil Nadu,Kanyakumari,district_center,11,335,3.405,1.166,0.92,0.19,India public literature pattern mapped by facility tier and dengue-prone state
30257,Tamil Nadu,Kanchipuram,urban_referral,16,335,3.993,1.166,1.16,0.16,India public literature pattern mapped by facility tier and dengue-prone state
282702,Tamil Nadu,Coimbatore,urban_referral,26,335,4.456,1.166,1.16,0.16,India public literature pattern mapped by facility tier and dengue-prone state
30015,Tamil Nadu,Thoothukkudi,metro_tertiary_hub,7,335,7.411,1.166,1.42,0.13,India public literature pattern mapped by facility tier and dengue-prone state
282701,Tamil Nadu,Kanchipuram,urban_referral,16,335,3.993,1.166,1.16,0.16,India public literature pattern mapped by facility tier and dengue-prone state
282700,Tamil Nadu,Ariyalur,urban_referral,1,335,4.561,1.166,1.16,0.16,India public literature pattern mapped by facility tier and dengue-prone state
30250,Tamil Nadu,Chennai,metro_tertiary_hub,55,335,7.055,1.166,1.42,0.13,India public literature pattern mapped by facility tier and dengue-prone state
283358,Tamil Nadu,Salem,urban_referral,19,335,4.156,1.166,1.16,0.16,India public literature pattern mapped by facility tier and dengue-prone state
30253,Tamil Nadu,Tirunelveli,district_center,10,335,3.318,1.166,0.92,0.19,India public literature pattern mapped by facility tier and dengue-prone state
30131,Tamil Nadu,Madurai,urban_referral,15,335,4.626,1.166,1.16,0.16,India public literature pattern mapped by facility tier and dengue-prone state
284325,Tamil Nadu,Thanjavur,district_center,13,335,3.559,1.166,0.92,0.19,India public literature pattern mapped by facility tier and dengue-prone state
30010,Tamil Nadu,Coimbatore,metro_tertiary_hub,26,335,9.047,1.166,1.42,0.13,India public literature pattern mapped by facility tier and dengue-prone state
30252,Tamil Nadu,Salem,urban_referral,19,335,6.864,1.166,1.16,0.16,India public literature pattern mapped by facility tier and dengue-prone state
30259,Tamil Nadu,Tiruchirappalli,urban_referral,17,335,6.248,1.166,1.16,0.16,India public literature pattern mapped by facility tier and dengue-prone state
30017,Tamil Nadu,Ramanathapuram,metro_tertiary_hub,3,335,6.102,1.166,1.42,0.13,India public literature pattern mapped by facility tier and dengue-prone state
283472,Tamil Nadu,Chengalpattu,urban_referral,10,335,5.637,1.166,1.16,0.16,India public literature pattern mapped by facility tier and dengue-prone state
30137,Tamil Nadu,Dindigul,urban_referral,12,335,5.111,1.166,1.16,0.16,India public literature pattern mapped by facility tier and dengue-prone state
30258,Tamil Nadu,Salem,urban_referral,19,335,4.156,1.166,1.16,0.16,India public literature pattern mapped by facility tier and dengue-prone state
30016,Tamil Nadu,Tiruvannamalai,metro_tertiary_hub,5,335,7.306,1.166,1.42,0.13,India public literature pattern mapped by facility tier and dengue-prone state
30019,Tamil Nadu,Viluppuram,metro_tertiary_hub,6,335,8.855,1.166,1.42,0.13,India public literature pattern mapped by facility tier and dengue-prone state
283908,Tamil Nadu,Coimbatore,urban_referral,26,335,4.456,1.166,1.16,0.16,India public literature pattern mapped by facility tier and dengue-prone state
30244,Tamil Nadu,Kanyakumari,urban_referral,11,335,6.478,1.166,1.16,0.16,India public literature pattern mapped by facility tier and dengue-prone state
30002,Tamil Nadu,Chennai,metro_tertiary_hub,55,335,8.664,1.166,1.42,0.13,India public literature pattern mapped by facility tier and dengue-prone state
30243,Tamil Nadu,Salem,urban_referral,19,335,6.353,1.166,1.16,0.16,India public literature pattern mapped by facility tier and dengue-prone state
30001,Tamil Nadu,Chennai,metro_tertiary_hub,55,335,9.888,1.166,1.42,0.13,India public literature pattern mapped by facility tier and dengue-prone state
30246,Tamil Nadu,Chennai,metro_tertiary_hub,55,335,8.084,1.166,1.42,0.13,India public literature pattern mapped by facility tier and dengue-prone state
30004,Tamil Nadu,Thanjavur,metro_tertiary_hub,13,335,8.536,1.166,1.42,0.13,India public literature pattern mapped by facility tier and dengue-prone state
30245,Tamil Nadu,Tiruppur,urban_referral,6,335,4.715,1.166,1.16,0.16,India public literature pattern mapped by facility tier and dengue-prone state
30242,Tamil Nadu,Vellore,district_center,7,335,3.693,1.166,0.92,0.19,India public literature pattern mapped by facility tier and dengue-prone state
30241,Tamil Nadu,Tirunelveli,district_center,10,335,3.318,1.166,0.92,0.19,India public literature pattern mapped by facility tier and dengue-prone state
30120,Tamil Nadu,Chennai,metro_tertiary_hub,55,335,9.295,1.166,1.42,0.13,India public literature pattern mapped by facility tier and dengue-prone state
284797,Tamil Nadu,Vellore,district_center,7,335,2.999,1.166,0.92,0.19,India public literature pattern mapped by facility tier and dengue-prone state
284554,Tamil Nadu,Chennai,metro_tertiary_hub,55,335,8.664,1.166,1.42,0.13,India public literature pattern mapped by facility tier and dengue-prone state
30009,Tamil Nadu,Tirunelveli,metro_tertiary_hub,10,335,8.037,1.166,1.42,0.13,India public literature pattern mapped by facility tier and dengue-prone state
284553,Tamil Nadu,Perambalur,peripheral_center,4,335,2.289,1.166,0.68,0.24,India public literature pattern mapped by facility tier and dengue-prone state
283343,Tamil Nadu,Karur,peripheral_center,4,335,2.289,1.166,0.68,0.24,India public literature pattern mapped by facility tier and dengue-prone state
30248,Tamil Nadu,Kanchipuram,urban_referral,16,335,3.993,1.166,1.16,0.16,India public literature pattern mapped by facility tier and dengue-prone state
30127,Tamil Nadu,Virudhunagar,district_center,7,335,2.999,1.166,0.92,0.19,India public literature pattern mapped by facility tier and dengue-prone state
30247,Tamil Nadu,Chennai,metro_tertiary_hub,55,335,8.847,1.166,1.42,0.13,India public literature pattern mapped by facility tier and dengue-prone state
283340,Tamil Nadu,Chennai,metro_tertiary_hub,55,335,5.445,1.166,1.42,0.13,India public literature pattern mapped by facility tier and dengue-prone state
30005,Tamil Nadu,Madurai,metro_tertiary_hub,15,335,9.572,1.166,1.42,0.13,India public literature pattern mapped by facility tier and dengue-prone state
30008,Tamil Nadu,Tiruchirappalli,metro_tertiary_hub,17,335,8.353,1.166,1.42,0.13,India public literature pattern mapped by facility tier and dengue-prone state
30007,Tamil Nadu,Karur,metro_tertiary_hub,4,335,6.025,1.166,1.42,0.13,India public literature pattern mapped by facility tier and dengue-prone state
285106,Tamil Nadu,Chennai,metro_tertiary_hub,55,335,9.23,1.166,1.42,0.13,India public literature pattern mapped by facility tier and dengue-prone state
30232,Tamil Nadu,Kanyakumari,district_center,11,335,3.405,1.166,0.92,0.19,India public literature pattern mapped by facility tier and dengue-prone state
30111,Tamil Nadu,Chennai,metro_tertiary_hub,55,335,9.183,1.166,1.42,0.13,India public literature pattern mapped by facility tier and dengue-prone state
30235,Tamil Nadu,Salem,urban_referral,19,335,5.765,1.166,1.16,0.16,India public literature pattern mapped by facility tier and dengue-prone state
30230,Tamil Nadu,Erode,metro_tertiary_hub,11,335,6.996,1.166,1.42,0.13,India public literature pattern mapped by facility tier and dengue-prone state
30119,Tamil Nadu,Coimbatore,metro_tertiary_hub,26,335,8.242,1.166,1.42,0.13,India public literature pattern mapped by facility tier and dengue-prone state
284420,Tamil Nadu,Kanchipuram,urban_referral,16,335,3.993,1.166,1.16,0.16,India public literature pattern mapped by facility tier and dengue-prone state
30116,Tamil Nadu,Coimbatore,urban_referral,26,335,7.228,1.166,1.16,0.16,India public literature pattern mapped by facility tier and dengue-prone state
283451,Tamil Nadu,Chennai,metro_tertiary_hub,55,335,6.138,1.166,1.42,0.13,India public literature pattern mapped by facility tier and dengue-prone state
30236,Tamil Nadu,Salem,urban_referral,19,335,4.156,1.166,1.16,0.16,India public literature pattern mapped by facility tier and dengue-prone state
30239,Tamil Nadu,Viluppuram,district_center,6,335,2.866,1.166,0.92,0.19,India public literature pattern mapped by facility tier and dengue-prone state
283293,Tamil Nadu,Ranipet,urban_referral,4,335,4.715,1.166,1.16,0.16,India public literature pattern mapped by facility tier and dengue-prone state
30222,Tamil Nadu,Madurai,urban_referral,15,335,5.319,1.166,1.16,0.16,India public literature pattern mapped by facility tier and dengue-prone state
284937,Tamil Nadu,Madurai,urban_referral,15,335,3.933,1.166,1.16,0.16,India public literature pattern mapped by facility tier and dengue-prone state
30220,Tamil Nadu,Perambalur,peripheral_center,4,335,2.289,1.166,0.68,0.24,India public literature pattern mapped by facility tier and dengue-prone state
30229,Tamil Nadu,Madurai,urban_referral,15,335,6.33,1.166,1.16,0.16,India public literature pattern mapped by facility tier and dengue-prone state
30226,Tamil Nadu,Kanyakumari,district_center,11,335,3.405,1.166,0.92,0.19,India public literature pattern mapped by facility tier and dengue-prone state
30105,Tamil Nadu,Salem,urban_referral,19,335,5.254,1.166,1.16,0.16,India public literature pattern mapped by facility tier and dengue-prone state
30225,Tamil Nadu,Dindigul,district_center,12,335,3.485,1.166,0.92,0.19,India public literature pattern mapped by facility tier and dengue-prone state
30104,Tamil Nadu,Erode,urban_referral,11,335,5.724,1.166,1.16,0.16,India public literature pattern mapped by facility tier and dengue-prone state
30228,Tamil Nadu,Chengalpattu,urban_referral,10,335,6.043,1.166,1.16,0.16,India public literature pattern mapped by facility tier and dengue-prone state
30107,Tamil Nadu,Coimbatore,urban_referral,26,335,4.456,1.166,1.16,0.16,India public literature pattern mapped by facility tier and dengue-prone state
284493,Tamil Nadu,Virudhunagar,district_center,7,335,2.999,1.166,0.92,0.19,India public literature pattern mapped by facility tier and dengue-prone state
30106,Tamil Nadu,Tiruchirappalli,urban_referral,17,335,6.248,1.166,1.16,0.16,India public literature pattern mapped by facility tier and dengue-prone state
284492,Tamil Nadu,Viluppuram,district_center,6,335,2.866,1.166,0.92,0.19,India public literature pattern mapped by facility tier and dengue-prone state
284491,Tamil Nadu,Ramanathapuram,peripheral_center,3,335,2.066,1.166,0.68,0.24,India public literature pattern mapped by facility tier and dengue-prone state
284490,Tamil Nadu,Chennai,metro_tertiary_hub,55,335,8.01,1.166,1.42,0.13,India public literature pattern mapped by facility tier and dengue-prone state
283839,Tamil Nadu,Thanjavur,district_center,13,335,3.559,1.166,0.92,0.19,India public literature pattern mapped by facility tier and dengue-prone state
283958,Tamil Nadu,Thiruvallur,district_center,8,335,3.117,1.166,0.92,0.19,India public literature pattern mapped by facility tier and dengue-prone state
280567,Tamil Nadu,Nagapattinam,peripheral_center,2,335,1.779,1.166,0.68,0.24,India public literature pattern mapped by facility tier and dengue-prone state
30213,Tamil Nadu,Tiruchirappalli,urban_referral,17,335,5.149,1.166,1.16,0.16,India public literature pattern mapped by facility tier and dengue-prone state
30212,Tamil Nadu,Coimbatore,urban_referral,26,335,5.842,1.166,1.16,0.16,India public literature pattern mapped by facility tier and dengue-prone state
280566,Tamil Nadu,Thanjavur,urban_referral,13,335,5.185,1.166,1.16,0.16,India public literature pattern mapped by facility tier and dengue-prone state
283951,Tamil Nadu,Tenkasi,peripheral_center,4,335,2.289,1.166,0.68,0.24,India public literature pattern mapped by facility tier and dengue-prone state
284489,Tamil Nadu,Erode,district_center,11,335,3.405,1.166,0.92,0.19,India public literature pattern mapped by facility tier and dengue-prone state
30219,Tamil Nadu,Tiruchirappalli,urban_referral,17,335,5.996,1.166,1.16,0.16,India public literature pattern mapped by facility tier and dengue-prone state
284486,Tamil Nadu,Thanjavur,district_center,13,335,3.559,1.166,0.92,0.19,India public literature pattern mapped by facility tier and dengue-prone state
284484,Tamil Nadu,Madurai,urban_referral,15,335,6.33,1.166,1.16,0.16,India public literature pattern mapped by facility tier and dengue-prone state
30214,Tamil Nadu,Coimbatore,urban_referral,26,335,4.456,1.166,1.16,0.16,India public literature pattern mapped by facility tier and dengue-prone state
30217,Tamil Nadu,Tenkasi,peripheral_center,4,335,2.289,1.166,0.68,0.24,India public literature pattern mapped by facility tier and dengue-prone state
30216,Tamil Nadu,Kanyakumari,district_center,11,335,3.405,1.166,0.92,0.19,India public literature pattern mapped by facility tier and dengue-prone state
283392,Tamil Nadu,Theni,district_center,5,335,2.712,1.166,0.92,0.19,India public literature pattern mapped by facility tier and dengue-prone state
282737,Tamil Nadu,Chennai,metro_tertiary_hub,55,335,5.445,1.166,1.42,0.13,India public literature pattern mapped by facility tier and dengue-prone state
30202,Tamil Nadu,Kanchipuram,urban_referral,16,335,3.993,1.166,1.16,0.16,India public literature pattern mapped by facility tier and dengue-prone state
30201,Tamil Nadu,Krishnagiri,district_center,8,335,3.117,1.166,0.92,0.19,India public literature pattern mapped by facility tier and dengue-prone state
283268,Tamil Nadu,Chennai,metro_tertiary_hub,55,335,5.445,1.166,1.42,0.13,India public literature pattern mapped by facility tier and dengue-prone state
284478,Tamil Nadu,Coimbatore,urban_referral,26,335,6.535,1.166,1.16,0.16,India public literature pattern mapped by facility tier and dengue-prone state
280430,Tamil Nadu,Chennai,metro_tertiary_hub,55,335,8.741,1.166,1.42,0.13,India public literature pattern mapped by facility tier and dengue-prone state
30207,Tamil Nadu,Dindigul,district_center,12,335,3.485,1.166,0.92,0.19,India public literature pattern mapped by facility tier and dengue-prone state
284476,Tamil Nadu,Tiruchirappalli,urban_referral,17,335,4.05,1.166,1.16,0.16,India public literature pattern mapped by facility tier and dengue-prone state
284475,Tamil Nadu,Coimbatore,urban_referral,26,335,4.456,1.166,1.16,0.16,India public literature pattern mapped by facility tier and dengue-prone state
30209,Tamil Nadu,Tiruvannamalai,district_center,5,335,2.712,1.166,0.92,0.19,India public literature pattern mapped by facility tier and dengue-prone state
30204,Tamil Nadu,Salem,urban_referral,19,335,4.156,1.166,1.16,0.16,India public literature pattern mapped by facility tier and dengue-prone state
283383,Tamil Nadu,Nagapattinam,metro_tertiary_hub,2,335,6.13,1.166,1.42,0.13,India public literature pattern mapped by facility tier and dengue-prone state
282727,Tamil Nadu,Chennai,metro_tertiary_hub,55,335,5.445,1.166,1.42,0.13,India public literature pattern mapped by facility tier and dengue-prone state
282726,Tamil Nadu,Chengalpattu,district_center,10,335,3.318,1.166,0.92,0.19,India public literature pattern mapped by facility tier and dengue-prone state
282725,Tamil Nadu,Chennai,metro_tertiary_hub,55,335,5.445,1.166,1.42,0.13,India public literature pattern mapped by facility tier and dengue-prone state
282724,Tamil Nadu,Chennai,metro_tertiary_hub,55,335,11.036,1.166,1.42,0.13,India public literature pattern mapped by facility tier and dengue-prone state
282720,Tamil Nadu,Pudukkottai,peripheral_center,4,335,2.289,1.166,0.68,0.24,India public literature pattern mapped by facility tier and dengue-prone state
283378,Tamil Nadu,Thiruvallur,urban_referral,8,335,4.967,1.166,1.16,0.16,India public literature pattern mapped by facility tier and dengue-prone state
282047,Tamil Nadu,Theni,district_center,5,335,2.712,1.166,0.92,0.19,India public literature pattern mapped by facility tier and dengue-prone state
283255,Tamil Nadu,Madurai,metro_tertiary_hub,15,335,8.043,1.166,1.42,0.13,India public literature pattern mapped by facility tier and dengue-prone state
283374,Tamil Nadu,Chennai,metro_tertiary_hub,55,335,5.445,1.166,1.42,0.13,India public literature pattern mapped by facility tier and dengue-prone state
282040,Tamil Nadu,Salem,urban_referral,19,335,4.156,1.166,1.16,0.16,India public literature pattern mapped by facility tier and dengue-prone state
285157,Tamil Nadu,Viluppuram,district_center,6,335,2.866,1.166,0.92,0.19,India public literature pattern mapped by facility tier and dengue-prone state
33130,Tamil Nadu,Dharmapuri,peripheral_center,4,335,2.289,1.166,0.68,0.24,India public literature pattern mapped by facility tier and dengue-prone state
33131,Tamil Nadu,Chennai,metro_tertiary_hub,55,335,5.445,1.166,1.42,0.13,India public literature pattern mapped by facility tier and dengue-prone state
30301,Tamil Nadu,Chennai,metro_tertiary_hub,55,335,8.441,1.166,1.42,0.13,India public literature pattern mapped by facility tier and dengue-prone state
284978,Tamil Nadu,Chengalpattu,urban_referral,10,335,5.167,1.166,1.16,0.16,India public literature pattern mapped by facility tier and dengue-prone state
30300,Tamil Nadu,Krishnagiri,district_center,8,335,3.117,1.166,0.92,0.19,India public literature pattern mapped by facility tier and dengue-prone state
283403,Tamil Nadu,Vellore,urban_referral,7,335,5.947,1.166,1.16,0.16,India public literature pattern mapped by facility tier and dengue-prone state
33132,Tamil Nadu,Thiruvarur,district_center,5,335,2.712,1.166,0.92,0.19,India public literature pattern mapped by facility tier and dengue-prone state
283886,Tamil Nadu,Chennai,metro_tertiary_hub,55,335,7.748,1.166,1.42,0.13,India public literature pattern mapped by facility tier and dengue-prone state
284973,Tamil Nadu,Coimbatore,urban_referral,26,335,5.149,1.166,1.16,0.16,India public literature pattern mapped by facility tier and dengue-prone state
284057,Tamil Nadu,Tiruvannamalai,district_center,5,335,2.712,1.166,0.92,0.19,India public literature pattern mapped by facility tier and dengue-prone state
30303,Tamil Nadu,Chennai,metro_tertiary_hub,55,335,5.445,1.166,1.42,0.13,India public literature pattern mapped by facility tier and dengue-prone state
284055,Tamil Nadu,Chengalpattu,urban_referral,10,335,5.167,1.166,1.16,0.16,India public literature pattern mapped by facility tier and dengue-prone state
284054,Tamil Nadu,Krishnagiri,urban_referral,8,335,5.66,1.166,1.16,0.16,India public literature pattern mapped by facility tier and dengue-prone state
284053,Tamil Nadu,Kallakurichi,peripheral_center,4,335,2.289,1.166,0.68,0.24,India public literature pattern mapped by facility tier and dengue-prone state
284173,Tamil Nadu,Krishnagiri,district_center,8,335,3.117,1.166,0.92,0.19,India public literature pattern mapped by facility tier and dengue-prone state
30093,Tamil Nadu,Tiruchirappalli,urban_referral,17,335,4.05,1.166,1.16,0.16,India public literature pattern mapped by facility tier and dengue-prone state
30092,Tamil Nadu,Chennai,metro_tertiary_hub,55,335,6.138,1.166,1.42,0.13,India public literature pattern mapped by facility tier and dengue-prone state
30095,Tamil Nadu,Namakkal,district_center,5,335,2.712,1.166,0.92,0.19,India public literature pattern mapped by facility tier and dengue-prone state
30094,Tamil Nadu,Erode,metro_tertiary_hub,11,335,7.755,1.166,1.42,0.13,India public literature pattern mapped by facility tier and dengue-prone state
30091,Tamil Nadu,Cuddalore,district_center,6,335,2.866,1.166,0.92,0.19,India public literature pattern mapped by facility tier and dengue-prone state
284726,Tamil Nadu,Chennai,metro_tertiary_hub,55,335,5.445,1.166,1.42,0.13,India public literature pattern mapped by facility tier and dengue-prone state
33125,Tamil Nadu,Chennai,metro_tertiary_hub,55,335,9.852,1.166,1.42,0.13,India public literature pattern mapped by facility tier and dengue-prone state
33126,Tamil Nadu,Thiruvarur,district_center,5,335,2.712,1.166,0.92,0.19,India public literature pattern mapped by facility tier and dengue-prone state
33123,Tamil Nadu,Chengalpattu,district_center,10,335,3.318,1.166,0.92,0.19,India public literature pattern mapped by facility tier and dengue-prone state
33124,Tamil Nadu,Coimbatore,urban_referral,26,335,4.456,1.166,1.16,0.16,India public literature pattern mapped by facility tier and dengue-prone state
284723,Tamil Nadu,Chennai,metro_tertiary_hub,55,335,8.084,1.166,1.42,0.13,India public literature pattern mapped by facility tier and dengue-prone state
283997,Tamil Nadu,Namakkal,urban_referral,5,335,4.05,1.166,1.16,0.16,India public literature pattern mapped by facility tier and dengue-prone state
33121,Tamil Nadu,Cuddalore,district_center,6,335,2.866,1.166,0.92,0.19,India public literature pattern mapped by facility tier and dengue-prone state
30099,Tamil Nadu,Chennai,metro_tertiary_hub,55,335,9.506,1.166,1.42,0.13,India public literature pattern mapped by facility tier and dengue-prone state
33122,Tamil Nadu,Kanyakumari,district_center,11,335,4.098,1.166,0.92,0.19,India public literature pattern mapped by facility tier and dengue-prone state
30098,Tamil Nadu,Tiruvannamalai,urban_referral,5,335,4.05,1.166,1.16,0.16,India public literature pattern mapped by facility tier and dengue-prone state
283874,Tamil Nadu,Tiruppur,district_center,6,335,2.866,1.166,0.92,0.19,India public literature pattern mapped by facility tier and dengue-prone state
283994,Tamil Nadu,Dharmapuri,urban_referral,4,335,4.715,1.166,1.16,0.16,India public literature pattern mapped by facility tier and dengue-prone state
283992,Tamil Nadu,Kallakurichi,urban_referral,4,335,4.967,1.166,1.16,0.16,India public literature pattern mapped by facility tier and dengue-prone state
283990,Tamil Nadu,Coimbatore,metro_tertiary_hub,26,335,8.544,1.166,1.42,0.13,India public literature pattern mapped by facility tier and dengue-prone state
285050,Tamil Nadu,Thiruvallur,district_center,8,335,3.117,1.166,0.92,0.19,India public literature pattern mapped by facility tier and dengue-prone state
285052,Tamil Nadu,Coimbatore,urban_referral,26,335,6.248,1.166,1.16,0.16,India public literature pattern mapped by facility tier and dengue-prone state
33129,Tamil Nadu,Salem,urban_referral,19,335,6.235,1.166,1.16,0.16,India public literature pattern mapped by facility tier and dengue-prone state
30082,Tamil Nadu,Theni,metro_tertiary_hub,5,335,6.508,1.166,1.42,0.13,India public literature pattern mapped by facility tier and dengue-prone state
33116,Tamil Nadu,Ranipet,metro_tertiary_hub,4,335,7.54,1.166,1.42,0.13,India public literature pattern mapped by facility tier and dengue-prone state
30089,Tamil Nadu,Salem,urban_referral,19,335,4.156,1.166,1.16,0.16,India public literature pattern mapped by facility tier and dengue-prone state
33117,Tamil Nadu,Tirunelveli,district_center,10,335,3.318,1.166,0.92,0.19,India public literature pattern mapped by facility tier and dengue-prone state
33114,Tamil Nadu,Madurai,urban_referral,15,335,5.319,1.166,1.16,0.16,India public literature pattern mapped by facility tier and dengue-prone state
284715,Tamil Nadu,Kanchipuram,urban_referral,16,335,5.092,1.166,1.16,0.16,India public literature pattern mapped by facility tier and dengue-prone state
284714,Tamil Nadu,Tiruchirappalli,urban_referral,17,335,6.353,1.166,1.16,0.16,India public literature pattern mapped by facility tier and dengue-prone state
33115,Tamil Nadu,Chennai,metro_tertiary_hub,55,335,7.055,1.166,1.42,0.13,India public literature pattern mapped by facility tier and dengue-prone state
283987,Tamil Nadu,Salem,urban_referral,19,335,6.353,1.166,1.16,0.16,India public literature pattern mapped by facility tier and dengue-prone state
33112,Tamil Nadu,Thiruvallur,district_center,8,335,3.117,1.166,0.92,0.19,India public literature pattern mapped by facility tier and dengue-prone state
284713,Tamil Nadu,Tiruchirappalli,urban_referral,17,335,5.149,1.166,1.16,0.16,India public literature pattern mapped by facility tier and dengue-prone state
30085,Tamil Nadu,The Nilgiris,peripheral_center,4,335,2.289,1.166,0.68,0.24,India public literature pattern mapped by facility tier and dengue-prone state
33113,Tamil Nadu,Thanjavur,district_center,13,335,3.559,1.166,0.92,0.19,India public literature pattern mapped by facility tier and dengue-prone state
33110,Tamil Nadu,Coimbatore,urban_referral,26,335,4.456,1.166,1.16,0.16,India public literature pattern mapped by facility tier and dengue-prone state
283984,Tamil Nadu,Salem,urban_referral,19,335,4.156,1.166,1.16,0.16,India public literature pattern mapped by facility tier and dengue-prone state
283983,Tamil Nadu,Chennai,metro_tertiary_hub,55,335,5.445,1.166,1.42,0.13,India public literature pattern mapped by facility tier and dengue-prone state
284037,Tamil Nadu,Chennai,metro_tertiary_hub,55,335,5.445,1.166,1.42,0.13,India public literature pattern mapped by facility tier and dengue-prone state
284036,Tamil Nadu,Dharmapuri,peripheral_center,4,335,2.289,1.166,0.68,0.24,India public literature pattern mapped by facility tier and dengue-prone state
284034,Tamil Nadu,Tiruvannamalai,district_center,5,335,2.712,1.166,0.92,0.19,India public literature pattern mapped by facility tier and dengue-prone state
284276,Tamil Nadu,Tiruchirappalli,urban_referral,17,335,6.448,1.166,1.16,0.16,India public literature pattern mapped by facility tier and dengue-prone state
33118,Tamil Nadu,Kanchipuram,urban_referral,16,335,3.993,1.166,1.16,0.16,India public literature pattern mapped by facility tier and dengue-prone state
33119,Tamil Nadu,Tiruchirappalli,urban_referral,17,335,4.05,1.166,1.16,0.16,India public literature pattern mapped by facility tier and dengue-prone state
284030,Tamil Nadu,Thiruvallur,district_center,8,335,3.117,1.166,0.92,0.19,India public literature pattern mapped by facility tier and dengue-prone state
30192,Tamil Nadu,Tirunelveli,district_center,10,335,3.318,1.166,0.92,0.19,India public literature pattern mapped by facility tier and dengue-prone state
30070,Tamil Nadu,Krishnagiri,district_center,8,335,3.117,1.166,0.92,0.19,India public literature pattern mapped by facility tier and dengue-prone state
30073,Tamil Nadu,Mayiladuthurai,peripheral_center,1,335,1.373,1.166,0.68,0.24,India public literature pattern mapped by facility tier and dengue-prone state
30194,Tamil Nadu,Thoothukkudi,district_center,7,335,2.999,1.166,0.92,0.19,India public literature pattern mapped by facility tier and dengue-prone state
30072,Tamil Nadu,Tenkasi,peripheral_center,4,335,2.289,1.166,0.68,0.24,India public literature pattern mapped by facility tier and dengue-prone state
30193,Tamil Nadu,Tiruppur,district_center,6,335,2.866,1.166,0.92,0.19,India public literature pattern mapped by facility tier and dengue-prone state
283859,Tamil Nadu,Chennai,metro_tertiary_hub,55,335,7.237,1.166,1.42,0.13,India public literature pattern mapped by facility tier and dengue-prone state
280228,Tamil Nadu,Cuddalore,metro_tertiary_hub,6,335,7.6,1.166,1.42,0.13,India public literature pattern mapped by facility tier and dengue-prone state
33105,Tamil Nadu,Tirunelveli,district_center,10,335,3.318,1.166,0.92,0.19,India public literature pattern mapped by facility tier and dengue-prone state
30079,Tamil Nadu,Tirupattur,peripheral_center,4,335,2.289,1.166,0.68,0.24,India public literature pattern mapped by facility tier and dengue-prone state
30078,Tamil Nadu,Tirunelveli,district_center,10,335,3.318,1.166,0.92,0.19,India public literature pattern mapped by facility tier and dengue-prone state
30199,Tamil Nadu,Tirunelveli,district_center,10,335,3.318,1.166,0.92,0.19,India public literature pattern mapped by facility tier and dengue-prone state
33106,Tamil Nadu,Tirunelveli,district_center,10,335,3.318,1.166,0.92,0.19,India public literature pattern mapped by facility tier and dengue-prone state
280226,Tamil Nadu,Tiruppur,district_center,6,335,2.866,1.166,0.92,0.19,India public literature pattern mapped by facility tier and dengue-prone state
283856,Tamil Nadu,Chennai,metro_tertiary_hub,55,335,7.391,1.166,1.42,0.13,India public literature pattern mapped by facility tier and dengue-prone state
283614,Tamil Nadu,Kanchipuram,urban_referral,16,335,3.993,1.166,1.16,0.16,India public literature pattern mapped by facility tier and dengue-prone state
33104,Tamil Nadu,Erode,district_center,11,335,3.405,1.166,0.92,0.19,India public literature pattern mapped by facility tier and dengue-prone state
280224,Tamil Nadu,Chennai,metro_tertiary_hub,55,335,8.942,1.166,1.42,0.13,India public literature pattern mapped by facility tier and dengue-prone state
283855,Tamil Nadu,Coimbatore,urban_referral,26,335,6.535,1.166,1.16,0.16,India public literature pattern mapped by facility tier and dengue-prone state
30075,Tamil Nadu,Thiruvallur,metro_tertiary_hub,8,335,7.509,1.166,1.42,0.13,India public literature pattern mapped by facility tier and dengue-prone state
30196,Tamil Nadu,Vellore,urban_referral,7,335,5.031,1.166,1.16,0.16,India public literature pattern mapped by facility tier and dengue-prone state
30074,Tamil Nadu,Namakkal,district_center,5,335,2.712,1.166,0.92,0.19,India public literature pattern mapped by facility tier and dengue-prone state
33102,Tamil Nadu,Chennai,metro_tertiary_hub,55,335,5.445,1.166,1.42,0.13,India public literature pattern mapped by facility tier and dengue-prone state
30195,Tamil Nadu,Kanchipuram,urban_referral,16,335,5.603,1.166,1.16,0.16,India public literature pattern mapped by facility tier and dengue-prone state
284941,Tamil Nadu,Tirupattur,peripheral_center,4,335,2.289,1.166,0.68,0.24,India public literature pattern mapped by facility tier and dengue-prone state
30197,Tamil Nadu,Madurai,urban_referral,15,335,3.933,1.166,1.16,0.16,India public literature pattern mapped by facility tier and dengue-prone state
284028,Tamil Nadu,Madurai,urban_referral,15,335,6.572,1.166,1.16,0.16,India public literature pattern mapped by facility tier and dengue-prone state
284027,Tamil Nadu,Erode,urban_referral,11,335,5.254,1.166,1.16,0.16,India public literature pattern mapped by facility tier and dengue-prone state
280581,Tamil Nadu,Kanchipuram,urban_referral,16,335,6.19,1.166,1.16,0.16,India public literature pattern mapped by facility tier and dengue-prone state
283970,Tamil Nadu,Chennai,metro_tertiary_hub,55,335,6.544,1.166,1.42,0.13,India public literature pattern mapped by facility tier and dengue-prone state
284024,Tamil Nadu,Tirunelveli,district_center,10,335,3.318,1.166,0.92,0.19,India public literature pattern mapped by facility tier and dengue-prone state
284265,Tamil Nadu,Tiruchirappalli,urban_referral,17,335,5.996,1.166,1.16,0.16,India public literature pattern mapped by facility tier and dengue-prone state
33109,Tamil Nadu,Thiruvarur,urban_referral,5,335,5.437,1.166,1.16,0.16,India public literature pattern mapped by facility tier and dengue-prone state
282086,Tamil Nadu,Thiruvarur,district_center,5,335,2.712,1.166,0.92,0.19,India public literature pattern mapped by facility tier and dengue-prone state
33107,Tamil Nadu,Chennai,metro_tertiary_hub,55,335,8.703,1.166,1.42,0.13,India public literature pattern mapped by facility tier and dengue-prone state
33108,Tamil Nadu,Thoothukkudi,district_center,7,335,2.999,1.166,0.92,0.19,India public literature pattern mapped by facility tier and dengue-prone state
285113,Tamil Nadu,Krishnagiri,district_center,8,335,3.81,1.166,0.92,0.19,India public literature pattern mapped by facility tier and dengue-prone state
30180,Tamil Nadu,Dindigul,district_center,12,335,3.485,1.166,0.92,0.19,India public literature pattern mapped by facility tier and dengue-prone state
30062,Tamil Nadu,Sivaganga,peripheral_center,2,335,1.779,1.166,0.68,0.24,India public literature pattern mapped by facility tier and dengue-prone state
30182,Tamil Nadu,Coimbatore,urban_referral,26,335,6.248,1.166,1.16,0.16,India public literature pattern mapped by facility tier and dengue-prone state
30189,Tamil Nadu,Coimbatore,urban_referral,26,335,6.758,1.166,1.16,0.16,India public literature pattern mapped by facility tier and dengue-prone state
30068,Tamil Nadu,Tiruppur,district_center,6,335,2.866,1.166,0.92,0.19,India public literature pattern mapped by facility tier and dengue-prone state
30067,Tamil Nadu,Tirupattur,peripheral_center,4,335,2.289,1.166,0.68,0.24,India public literature pattern mapped by facility tier and dengue-prone state
30069,Tamil Nadu,Coimbatore,urban_referral,26,335,4.456,1.166,1.16,0.16,India public literature pattern mapped by facility tier and dengue-prone state
30184,Tamil Nadu,Erode,district_center,11,335,3.405,1.166,0.92,0.19,India public literature pattern mapped by facility tier and dengue-prone state
30063,Tamil Nadu,Salem,urban_referral,19,335,4.156,1.166,1.16,0.16,India public literature pattern mapped by facility tier and dengue-prone state
30066,Tamil Nadu,Namakkal,district_center,5,335,2.712,1.166,0.92,0.19,India public literature pattern mapped by facility tier and dengue-prone state
30186,Tamil Nadu,Tiruchirappalli,urban_referral,17,335,4.744,1.166,1.16,0.16,India public literature pattern mapped by facility tier and dengue-prone state
30065,Tamil Nadu,Vellore,metro_tertiary_hub,7,335,8.434,1.166,1.42,0.13,India public literature pattern mapped by facility tier and dengue-prone state
285242,Tamil Nadu,Virudhunagar,district_center,7,335,2.999,1.166,0.92,0.19,India public literature pattern mapped by facility tier and dengue-prone state
30170,Tamil Nadu,Madurai,urban_referral,15,335,6.705,1.166,1.16,0.16,India public literature pattern mapped by facility tier and dengue-prone state
30291,Tamil Nadu,Madurai,metro_tertiary_hub,15,335,7.328,1.166,1.42,0.13,India public literature pattern mapped by facility tier and dengue-prone state
30290,Tamil Nadu,Chennai,metro_tertiary_hub,55,335,6.544,1.166,1.42,0.13,India public literature pattern mapped by facility tier and dengue-prone state
30293,Tamil Nadu,Thanjavur,urban_referral,13,335,4.898,1.166,1.16,0.16,India public literature pattern mapped by facility tier and dengue-prone state
30172,Tamil Nadu,Madurai,metro_tertiary_hub,15,335,7.237,1.166,1.42,0.13,India public literature pattern mapped by facility tier and dengue-prone state
30171,Tamil Nadu,Tiruchirappalli,urban_referral,17,335,5.66,1.166,1.16,0.16,India public literature pattern mapped by facility tier and dengue-prone state
30050,Tamil Nadu,The Nilgiris,metro_tertiary_hub,4,335,6.025,1.166,1.42,0.13,India public literature pattern mapped by facility tier and dengue-prone state
30178,Tamil Nadu,Dindigul,district_center,12,335,3.485,1.166,0.92,0.19,India public literature pattern mapped by facility tier and dengue-prone state
30299,Tamil Nadu,The Nilgiris,peripheral_center,4,335,2.289,1.166,0.68,0.24,India public literature pattern mapped by facility tier and dengue-prone state
30298,Tamil Nadu,Ramanathapuram,urban_referral,3,335,5.437,1.166,1.16,0.16,India public literature pattern mapped by facility tier and dengue-prone state
30059,Tamil Nadu,Kallakurichi,metro_tertiary_hub,4,335,6.025,1.166,1.42,0.13,India public literature pattern mapped by facility tier and dengue-prone state
30179,Tamil Nadu,Chengalpattu,urban_referral,10,335,5.637,1.166,1.16,0.16,India public literature pattern mapped by facility tier and dengue-prone state
30174,Tamil Nadu,Kanchipuram,urban_referral,16,335,3.993,1.166,1.16,0.16,India public literature pattern mapped by facility tier and dengue-prone state
30053,Tamil Nadu,Krishnagiri,urban_referral,8,335,5.554,1.166,1.16,0.16,India public literature pattern mapped by facility tier and dengue-prone state
30295,Tamil Nadu,Pudukkottai,peripheral_center,4,335,2.289,1.166,0.68,0.24,India public literature pattern mapped by facility tier and dengue-prone state
30294,Tamil Nadu,Thiruvallur,urban_referral,8,335,6.13,1.166,1.16,0.16,India public literature pattern mapped by facility tier and dengue-prone state
30052,Tamil Nadu,Thanjavur,district_center,13,335,3.559,1.166,0.92,0.19,India public literature pattern mapped by facility tier and dengue-prone state
30173,Tamil Nadu,Chennai,metro_tertiary_hub,55,335,10.01,1.166,1.42,0.13,India public literature pattern mapped by facility tier and dengue-prone state
30055,Tamil Nadu,Perambalur,urban_referral,4,335,3.868,1.166,1.16,0.16,India public literature pattern mapped by facility tier and dengue-prone state
30297,Tamil Nadu,Krishnagiri,urban_referral,8,335,5.149,1.166,1.16,0.16,India public literature pattern mapped by facility tier and dengue-prone state
30296,Tamil Nadu,Thoothukkudi,district_center,7,335,2.999,1.166,0.92,0.19,India public literature pattern mapped by facility tier and dengue-prone state
30054,Tamil Nadu,Thiruvarur,district_center,5,335,2.712,1.166,0.92,0.19,India public literature pattern mapped by facility tier and dengue-prone state
30175,Tamil Nadu,Salem,urban_referral,19,335,4.156,1.166,1.16,0.16,India public literature pattern mapped by facility tier and dengue-prone state
284400,Tamil Nadu,Chennai,metro_tertiary_hub,55,335,5.445,1.166,1.42,0.13,India public literature pattern mapped by facility tier and dengue-prone state
30280,Tamil Nadu,Kanchipuram,urban_referral,16,335,5.939,1.166,1.16,0.16,India public literature pattern mapped by facility tier and dengue-prone state
30161,Tamil Nadu,Kanyakumari,district_center,11,335,3.405,1.166,0.92,0.19,India public literature pattern mapped by facility tier and dengue-prone state
30040,Tamil Nadu,Chennai,metro_tertiary_hub,55,335,5.445,1.166,1.42,0.13,India public literature pattern mapped by facility tier and dengue-prone state
30281,Tamil Nadu,Erode,district_center,11,335,3.405,1.166,0.92,0.19,India public literature pattern mapped by facility tier and dengue-prone state
30160,Tamil Nadu,Chennai,metro_tertiary_hub,55,335,9.789,1.166,1.42,0.13,India public literature pattern mapped by facility tier and dengue-prone state
30046,Tamil Nadu,Virudhunagar,district_center,7,335,2.999,1.166,0.92,0.19,India public literature pattern mapped by facility tier and dengue-prone state
30045,Tamil Nadu,Vellore,district_center,7,335,2.999,1.166,0.92,0.19,India public literature pattern mapped by facility tier and dengue-prone state
30166,Tamil Nadu,Karur,peripheral_center,4,335,2.289,1.166,0.68,0.24,India public literature pattern mapped by facility tier and dengue-prone state
30169,Tamil Nadu,Kanyakumari,district_center,11,335,3.405,1.166,0.92,0.19,India public literature pattern mapped by facility tier and dengue-prone state
30048,Tamil Nadu,Tiruppur,district_center,6,335,2.866,1.166,0.92,0.19,India public literature pattern mapped by facility tier and dengue-prone state
30168,Tamil Nadu,Chennai,metro_tertiary_hub,55,335,9.978,1.166,1.42,0.13,India public literature pattern mapped by facility tier and dengue-prone state
30289,Tamil Nadu,Dindigul,district_center,12,335,3.485,1.166,0.92,0.19,India public literature pattern mapped by facility tier and dengue-prone state
30163,Tamil Nadu,Kanyakumari,urban_referral,11,335,6.535,1.166,1.16,0.16,India public literature pattern mapped by facility tier and dengue-prone state
30042,Tamil Nadu,Kanchipuram,urban_referral,16,335,3.993,1.166,1.16,0.16,India public literature pattern mapped by facility tier and dengue-prone state
282699,Tamil Nadu,Chennai,metro_tertiary_hub,55,335,7.237,1.166,1.42,0.13,India public literature pattern mapped by facility tier and dengue-prone state
30041,Tamil Nadu,Erode,urban_referral,11,335,6.535,1.166,1.16,0.16,India public literature pattern mapped by facility tier and dengue-prone state
30165,Tamil Nadu,Coimbatore,urban_referral,26,335,4.456,1.166,1.16,0.16,India public literature pattern mapped by facility tier and dengue-prone state
282697,Tamil Nadu,Ranipet,peripheral_center,4,335,2.289,1.166,0.68,0.24,India public literature pattern mapped by facility tier and dengue-prone state
30286,Tamil Nadu,Viluppuram,district_center,6,335,2.866,1.166,0.92,0.19,India public literature pattern mapped by facility tier and dengue-prone state
30044,Tamil Nadu,Virudhunagar,district_center,7,335,2.999,1.166,0.92,0.19,India public literature pattern mapped by facility tier and dengue-prone state
282696,Tamil Nadu,Madurai,urban_referral,15,335,3.933,1.166,1.16,0.16,India public literature pattern mapped by facility tier and dengue-prone state
282693,Tamil Nadu,Thoothukkudi,district_center,7,335,2.999,1.166,0.92,0.19,India public literature pattern mapped by facility tier and dengue-prone state
282694,Tamil Nadu,Kallakurichi,peripheral_center,4,335,2.289,1.166,0.68,0.24,India public literature pattern mapped by facility tier and dengue-prone state
30049,Tamil Nadu,Namakkal,urban_referral,5,335,5.031,1.166,1.16,0.16,India public literature pattern mapped by facility tier and dengue-prone state
282692,Tamil Nadu,Tiruchirappalli,urban_referral,17,335,4.05,1.166,1.16,0.16,India public literature pattern mapped by facility tier and dengue-prone state
282690,Tamil Nadu,Tirupattur,peripheral_center,4,335,2.289,1.166,0.68,0.24,India public literature pattern mapped by facility tier and dengue-prone state
285143,Tamil Nadu,Dindigul,district_center,12,335,3.485,1.166,0.92,0.19,India public literature pattern mapped by facility tier and dengue-prone state
30271,Tamil Nadu,Thanjavur,district_center,13,335,3.559,1.166,0.92,0.19,India public literature pattern mapped by facility tier and dengue-prone state
30156,Tamil Nadu,Dindigul,district_center,12,335,3.485,1.166,0.92,0.19,India public literature pattern mapped by facility tier and dengue-prone state
30035,Tamil Nadu,Chennai,metro_tertiary_hub,55,335,5.445,1.166,1.42,0.13,India public literature pattern mapped by facility tier and dengue-prone state
30277,Tamil Nadu,Coimbatore,urban_referral,26,335,4.456,1.166,1.16,0.16,India public literature pattern mapped by facility tier and dengue-prone state
284507,Tamil Nadu,Madurai,urban_referral,15,335,3.933,1.166,1.16,0.16,India public literature pattern mapped by facility tier and dengue-prone state
30037,Tamil Nadu,Chennai,metro_tertiary_hub,55,335,9.453,1.166,1.42,0.13,India public literature pattern mapped by facility tier and dengue-prone state
30036,Tamil Nadu,Chennai,metro_tertiary_hub,55,335,8.741,1.166,1.42,0.13,India public literature pattern mapped by facility tier and dengue-prone state
30278,Tamil Nadu,Kanchipuram,urban_referral,16,335,3.993,1.166,1.16,0.16,India public literature pattern mapped by facility tier and dengue-prone state
30157,Tamil Nadu,Thoothukkudi,district_center,7,335,2.999,1.166,0.92,0.19,India public literature pattern mapped by facility tier and dengue-prone state
30152,Tamil Nadu,Coimbatore,metro_tertiary_hub,26,335,8.327,1.166,1.42,0.13,India public literature pattern mapped by facility tier and dengue-prone state
30273,Tamil Nadu,Coimbatore,urban_referral,26,335,4.456,1.166,1.16,0.16,India public literature pattern mapped by facility tier and dengue-prone state
30272,Tamil Nadu,Coimbatore,urban_referral,26,335,5.554,1.166,1.16,0.16,India public literature pattern mapped by facility tier and dengue-prone state
30030,Tamil Nadu,Dindigul,urban_referral,12,335,6.123,1.166,1.16,0.16,India public literature pattern mapped by facility tier and dengue-prone state
30275,Tamil Nadu,Perambalur,urban_referral,4,335,3.868,1.166,1.16,0.16,India public literature pattern mapped by facility tier and dengue-prone state
30033,Tamil Nadu,Chengalpattu,urban_referral,10,335,5.755,1.166,1.16,0.16,India public literature pattern mapped by facility tier and dengue-prone state
30154,Tamil Nadu,Coimbatore,metro_tertiary_hub,26,335,8.95,1.166,1.42,0.13,India public literature pattern mapped by facility tier and dengue-prone state
30032,Tamil Nadu,Salem,metro_tertiary_hub,19,335,8.76,1.166,1.42,0.13,India public literature pattern mapped by facility tier and dengue-prone state
30153,Tamil Nadu,Chennai,metro_tertiary_hub,55,335,9.109,1.166,1.42,0.13,India public literature pattern mapped by facility tier and dengue-prone state
30039,Tamil Nadu,Chennai,metro_tertiary_hub,55,335,8.279,1.166,1.42,0.13,India public literature pattern mapped by facility tier and dengue-prone state
30159,Tamil Nadu,Thanjavur,district_center,13,335,3.559,1.166,0.92,0.19,India public literature pattern mapped by facility tier and dengue-prone state
30038,Tamil Nadu,Chennai,metro_tertiary_hub,55,335,8.911,1.166,1.42,0.13,India public literature pattern mapped by facility tier and dengue-prone state
36120,Telangana,Hyderabad,metro_tertiary_hub,79,290,9.694,1.166,1.42,0.135,Telangana statewide platelet discard/utilization study
280417,Telangana,Hyderabad,metro_tertiary_hub,79,290,9.021,1.166,1.42,0.135,Telangana statewide platelet discard/utilization study
280418,Telangana,Rangareddy,urban_referral,35,290,4.744,1.166,1.16,0.166,Telangana statewide platelet discard/utilization study
280657,Telangana,Hyderabad,metro_tertiary_hub,79,290,5.802,1.166,1.42,0.135,Telangana statewide platelet discard/utilization study
29023,Telangana,Hyderabad,metro_tertiary_hub,79,290,6.901,1.166,1.42,0.135,Telangana statewide platelet discard/utilization study
29144,Telangana,Rangareddy,urban_referral,35,290,4.744,1.166,1.16,0.166,Telangana statewide platelet discard/utilization study
29022,Telangana,Karimnagar,district_center,14,290,3.628,1.166,0.92,0.198,Telangana statewide platelet discard/utilization study
29143,Telangana,Medchal Malkajgiri,urban_referral,32,290,5.755,1.166,1.16,0.166,Telangana statewide platelet discard/utilization study
29142,Telangana,Sangareddy,district_center,8,290,3.117,1.166,0.92,0.198,Telangana statewide platelet discard/utilization study
29149,Telangana,Hyderabad,metro_tertiary_hub,79,290,7.748,1.166,1.42,0.135,Telangana statewide platelet discard/utilization study
29028,Telangana,Hyderabad,metro_tertiary_hub,79,290,7.881,1.166,1.42,0.135,Telangana statewide platelet discard/utilization study
36125,Telangana,Mancherial,peripheral_center,4,290,2.289,1.166,0.68,0.25,Telangana statewide platelet discard/utilization study
280652,Telangana,Nizamabad,district_center,11,290,3.405,1.166,0.92,0.198,Telangana statewide platelet discard/utilization study
36124,Telangana,Rajanna Sircilla,peripheral_center,2,290,1.779,1.166,0.68,0.25,Telangana statewide platelet discard/utilization study
283004,Telangana,Jayashankar Bhupalpally,peripheral_center,2,290,1.779,1.166,0.68,0.25,Telangana statewide platelet discard/utilization study
29020,Telangana,Hyderabad,metro_tertiary_hub,79,290,5.802,1.166,1.42,0.135,Telangana statewide platelet discard/utilization study
283242,Telangana,Jagtial,peripheral_center,4,290,2.289,1.166,0.68,0.25,Telangana statewide platelet discard/utilization study
36112,Telangana,Bhadradri Kothagudem,district_center,7,290,2.999,1.166,0.92,0.198,Telangana statewide platelet discard/utilization study
36111,Telangana,Khammam,metro_tertiary_hub,11,290,7.083,1.166,1.42,0.135,Telangana statewide platelet discard/utilization study
36110,Telangana,Karimnagar,metro_tertiary_hub,14,290,7.219,1.166,1.42,0.135,Telangana statewide platelet discard/utilization study
280649,Telangana,Rangareddy,urban_referral,35,290,4.744,1.166,1.16,0.166,Telangana statewide platelet discard/utilization study
280647,Telangana,Hyderabad,metro_tertiary_hub,79,290,5.802,1.166,1.42,0.135,Telangana statewide platelet discard/utilization study
36118,Telangana,Warangal,district_center,13,290,3.559,1.166,0.92,0.198,Telangana statewide platelet discard/utilization study
280644,Telangana,Khammam,district_center,11,290,3.405,1.166,0.92,0.198,Telangana statewide platelet discard/utilization study
36117,Telangana,Nizamabad,district_center,11,290,3.405,1.166,0.92,0.198,Telangana statewide platelet discard/utilization study
29032,Telangana,Hyderabad,metro_tertiary_hub,79,290,5.802,1.166,1.42,0.135,Telangana statewide platelet discard/utilization study
280642,Telangana,Siddipet,district_center,7,290,2.999,1.166,0.92,0.198,Telangana statewide platelet discard/utilization study
280764,Telangana,Medchal Malkajgiri,urban_referral,32,290,6.043,1.166,1.16,0.166,Telangana statewide platelet discard/utilization study
280643,Telangana,Medchal Malkajgiri,urban_referral,32,290,4.657,1.166,1.16,0.166,Telangana statewide platelet discard/utilization study
36115,Telangana,Siddipet,urban_referral,7,290,5.031,1.166,1.16,0.166,Telangana statewide platelet discard/utilization study
36114,Telangana,Sangareddy,district_center,8,290,3.117,1.166,0.92,0.198,Telangana statewide platelet discard/utilization study
36113,Telangana,Jogulamba Gadwal,peripheral_center,2,290,1.779,1.166,0.68,0.25,Telangana statewide platelet discard/utilization study
283599,Telangana,Medchal Malkajgiri,urban_referral,32,290,4.657,1.166,1.16,0.166,Telangana statewide platelet discard/utilization study
29036,Telangana,Mahbubnagar,district_center,6,290,2.866,1.166,0.92,0.198,Telangana statewide platelet discard/utilization study
280641,Telangana,Rangareddy,urban_referral,35,290,4.744,1.166,1.16,0.166,Telangana statewide platelet discard/utilization study
284321,Telangana,Jogulamba Gadwal,peripheral_center,2,290,1.779,1.166,0.68,0.25,Telangana statewide platelet discard/utilization study
284200,Telangana,Medchal Malkajgiri,urban_referral,32,290,4.657,1.166,1.16,0.166,Telangana statewide platelet discard/utilization study
29031,Telangana,Hyderabad,metro_tertiary_hub,79,290,5.802,1.166,1.42,0.135,Telangana statewide platelet discard/utilization study
29151,Telangana,Hyderabad,metro_tertiary_hub,79,290,7.411,1.166,1.42,0.135,Telangana statewide platelet discard/utilization study
29150,Telangana,Hyderabad,metro_tertiary_hub,79,290,9.268,1.166,1.42,0.135,Telangana statewide platelet discard/utilization study
283591,Telangana,Medchal Malkajgiri,urban_referral,32,290,4.657,1.166,1.16,0.166,Telangana statewide platelet discard/utilization study
29008,Telangana,Karimnagar,urban_referral,14,290,5.477,1.166,1.16,0.166,Telangana statewide platelet discard/utilization study
29007,Telangana,Hyderabad,metro_tertiary_hub,79,290,7.881,1.166,1.42,0.135,Telangana statewide platelet discard/utilization study
29002,Telangana,Hyderabad,metro_tertiary_hub,79,290,8.441,1.166,1.42,0.135,Telangana statewide platelet discard/utilization study
36109,Telangana,Jagtial,peripheral_center,4,290,2.289,1.166,0.68,0.25,Telangana statewide platelet discard/utilization study
29122,Telangana,Jayashankar Bhupalpally,peripheral_center,2,290,1.779,1.166,0.68,0.25,Telangana statewide platelet discard/utilization study
36108,Telangana,Hyderabad,metro_tertiary_hub,79,290,5.802,1.166,1.42,0.135,Telangana statewide platelet discard/utilization study
280636,Telangana,Rangareddy,urban_referral,35,290,5.437,1.166,1.16,0.166,Telangana statewide platelet discard/utilization study
29001,Telangana,Hyderabad,metro_tertiary_hub,79,290,5.802,1.166,1.42,0.135,Telangana statewide platelet discard/utilization study
282813,Telangana,Siddipet,district_center,7,290,2.999,1.166,0.92,0.198,Telangana statewide platelet discard/utilization study
36107,Telangana,Hyderabad,metro_tertiary_hub,79,290,5.802,1.166,1.42,0.135,Telangana statewide platelet discard/utilization study
29120,Telangana,Rangareddy,urban_referral,35,290,4.744,1.166,1.16,0.166,Telangana statewide platelet discard/utilization study
36106,Telangana,Hyderabad,metro_tertiary_hub,79,290,5.802,1.166,1.42,0.135,Telangana statewide platelet discard/utilization study
280634,Telangana,Hyderabad,metro_tertiary_hub,79,290,6.901,1.166,1.42,0.135,Telangana statewide platelet discard/utilization study
29006,Telangana,Hyderabad,metro_tertiary_hub,79,290,5.802,1.166,1.42,0.135,Telangana statewide platelet discard/utilization study
36105,Telangana,Hyderabad,metro_tertiary_hub,79,290,8.798,1.166,1.42,0.135,Telangana statewide platelet discard/utilization study
280631,Telangana,Mahbubnagar,district_center,6,290,2.866,1.166,0.92,0.198,Telangana statewide platelet discard/utilization study
29005,Telangana,Hyderabad,metro_tertiary_hub,79,290,5.802,1.166,1.42,0.135,Telangana statewide platelet discard/utilization study
280632,Telangana,Rangareddy,urban_referral,35,290,4.744,1.166,1.16,0.166,Telangana statewide platelet discard/utilization study
36104,Telangana,Hyderabad,metro_tertiary_hub,79,290,8.105,1.166,1.42,0.135,Telangana statewide platelet discard/utilization study
36103,Telangana,Hyderabad,metro_tertiary_hub,79,290,5.802,1.166,1.42,0.135,Telangana statewide platelet discard/utilization study
29125,Telangana,Hyderabad,metro_tertiary_hub,79,290,5.802,1.166,1.42,0.135,Telangana statewide platelet discard/utilization study
283589,Telangana,Warangal,district_center,13,290,3.559,1.166,0.92,0.198,Telangana statewide platelet discard/utilization study
283588,Telangana,Medchal Malkajgiri,urban_referral,32,290,4.657,1.166,1.16,0.166,Telangana statewide platelet discard/utilization study
29124,Telangana,Hyderabad,metro_tertiary_hub,79,290,5.802,1.166,1.42,0.135,Telangana statewide platelet discard/utilization study
29003,Telangana,Medchal Malkajgiri,urban_referral,32,290,4.657,1.166,1.16,0.166,Telangana statewide platelet discard/utilization study
36102,Telangana,Adilabad,peripheral_center,3,290,2.066,1.166,0.68,0.25,Telangana statewide platelet discard/utilization study
284311,Telangana,Siddipet,district_center,7,290,2.999,1.166,0.92,0.198,Telangana statewide platelet discard/utilization study
283583,Telangana,Medchal Malkajgiri,urban_referral,32,290,4.657,1.166,1.16,0.166,Telangana statewide platelet discard/utilization study
29019,Telangana,Hyderabad,metro_tertiary_hub,79,290,5.802,1.166,1.42,0.135,Telangana statewide platelet discard/utilization study
29018,Telangana,Sangareddy,district_center,8,290,3.117,1.166,0.92,0.198,Telangana statewide platelet discard/utilization study
280629,Telangana,Siddipet,district_center,7,290,2.999,1.166,0.92,0.198,Telangana statewide platelet discard/utilization study
280627,Telangana,Medchal Malkajgiri,urban_referral,32,290,6.448,1.166,1.16,0.166,Telangana statewide platelet discard/utilization study
29134,Telangana,Mahbubnagar,district_center,6,290,2.866,1.166,0.92,0.198,Telangana statewide platelet discard/utilization study
29012,Telangana,Rangareddy,urban_referral,35,290,4.744,1.166,1.16,0.166,Telangana statewide platelet discard/utilization study
29131,Telangana,Hyderabad,metro_tertiary_hub,79,290,7.411,1.166,1.42,0.135,Telangana statewide platelet discard/utilization study
280620,Telangana,Hyderabad,metro_tertiary_hub,79,290,7.999,1.166,1.42,0.135,Telangana statewide platelet discard/utilization study
283338,Telangana,Karimnagar,district_center,14,290,3.628,1.166,0.92,0.198,Telangana statewide platelet discard/utilization study
29017,Telangana,Rangareddy,urban_referral,35,290,5.437,1.166,1.16,0.166,Telangana statewide platelet discard/utilization study
280621,Telangana,Hyderabad,metro_tertiary_hub,79,290,9.491,1.166,1.42,0.135,Telangana statewide platelet discard/utilization study
29016,Telangana,Hyderabad,metro_tertiary_hub,79,290,10.279,1.166,1.42,0.135,Telangana statewide platelet discard/utilization study
29015,Telangana,Rangareddy,urban_referral,35,290,4.744,1.166,1.16,0.166,Telangana statewide platelet discard/utilization study
283335,Telangana,Kumaram Bheem Asifabad,peripheral_center,2,290,1.779,1.166,0.68,0.25,Telangana statewide platelet discard/utilization study
29135,Telangana,Rangareddy,urban_referral,35,290,4.744,1.166,1.16,0.166,Telangana statewide platelet discard/utilization study
284543,Telangana,Nalgonda,district_center,7,290,2.999,1.166,0.92,0.198,Telangana statewide platelet discard/utilization study
283330,Telangana,Nirmal,district_center,6,290,2.866,1.166,0.92,0.198,Telangana statewide platelet discard/utilization study
29130,Telangana,Warangal,district_center,13,290,3.559,1.166,0.92,0.198,Telangana statewide platelet discard/utilization study
284381,Telangana,Karimnagar,district_center,14,290,3.628,1.166,0.92,0.198,Telangana statewide platelet discard/utilization study
29106,Telangana,Hyderabad,metro_tertiary_hub,79,290,5.802,1.166,1.42,0.135,Telangana statewide platelet discard/utilization study
284816,Telangana,Medchal Malkajgiri,urban_referral,32,290,4.657,1.166,1.16,0.166,Telangana statewide platelet discard/utilization study
283846,Telangana,Nagarkurnool,peripheral_center,2,290,1.779,1.166,0.68,0.25,Telangana statewide platelet discard/utilization study
29105,Telangana,Hyderabad,metro_tertiary_hub,79,290,5.802,1.166,1.42,0.135,Telangana statewide platelet discard/utilization study
282996,Telangana,Warangal,district_center,13,290,3.559,1.166,0.92,0.198,Telangana statewide platelet discard/utilization study
284139,Telangana,Hanumakonda,peripheral_center,4,290,2.289,1.166,0.68,0.25,Telangana statewide platelet discard/utilization study
282995,Telangana,Nizamabad,district_center,11,290,3.405,1.166,0.92,0.198,Telangana statewide platelet discard/utilization study
283842,Telangana,Hyderabad,metro_tertiary_hub,79,290,5.802,1.166,1.42,0.135,Telangana statewide platelet discard/utilization study
282993,Telangana,Mulugu,peripheral_center,2,290,1.779,1.166,0.68,0.25,Telangana statewide platelet discard/utilization study
282991,Telangana,Adilabad,peripheral_center,3,290,2.066,1.166,0.68,0.25,Telangana statewide platelet discard/utilization study
283164,Telangana,Medchal Malkajgiri,urban_referral,32,290,4.657,1.166,1.16,0.166,Telangana statewide platelet discard/utilization study
29117,Telangana,Bhadradri Kothagudem,district_center,7,290,2.999,1.166,0.92,0.198,Telangana statewide platelet discard/utilization study
280327,Telangana,Kamareddy,peripheral_center,4,290,2.289,1.166,0.68,0.25,Telangana statewide platelet discard/utilization study
280328,Telangana,Hyderabad,metro_tertiary_hub,79,290,5.802,1.166,1.42,0.135,Telangana statewide platelet discard/utilization study
280688,Telangana,Nizamabad,district_center,11,290,3.405,1.166,0.92,0.198,Telangana statewide platelet discard/utilization study
29116,Telangana,Hyderabad,metro_tertiary_hub,79,290,5.802,1.166,1.42,0.135,Telangana statewide platelet discard/utilization study
280323,Telangana,Nirmal,urban_referral,6,290,5.052,1.166,1.16,0.166,Telangana statewide platelet discard/utilization study
280324,Telangana,Vikarabad,peripheral_center,4,290,2.289,1.166,0.68,0.25,Telangana statewide platelet discard/utilization study
284006,Telangana,Hyderabad,metro_tertiary_hub,79,290,5.802,1.166,1.42,0.135,Telangana statewide platelet discard/utilization study
29113,Telangana,Nizamabad,district_center,11,290,3.405,1.166,0.92,0.198,Telangana statewide platelet discard/utilization study
283159,Telangana,Rangareddy,urban_referral,35,290,4.744,1.166,1.16,0.166,Telangana statewide platelet discard/utilization study
280318,Telangana,Bhadradri Kothagudem,urban_referral,7,290,5.185,1.166,1.16,0.166,Telangana statewide platelet discard/utilization study
285301,Telangana,Khammam,district_center,11,290,3.405,1.166,0.92,0.198,Telangana statewide platelet discard/utilization study
285303,Telangana,Bhadradri Kothagudem,district_center,7,290,2.999,1.166,0.92,0.198,Telangana statewide platelet discard/utilization study
282605,Telangana,Mahabubabad,peripheral_center,2,290,1.779,1.166,0.68,0.25,Telangana statewide platelet discard/utilization study
280788,Telangana,Yadadri Bhuvanagiri,peripheral_center,2,290,1.779,1.166,0.68,0.25,Telangana statewide platelet discard/utilization study
280785,Telangana,Hyderabad,metro_tertiary_hub,79,290,5.802,1.166,1.42,0.135,Telangana statewide platelet discard/utilization study
284107,Telangana,Hyderabad,metro_tertiary_hub,79,290,5.802,1.166,1.42,0.135,Telangana statewide platelet discard/utilization study
284348,Telangana,Nirmal,district_center,6,290,2.866,1.166,0.92,0.198,Telangana statewide platelet discard/utilization study
284347,Telangana,Rangareddy,urban_referral,35,290,4.744,1.166,1.16,0.166,Telangana statewide platelet discard/utilization study
283136,Telangana,Rangareddy,urban_referral,35,290,4.744,1.166,1.16,0.166,Telangana statewide platelet discard/utilization study
280660,Telangana,Hyderabad,metro_tertiary_hub,79,290,8.2,1.166,1.42,0.135,Telangana statewide platelet discard/utilization study
280661,Telangana,Vikarabad,peripheral_center,4,290,2.289,1.166,0.68,0.25,Telangana statewide platelet discard/utilization study
284343,Telangana,Rangareddy,urban_referral,35,290,7.577,1.166,1.16,0.166,Telangana statewide platelet discard/utilization study
284341,Telangana,Rangareddy,urban_referral,35,290,4.744,1.166,1.16,0.166,Telangana statewide platelet discard/utilization study
283529,Telangana,Khammam,district_center,11,290,3.405,1.166,0.92,0.198,Telangana statewide platelet discard/utilization study
283525,Telangana,Warangal,district_center,13,290,3.559,1.166,0.92,0.198,Telangana statewide platelet discard/utilization study
283524,Telangana,Rangareddy,urban_referral,35,290,4.744,1.166,1.16,0.166,Telangana statewide platelet discard/utilization study
283522,Telangana,Warangal,district_center,13,290,3.559,1.166,0.92,0.198,Telangana statewide platelet discard/utilization study
283643,Telangana,Sangareddy,district_center,8,290,3.117,1.166,0.92,0.198,Telangana statewide platelet discard/utilization study
283763,Telangana,Sangareddy,district_center,8,290,3.117,1.166,0.92,0.198,Telangana statewide platelet discard/utilization study
283521,Telangana,Nirmal,district_center,6,290,2.866,1.166,0.92,0.198,Telangana statewide platelet discard/utilization study
282792,Telangana,Hyderabad,metro_tertiary_hub,79,290,8.51,1.166,1.42,0.135,Telangana statewide platelet discard/utilization study
285282,Telangana,Hyderabad,metro_tertiary_hub,79,290,5.802,1.166,1.42,0.135,Telangana statewide platelet discard/utilization study
283519,Telangana,Rangareddy,urban_referral,35,290,4.744,1.166,1.16,0.166,Telangana statewide platelet discard/utilization study
283518,Telangana,Hyderabad,metro_tertiary_hub,79,290,5.802,1.166,1.42,0.135,Telangana statewide platelet discard/utilization study
284728,Telangana,Rangareddy,urban_referral,35,290,6.535,1.166,1.16,0.166,Telangana statewide platelet discard/utilization study
284960,Telangana,Narayanpet,peripheral_center,2,290,1.779,1.166,0.68,0.25,Telangana statewide platelet discard/utilization study
285295,Telangana,Hyderabad,metro_tertiary_hub,79,290,5.802,1.166,1.42,0.135,Telangana statewide platelet discard/utilization study
285297,Telangana,Hyderabad,metro_tertiary_hub,79,290,5.802,1.166,1.42,0.135,Telangana statewide platelet discard/utilization study
285179,Telangana,Bhadradri Kothagudem,district_center,7,290,2.999,1.166,0.92,0.198,Telangana statewide platelet discard/utilization study
284838,Telangana,Hyderabad,metro_tertiary_hub,79,290,6.495,1.166,1.42,0.135,Telangana statewide platelet discard/utilization study
29089,Telangana,Sangareddy,district_center,8,290,3.117,1.166,0.92,0.198,Telangana statewide platelet discard/utilization study
283747,Telangana,Peddapalli,peripheral_center,4,290,2.289,1.166,0.68,0.25,Telangana statewide platelet discard/utilization study
29087,Telangana,Hyderabad,metro_tertiary_hub,79,290,5.802,1.166,1.42,0.135,Telangana statewide platelet discard/utilization study
282655,Telangana,Nagarkurnool,peripheral_center,2,290,1.779,1.166,0.68,0.25,Telangana statewide platelet discard/utilization study
280598,Telangana,Rangareddy,urban_referral,35,290,6.689,1.166,1.16,0.166,Telangana statewide platelet discard/utilization study
280599,Telangana,Karimnagar,district_center,14,290,3.628,1.166,0.92,0.198,Telangana statewide platelet discard/utilization study
282653,Telangana,Medchal Malkajgiri,urban_referral,32,290,4.657,1.166,1.16,0.166,Telangana statewide platelet discard/utilization study
284039,Telangana,Medchal Malkajgiri,metro_tertiary_hub,32,290,9.011,1.166,1.42,0.135,Telangana statewide platelet discard/utilization study
280597,Telangana,Mahbubnagar,district_center,6,290,2.866,1.166,0.92,0.198,Telangana statewide platelet discard/utilization study
29082,Telangana,Rangareddy,urban_referral,35,290,4.744,1.166,1.16,0.166,Telangana statewide platelet discard/utilization study
280594,Telangana,Warangal,district_center,13,290,3.559,1.166,0.92,0.198,Telangana statewide platelet discard/utilization study
29081,Telangana,Hyderabad,metro_tertiary_hub,79,290,5.802,1.166,1.42,0.135,Telangana statewide platelet discard/utilization study
280595,Telangana,Medchal Malkajgiri,urban_referral,32,290,4.657,1.166,1.16,0.166,Telangana statewide platelet discard/utilization study
280592,Telangana,Siddipet,urban_referral,7,290,5.878,1.166,1.16,0.166,Telangana statewide platelet discard/utilization study
280593,Telangana,Karimnagar,district_center,14,290,3.628,1.166,0.92,0.198,Telangana statewide platelet discard/utilization study
29084,Telangana,Medchal Malkajgiri,urban_referral,32,290,4.657,1.166,1.16,0.166,Telangana statewide platelet discard/utilization study
29083,Telangana,Sangareddy,district_center,8,290,3.117,1.166,0.92,0.198,Telangana statewide platelet discard/utilization study
284827,Telangana,Hyderabad,metro_tertiary_hub,79,290,5.802,1.166,1.42,0.135,Telangana statewide platelet discard/utilization study
280589,Telangana,Hyderabad,metro_tertiary_hub,79,290,5.802,1.166,1.42,0.135,Telangana statewide platelet discard/utilization study
29099,Telangana,Hyderabad,metro_tertiary_hub,79,290,5.802,1.166,1.42,0.135,Telangana statewide platelet discard/utilization study
282647,Telangana,Rangareddy,urban_referral,35,290,4.744,1.166,1.16,0.166,Telangana statewide platelet discard/utilization study
280587,Telangana,Suryapet,peripheral_center,3,290,2.066,1.166,0.68,0.25,Telangana statewide platelet discard/utilization study
280588,Telangana,Medchal Malkajgiri,urban_referral,32,290,7.429,1.166,1.16,0.166,Telangana statewide platelet discard/utilization study
284029,Telangana,Rangareddy,urban_referral,35,290,4.744,1.166,1.16,0.166,Telangana statewide platelet discard/utilization study
29093,Telangana,Jagtial,peripheral_center,4,290,2.289,1.166,0.68,0.25,Telangana statewide platelet discard/utilization study
284268,Telangana,Nizamabad,district_center,11,290,3.405,1.166,0.92,0.198,Telangana statewide platelet discard/utilization study
29090,Telangana,Warangal,district_center,13,290,3.559,1.166,0.92,0.198,Telangana statewide platelet discard/utilization study
282880,Telangana,Hyderabad,metro_tertiary_hub,79,290,5.802,1.166,1.42,0.135,Telangana statewide platelet discard/utilization study
29097,Telangana,Hyderabad,metro_tertiary_hub,79,290,5.802,1.166,1.42,0.135,Telangana statewide platelet discard/utilization study
284264,Telangana,Nirmal,district_center,6,290,2.866,1.166,0.92,0.198,Telangana statewide platelet discard/utilization study
284021,Telangana,Rajanna Sircilla,urban_referral,2,290,4.205,1.166,1.16,0.166,Telangana statewide platelet discard/utilization study
285235,Telangana,Jangaon,peripheral_center,2,290,1.779,1.166,0.68,0.25,Telangana statewide platelet discard/utilization study
285114,Telangana,Hyderabad,metro_tertiary_hub,79,290,5.802,1.166,1.42,0.135,Telangana statewide platelet discard/utilization study
285239,Telangana,Medchal Malkajgiri,urban_referral,32,290,4.657,1.166,1.16,0.166,Telangana statewide platelet discard/utilization study
280617,Telangana,Hyderabad,metro_tertiary_hub,79,290,5.802,1.166,1.42,0.135,Telangana statewide platelet discard/utilization study
280618,Telangana,Hyderabad,metro_tertiary_hub,79,290,6.495,1.166,1.42,0.135,Telangana statewide platelet discard/utilization study
280615,Telangana,Khammam,district_center,11,290,3.405,1.166,0.92,0.198,Telangana statewide platelet discard/utilization study
280616,Telangana,Karimnagar,district_center,14,290,3.628,1.166,0.92,0.198,Telangana statewide platelet discard/utilization study
29068,Telangana,Nalgonda,district_center,7,290,2.999,1.166,0.92,0.198,Telangana statewide platelet discard/utilization study
280614,Telangana,Hyderabad,metro_tertiary_hub,79,290,5.802,1.166,1.42,0.135,Telangana statewide platelet discard/utilization study
280611,Telangana,Suryapet,peripheral_center,3,290,2.066,1.166,0.68,0.25,Telangana statewide platelet discard/utilization study
280612,Telangana,Rangareddy,urban_referral,35,290,4.744,1.166,1.16,0.166,Telangana statewide platelet discard/utilization study
29065,Telangana,Hyderabad,metro_tertiary_hub,79,290,9.098,1.166,1.42,0.135,Telangana statewide platelet discard/utilization study
283328,Telangana,Peddapalli,urban_referral,4,290,4.156,1.166,1.16,0.166,Telangana statewide platelet discard/utilization study
283206,Telangana,Nalgonda,district_center,7,290,2.999,1.166,0.92,0.198,Telangana statewide platelet discard/utilization study
283327,Telangana,Rangareddy,urban_referral,35,290,4.744,1.166,1.16,0.166,Telangana statewide platelet discard/utilization study
283326,Telangana,Warangal,district_center,13,290,3.559,1.166,0.92,0.198,Telangana statewide platelet discard/utilization study
280610,Telangana,Medchal Malkajgiri,urban_referral,32,290,4.657,1.166,1.16,0.166,Telangana statewide platelet discard/utilization study
283325,Telangana,Kamareddy,peripheral_center,4,290,2.289,1.166,0.68,0.25,Telangana statewide platelet discard/utilization study
29069,Telangana,Hanumakonda,peripheral_center,4,290,2.289,1.166,0.68,0.25,Telangana statewide platelet discard/utilization study
284896,Telangana,Warangal,district_center,13,290,3.559,1.166,0.92,0.198,Telangana statewide platelet discard/utilization study
283443,Telangana,Medchal Malkajgiri,metro_tertiary_hub,32,290,9.359,1.166,1.42,0.135,Telangana statewide platelet discard/utilization study
283201,Telangana,Medchal Malkajgiri,urban_referral,32,290,4.657,1.166,1.16,0.166,Telangana statewide platelet discard/utilization study
284531,Telangana,Warangal,district_center,13,290,3.559,1.166,0.92,0.198,Telangana statewide platelet discard/utilization study
283440,Telangana,Jagtial,peripheral_center,4,290,2.289,1.166,0.68,0.25,Telangana statewide platelet discard/utilization study
283560,Telangana,Hyderabad,metro_tertiary_hub,79,290,5.802,1.166,1.42,0.135,Telangana statewide platelet discard/utilization study
29063,Telangana,Jangaon,peripheral_center,2,290,1.779,1.166,0.68,0.25,Telangana statewide platelet discard/utilization study
285124,Telangana,Mahbubnagar,district_center,6,290,2.866,1.166,0.92,0.198,Telangana statewide platelet discard/utilization study
36156,Telangana,Hyderabad,metro_tertiary_hub,79,290,7.999,1.166,1.42,0.135,Telangana statewide platelet discard/utilization study
285249,Telangana,Hyderabad,metro_tertiary_hub,79,290,5.802,1.166,1.42,0.135,Telangana statewide platelet discard/utilization study
36155,Telangana,Rangareddy,urban_referral,35,290,7.308,1.166,1.16,0.166,Telangana statewide platelet discard/utilization study
285008,Telangana,Nalgonda,district_center,7,290,2.999,1.166,0.92,0.198,Telangana statewide platelet discard/utilization study
36154,Telangana,Hyderabad,metro_tertiary_hub,79,290,7.999,1.166,1.42,0.135,Telangana statewide platelet discard/utilization study
280609,Telangana,Nalgonda,district_center,7,290,2.999,1.166,0.92,0.198,Telangana statewide platelet discard/utilization study
36153,Telangana,Siddipet,district_center,7,290,2.999,1.166,0.92,0.198,Telangana statewide platelet discard/utilization study
280606,Telangana,Medchal Malkajgiri,urban_referral,32,290,4.657,1.166,1.16,0.166,Telangana statewide platelet discard/utilization study
36152,Telangana,Medchal Malkajgiri,urban_referral,32,290,4.657,1.166,1.16,0.166,Telangana statewide platelet discard/utilization study
280607,Telangana,Karimnagar,district_center,14,290,3.628,1.166,0.92,0.198,Telangana statewide platelet discard/utilization study
36151,Telangana,Hyderabad,metro_tertiary_hub,79,290,9.357,1.166,1.42,0.135,Telangana statewide platelet discard/utilization study
36150,Telangana,Khammam,district_center,11,290,3.405,1.166,0.92,0.198,Telangana statewide platelet discard/utilization study
280604,Telangana,Mancherial,peripheral_center,4,290,2.289,1.166,0.68,0.25,Telangana statewide platelet discard/utilization study
280605,Telangana,Rangareddy,urban_referral,35,290,4.744,1.166,1.16,0.166,Telangana statewide platelet discard/utilization study
280602,Telangana,Mancherial,peripheral_center,4,290,2.289,1.166,0.68,0.25,Telangana statewide platelet discard/utilization study
280603,Telangana,Wanaparthy,peripheral_center,2,290,1.779,1.166,0.68,0.25,Telangana statewide platelet discard/utilization study
29077,Telangana,Hyderabad,metro_tertiary_hub,79,290,5.802,1.166,1.42,0.135,Telangana statewide platelet discard/utilization study
280600,Telangana,Karimnagar,district_center,14,290,3.628,1.166,0.92,0.198,Telangana statewide platelet discard/utilization study
280722,Telangana,Nizamabad,urban_referral,11,290,6.417,1.166,1.16,0.166,Telangana statewide platelet discard/utilization study
280601,Telangana,Rangareddy,urban_referral,35,290,6.941,1.166,1.16,0.166,Telangana statewide platelet discard/utilization study
284889,Telangana,Nalgonda,district_center,7,290,2.999,1.166,0.92,0.198,Telangana statewide platelet discard/utilization study
36159,Telangana,Kamareddy,urban_referral,4,290,4.379,1.166,1.16,0.166,Telangana statewide platelet discard/utilization study
282587,Telangana,Rangareddy,urban_referral,35,290,4.744,1.166,1.16,0.166,Telangana statewide platelet discard/utilization study
284887,Telangana,Medchal Malkajgiri,urban_referral,32,290,4.657,1.166,1.16,0.166,Telangana statewide platelet discard/utilization study
36158,Telangana,Hyderabad,metro_tertiary_hub,79,290,7.881,1.166,1.42,0.135,Telangana statewide platelet discard/utilization study
284886,Telangana,Nizamabad,district_center,11,290,3.405,1.166,0.92,0.198,Telangana statewide platelet discard/utilization study
283555,Telangana,Vikarabad,peripheral_center,4,290,2.289,1.166,0.68,0.25,Telangana statewide platelet discard/utilization study
36157,Telangana,Yadadri Bhuvanagiri,peripheral_center,2,290,1.779,1.166,0.68,0.25,Telangana statewide platelet discard/utilization study
284885,Telangana,Rangareddy,metro_tertiary_hub,35,290,9.098,1.166,1.42,0.135,Telangana statewide platelet discard/utilization study
283554,Telangana,Rangareddy,urban_referral,35,290,4.744,1.166,1.16,0.166,Telangana statewide platelet discard/utilization study
283552,Telangana,Rangareddy,urban_referral,35,290,4.744,1.166,1.16,0.166,Telangana statewide platelet discard/utilization study
283550,Telangana,Hyderabad,metro_tertiary_hub,79,290,8.105,1.166,1.42,0.135,Telangana statewide platelet discard/utilization study
29074,Telangana,Hyderabad,metro_tertiary_hub,79,290,9.268,1.166,1.42,0.135,Telangana statewide platelet discard/utilization study
29072,Telangana,Nalgonda,district_center,7,290,2.999,1.166,0.92,0.198,Telangana statewide platelet discard/utilization study
36145,Telangana,Medak,peripheral_center,2,290,1.779,1.166,0.68,0.25,Telangana statewide platelet discard/utilization study
36144,Telangana,Medchal Malkajgiri,urban_referral,32,290,7.49,1.166,1.16,0.166,Telangana statewide platelet discard/utilization study
36142,Telangana,Rangareddy,urban_referral,35,290,4.744,1.166,1.16,0.166,Telangana statewide platelet discard/utilization study
36141,Telangana,Hanumakonda,peripheral_center,4,290,2.289,1.166,0.68,0.25,Telangana statewide platelet discard/utilization study
36140,Telangana,Kumaram Bheem Asifabad,peripheral_center,2,290,1.779,1.166,0.68,0.25,Telangana statewide platelet discard/utilization study
29046,Telangana,Suryapet,peripheral_center,3,290,2.066,1.166,0.68,0.25,Telangana statewide platelet discard/utilization study
284518,Telangana,Karimnagar,district_center,14,290,3.628,1.166,0.92,0.198,Telangana statewide platelet discard/utilization study
283429,Telangana,Medchal Malkajgiri,urban_referral,32,290,4.657,1.166,1.16,0.166,Telangana statewide platelet discard/utilization study
283549,Telangana,Medchal Malkajgiri,urban_referral,32,290,4.657,1.166,1.16,0.166,Telangana statewide platelet discard/utilization study
283548,Telangana,Hyderabad,metro_tertiary_hub,79,290,5.802,1.166,1.42,0.135,Telangana statewide platelet discard/utilization study
36149,Telangana,Warangal,district_center,13,290,3.559,1.166,0.92,0.198,Telangana statewide platelet discard/utilization study
283547,Telangana,Warangal,district_center,13,290,3.559,1.166,0.92,0.198,Telangana statewide platelet discard/utilization study
36148,Telangana,Hyderabad,metro_tertiary_hub,79,290,5.802,1.166,1.42,0.135,Telangana statewide platelet discard/utilization study
283546,Telangana,Kamareddy,peripheral_center,4,290,2.289,1.166,0.68,0.25,Telangana statewide platelet discard/utilization study
36147,Telangana,Hyderabad,metro_tertiary_hub,79,290,5.802,1.166,1.42,0.135,Telangana statewide platelet discard/utilization study
283545,Telangana,Hyderabad,metro_tertiary_hub,79,290,6.495,1.166,1.42,0.135,Telangana statewide platelet discard/utilization study
283787,Telangana,Hyderabad,metro_tertiary_hub,79,290,6.495,1.166,1.42,0.135,Telangana statewide platelet discard/utilization study
283544,Telangana,Karimnagar,district_center,14,290,3.628,1.166,0.92,0.198,Telangana statewide platelet discard/utilization study
283423,Telangana,Mulugu,peripheral_center,2,290,1.779,1.166,0.68,0.25,Telangana statewide platelet discard/utilization study
36146,Telangana,Sangareddy,district_center,8,290,3.117,1.166,0.92,0.198,Telangana statewide platelet discard/utilization study
283543,Telangana,Nizamabad,district_center,11,290,3.405,1.166,0.92,0.198,Telangana statewide platelet discard/utilization study
283542,Telangana,Medak,peripheral_center,2,290,1.779,1.166,0.68,0.25,Telangana statewide platelet discard/utilization study
29042,Telangana,Hyderabad,metro_tertiary_hub,79,290,6.901,1.166,1.42,0.135,Telangana statewide platelet discard/utilization study
284199,Telangana,Hyderabad,metro_tertiary_hub,79,290,8.287,1.166,1.42,0.135,Telangana statewide platelet discard/utilization study
284197,Telangana,Nirmal,district_center,6,290,2.866,1.166,0.92,0.198,Telangana statewide platelet discard/utilization study
284196,Telangana,Hanumakonda,peripheral_center,4,290,2.289,1.166,0.68,0.25,Telangana statewide platelet discard/utilization study
285142,Telangana,Medchal Malkajgiri,urban_referral,32,290,4.657,1.166,1.16,0.166,Telangana statewide platelet discard/utilization study
284195,Telangana,Karimnagar,district_center,14,290,3.628,1.166,0.92,0.198,Telangana statewide platelet discard/utilization study
284192,Telangana,Rangareddy,urban_referral,35,290,7.688,1.166,1.16,0.166,Telangana statewide platelet discard/utilization study
284191,Telangana,Hyderabad,metro_tertiary_hub,79,290,5.802,1.166,1.42,0.135,Telangana statewide platelet discard/utilization study
284190,Telangana,Rangareddy,urban_referral,35,290,4.744,1.166,1.16,0.166,Telangana statewide platelet discard/utilization study
36134,Telangana,Mahbubnagar,district_center,6,290,2.866,1.166,0.92,0.198,Telangana statewide platelet discard/utilization study
36133,Telangana,Narayanpet,peripheral_center,2,290,1.779,1.166,0.68,0.25,Telangana statewide platelet discard/utilization study
36132,Telangana,Wanaparthy,peripheral_center,2,290,1.779,1.166,0.68,0.25,Telangana statewide platelet discard/utilization study
36130,Telangana,Peddapalli,peripheral_center,4,290,2.289,1.166,0.68,0.25,Telangana statewide platelet discard/utilization study
280705,Telangana,Medchal Malkajgiri,urban_referral,32,290,4.657,1.166,1.16,0.166,Telangana statewide platelet discard/utilization study
280701,Telangana,Khammam,urban_referral,11,290,5.031,1.166,1.16,0.166,Telangana statewide platelet discard/utilization study
283539,Telangana,Bhadradri Kothagudem,district_center,7,290,2.999,1.166,0.92,0.198,Telangana statewide platelet discard/utilization study
284869,Telangana,Medchal Malkajgiri,urban_referral,32,290,4.657,1.166,1.16,0.166,Telangana statewide platelet discard/utilization study
283538,Telangana,Khammam,district_center,11,290,3.405,1.166,0.92,0.198,Telangana statewide platelet discard/utilization study
283537,Telangana,Adilabad,peripheral_center,3,290,2.066,1.166,0.68,0.25,Telangana statewide platelet discard/utilization study
36139,Telangana,Hyderabad,metro_tertiary_hub,79,290,5.802,1.166,1.42,0.135,Telangana statewide platelet discard/utilization study
282688,Telangana,Khammam,district_center,11,290,3.405,1.166,0.92,0.198,Telangana statewide platelet discard/utilization study
284866,Telangana,Vikarabad,peripheral_center,4,290,2.289,1.166,0.68,0.25,Telangana statewide platelet discard/utilization study
283535,Telangana,Medchal Malkajgiri,urban_referral,32,290,4.657,1.166,1.16,0.166,Telangana statewide platelet discard/utilization study
36137,Telangana,Bhadradri Kothagudem,district_center,7,290,2.999,1.166,0.92,0.198,Telangana statewide platelet discard/utilization study
283534,Telangana,Medchal Malkajgiri,urban_referral,32,290,4.657,1.166,1.16,0.166,Telangana statewide platelet discard/utilization study
36136,Telangana,Nizamabad,district_center,11,290,3.405,1.166,0.92,0.198,Telangana statewide platelet discard/utilization study
284502,Telangana,Hyderabad,metro_tertiary_hub,79,290,7.748,1.166,1.42,0.135,Telangana statewide platelet discard/utilization study
283533,Telangana,Mahabubabad,peripheral_center,2,290,1.779,1.166,0.68,0.25,Telangana statewide platelet discard/utilization study
36135,Telangana,Karimnagar,district_center,14,290,3.628,1.166,0.92,0.198,Telangana statewide platelet discard/utilization study
283532,Telangana,Mancherial,peripheral_center,4,290,2.289,1.166,0.68,0.25,Telangana statewide platelet discard/utilization study
283531,Telangana,Hyderabad,metro_tertiary_hub,79,290,5.802,1.166,1.42,0.135,Telangana statewide platelet discard/utilization study
283530,Telangana,Khammam,district_center,11,290,3.405,1.166,0.92,0.198,Telangana statewide platelet discard/utilization study
284189,Telangana,Nizamabad,district_center,11,290,3.405,1.166,0.92,0.198,Telangana statewide platelet discard/utilization study
285270,Telangana,Khammam,district_center,11,290,3.405,1.166,0.92,0.198,Telangana statewide platelet discard/utilization study
284188,Telangana,Peddapalli,peripheral_center,4,290,2.289,1.166,0.68,0.25,Telangana statewide platelet discard/utilization study
284186,Telangana,Hyderabad,metro_tertiary_hub,79,290,5.802,1.166,1.42,0.135,Telangana statewide platelet discard/utilization study
16163,Tripura,West Tripura,peripheral_center,4,14,2.289,1.06,0.68,0.24,India public literature pattern mapped by facility tier and dengue-prone state
25006,Tripura,North Tripura,peripheral_center,1,14,1.373,1.06,0.68,0.24,India public literature pattern mapped by facility tier and dengue-prone state
25008,Tripura,West Tripura,peripheral_center,4,14,2.289,1.06,0.68,0.24,India public literature pattern mapped by facility tier and dengue-prone state
25007,Tripura,Gomati,peripheral_center,1,14,1.373,1.06,0.68,0.24,India public literature pattern mapped by facility tier and dengue-prone state
280624,Tripura,South Tripura,peripheral_center,2,14,1.779,1.06,0.68,0.24,India public literature pattern mapped by facility tier and dengue-prone state
280666,Tripura,Sepahijala,peripheral_center,1,14,1.373,1.06,0.68,0.24,India public literature pattern mapped by facility tier and dengue-prone state
280656,Tripura,Khowai,peripheral_center,2,14,1.779,1.06,0.68,0.24,India public literature pattern mapped by facility tier and dengue-prone state
280675,Tripura,Dhalai,peripheral_center,2,14,1.779,1.06,0.68,0.24,India public literature pattern mapped by facility tier and dengue-prone state
280676,Tripura,Unakoti,peripheral_center,1,14,1.373,1.06,0.68,0.24,India public literature pattern mapped by facility tier and dengue-prone state
280665,Tripura,South Tripura,peripheral_center,2,14,1.779,1.06,0.68,0.24,India public literature pattern mapped by facility tier and dengue-prone state
25002,Tripura,West Tripura,urban_referral,4,14,4.967,1.06,1.16,0.16,India public literature pattern mapped by facility tier and dengue-prone state
280663,Tripura,Dhalai,peripheral_center,2,14,1.779,1.06,0.68,0.24,India public literature pattern mapped by facility tier and dengue-prone state
25001,Tripura,West Tripura,metro_tertiary_hub,4,14,6.901,1.06,1.42,0.13,India public literature pattern mapped by facility tier and dengue-prone state
283870,Tripura,Khowai,peripheral_center,2,14,1.779,1.06,0.68,0.24,India public literature pattern mapped by facility tier and dengue-prone state
284183,Uttarakhand,Dehradun,metro_tertiary_hub,21,64,7.556,1.06,1.42,0.13,India public literature pattern mapped by facility tier and dengue-prone state
285315,Uttarakhand,Dehradun,urban_referral,21,64,4.251,1.06,1.16,0.16,India public literature pattern mapped by facility tier and dengue-prone state
95133,Uttarakhand,Dehradun,urban_referral,21,64,6.649,1.06,1.16,0.16,India public literature pattern mapped by facility tier and dengue-prone state
95134,Uttarakhand,Haridwar,district_center,13,64,3.559,1.06,0.92,0.19,India public literature pattern mapped by facility tier and dengue-prone state
280815,Uttarakhand,Udham Singh Nagar,urban_referral,16,64,3.993,1.06,1.16,0.16,India public literature pattern mapped by facility tier and dengue-prone state
280419,Uttarakhand,Udham Singh Nagar,urban_referral,16,64,6.296,1.06,1.16,0.16,India public literature pattern mapped by facility tier and dengue-prone state
280697,Uttarakhand,Nainital,metro_tertiary_hub,5,64,6.431,1.06,1.42,0.13,India public literature pattern mapped by facility tier and dengue-prone state
284655,Uttarakhand,Udham Singh Nagar,urban_referral,16,64,3.993,1.06,1.16,0.16,India public literature pattern mapped by facility tier and dengue-prone state
284533,Uttarakhand,Dehradun,urban_referral,21,64,4.251,1.06,1.16,0.16,India public literature pattern mapped by facility tier and dengue-prone state
285081,Uttarakhand,Dehradun,urban_referral,21,64,4.251,1.06,1.16,0.16,India public literature pattern mapped by facility tier and dengue-prone state
284211,Uttarakhand,Udham Singh Nagar,urban_referral,16,64,3.993,1.06,1.16,0.16,India public literature pattern mapped by facility tier and dengue-prone state
283163,Uttarakhand,Udham Singh Nagar,urban_referral,16,64,6.478,1.06,1.16,0.16,India public literature pattern mapped by facility tier and dengue-prone state
285325,Uttarakhand,Haridwar,district_center,13,64,3.559,1.06,0.92,0.19,India public literature pattern mapped by facility tier and dengue-prone state
285326,Uttarakhand,Haridwar,district_center,13,64,3.559,1.06,0.92,0.19,India public literature pattern mapped by facility tier and dengue-prone state
95121,Uttarakhand,Rudraprayag,peripheral_center,1,64,1.373,1.06,0.68,0.24,India public literature pattern mapped by facility tier and dengue-prone state
26006,Uttarakhand,Dehradun,urban_referral,21,64,4.251,1.06,1.16,0.16,India public literature pattern mapped by facility tier and dengue-prone state
95120,Uttarakhand,Dehradun,metro_tertiary_hub,21,64,8.008,1.06,1.42,0.13,India public literature pattern mapped by facility tier and dengue-prone state
26001,Uttarakhand,Haridwar,district_center,13,64,3.559,1.06,0.92,0.19,India public literature pattern mapped by facility tier and dengue-prone state
283315,Uttarakhand,Udham Singh Nagar,urban_referral,16,64,5.785,1.06,1.16,0.16,India public literature pattern mapped by facility tier and dengue-prone state
283314,Uttarakhand,Udham Singh Nagar,urban_referral,16,64,6.478,1.06,1.16,0.16,India public literature pattern mapped by facility tier and dengue-prone state
284766,Uttarakhand,Dehradun,urban_referral,21,64,4.251,1.06,1.16,0.16,India public literature pattern mapped by facility tier and dengue-prone state
284566,Uttarakhand,Dehradun,urban_referral,21,64,4.251,1.06,1.16,0.16,India public literature pattern mapped by facility tier and dengue-prone state
280760,Uttarakhand,Pauri Garhwal,peripheral_center,4,64,2.289,1.06,0.68,0.24,India public literature pattern mapped by facility tier and dengue-prone state
285330,Uttarakhand,Dehradun,urban_referral,21,64,4.251,1.06,1.16,0.16,India public literature pattern mapped by facility tier and dengue-prone state
95119,Uttarakhand,Bageshwar,peripheral_center,1,64,1.373,1.06,0.68,0.24,India public literature pattern mapped by facility tier and dengue-prone state
95114,Uttarakhand,Pauri Garhwal,peripheral_center,4,64,2.289,1.06,0.68,0.24,India public literature pattern mapped by facility tier and dengue-prone state
95115,Uttarakhand,Nainital,urban_referral,5,64,5.031,1.06,1.16,0.16,India public literature pattern mapped by facility tier and dengue-prone state
285335,Uttarakhand,Dehradun,urban_referral,21,64,4.251,1.06,1.16,0.16,India public literature pattern mapped by facility tier and dengue-prone state
26015,Uttarakhand,Dehradun,urban_referral,21,64,4.251,1.06,1.16,0.16,India public literature pattern mapped by facility tier and dengue-prone state
95111,Uttarakhand,Pauri Garhwal,metro_tertiary_hub,4,64,6.693,1.06,1.42,0.13,India public literature pattern mapped by facility tier and dengue-prone state
285218,Uttarakhand,Nainital,urban_referral,5,64,5.149,1.06,1.16,0.16,India public literature pattern mapped by facility tier and dengue-prone state
280718,Uttarakhand,Udham Singh Nagar,urban_referral,16,64,3.993,1.06,1.16,0.16,India public literature pattern mapped by facility tier and dengue-prone state
95113,Uttarakhand,Tehri Garhwal,peripheral_center,1,64,1.373,1.06,0.68,0.24,India public literature pattern mapped by facility tier and dengue-prone state
26017,Uttarakhand,Dehradun,urban_referral,21,64,6.89,1.06,1.16,0.16,India public literature pattern mapped by facility tier and dengue-prone state
280316,Uttarakhand,Udham Singh Nagar,urban_referral,16,64,3.993,1.06,1.16,0.16,India public literature pattern mapped by facility tier and dengue-prone state
26010,Uttarakhand,Dehradun,urban_referral,21,64,7.141,1.06,1.16,0.16,India public literature pattern mapped by facility tier and dengue-prone state
280314,Uttarakhand,Udham Singh Nagar,urban_referral,16,64,3.993,1.06,1.16,0.16,India public literature pattern mapped by facility tier and dengue-prone state
282613,Uttarakhand,Dehradun,urban_referral,21,64,4.251,1.06,1.16,0.16,India public literature pattern mapped by facility tier and dengue-prone state
284637,Uttarakhand,Almora,peripheral_center,1,64,1.373,1.06,0.68,0.24,India public literature pattern mapped by facility tier and dengue-prone state
280115,Uttarakhand,Haridwar,district_center,13,64,3.559,1.06,0.92,0.19,India public literature pattern mapped by facility tier and dengue-prone state
284314,Uttarakhand,Udham Singh Nagar,urban_referral,16,64,3.993,1.06,1.16,0.16,India public literature pattern mapped by facility tier and dengue-prone state
283301,Uttarakhand,Nainital,district_center,5,64,2.712,1.06,0.92,0.19,India public literature pattern mapped by facility tier and dengue-prone state
283223,Uttarakhand,Haridwar,metro_tertiary_hub,13,64,7.278,1.06,1.42,0.13,India public literature pattern mapped by facility tier and dengue-prone state
284158,Uttarakhand,Udham Singh Nagar,urban_referral,16,64,3.993,1.06,1.16,0.16,India public literature pattern mapped by facility tier and dengue-prone state
284232,Uttarakhand,Dehradun,urban_referral,21,64,6.197,1.06,1.16,0.16,India public literature pattern mapped by facility tier and dengue-prone state
95108,Uttarakhand,Udham Singh Nagar,urban_referral,16,64,5.603,1.06,1.16,0.16,India public literature pattern mapped by facility tier and dengue-prone state
95109,Uttarakhand,Haridwar,district_center,13,64,3.559,1.06,0.92,0.19,India public literature pattern mapped by facility tier and dengue-prone state
95103,Uttarakhand,Pauri Garhwal,urban_referral,4,64,5.334,1.06,1.16,0.16,India public literature pattern mapped by facility tier and dengue-prone state
95104,Uttarakhand,Haridwar,district_center,13,64,3.559,1.06,0.92,0.19,India public literature pattern mapped by facility tier and dengue-prone state
95105,Uttarakhand,Udham Singh Nagar,urban_referral,16,64,6.632,1.06,1.16,0.16,India public literature pattern mapped by facility tier and dengue-prone state
95106,Uttarakhand,Pithoragarh,peripheral_center,1,64,1.373,1.06,0.68,0.24,India public literature pattern mapped by facility tier and dengue-prone state
280709,Uttarakhand,Haridwar,district_center,13,64,3.559,1.06,0.92,0.19,India public literature pattern mapped by facility tier and dengue-prone state
95101,Uttarakhand,Haridwar,district_center,13,64,3.559,1.06,0.92,0.19,India public literature pattern mapped by facility tier and dengue-prone state
280708,Uttarakhand,Haridwar,district_center,13,64,3.559,1.06,0.92,0.19,India public literature pattern mapped by facility tier and dengue-prone state
95102,Uttarakhand,Nainital,district_center,5,64,2.712,1.06,0.92,0.19,India public literature pattern mapped by facility tier and dengue-prone state
280549,Uttarakhand,Dehradun,urban_referral,21,64,4.251,1.06,1.16,0.16,India public literature pattern mapped by facility tier and dengue-prone state
280748,Uttarakhand,Udham Singh Nagar,urban_referral,16,64,3.993,1.06,1.16,0.16,India public literature pattern mapped by facility tier and dengue-prone state
284309,Uttarakhand,Dehradun,urban_referral,21,64,4.251,1.06,1.16,0.16,India public literature pattern mapped by facility tier and dengue-prone state
280422,Uttarakhand,Dehradun,urban_referral,21,64,4.251,1.06,1.16,0.16,India public literature pattern mapped by facility tier and dengue-prone state
283536,Uttarakhand,Haridwar,district_center,13,64,3.559,1.06,0.92,0.19,India public literature pattern mapped by facility tier and dengue-prone state
26023,Uttarakhand,Udham Singh Nagar,urban_referral,16,64,3.993,1.06,1.16,0.16,India public literature pattern mapped by facility tier and dengue-prone state
280420,Uttarakhand,Dehradun,metro_tertiary_hub,21,64,9.165,1.06,1.42,0.13,India public literature pattern mapped by facility tier and dengue-prone state
26024,Uttarakhand,Dehradun,metro_tertiary_hub,21,64,7.556,1.06,1.42,0.13,India public literature pattern mapped by facility tier and dengue-prone state
283252,Uttarakhand,Haridwar,district_center,13,64,3.559,1.06,0.92,0.19,India public literature pattern mapped by facility tier and dengue-prone state
99137,Uttar Pradesh,Chitrakoot,urban_referral,1,650,3.799,1.166,1.16,0.16,India public literature pattern mapped by facility tier and dengue-prone state
99136,Uttar Pradesh,Meerut,urban_referral,33,650,4.686,1.166,1.16,0.16,India public literature pattern mapped by facility tier and dengue-prone state
285317,Uttar Pradesh,Bareilly,urban_referral,17,650,5.437,1.166,1.16,0.16,India public literature pattern mapped by facility tier and dengue-prone state
99139,Uttar Pradesh,Bareilly,urban_referral,17,650,4.05,1.166,1.16,0.16,India public literature pattern mapped by facility tier and dengue-prone state
99138,Uttar Pradesh,Lakhimpur Kheri,district_center,7,650,2.999,1.166,0.92,0.19,India public literature pattern mapped by facility tier and dengue-prone state
99133,Uttar Pradesh,Mahoba,peripheral_center,1,650,1.373,1.166,0.68,0.24,India public literature pattern mapped by facility tier and dengue-prone state
99135,Uttar Pradesh,Lalitpur,peripheral_center,1,650,1.373,1.166,0.68,0.24,India public literature pattern mapped by facility tier and dengue-prone state
99134,Uttar Pradesh,Firozabad,district_center,5,650,2.712,1.166,0.92,0.19,India public literature pattern mapped by facility tier and dengue-prone state
99130,Uttar Pradesh,Agra,metro_tertiary_hub,26,650,8.628,1.166,1.42,0.13,India public literature pattern mapped by facility tier and dengue-prone state
284219,Uttar Pradesh,Varanasi,urban_referral,22,650,4.295,1.166,1.16,0.16,India public literature pattern mapped by facility tier and dengue-prone state
284458,Uttar Pradesh,Gorakhpur,urban_referral,16,650,6.632,1.166,1.16,0.16,India public literature pattern mapped by facility tier and dengue-prone state
284456,Uttar Pradesh,Varanasi,urban_referral,22,650,4.989,1.166,1.16,0.16,India public literature pattern mapped by facility tier and dengue-prone state
284576,Uttar Pradesh,Basti,urban_referral,6,650,5.878,1.166,1.16,0.16,India public literature pattern mapped by facility tier and dengue-prone state
284696,Uttar Pradesh,Varanasi,urban_referral,22,650,6.375,1.166,1.16,0.16,India public literature pattern mapped by facility tier and dengue-prone state
284453,Uttar Pradesh,Lucknow,metro_tertiary_hub,72,650,7.32,1.166,1.42,0.13,India public literature pattern mapped by facility tier and dengue-prone state
284210,Uttar Pradesh,Mathura,district_center,12,650,3.485,1.166,0.92,0.19,India public literature pattern mapped by facility tier and dengue-prone state
283241,Uttar Pradesh,Prayagraj,urban_referral,24,650,7.323,1.166,1.16,0.16,India public literature pattern mapped by facility tier and dengue-prone state
284450,Uttar Pradesh,Kushinagar,district_center,5,650,2.712,1.166,0.92,0.19,India public literature pattern mapped by facility tier and dengue-prone state
284570,Uttar Pradesh,Kanpur Nagar,urban_referral,24,650,4.379,1.166,1.16,0.16,India public literature pattern mapped by facility tier and dengue-prone state
99129,Uttar Pradesh,Kanpur Nagar,urban_referral,24,650,4.379,1.166,1.16,0.16,India public literature pattern mapped by facility tier and dengue-prone state
99126,Uttar Pradesh,Sitapur,district_center,6,650,3.559,1.166,0.92,0.19,India public literature pattern mapped by facility tier and dengue-prone state
99246,Uttar Pradesh,Kanpur Nagar,urban_referral,24,650,6.458,1.166,1.16,0.16,India public literature pattern mapped by facility tier and dengue-prone state
99128,Uttar Pradesh,Varanasi,urban_referral,22,650,6.86,1.166,1.16,0.16,India public literature pattern mapped by facility tier and dengue-prone state
285208,Uttar Pradesh,Prayagraj,urban_referral,24,650,4.379,1.166,1.16,0.16,India public literature pattern mapped by facility tier and dengue-prone state
99127,Uttar Pradesh,Shravasti,peripheral_center,1,650,1.373,1.166,0.68,0.24,India public literature pattern mapped by facility tier and dengue-prone state
99122,Uttar Pradesh,Jaunpur,metro_tertiary_hub,9,650,6.718,1.166,1.42,0.13,India public literature pattern mapped by facility tier and dengue-prone state
99242,Uttar Pradesh,Bijnor,urban_referral,17,650,4.744,1.166,1.16,0.16,India public literature pattern mapped by facility tier and dengue-prone state
99124,Uttar Pradesh,Fatehpur,urban_referral,5,650,5.896,1.166,1.16,0.16,India public literature pattern mapped by facility tier and dengue-prone state
99123,Uttar Pradesh,Ambedkar Nagar,urban_referral,4,650,4.715,1.166,1.16,0.16,India public literature pattern mapped by facility tier and dengue-prone state
99120,Uttar Pradesh,Jalaun,peripheral_center,4,650,2.289,1.166,0.68,0.24,India public literature pattern mapped by facility tier and dengue-prone state
99240,Uttar Pradesh,Bulandshahr,district_center,10,650,3.318,1.166,0.92,0.19,India public literature pattern mapped by facility tier and dengue-prone state
284207,Uttar Pradesh,Agra,urban_referral,26,650,4.456,1.166,1.16,0.16,India public literature pattern mapped by facility tier and dengue-prone state
284328,Uttar Pradesh,Kushinagar,urban_referral,5,650,5.35,1.166,1.16,0.16,India public literature pattern mapped by facility tier and dengue-prone state
284447,Uttar Pradesh,Gorakhpur,urban_referral,16,650,3.993,1.166,1.16,0.16,India public literature pattern mapped by facility tier and dengue-prone state
284204,Uttar Pradesh,Bareilly,urban_referral,17,650,5.149,1.166,1.16,0.16,India public literature pattern mapped by facility tier and dengue-prone state
283598,Uttar Pradesh,Aligarh,urban_referral,16,650,5.092,1.166,1.16,0.16,India public literature pattern mapped by facility tier and dengue-prone state
284202,Uttar Pradesh,Saharanpur,district_center,13,650,3.559,1.166,0.92,0.19,India public literature pattern mapped by facility tier and dengue-prone state
284201,Uttar Pradesh,Kanpur Nagar,urban_referral,24,650,4.379,1.166,1.16,0.16,India public literature pattern mapped by facility tier and dengue-prone state
284442,Uttar Pradesh,Agra,urban_referral,26,650,4.456,1.166,1.16,0.16,India public literature pattern mapped by facility tier and dengue-prone state
284441,Uttar Pradesh,Kannauj,peripheral_center,4,650,2.289,1.166,0.68,0.24,India public literature pattern mapped by facility tier and dengue-prone state
285216,Uttar Pradesh,Prayagraj,urban_referral,24,650,4.379,1.166,1.16,0.16,India public literature pattern mapped by facility tier and dengue-prone state
99159,Uttar Pradesh,Hathras,peripheral_center,3,650,2.066,1.166,0.68,0.24,India public literature pattern mapped by facility tier and dengue-prone state
99154,Uttar Pradesh,Saharanpur,district_center,13,650,3.559,1.166,0.92,0.19,India public literature pattern mapped by facility tier and dengue-prone state
99156,Uttar Pradesh,Basti,district_center,6,650,2.866,1.166,0.92,0.19,India public literature pattern mapped by facility tier and dengue-prone state
99151,Uttar Pradesh,Jhansi,metro_tertiary_hub,13,650,7.888,1.166,1.42,0.13,India public literature pattern mapped by facility tier and dengue-prone state
99150,Uttar Pradesh,Moradabad,urban_referral,22,650,4.295,1.166,1.16,0.16,India public literature pattern mapped by facility tier and dengue-prone state
99153,Uttar Pradesh,Deoria,district_center,5,650,2.712,1.166,0.92,0.19,India public literature pattern mapped by facility tier and dengue-prone state
284439,Uttar Pradesh,Lucknow,metro_tertiary_hub,72,650,5.71,1.166,1.42,0.13,India public literature pattern mapped by facility tier and dengue-prone state
99152,Uttar Pradesh,Baghpat,district_center,7,650,2.999,1.166,0.92,0.19,India public literature pattern mapped by facility tier and dengue-prone state
284437,Uttar Pradesh,Farrukhabad,district_center,6,650,2.866,1.166,0.92,0.19,India public literature pattern mapped by facility tier and dengue-prone state
283226,Uttar Pradesh,Muzaffarnagar,district_center,12,650,3.485,1.166,0.92,0.19,India public literature pattern mapped by facility tier and dengue-prone state
284434,Uttar Pradesh,Lucknow,metro_tertiary_hub,72,650,8.483,1.166,1.42,0.13,India public literature pattern mapped by facility tier and dengue-prone state
284313,Uttar Pradesh,Meerut,urban_referral,33,650,4.686,1.166,1.16,0.16,India public literature pattern mapped by facility tier and dengue-prone state
280199,Uttar Pradesh,Gautam Buddha Nagar,metro_tertiary_hub,31,650,7.93,1.166,1.42,0.13,India public literature pattern mapped by facility tier and dengue-prone state
280196,Uttar Pradesh,Hapur,district_center,6,650,3.559,1.166,0.92,0.19,India public literature pattern mapped by facility tier and dengue-prone state
283585,Uttar Pradesh,Budaun,district_center,5,650,2.712,1.166,0.92,0.19,India public literature pattern mapped by facility tier and dengue-prone state
284310,Uttar Pradesh,Fatehpur,district_center,5,650,2.712,1.166,0.92,0.19,India public literature pattern mapped by facility tier and dengue-prone state
284431,Uttar Pradesh,Lucknow,metro_tertiary_hub,72,650,7.79,1.166,1.42,0.13,India public literature pattern mapped by facility tier and dengue-prone state
284550,Uttar Pradesh,Auraiya,peripheral_center,1,650,1.373,1.166,0.68,0.24,India public literature pattern mapped by facility tier and dengue-prone state
283460,Uttar Pradesh,Amethi,peripheral_center,4,650,2.289,1.166,0.68,0.24,India public literature pattern mapped by facility tier and dengue-prone state
280192,Uttar Pradesh,Meerut,urban_referral,33,650,4.686,1.166,1.16,0.16,India public literature pattern mapped by facility tier and dengue-prone state
280193,Uttar Pradesh,Ghaziabad,urban_referral,24,650,4.379,1.166,1.16,0.16,India public literature pattern mapped by facility tier and dengue-prone state
280191,Uttar Pradesh,Sitapur,district_center,6,650,2.866,1.166,0.92,0.19,India public literature pattern mapped by facility tier and dengue-prone state
285101,Uttar Pradesh,Sultanpur,peripheral_center,4,650,2.289,1.166,0.68,0.24,India public literature pattern mapped by facility tier and dengue-prone state
285102,Uttar Pradesh,Bareilly,urban_referral,17,650,4.05,1.166,1.16,0.16,India public literature pattern mapped by facility tier and dengue-prone state
285224,Uttar Pradesh,Siddharthnagar,peripheral_center,3,650,2.066,1.166,0.68,0.24,India public literature pattern mapped by facility tier and dengue-prone state
285103,Uttar Pradesh,Moradabad,urban_referral,22,650,4.295,1.166,1.16,0.16,India public literature pattern mapped by facility tier and dengue-prone state
99147,Uttar Pradesh,Prayagraj,urban_referral,24,650,4.379,1.166,1.16,0.16,India public literature pattern mapped by facility tier and dengue-prone state
99149,Uttar Pradesh,Shahjahanpur,urban_referral,5,650,5.66,1.166,1.16,0.16,India public literature pattern mapped by facility tier and dengue-prone state
99144,Uttar Pradesh,Ambedkar Nagar,peripheral_center,4,650,2.289,1.166,0.68,0.24,India public literature pattern mapped by facility tier and dengue-prone state
99143,Uttar Pradesh,Mau,district_center,5,650,2.712,1.166,0.92,0.19,India public literature pattern mapped by facility tier and dengue-prone state
99146,Uttar Pradesh,Amroha,district_center,8,650,3.117,1.166,0.92,0.19,India public literature pattern mapped by facility tier and dengue-prone state
99140,Uttar Pradesh,Bijnor,urban_referral,17,650,4.05,1.166,1.16,0.16,India public literature pattern mapped by facility tier and dengue-prone state
284308,Uttar Pradesh,Jhansi,district_center,13,650,3.559,1.166,0.92,0.19,India public literature pattern mapped by facility tier and dengue-prone state
99141,Uttar Pradesh,Maharajganj,peripheral_center,3,650,2.066,1.166,0.68,0.24,India public literature pattern mapped by facility tier and dengue-prone state
284307,Uttar Pradesh,Firozabad,district_center,5,650,2.712,1.166,0.92,0.19,India public literature pattern mapped by facility tier and dengue-prone state
283218,Uttar Pradesh,Sultanpur,peripheral_center,4,650,2.289,1.166,0.68,0.24,India public literature pattern mapped by facility tier and dengue-prone state
283217,Uttar Pradesh,Jaunpur,metro_tertiary_hub,9,650,7.36,1.166,1.42,0.13,India public literature pattern mapped by facility tier and dengue-prone state
284546,Uttar Pradesh,Amroha,urban_referral,8,650,5.149,1.166,1.16,0.16,India public literature pattern mapped by facility tier and dengue-prone state
284788,Uttar Pradesh,Moradabad,urban_referral,22,650,4.295,1.166,1.16,0.16,India public literature pattern mapped by facility tier and dengue-prone state
284304,Uttar Pradesh,Gautam Buddha Nagar,urban_referral,31,650,4.626,1.166,1.16,0.16,India public literature pattern mapped by facility tier and dengue-prone state
280189,Uttar Pradesh,Lucknow,metro_tertiary_hub,72,650,5.71,1.166,1.42,0.13,India public literature pattern mapped by facility tier and dengue-prone state
283215,Uttar Pradesh,Kanpur Nagar,urban_referral,24,650,4.379,1.166,1.16,0.16,India public literature pattern mapped by facility tier and dengue-prone state
283578,Uttar Pradesh,Mathura,district_center,12,650,3.485,1.166,0.92,0.19,India public literature pattern mapped by facility tier and dengue-prone state
283577,Uttar Pradesh,Meerut,urban_referral,33,650,6.884,1.166,1.16,0.16,India public literature pattern mapped by facility tier and dengue-prone state
284545,Uttar Pradesh,Lucknow,metro_tertiary_hub,72,650,8.013,1.166,1.42,0.13,India public literature pattern mapped by facility tier and dengue-prone state
284787,Uttar Pradesh,Sambhal,district_center,11,650,3.405,1.166,0.92,0.19,India public literature pattern mapped by facility tier and dengue-prone state
283214,Uttar Pradesh,Meerut,urban_referral,33,650,4.686,1.166,1.16,0.16,India public literature pattern mapped by facility tier and dengue-prone state
284786,Uttar Pradesh,Bareilly,urban_referral,17,650,4.744,1.166,1.16,0.16,India public literature pattern mapped by facility tier and dengue-prone state
280187,Uttar Pradesh,Lucknow,metro_tertiary_hub,72,650,8.601,1.166,1.42,0.13,India public literature pattern mapped by facility tier and dengue-prone state
283213,Uttar Pradesh,Ayodhya,urban_referral,5,650,5.842,1.166,1.16,0.16,India public literature pattern mapped by facility tier and dengue-prone state
701,Uttar Pradesh,Kanpur Nagar,urban_referral,24,650,4.379,1.166,1.16,0.16,India public literature pattern mapped by facility tier and dengue-prone state
284422,Uttar Pradesh,Gautam Buddha Nagar,urban_referral,31,650,4.626,1.166,1.16,0.16,India public literature pattern mapped by facility tier and dengue-prone state
702,Uttar Pradesh,Gautam Buddha Nagar,urban_referral,31,650,6.235,1.166,1.16,0.16,India public literature pattern mapped by facility tier and dengue-prone state
283212,Uttar Pradesh,Ghaziabad,urban_referral,24,650,4.379,1.166,1.16,0.16,India public literature pattern mapped by facility tier and dengue-prone state
280188,Uttar Pradesh,Lucknow,metro_tertiary_hub,72,650,7.32,1.166,1.42,0.13,India public literature pattern mapped by facility tier and dengue-prone state
703,Uttar Pradesh,Saharanpur,district_center,13,650,3.559,1.166,0.92,0.19,India public literature pattern mapped by facility tier and dengue-prone state
704,Uttar Pradesh,Kanpur Nagar,urban_referral,24,650,4.379,1.166,1.16,0.16,India public literature pattern mapped by facility tier and dengue-prone state
283694,Uttar Pradesh,Bara Banki,urban_referral,8,650,5.149,1.166,1.16,0.16,India public literature pattern mapped by facility tier and dengue-prone state
283573,Uttar Pradesh,Rampur,urban_referral,5,650,4.05,1.166,1.16,0.16,India public literature pattern mapped by facility tier and dengue-prone state
284540,Uttar Pradesh,Lakhimpur Kheri,urban_referral,7,650,5.804,1.166,1.16,0.16,India public literature pattern mapped by facility tier and dengue-prone state
280183,Uttar Pradesh,Farrukhabad,urban_referral,6,650,4.205,1.166,1.16,0.16,India public literature pattern mapped by facility tier and dengue-prone state
705,Uttar Pradesh,Kanpur Nagar,urban_referral,24,650,7.269,1.166,1.16,0.16,India public literature pattern mapped by facility tier and dengue-prone state
280181,Uttar Pradesh,Kanpur Nagar,urban_referral,24,650,4.379,1.166,1.16,0.16,India public literature pattern mapped by facility tier and dengue-prone state
707,Uttar Pradesh,Lucknow,metro_tertiary_hub,72,650,5.71,1.166,1.42,0.13,India public literature pattern mapped by facility tier and dengue-prone state
280182,Uttar Pradesh,Sambhal,district_center,11,650,3.405,1.166,0.92,0.19,India public literature pattern mapped by facility tier and dengue-prone state
284261,Uttar Pradesh,Meerut,urban_referral,33,650,4.686,1.166,1.16,0.16,India public literature pattern mapped by facility tier and dengue-prone state
284380,Uttar Pradesh,Lucknow,metro_tertiary_hub,72,650,5.71,1.166,1.42,0.13,India public literature pattern mapped by facility tier and dengue-prone state
99176,Uttar Pradesh,Azamgarh,urban_referral,2,650,3.868,1.166,1.16,0.16,India public literature pattern mapped by facility tier and dengue-prone state
99179,Uttar Pradesh,Uttar Pradesh,district_center,7,650,2.999,1.166,0.92,0.19,India public literature pattern mapped by facility tier and dengue-prone state
99173,Uttar Pradesh,Ayodhya,metro_tertiary_hub,5,650,6.849,1.166,1.42,0.13,India public literature pattern mapped by facility tier and dengue-prone state
99172,Uttar Pradesh,Prayagraj,urban_referral,24,650,4.379,1.166,1.16,0.16,India public literature pattern mapped by facility tier and dengue-prone state
99175,Uttar Pradesh,Siddharthnagar,urban_referral,3,650,4.338,1.166,1.16,0.16,India public literature pattern mapped by facility tier and dengue-prone state
99174,Uttar Pradesh,Varanasi,urban_referral,22,650,6.598,1.166,1.16,0.16,India public literature pattern mapped by facility tier and dengue-prone state
99171,Uttar Pradesh,Sonbhadra,district_center,5,650,2.712,1.166,0.92,0.19,India public literature pattern mapped by facility tier and dengue-prone state
99170,Uttar Pradesh,Mirzapur,urban_referral,3,650,5.491,1.166,1.16,0.16,India public literature pattern mapped by facility tier and dengue-prone state
284137,Uttar Pradesh,Mathura,district_center,12,650,3.485,1.166,0.92,0.19,India public literature pattern mapped by facility tier and dengue-prone state
284378,Uttar Pradesh,Meerut,urban_referral,33,650,4.686,1.166,1.16,0.16,India public literature pattern mapped by facility tier and dengue-prone state
713,Uttar Pradesh,Ghaziabad,urban_referral,24,650,4.379,1.166,1.16,0.16,India public literature pattern mapped by facility tier and dengue-prone state
284377,Uttar Pradesh,Aligarh,urban_referral,16,650,3.993,1.166,1.16,0.16,India public literature pattern mapped by facility tier and dengue-prone state
284376,Uttar Pradesh,Lucknow,metro_tertiary_hub,72,650,7.32,1.166,1.42,0.13,India public literature pattern mapped by facility tier and dengue-prone state
284497,Uttar Pradesh,Bulandshahr,district_center,10,650,3.318,1.166,0.92,0.19,India public literature pattern mapped by facility tier and dengue-prone state
715,Uttar Pradesh,Varanasi,urban_referral,22,650,4.295,1.166,1.16,0.16,India public literature pattern mapped by facility tier and dengue-prone state
284133,Uttar Pradesh,Gautam Buddha Nagar,urban_referral,31,650,7.459,1.166,1.16,0.16,India public literature pattern mapped by facility tier and dengue-prone state
284375,Uttar Pradesh,Bulandshahr,district_center,10,650,3.318,1.166,0.92,0.19,India public literature pattern mapped by facility tier and dengue-prone state
284253,Uttar Pradesh,Prayagraj,urban_referral,24,650,4.379,1.166,1.16,0.16,India public literature pattern mapped by facility tier and dengue-prone state
284132,Uttar Pradesh,Bahraich,district_center,5,650,2.712,1.166,0.92,0.19,India public literature pattern mapped by facility tier and dengue-prone state
284495,Uttar Pradesh,Bijnor,urban_referral,17,650,4.05,1.166,1.16,0.16,India public literature pattern mapped by facility tier and dengue-prone state
284374,Uttar Pradesh,Prayagraj,urban_referral,24,650,5.765,1.166,1.16,0.16,India public literature pattern mapped by facility tier and dengue-prone state
284131,Uttar Pradesh,Kushinagar,district_center,5,650,2.712,1.166,0.92,0.19,India public literature pattern mapped by facility tier and dengue-prone state
718,Uttar Pradesh,Gautam Buddha Nagar,urban_referral,31,650,4.626,1.166,1.16,0.16,India public literature pattern mapped by facility tier and dengue-prone state
283041,Uttar Pradesh,Lucknow,metro_tertiary_hub,72,650,10.129,1.166,1.42,0.13,India public literature pattern mapped by facility tier and dengue-prone state
284130,Uttar Pradesh,Maharajganj,metro_tertiary_hub,3,650,6.174,1.166,1.42,0.13,India public literature pattern mapped by facility tier and dengue-prone state
284250,Uttar Pradesh,Lucknow,metro_tertiary_hub,72,650,5.71,1.166,1.42,0.13,India public literature pattern mapped by facility tier and dengue-prone state
99165,Uttar Pradesh,Kanpur Dehat,urban_referral,1,650,3.463,1.166,1.16,0.16,India public literature pattern mapped by facility tier and dengue-prone state
99167,Uttar Pradesh,Sonbhadra,urban_referral,5,650,5.724,1.166,1.16,0.16,India public literature pattern mapped by facility tier and dengue-prone state
99162,Uttar Pradesh,Kanpur Nagar,urban_referral,24,650,4.379,1.166,1.16,0.16,India public literature pattern mapped by facility tier and dengue-prone state
99161,Uttar Pradesh,Mathura,urban_referral,12,650,6.123,1.166,1.16,0.16,India public literature pattern mapped by facility tier and dengue-prone state
284009,Uttar Pradesh,Amroha,district_center,8,650,3.81,1.166,0.92,0.19,India public literature pattern mapped by facility tier and dengue-prone state
720,Uttar Pradesh,Raebareli,urban_referral,6,650,5.671,1.166,1.16,0.16,India public literature pattern mapped by facility tier and dengue-prone state
721,Uttar Pradesh,Varanasi,urban_referral,22,650,4.295,1.166,1.16,0.16,India public literature pattern mapped by facility tier and dengue-prone state
723,Uttar Pradesh,Moradabad,urban_referral,22,650,6.598,1.166,1.16,0.16,India public literature pattern mapped by facility tier and dengue-prone state
284005,Uttar Pradesh,Raebareli,urban_referral,6,650,5.591,1.166,1.16,0.16,India public literature pattern mapped by facility tier and dengue-prone state
724,Uttar Pradesh,Aligarh,metro_tertiary_hub,16,650,8.037,1.166,1.42,0.13,India public literature pattern mapped by facility tier and dengue-prone state
726,Uttar Pradesh,Agra,urban_referral,26,650,4.456,1.166,1.16,0.16,India public literature pattern mapped by facility tier and dengue-prone state
284243,Uttar Pradesh,Bijnor,urban_referral,17,650,4.05,1.166,1.16,0.16,India public literature pattern mapped by facility tier and dengue-prone state
284485,Uttar Pradesh,Lucknow,metro_tertiary_hub,72,650,8.275,1.166,1.42,0.13,India public literature pattern mapped by facility tier and dengue-prone state
727,Uttar Pradesh,Agra,urban_referral,26,650,5.554,1.166,1.16,0.16,India public literature pattern mapped by facility tier and dengue-prone state
284363,Uttar Pradesh,Prayagraj,urban_referral,24,650,4.379,1.166,1.16,0.16,India public literature pattern mapped by facility tier and dengue-prone state
728,Uttar Pradesh,Agra,urban_referral,26,650,4.456,1.166,1.16,0.16,India public literature pattern mapped by facility tier and dengue-prone state
99199,Uttar Pradesh,Bareilly,urban_referral,17,650,5.437,1.166,1.16,0.16,India public literature pattern mapped by facility tier and dengue-prone state
99195,Uttar Pradesh,Sambhal,district_center,11,650,3.405,1.166,0.92,0.19,India public literature pattern mapped by facility tier and dengue-prone state
99194,Uttar Pradesh,Lucknow,metro_tertiary_hub,72,650,8.013,1.166,1.42,0.13,India public literature pattern mapped by facility tier and dengue-prone state
99197,Uttar Pradesh,Bahraich,urban_referral,5,650,4.338,1.166,1.16,0.16,India public literature pattern mapped by facility tier and dengue-prone state
99196,Uttar Pradesh,Lucknow,metro_tertiary_hub,72,650,7.502,1.166,1.42,0.13,India public literature pattern mapped by facility tier and dengue-prone state
99191,Uttar Pradesh,Uttar Pradesh,district_center,7,650,2.999,1.166,0.92,0.19,India public literature pattern mapped by facility tier and dengue-prone state
731,Uttar Pradesh,Kanpur Nagar,urban_referral,24,650,4.379,1.166,1.16,0.16,India public literature pattern mapped by facility tier and dengue-prone state
99190,Uttar Pradesh,Bareilly,urban_referral,17,650,6.615,1.166,1.16,0.16,India public literature pattern mapped by facility tier and dengue-prone state
732,Uttar Pradesh,Amethi,urban_referral,4,650,4.849,1.166,1.16,0.16,India public literature pattern mapped by facility tier and dengue-prone state
99193,Uttar Pradesh,Kanpur Nagar,urban_referral,24,650,4.379,1.166,1.16,0.16,India public literature pattern mapped by facility tier and dengue-prone state
99192,Uttar Pradesh,Uttar Pradesh,district_center,7,650,2.999,1.166,0.92,0.19,India public literature pattern mapped by facility tier and dengue-prone state
284357,Uttar Pradesh,Bhadohi,district_center,7,650,2.999,1.166,0.92,0.19,India public literature pattern mapped by facility tier and dengue-prone state
284114,Uttar Pradesh,Lucknow,metro_tertiary_hub,72,650,7.656,1.166,1.42,0.13,India public literature pattern mapped by facility tier and dengue-prone state
284356,Uttar Pradesh,Etawah,district_center,6,650,2.866,1.166,0.92,0.19,India public literature pattern mapped by facility tier and dengue-prone state
283145,Uttar Pradesh,Prayagraj,metro_tertiary_hub,24,650,8.609,1.166,1.42,0.13,India public literature pattern mapped by facility tier and dengue-prone state
284113,Uttar Pradesh,Jhansi,district_center,13,650,3.559,1.166,0.92,0.19,India public literature pattern mapped by facility tier and dengue-prone state
284355,Uttar Pradesh,Etawah,district_center,6,650,3.559,1.166,0.92,0.19,India public literature pattern mapped by facility tier and dengue-prone state
283144,Uttar Pradesh,Sonbhadra,urban_referral,5,650,5.35,1.166,1.16,0.16,India public literature pattern mapped by facility tier and dengue-prone state
738,Uttar Pradesh,Gorakhpur,urban_referral,16,650,6.19,1.166,1.16,0.16,India public literature pattern mapped by facility tier and dengue-prone state
284473,Uttar Pradesh,Varanasi,urban_referral,22,650,4.295,1.166,1.16,0.16,India public literature pattern mapped by facility tier and dengue-prone state
284231,Uttar Pradesh,Prayagraj,urban_referral,24,650,5.477,1.166,1.16,0.16,India public literature pattern mapped by facility tier and dengue-prone state
283384,Uttar Pradesh,Lakhimpur Kheri,metro_tertiary_hub,7,650,6.544,1.166,1.42,0.13,India public literature pattern mapped by facility tier and dengue-prone state
284352,Uttar Pradesh,Prayagraj,metro_tertiary_hub,24,650,7.858,1.166,1.42,0.13,India public literature pattern mapped by facility tier and dengue-prone state
283262,Uttar Pradesh,Moradabad,urban_referral,22,650,4.295,1.166,1.16,0.16,India public literature pattern mapped by facility tier and dengue-prone state
284351,Uttar Pradesh,Lucknow,metro_tertiary_hub,72,650,7.656,1.166,1.42,0.13,India public literature pattern mapped by facility tier and dengue-prone state
99188,Uttar Pradesh,Saharanpur,district_center,13,650,3.559,1.166,0.92,0.19,India public literature pattern mapped by facility tier and dengue-prone state
99187,Uttar Pradesh,Saharanpur,district_center,13,650,3.559,1.166,0.92,0.19,India public literature pattern mapped by facility tier and dengue-prone state
99189,Uttar Pradesh,Uttar Pradesh,district_center,7,650,2.999,1.166,0.92,0.19,India public literature pattern mapped by facility tier and dengue-prone state
99184,Uttar Pradesh,Gonda,urban_referral,4,650,4.379,1.166,1.16,0.16,India public literature pattern mapped by facility tier and dengue-prone state
99185,Uttar Pradesh,Uttar Pradesh,district_center,7,650,2.999,1.166,0.92,0.19,India public literature pattern mapped by facility tier and dengue-prone state
99180,Uttar Pradesh,Uttar Pradesh,district_center,7,650,3.693,1.166,0.92,0.19,India public literature pattern mapped by facility tier and dengue-prone state
284108,Uttar Pradesh,Aligarh,urban_referral,16,650,3.993,1.166,1.16,0.16,India public literature pattern mapped by facility tier and dengue-prone state
742,Uttar Pradesh,Jhansi,district_center,13,650,3.559,1.166,0.92,0.19,India public literature pattern mapped by facility tier and dengue-prone state
99182,Uttar Pradesh,Lucknow,metro_tertiary_hub,72,650,5.71,1.166,1.42,0.13,India public literature pattern mapped by facility tier and dengue-prone state
284106,Uttar Pradesh,Gorakhpur,urban_referral,16,650,3.993,1.166,1.16,0.16,India public literature pattern mapped by facility tier and dengue-prone state
99181,Uttar Pradesh,Uttar Pradesh,district_center,7,650,2.999,1.166,0.92,0.19,India public literature pattern mapped by facility tier and dengue-prone state
283137,Uttar Pradesh,Lucknow,metro_tertiary_hub,72,650,6.809,1.166,1.42,0.13,India public literature pattern mapped by facility tier and dengue-prone state
284105,Uttar Pradesh,Ghaziabad,urban_referral,24,650,4.379,1.166,1.16,0.16,India public literature pattern mapped by facility tier and dengue-prone state
284104,Uttar Pradesh,Bijnor,urban_referral,17,650,4.05,1.166,1.16,0.16,India public literature pattern mapped by facility tier and dengue-prone state
284103,Uttar Pradesh,Agra,urban_referral,26,650,4.456,1.166,1.16,0.16,India public literature pattern mapped by facility tier and dengue-prone state
746,Uttar Pradesh,Rampur,district_center,5,650,2.712,1.166,0.92,0.19,India public literature pattern mapped by facility tier and dengue-prone state
283256,Uttar Pradesh,Raebareli,district_center,6,650,2.866,1.166,0.92,0.19,India public literature pattern mapped by facility tier and dengue-prone state
284102,Uttar Pradesh,Mathura,district_center,12,650,3.485,1.166,0.92,0.19,India public literature pattern mapped by facility tier and dengue-prone state
747,Uttar Pradesh,Lucknow,metro_tertiary_hub,72,650,7.097,1.166,1.42,0.13,India public literature pattern mapped by facility tier and dengue-prone state
284464,Uttar Pradesh,Ghaziabad,urban_referral,24,650,4.379,1.166,1.16,0.16,India public literature pattern mapped by facility tier and dengue-prone state
283254,Uttar Pradesh,Lucknow,metro_tertiary_hub,72,650,8.929,1.166,1.42,0.13,India public literature pattern mapped by facility tier and dengue-prone state
283496,Uttar Pradesh,Saharanpur,district_center,13,650,3.559,1.166,0.92,0.19,India public literature pattern mapped by facility tier and dengue-prone state
284342,Uttar Pradesh,Varanasi,urban_referral,22,650,4.295,1.166,1.16,0.16,India public literature pattern mapped by facility tier and dengue-prone state
284462,Uttar Pradesh,Jalaun,peripheral_center,4,650,2.289,1.166,0.68,0.24,India public literature pattern mapped by facility tier and dengue-prone state
284461,Uttar Pradesh,Varanasi,urban_referral,22,650,7.186,1.166,1.16,0.16,India public literature pattern mapped by facility tier and dengue-prone state
285154,Uttar Pradesh,Lucknow,metro_tertiary_hub,72,650,7.32,1.166,1.42,0.13,India public literature pattern mapped by facility tier and dengue-prone state
284182,Uttar Pradesh,Prayagraj,metro_tertiary_hub,24,650,7.683,1.166,1.42,0.13,India public literature pattern mapped by facility tier and dengue-prone state
284181,Uttar Pradesh,Ghaziabad,urban_referral,24,650,4.379,1.166,1.16,0.16,India public literature pattern mapped by facility tier and dengue-prone state
750,Uttar Pradesh,Lucknow,metro_tertiary_hub,72,650,5.71,1.166,1.42,0.13,India public literature pattern mapped by facility tier and dengue-prone state
751,Uttar Pradesh,Jhansi,district_center,13,650,3.559,1.166,0.92,0.19,India public literature pattern mapped by facility tier and dengue-prone state
753,Uttar Pradesh,Ghaziabad,metro_tertiary_hub,24,650,8.352,1.166,1.42,0.13,India public literature pattern mapped by facility tier and dengue-prone state
284176,Uttar Pradesh,Baghpat,district_center,7,650,2.999,1.166,0.92,0.19,India public literature pattern mapped by facility tier and dengue-prone state
284297,Uttar Pradesh,Gorakhpur,urban_referral,16,650,6.19,1.166,1.16,0.16,India public literature pattern mapped by facility tier and dengue-prone state
284052,Uttar Pradesh,Lucknow,metro_tertiary_hub,72,650,7.32,1.166,1.42,0.13,India public literature pattern mapped by facility tier and dengue-prone state
285046,Uttar Pradesh,Agra,urban_referral,26,650,4.456,1.166,1.16,0.16,India public literature pattern mapped by facility tier and dengue-prone state
760,Uttar Pradesh,Unnao,peripheral_center,4,650,2.289,1.166,0.68,0.24,India public literature pattern mapped by facility tier and dengue-prone state
762,Uttar Pradesh,Gorakhpur,urban_referral,16,650,5.603,1.166,1.16,0.16,India public literature pattern mapped by facility tier and dengue-prone state
763,Uttar Pradesh,Etah,urban_referral,3,650,3.933,1.166,1.16,0.16,India public literature pattern mapped by facility tier and dengue-prone state
767,Uttar Pradesh,Bahraich,metro_tertiary_hub,5,650,6.431,1.166,1.42,0.13,India public literature pattern mapped by facility tier and dengue-prone state
768,Uttar Pradesh,Bara Banki,urban_referral,8,650,5.437,1.166,1.16,0.16,India public literature pattern mapped by facility tier and dengue-prone state
285170,Uttar Pradesh,Raebareli,urban_referral,6,650,4.205,1.166,1.16,0.16,India public literature pattern mapped by facility tier and dengue-prone state
285171,Uttar Pradesh,Saharanpur,district_center,13,650,3.559,1.166,0.92,0.19,India public literature pattern mapped by facility tier and dengue-prone state
285051,Uttar Pradesh,Muzaffarnagar,district_center,12,650,3.485,1.166,0.92,0.19,India public literature pattern mapped by facility tier and dengue-prone state
284286,Uttar Pradesh,Meerut,urban_referral,33,650,6.766,1.166,1.16,0.16,India public literature pattern mapped by facility tier and dengue-prone state
284163,Uttar Pradesh,Kanpur Nagar,urban_referral,24,650,4.379,1.166,1.16,0.16,India public literature pattern mapped by facility tier and dengue-prone state
285053,Uttar Pradesh,Muzaffarnagar,district_center,12,650,3.485,1.166,0.92,0.19,India public literature pattern mapped by facility tier and dengue-prone state
285175,Uttar Pradesh,Lucknow,metro_tertiary_hub,72,650,7.79,1.166,1.42,0.13,India public literature pattern mapped by facility tier and dengue-prone state
284162,Uttar Pradesh,Aligarh,urban_referral,16,650,3.993,1.166,1.16,0.16,India public literature pattern mapped by facility tier and dengue-prone state
284282,Uttar Pradesh,Kanpur Nagar,urban_referral,24,650,4.379,1.166,1.16,0.16,India public literature pattern mapped by facility tier and dengue-prone state
284161,Uttar Pradesh,Lucknow,metro_tertiary_hub,72,650,8.889,1.166,1.42,0.13,India public literature pattern mapped by facility tier and dengue-prone state
285055,Uttar Pradesh,Sambhal,district_center,11,650,3.405,1.166,0.92,0.19,India public literature pattern mapped by facility tier and dengue-prone state
285176,Uttar Pradesh,Muzaffarnagar,district_center,12,650,3.485,1.166,0.92,0.19,India public literature pattern mapped by facility tier and dengue-prone state
284160,Uttar Pradesh,Muzaffarnagar,district_center,12,650,3.485,1.166,0.92,0.19,India public literature pattern mapped by facility tier and dengue-prone state
770,Uttar Pradesh,Gautam Buddha Nagar,metro_tertiary_hub,31,650,8.549,1.166,1.42,0.13,India public literature pattern mapped by facility tier and dengue-prone state
771,Uttar Pradesh,Gorakhpur,metro_tertiary_hub,16,650,8.672,1.166,1.42,0.13,India public literature pattern mapped by facility tier and dengue-prone state
772,Uttar Pradesh,Jhansi,urban_referral,13,650,5.185,1.166,1.16,0.16,India public literature pattern mapped by facility tier and dengue-prone state
774,Uttar Pradesh,Moradabad,urban_referral,22,650,4.295,1.166,1.16,0.16,India public literature pattern mapped by facility tier and dengue-prone state
777,Uttar Pradesh,Lucknow,metro_tertiary_hub,72,650,6.809,1.166,1.42,0.13,India public literature pattern mapped by facility tier and dengue-prone state
284159,Uttar Pradesh,Kanpur Nagar,urban_referral,24,650,4.379,1.166,1.16,0.16,India public literature pattern mapped by facility tier and dengue-prone state
778,Uttar Pradesh,Prayagraj,metro_tertiary_hub,24,650,9.875,1.166,1.42,0.13,India public literature pattern mapped by facility tier and dengue-prone state
284398,Uttar Pradesh,Hardoi,urban_referral,4,650,4.156,1.166,1.16,0.16,India public literature pattern mapped by facility tier and dengue-prone state
284395,Uttar Pradesh,Ghaziabad,urban_referral,24,650,4.379,1.166,1.16,0.16,India public literature pattern mapped by facility tier and dengue-prone state
284153,Uttar Pradesh,Unnao,peripheral_center,4,650,2.289,1.166,0.68,0.24,India public literature pattern mapped by facility tier and dengue-prone state
285064,Uttar Pradesh,Balrampur,urban_referral,4,650,4.379,1.166,1.16,0.16,India public literature pattern mapped by facility tier and dengue-prone state
284392,Uttar Pradesh,Kushinagar,urban_referral,5,650,5.437,1.166,1.16,0.16,India public literature pattern mapped by facility tier and dengue-prone state
782,Uttar Pradesh,Ghaziabad,metro_tertiary_hub,24,650,7.817,1.166,1.42,0.13,India public literature pattern mapped by facility tier and dengue-prone state
783,Uttar Pradesh,Bareilly,metro_tertiary_hub,17,650,7.606,1.166,1.42,0.13,India public literature pattern mapped by facility tier and dengue-prone state
784,Uttar Pradesh,Lucknow,metro_tertiary_hub,72,650,8.35,1.166,1.42,0.13,India public literature pattern mapped by facility tier and dengue-prone state
785,Uttar Pradesh,Ghaziabad,urban_referral,24,650,5.765,1.166,1.16,0.16,India public literature pattern mapped by facility tier and dengue-prone state
786,Uttar Pradesh,Lucknow,metro_tertiary_hub,72,650,6.404,1.166,1.42,0.13,India public literature pattern mapped by facility tier and dengue-prone state
787,Uttar Pradesh,Gautam Buddha Nagar,urban_referral,31,650,4.626,1.166,1.16,0.16,India public literature pattern mapped by facility tier and dengue-prone state
284149,Uttar Pradesh,Lucknow,metro_tertiary_hub,72,650,8.889,1.166,1.42,0.13,India public literature pattern mapped by facility tier and dengue-prone state
788,Uttar Pradesh,Lucknow,metro_tertiary_hub,72,650,5.71,1.166,1.42,0.13,India public literature pattern mapped by facility tier and dengue-prone state
789,Uttar Pradesh,Meerut,urban_referral,33,650,7.251,1.166,1.16,0.16,India public literature pattern mapped by facility tier and dengue-prone state
284269,Uttar Pradesh,Kasganj,peripheral_center,2,650,1.779,1.166,0.68,0.24,India public literature pattern mapped by facility tier and dengue-prone state
284389,Uttar Pradesh,Aligarh,urban_referral,16,650,3.993,1.166,1.16,0.16,India public literature pattern mapped by facility tier and dengue-prone state
284388,Uttar Pradesh,Meerut,metro_tertiary_hub,33,650,7.942,1.166,1.42,0.13,India public literature pattern mapped by facility tier and dengue-prone state
285191,Uttar Pradesh,Amroha,district_center,8,650,3.117,1.166,0.92,0.19,India public literature pattern mapped by facility tier and dengue-prone state
284267,Uttar Pradesh,Meerut,urban_referral,33,650,4.686,1.166,1.16,0.16,India public literature pattern mapped by facility tier and dengue-prone state
285070,Uttar Pradesh,Bhadohi,urban_referral,7,650,4.626,1.166,1.16,0.16,India public literature pattern mapped by facility tier and dengue-prone state
284266,Uttar Pradesh,Gautam Buddha Nagar,urban_referral,31,650,4.626,1.166,1.16,0.16,India public literature pattern mapped by facility tier and dengue-prone state
284143,Uttar Pradesh,Gautam Buddha Nagar,urban_referral,31,650,4.626,1.166,1.16,0.16,India public literature pattern mapped by facility tier and dengue-prone state
283296,Uttar Pradesh,Jaunpur,urban_referral,9,650,6.102,1.166,1.16,0.16,India public literature pattern mapped by facility tier and dengue-prone state
284384,Uttar Pradesh,Prayagraj,urban_referral,24,650,4.379,1.166,1.16,0.16,India public literature pattern mapped by facility tier and dengue-prone state
99218,Uttar Pradesh,Kaushambi,peripheral_center,4,650,2.289,1.166,0.68,0.24,India public literature pattern mapped by facility tier and dengue-prone state
99217,Uttar Pradesh,Sambhal,district_center,11,650,3.405,1.166,0.92,0.19,India public literature pattern mapped by facility tier and dengue-prone state
285115,Uttar Pradesh,Varanasi,urban_referral,22,650,7.068,1.166,1.16,0.16,India public literature pattern mapped by facility tier and dengue-prone state
99219,Uttar Pradesh,Aligarh,urban_referral,16,650,6.826,1.166,1.16,0.16,India public literature pattern mapped by facility tier and dengue-prone state
285237,Uttar Pradesh,Farrukhabad,district_center,6,650,2.866,1.166,0.92,0.19,India public literature pattern mapped by facility tier and dengue-prone state
285117,Uttar Pradesh,Budaun,district_center,5,650,2.712,1.166,0.92,0.19,India public literature pattern mapped by facility tier and dengue-prone state
99214,Uttar Pradesh,Mainpuri,urban_referral,4,650,4.379,1.166,1.16,0.16,India public literature pattern mapped by facility tier and dengue-prone state
99213,Uttar Pradesh,Bijnor,urban_referral,17,650,4.05,1.166,1.16,0.16,India public literature pattern mapped by facility tier and dengue-prone state
99216,Uttar Pradesh,Amroha,district_center,8,650,3.117,1.166,0.92,0.19,India public literature pattern mapped by facility tier and dengue-prone state
285119,Uttar Pradesh,Hardoi,urban_referral,4,650,5.477,1.166,1.16,0.16,India public literature pattern mapped by facility tier and dengue-prone state
99215,Uttar Pradesh,Lakhimpur Kheri,district_center,7,650,2.999,1.166,0.92,0.19,India public literature pattern mapped by facility tier and dengue-prone state
99210,Uttar Pradesh,Lucknow,metro_tertiary_hub,72,650,9.112,1.166,1.42,0.13,India public literature pattern mapped by facility tier and dengue-prone state
99212,Uttar Pradesh,Bijnor,urban_referral,17,650,5.66,1.166,1.16,0.16,India public literature pattern mapped by facility tier and dengue-prone state
99211,Uttar Pradesh,Mainpuri,peripheral_center,4,650,2.983,1.166,0.68,0.24,India public literature pattern mapped by facility tier and dengue-prone state
792,Uttar Pradesh,Mathura,urban_referral,12,650,5.334,1.166,1.16,0.16,India public literature pattern mapped by facility tier and dengue-prone state
280734,Uttar Pradesh,Farrukhabad,district_center,6,650,2.866,1.166,0.92,0.19,India public literature pattern mapped by facility tier and dengue-prone state
793,Uttar Pradesh,Ghaziabad,urban_referral,24,650,7.323,1.166,1.16,0.16,India public literature pattern mapped by facility tier and dengue-prone state
794,Uttar Pradesh,Gautam Buddha Nagar,metro_tertiary_hub,31,650,8.875,1.166,1.42,0.13,India public literature pattern mapped by facility tier and dengue-prone state
795,Uttar Pradesh,Meerut,urban_referral,33,650,5.785,1.166,1.16,0.16,India public literature pattern mapped by facility tier and dengue-prone state
796,Uttar Pradesh,Gorakhpur,metro_tertiary_hub,16,650,8.145,1.166,1.42,0.13,India public literature pattern mapped by facility tier and dengue-prone state
280731,Uttar Pradesh,Lucknow,metro_tertiary_hub,72,650,7.32,1.166,1.42,0.13,India public literature pattern mapped by facility tier and dengue-prone state
797,Uttar Pradesh,Bareilly,urban_referral,17,650,6.448,1.166,1.16,0.16,India public literature pattern mapped by facility tier and dengue-prone state
799,Uttar Pradesh,Lucknow,metro_tertiary_hub,72,650,5.71,1.166,1.42,0.13,India public literature pattern mapped by facility tier and dengue-prone state
284098,Uttar Pradesh,Meerut,urban_referral,33,650,4.686,1.166,1.16,0.16,India public literature pattern mapped by facility tier and dengue-prone state
284096,Uttar Pradesh,Kaushambi,peripheral_center,4,650,2.289,1.166,0.68,0.24,India public literature pattern mapped by facility tier and dengue-prone state
285123,Uttar Pradesh,Hapur,district_center,6,650,2.866,1.166,0.92,0.19,India public literature pattern mapped by facility tier and dengue-prone state
99207,Uttar Pradesh,Muzaffarnagar,district_center,12,650,3.485,1.166,0.92,0.19,India public literature pattern mapped by facility tier and dengue-prone state
285245,Uttar Pradesh,Gorakhpur,metro_tertiary_hub,16,650,7.249,1.166,1.42,0.13,India public literature pattern mapped by facility tier and dengue-prone state
285125,Uttar Pradesh,Prayagraj,urban_referral,24,650,4.379,1.166,1.16,0.16,India public literature pattern mapped by facility tier and dengue-prone state
99206,Uttar Pradesh,Kannauj,peripheral_center,4,650,2.289,1.166,0.68,0.24,India public literature pattern mapped by facility tier and dengue-prone state
284091,Uttar Pradesh,Agra,urban_referral,26,650,4.456,1.166,1.16,0.16,India public literature pattern mapped by facility tier and dengue-prone state
285247,Uttar Pradesh,Hapur,district_center,6,650,2.866,1.166,0.92,0.19,India public literature pattern mapped by facility tier and dengue-prone state
285005,Uttar Pradesh,Sitapur,district_center,6,650,2.866,1.166,0.92,0.19,India public literature pattern mapped by facility tier and dengue-prone state
99209,Uttar Pradesh,Baghpat,district_center,7,650,2.999,1.166,0.92,0.19,India public literature pattern mapped by facility tier and dengue-prone state
99208,Uttar Pradesh,Gorakhpur,urban_referral,16,650,6.296,1.166,1.16,0.16,India public literature pattern mapped by facility tier and dengue-prone state
285006,Uttar Pradesh,Chandauli,peripheral_center,2,650,1.779,1.166,0.68,0.24,India public literature pattern mapped by facility tier and dengue-prone state
99203,Uttar Pradesh,Lucknow,metro_tertiary_hub,72,650,7.79,1.166,1.42,0.13,India public literature pattern mapped by facility tier and dengue-prone state
285007,Uttar Pradesh,Bijnor,urban_referral,17,650,4.05,1.166,1.16,0.16,India public literature pattern mapped by facility tier and dengue-prone state
99202,Uttar Pradesh,Amroha,urban_referral,8,650,5.842,1.166,1.16,0.16,India public literature pattern mapped by facility tier and dengue-prone state
99205,Uttar Pradesh,Ghaziabad,urban_referral,24,650,4.379,1.166,1.16,0.16,India public literature pattern mapped by facility tier and dengue-prone state
99204,Uttar Pradesh,Prayagraj,metro_tertiary_hub,24,650,7.683,1.166,1.42,0.13,India public literature pattern mapped by facility tier and dengue-prone state
99201,Uttar Pradesh,Moradabad,urban_referral,22,650,4.295,1.166,1.16,0.16,India public literature pattern mapped by facility tier and dengue-prone state
280726,Uttar Pradesh,Gautam Buddha Nagar,urban_referral,31,650,4.626,1.166,1.16,0.16,India public literature pattern mapped by facility tier and dengue-prone state
99200,Uttar Pradesh,Bareilly,urban_referral,17,650,4.05,1.166,1.16,0.16,India public literature pattern mapped by facility tier and dengue-prone state
284088,Uttar Pradesh,Baghpat,district_center,7,650,3.693,1.166,0.92,0.19,India public literature pattern mapped by facility tier and dengue-prone state
285250,Uttar Pradesh,Muzaffarnagar,urban_referral,12,650,6.028,1.166,1.16,0.16,India public literature pattern mapped by facility tier and dengue-prone state
284085,Uttar Pradesh,Lucknow,metro_tertiary_hub,72,650,8.108,1.166,1.42,0.13,India public literature pattern mapped by facility tier and dengue-prone state
285252,Uttar Pradesh,Rampur,district_center,5,650,2.712,1.166,0.92,0.19,India public literature pattern mapped by facility tier and dengue-prone state
99239,Uttar Pradesh,Shamli,district_center,5,650,2.712,1.166,0.92,0.19,India public literature pattern mapped by facility tier and dengue-prone state
99118,Uttar Pradesh,Sant Kabir Nagar,peripheral_center,2,650,1.779,1.166,0.68,0.24,India public literature pattern mapped by facility tier and dengue-prone state
285137,Uttar Pradesh,Lucknow,metro_tertiary_hub,72,650,5.71,1.166,1.42,0.13,India public literature pattern mapped by facility tier and dengue-prone state
285138,Uttar Pradesh,Chandauli,peripheral_center,2,650,1.779,1.166,0.68,0.24,India public literature pattern mapped by facility tier and dengue-prone state
285139,Uttar Pradesh,Prayagraj,urban_referral,24,650,7.151,1.166,1.16,0.16,India public literature pattern mapped by facility tier and dengue-prone state
99236,Uttar Pradesh,Fatehpur,district_center,5,650,2.712,1.166,0.92,0.19,India public literature pattern mapped by facility tier and dengue-prone state
99115,Uttar Pradesh,Gautam Buddha Nagar,urban_referral,31,650,4.626,1.166,1.16,0.16,India public literature pattern mapped by facility tier and dengue-prone state
99114,Uttar Pradesh,Banda,peripheral_center,2,650,1.779,1.166,0.68,0.24,India public literature pattern mapped by facility tier and dengue-prone state
99238,Uttar Pradesh,Lucknow,metro_tertiary_hub,72,650,9.144,1.166,1.42,0.13,India public literature pattern mapped by facility tier and dengue-prone state
99117,Uttar Pradesh,Pilibhit,urban_referral,3,650,4.849,1.166,1.16,0.16,India public literature pattern mapped by facility tier and dengue-prone state
99237,Uttar Pradesh,Lakhimpur Kheri,district_center,7,650,2.999,1.166,0.92,0.19,India public literature pattern mapped by facility tier and dengue-prone state
99116,Uttar Pradesh,Varanasi,metro_tertiary_hub,22,650,7.691,1.166,1.42,0.13,India public literature pattern mapped by facility tier and dengue-prone state
99232,Uttar Pradesh,Sambhal,district_center,11,650,3.405,1.166,0.92,0.19,India public literature pattern mapped by facility tier and dengue-prone state
99111,Uttar Pradesh,Ghaziabad,urban_referral,24,650,4.379,1.166,1.16,0.16,India public literature pattern mapped by facility tier and dengue-prone state
99110,Uttar Pradesh,Muzaffarnagar,district_center,12,650,3.485,1.166,0.92,0.19,India public literature pattern mapped by facility tier and dengue-prone state
99231,Uttar Pradesh,Maharajganj,urban_referral,3,650,4.338,1.166,1.16,0.16,India public literature pattern mapped by facility tier and dengue-prone state
99234,Uttar Pradesh,Muzaffarnagar,district_center,12,650,3.485,1.166,0.92,0.19,India public literature pattern mapped by facility tier and dengue-prone state
99113,Uttar Pradesh,Hamirpur,peripheral_center,1,650,1.373,1.166,0.68,0.24,India public literature pattern mapped by facility tier and dengue-prone state
99233,Uttar Pradesh,Moradabad,urban_referral,22,650,4.295,1.166,1.16,0.16,India public literature pattern mapped by facility tier and dengue-prone state
99112,Uttar Pradesh,Balrampur,urban_referral,4,650,5.408,1.166,1.16,0.16,India public literature pattern mapped by facility tier and dengue-prone state
99230,Uttar Pradesh,Gonda,urban_referral,4,650,4.156,1.166,1.16,0.16,India public literature pattern mapped by facility tier and dengue-prone state
284198,Uttar Pradesh,Lucknow,metro_tertiary_hub,72,650,9.144,1.166,1.42,0.13,India public literature pattern mapped by facility tier and dengue-prone state
285263,Uttar Pradesh,Prayagraj,urban_referral,24,650,4.379,1.166,1.16,0.16,India public literature pattern mapped by facility tier and dengue-prone state
284194,Uttar Pradesh,Deoria,district_center,5,650,2.712,1.166,0.92,0.19,India public literature pattern mapped by facility tier and dengue-prone state
285264,Uttar Pradesh,Hardoi,peripheral_center,4,650,2.289,1.166,0.68,0.24,India public literature pattern mapped by facility tier and dengue-prone state
285144,Uttar Pradesh,Meerut,urban_referral,33,650,4.686,1.166,1.16,0.16,India public literature pattern mapped by facility tier and dengue-prone state
284193,Uttar Pradesh,Ghaziabad,urban_referral,24,650,4.379,1.166,1.16,0.16,India public literature pattern mapped by facility tier and dengue-prone state
99229,Uttar Pradesh,Baghpat,district_center,7,650,3.693,1.166,0.92,0.19,India public literature pattern mapped by facility tier and dengue-prone state
285146,Uttar Pradesh,Gautam Buddha Nagar,urban_referral,31,650,4.626,1.166,1.16,0.16,India public literature pattern mapped by facility tier and dengue-prone state
99108,Uttar Pradesh,Jhansi,district_center,13,650,3.559,1.166,0.92,0.19,India public literature pattern mapped by facility tier and dengue-prone state
99228,Uttar Pradesh,Bara Banki,urban_referral,8,650,4.456,1.166,1.16,0.16,India public literature pattern mapped by facility tier and dengue-prone state
99107,Uttar Pradesh,Prayagraj,urban_referral,24,650,4.379,1.166,1.16,0.16,India public literature pattern mapped by facility tier and dengue-prone state
99109,Uttar Pradesh,Varanasi,urban_referral,22,650,4.295,1.166,1.16,0.16,India public literature pattern mapped by facility tier and dengue-prone state
99104,Uttar Pradesh,Meerut,urban_referral,33,650,7.394,1.166,1.16,0.16,India public literature pattern mapped by facility tier and dengue-prone state
99225,Uttar Pradesh,Lucknow,metro_tertiary_hub,72,650,8.846,1.166,1.42,0.13,India public literature pattern mapped by facility tier and dengue-prone state
99224,Uttar Pradesh,Ayodhya,urban_referral,5,650,4.561,1.166,1.16,0.16,India public literature pattern mapped by facility tier and dengue-prone state
99103,Uttar Pradesh,Lucknow,metro_tertiary_hub,72,650,8.755,1.166,1.42,0.13,India public literature pattern mapped by facility tier and dengue-prone state
99227,Uttar Pradesh,Kaushambi,peripheral_center,4,650,2.289,1.166,0.68,0.24,India public literature pattern mapped by facility tier and dengue-prone state
99105,Uttar Pradesh,Lucknow,metro_tertiary_hub,72,650,8.483,1.166,1.42,0.13,India public literature pattern mapped by facility tier and dengue-prone state
99226,Uttar Pradesh,Ghazipur,peripheral_center,3,650,2.066,1.166,0.68,0.24,India public literature pattern mapped by facility tier and dengue-prone state
99221,Uttar Pradesh,Jhansi,district_center,13,650,3.559,1.166,0.92,0.19,India public literature pattern mapped by facility tier and dengue-prone state
99220,Uttar Pradesh,Aligarh,urban_referral,16,650,3.993,1.166,1.16,0.16,India public literature pattern mapped by facility tier and dengue-prone state
99223,Uttar Pradesh,Moradabad,urban_referral,22,650,4.295,1.166,1.16,0.16,India public literature pattern mapped by facility tier and dengue-prone state
99222,Uttar Pradesh,Bulandshahr,district_center,10,650,3.318,1.166,0.92,0.19,India public literature pattern mapped by facility tier and dengue-prone state
280704,Uttar Pradesh,Kanpur Nagar,urban_referral,24,650,4.379,1.166,1.16,0.16,India public literature pattern mapped by facility tier and dengue-prone state
280702,Uttar Pradesh,Sambhal,district_center,11,650,3.405,1.166,0.92,0.19,India public literature pattern mapped by facility tier and dengue-prone state
285150,Uttar Pradesh,Lucknow,metro_tertiary_hub,72,650,7.097,1.166,1.42,0.13,India public literature pattern mapped by facility tier and dengue-prone state
285152,Uttar Pradesh,Ghaziabad,urban_referral,24,650,4.379,1.166,1.16,0.16,India public literature pattern mapped by facility tier and dengue-prone state
283929,Uttar Pradesh,Moradabad,urban_referral,22,650,4.989,1.166,1.16,0.16,India public literature pattern mapped by facility tier and dengue-prone state
283804,Uttar Pradesh,Lucknow,metro_tertiary_hub,72,650,6.809,1.166,1.42,0.13,India public literature pattern mapped by facility tier and dengue-prone state
280779,Uttar Pradesh,Mainpuri,urban_referral,4,650,4.156,1.166,1.16,0.16,India public literature pattern mapped by facility tier and dengue-prone state
283801,Uttar Pradesh,Bareilly,urban_referral,17,650,5.996,1.166,1.16,0.16,India public literature pattern mapped by facility tier and dengue-prone state
280530,Uttar Pradesh,Lucknow,metro_tertiary_hub,72,650,7.097,1.166,1.42,0.13,India public literature pattern mapped by facility tier and dengue-prone state
280531,Uttar Pradesh,Ghaziabad,urban_referral,24,650,4.379,1.166,1.16,0.16,India public literature pattern mapped by facility tier and dengue-prone state
280527,Uttar Pradesh,Meerut,urban_referral,33,650,4.686,1.166,1.16,0.16,India public literature pattern mapped by facility tier and dengue-prone state
280525,Uttar Pradesh,Bijnor,urban_referral,17,650,4.05,1.166,1.16,0.16,India public literature pattern mapped by facility tier and dengue-prone state
280524,Uttar Pradesh,Bijnor,urban_referral,17,650,4.05,1.166,1.16,0.16,India public literature pattern mapped by facility tier and dengue-prone state
280521,Uttar Pradesh,Shamli,urban_referral,5,650,5.785,1.166,1.16,0.16,India public literature pattern mapped by facility tier and dengue-prone state
280522,Uttar Pradesh,Hathras,peripheral_center,3,650,2.066,1.166,0.68,0.24,India public literature pattern mapped by facility tier and dengue-prone state
283901,Uttar Pradesh,Unnao,urban_referral,4,650,4.561,1.166,1.16,0.16,India public literature pattern mapped by facility tier and dengue-prone state
280510,Uttar Pradesh,Bulandshahr,district_center,10,650,3.318,1.166,0.92,0.19,India public literature pattern mapped by facility tier and dengue-prone state
280511,Uttar Pradesh,Rampur,urban_referral,5,650,5.35,1.166,1.16,0.16,India public literature pattern mapped by facility tier and dengue-prone state
280509,Uttar Pradesh,Ghaziabad,urban_referral,24,650,4.379,1.166,1.16,0.16,India public literature pattern mapped by facility tier and dengue-prone state
280507,Uttar Pradesh,Kanpur Nagar,urban_referral,24,650,4.379,1.166,1.16,0.16,India public literature pattern mapped by facility tier and dengue-prone state
280508,Uttar Pradesh,Lucknow,metro_tertiary_hub,72,650,7.32,1.166,1.42,0.13,India public literature pattern mapped by facility tier and dengue-prone state
285078,Uttar Pradesh,Kanpur Nagar,urban_referral,24,650,6.325,1.166,1.16,0.16,India public literature pattern mapped by facility tier and dengue-prone state
284819,Uttar Pradesh,Pratapgarh,urban_referral,3,650,4.944,1.166,1.16,0.16,India public literature pattern mapped by facility tier and dengue-prone state
283729,Uttar Pradesh,Gorakhpur,urban_referral,16,650,6.701,1.166,1.16,0.16,India public literature pattern mapped by facility tier and dengue-prone state
284818,Uttar Pradesh,Lucknow,metro_tertiary_hub,72,650,7.097,1.166,1.42,0.13,India public literature pattern mapped by facility tier and dengue-prone state
282638,Uttar Pradesh,Varanasi,urban_referral,22,650,6.935,1.166,1.16,0.16,India public literature pattern mapped by facility tier and dengue-prone state
284815,Uttar Pradesh,Deoria,urban_referral,5,650,5.724,1.166,1.16,0.16,India public literature pattern mapped by facility tier and dengue-prone state
284934,Uttar Pradesh,Jhansi,district_center,13,650,3.559,1.166,0.92,0.19,India public literature pattern mapped by facility tier and dengue-prone state
283723,Uttar Pradesh,Ghaziabad,urban_referral,24,650,4.379,1.166,1.16,0.16,India public literature pattern mapped by facility tier and dengue-prone state
284932,Uttar Pradesh,Saharanpur,district_center,13,650,3.559,1.166,0.92,0.19,India public literature pattern mapped by facility tier and dengue-prone state
283722,Uttar Pradesh,Ambedkar Nagar,urban_referral,4,650,4.379,1.166,1.16,0.16,India public literature pattern mapped by facility tier and dengue-prone state
283843,Uttar Pradesh,Gautam Buddha Nagar,urban_referral,31,650,4.626,1.166,1.16,0.16,India public literature pattern mapped by facility tier and dengue-prone state
284931,Uttar Pradesh,Meerut,urban_referral,33,650,4.686,1.166,1.16,0.16,India public literature pattern mapped by facility tier and dengue-prone state
280211,Uttar Pradesh,Bhadohi,district_center,7,650,2.999,1.166,0.92,0.19,India public literature pattern mapped by facility tier and dengue-prone state
283721,Uttar Pradesh,Varanasi,urban_referral,22,650,4.295,1.166,1.16,0.16,India public literature pattern mapped by facility tier and dengue-prone state
283841,Uttar Pradesh,Moradabad,urban_referral,22,650,4.295,1.166,1.16,0.16,India public literature pattern mapped by facility tier and dengue-prone state
283720,Uttar Pradesh,Ghazipur,urban_referral,3,650,3.645,1.166,1.16,0.16,India public literature pattern mapped by facility tier and dengue-prone state
283961,Uttar Pradesh,Ghaziabad,urban_referral,24,650,4.379,1.166,1.16,0.16,India public literature pattern mapped by facility tier and dengue-prone state
280210,Uttar Pradesh,Saharanpur,district_center,13,650,3.559,1.166,0.92,0.19,India public literature pattern mapped by facility tier and dengue-prone state
280570,Uttar Pradesh,Aligarh,urban_referral,16,650,3.993,1.166,1.16,0.16,India public literature pattern mapped by facility tier and dengue-prone state
285082,Uttar Pradesh,Balrampur,urban_referral,4,650,3.868,1.166,1.16,0.16,India public literature pattern mapped by facility tier and dengue-prone state
285084,Uttar Pradesh,Bhadohi,district_center,7,650,2.999,1.166,0.92,0.19,India public literature pattern mapped by facility tier and dengue-prone state
283718,Uttar Pradesh,Budaun,district_center,5,650,2.712,1.166,0.92,0.19,India public literature pattern mapped by facility tier and dengue-prone state
284807,Uttar Pradesh,Shahjahanpur,district_center,5,650,2.712,1.166,0.92,0.19,India public literature pattern mapped by facility tier and dengue-prone state
280208,Uttar Pradesh,Varanasi,metro_tertiary_hub,22,650,7.6,1.166,1.42,0.13,India public literature pattern mapped by facility tier and dengue-prone state
284806,Uttar Pradesh,Bahraich,urban_referral,5,650,4.338,1.166,1.16,0.16,India public literature pattern mapped by facility tier and dengue-prone state
280209,Uttar Pradesh,Jaunpur,urban_referral,9,650,6.235,1.166,1.16,0.16,India public literature pattern mapped by facility tier and dengue-prone state
283959,Uttar Pradesh,Varanasi,urban_referral,22,650,6.241,1.166,1.16,0.16,India public literature pattern mapped by facility tier and dengue-prone state
280569,Uttar Pradesh,Mau,urban_referral,5,650,4.898,1.166,1.16,0.16,India public literature pattern mapped by facility tier and dengue-prone state
280206,Uttar Pradesh,Amroha,district_center,8,650,3.117,1.166,0.92,0.19,India public literature pattern mapped by facility tier and dengue-prone state
1701,Uttar Pradesh,Agra,urban_referral,26,650,6.065,1.166,1.16,0.16,India public literature pattern mapped by facility tier and dengue-prone state
283837,Uttar Pradesh,Bulandshahr,district_center,10,650,3.318,1.166,0.92,0.19,India public literature pattern mapped by facility tier and dengue-prone state
280207,Uttar Pradesh,Varanasi,metro_tertiary_hub,22,650,8.293,1.166,1.42,0.13,India public literature pattern mapped by facility tier and dengue-prone state
284804,Uttar Pradesh,Prayagraj,urban_referral,24,650,5.988,1.166,1.16,0.16,India public literature pattern mapped by facility tier and dengue-prone state
283714,Uttar Pradesh,Azamgarh,urban_referral,2,650,3.868,1.166,1.16,0.16,India public literature pattern mapped by facility tier and dengue-prone state
283834,Uttar Pradesh,Ayodhya,urban_referral,5,650,5.591,1.166,1.16,0.16,India public literature pattern mapped by facility tier and dengue-prone state
280568,Uttar Pradesh,Lucknow,metro_tertiary_hub,72,650,5.71,1.166,1.42,0.13,India public literature pattern mapped by facility tier and dengue-prone state
280205,Uttar Pradesh,Moradabad,urban_referral,22,650,4.295,1.166,1.16,0.16,India public literature pattern mapped by facility tier and dengue-prone state
284922,Uttar Pradesh,Ambedkar Nagar,urban_referral,4,650,4.379,1.166,1.16,0.16,India public literature pattern mapped by facility tier and dengue-prone state
284801,Uttar Pradesh,Meerut,urban_referral,33,650,5.38,1.166,1.16,0.16,India public literature pattern mapped by facility tier and dengue-prone state
283833,Uttar Pradesh,Bara Banki,urban_referral,8,650,4.456,1.166,1.16,0.16,India public literature pattern mapped by facility tier and dengue-prone state
284800,Uttar Pradesh,Meerut,metro_tertiary_hub,33,650,8.124,1.166,1.42,0.13,India public literature pattern mapped by facility tier and dengue-prone state
283952,Uttar Pradesh,Aligarh,urban_referral,16,650,3.993,1.166,1.16,0.16,India public literature pattern mapped by facility tier and dengue-prone state
280201,Uttar Pradesh,Gautam Buddha Nagar,urban_referral,31,650,4.626,1.166,1.16,0.16,India public literature pattern mapped by facility tier and dengue-prone state
1709,Uttar Pradesh,Bara Banki,urban_referral,8,650,4.456,1.166,1.16,0.16,India public literature pattern mapped by facility tier and dengue-prone state
1708,Uttar Pradesh,Lucknow,metro_tertiary_hub,72,650,9.176,1.166,1.42,0.13,India public literature pattern mapped by facility tier and dengue-prone state
1706,Uttar Pradesh,Meerut,urban_referral,33,650,4.686,1.166,1.16,0.16,India public literature pattern mapped by facility tier and dengue-prone state
1705,Uttar Pradesh,Gautam Buddha Nagar,metro_tertiary_hub,31,650,8.218,1.166,1.42,0.13,India public literature pattern mapped by facility tier and dengue-prone state
285094,Uttar Pradesh,Sitapur,urban_referral,6,650,5.504,1.166,1.16,0.16,India public literature pattern mapped by facility tier and dengue-prone state
285095,Uttar Pradesh,Bahraich,district_center,5,650,2.712,1.166,0.92,0.19,India public literature pattern mapped by facility tier and dengue-prone state
1704,Uttar Pradesh,Meerut,urban_referral,33,650,4.686,1.166,1.16,0.16,India public literature pattern mapped by facility tier and dengue-prone state
1703,Uttar Pradesh,Agra,urban_referral,26,650,6.854,1.166,1.16,0.16,India public literature pattern mapped by facility tier and dengue-prone state
285096,Uttar Pradesh,Prayagraj,urban_referral,24,650,6.171,1.166,1.16,0.16,India public literature pattern mapped by facility tier and dengue-prone state
282619,Uttar Pradesh,Saharanpur,district_center,13,650,3.559,1.166,0.92,0.19,India public literature pattern mapped by facility tier and dengue-prone state
283949,Uttar Pradesh,Rampur,district_center,5,650,2.712,1.166,0.92,0.19,India public literature pattern mapped by facility tier and dengue-prone state
1712,Uttar Pradesh,Gautam Buddha Nagar,urban_referral,31,650,4.626,1.166,1.16,0.16,India public literature pattern mapped by facility tier and dengue-prone state
282615,Uttar Pradesh,Bulandshahr,district_center,10,650,3.318,1.166,0.92,0.19,India public literature pattern mapped by facility tier and dengue-prone state
1711,Uttar Pradesh,Muzaffarnagar,district_center,12,650,3.485,1.166,0.92,0.19,India public literature pattern mapped by facility tier and dengue-prone state
1710,Uttar Pradesh,Moradabad,urban_referral,22,650,6.493,1.166,1.16,0.16,India public literature pattern mapped by facility tier and dengue-prone state
283824,Uttar Pradesh,Gonda,metro_tertiary_hub,4,650,6.495,1.166,1.42,0.13,India public literature pattern mapped by facility tier and dengue-prone state
283823,Uttar Pradesh,Basti,district_center,6,650,2.866,1.166,0.92,0.19,India public literature pattern mapped by facility tier and dengue-prone state
280553,Uttar Pradesh,Ghaziabad,urban_referral,24,650,4.379,1.166,1.16,0.16,India public literature pattern mapped by facility tier and dengue-prone state
1718,Uttar Pradesh,Mau,district_center,5,650,2.712,1.166,0.92,0.19,India public literature pattern mapped by facility tier and dengue-prone state
1717,Uttar Pradesh,Gautam Buddha Nagar,urban_referral,31,650,4.626,1.166,1.16,0.16,India public literature pattern mapped by facility tier and dengue-prone state
1716,Uttar Pradesh,Meerut,urban_referral,33,650,6.989,1.166,1.16,0.16,India public literature pattern mapped by facility tier and dengue-prone state
1714,Uttar Pradesh,Jhansi,district_center,13,650,3.559,1.166,0.92,0.19,India public literature pattern mapped by facility tier and dengue-prone state
1713,Uttar Pradesh,Agra,urban_referral,26,650,4.456,1.166,1.16,0.16,India public literature pattern mapped by facility tier and dengue-prone state
283819,Uttar Pradesh,Lucknow,metro_tertiary_hub,72,650,8.969,1.166,1.42,0.13,India public literature pattern mapped by facility tier and dengue-prone state
282608,Uttar Pradesh,Lakhimpur Kheri,district_center,7,650,2.999,1.166,0.92,0.19,India public literature pattern mapped by facility tier and dengue-prone state
282729,Uttar Pradesh,Lucknow,metro_tertiary_hub,72,650,7.502,1.166,1.42,0.13,India public literature pattern mapped by facility tier and dengue-prone state
283818,Uttar Pradesh,Bijnor,urban_referral,17,650,4.05,1.166,1.16,0.16,India public literature pattern mapped by facility tier and dengue-prone state
280429,Uttar Pradesh,Bulandshahr,district_center,10,650,3.318,1.166,0.92,0.19,India public literature pattern mapped by facility tier and dengue-prone state
283816,Uttar Pradesh,Amethi,urban_referral,4,650,5.167,1.166,1.16,0.16,India public literature pattern mapped by facility tier and dengue-prone state
1723,Uttar Pradesh,Baghpat,district_center,7,650,2.999,1.166,0.92,0.19,India public literature pattern mapped by facility tier and dengue-prone state
1722,Uttar Pradesh,Agra,urban_referral,26,650,6.854,1.166,1.16,0.16,India public literature pattern mapped by facility tier and dengue-prone state
1721,Uttar Pradesh,Hapur,district_center,6,650,2.866,1.166,0.92,0.19,India public literature pattern mapped by facility tier and dengue-prone state
1720,Uttar Pradesh,Ghaziabad,urban_referral,24,650,4.379,1.166,1.16,0.16,India public literature pattern mapped by facility tier and dengue-prone state
282723,Uttar Pradesh,Gorakhpur,metro_tertiary_hub,16,650,8.014,1.166,1.42,0.13,India public literature pattern mapped by facility tier and dengue-prone state
283812,Uttar Pradesh,Lucknow,metro_tertiary_hub,72,650,9.348,1.166,1.42,0.13,India public literature pattern mapped by facility tier and dengue-prone state
280543,Uttar Pradesh,Kanpur Nagar,urban_referral,24,650,5.072,1.166,1.16,0.16,India public literature pattern mapped by facility tier and dengue-prone state
283811,Uttar Pradesh,Budaun,urban_referral,5,650,4.561,1.166,1.16,0.16,India public literature pattern mapped by facility tier and dengue-prone state
1729,Uttar Pradesh,Lucknow,metro_tertiary_hub,72,650,8.483,1.166,1.42,0.13,India public literature pattern mapped by facility tier and dengue-prone state
1728,Uttar Pradesh,Jaunpur,metro_tertiary_hub,9,650,6.858,1.166,1.42,0.13,India public literature pattern mapped by facility tier and dengue-prone state
1727,Uttar Pradesh,Sitapur,district_center,6,650,3.559,1.166,0.92,0.19,India public literature pattern mapped by facility tier and dengue-prone state
1726,Uttar Pradesh,Ghaziabad,urban_referral,24,650,4.379,1.166,1.16,0.16,India public literature pattern mapped by facility tier and dengue-prone state
282679,Uttar Pradesh,Etawah,district_center,6,650,2.866,1.166,0.92,0.19,India public literature pattern mapped by facility tier and dengue-prone state
283648,Uttar Pradesh,Moradabad,urban_referral,22,650,4.295,1.166,1.16,0.16,India public literature pattern mapped by facility tier and dengue-prone state
1732,Uttar Pradesh,Sitapur,district_center,6,650,2.866,1.166,0.92,0.19,India public literature pattern mapped by facility tier and dengue-prone state
1731,Uttar Pradesh,Kushinagar,district_center,5,650,2.712,1.166,0.92,0.19,India public literature pattern mapped by facility tier and dengue-prone state
283887,Uttar Pradesh,Hardoi,urban_referral,4,650,4.156,1.166,1.16,0.16,India public literature pattern mapped by facility tier and dengue-prone state
284976,Uttar Pradesh,Etah,peripheral_center,3,650,2.066,1.166,0.68,0.24,India public literature pattern mapped by facility tier and dengue-prone state
283885,Uttar Pradesh,Gautam Buddha Nagar,urban_referral,31,650,4.626,1.166,1.16,0.16,India public literature pattern mapped by facility tier and dengue-prone state
283400,Uttar Pradesh,Varanasi,metro_tertiary_hub,22,650,8.111,1.166,1.42,0.13,India public literature pattern mapped by facility tier and dengue-prone state
284730,Uttar Pradesh,Prayagraj,urban_referral,24,650,7.087,1.166,1.16,0.16,India public literature pattern mapped by facility tier and dengue-prone state
282794,Uttar Pradesh,Jaunpur,district_center,9,650,3.223,1.166,0.92,0.19,India public literature pattern mapped by facility tier and dengue-prone state
2709,Uttar Pradesh,Pilibhit,peripheral_center,3,650,2.066,1.166,0.68,0.24,India public literature pattern mapped by facility tier and dengue-prone state
284850,Uttar Pradesh,Mathura,district_center,12,650,3.485,1.166,0.92,0.19,India public literature pattern mapped by facility tier and dengue-prone state
2708,Uttar Pradesh,Agra,urban_referral,26,650,6.535,1.166,1.16,0.16,India public literature pattern mapped by facility tier and dengue-prone state
1739,Uttar Pradesh,Agra,urban_referral,26,650,5.554,1.166,1.16,0.16,India public literature pattern mapped by facility tier and dengue-prone state
1738,Uttar Pradesh,Lucknow,metro_tertiary_hub,72,650,8.35,1.166,1.42,0.13,India public literature pattern mapped by facility tier and dengue-prone state
1737,Uttar Pradesh,Gautam Buddha Nagar,urban_referral,31,650,4.626,1.166,1.16,0.16,India public literature pattern mapped by facility tier and dengue-prone state
2705,Uttar Pradesh,Meerut,urban_referral,33,650,4.686,1.166,1.16,0.16,India public literature pattern mapped by facility tier and dengue-prone state
1736,Uttar Pradesh,Gautam Buddha Nagar,urban_referral,31,650,4.626,1.166,1.16,0.16,India public literature pattern mapped by facility tier and dengue-prone state
2704,Uttar Pradesh,Bareilly,urban_referral,17,650,4.05,1.166,1.16,0.16,India public literature pattern mapped by facility tier and dengue-prone state
2713,Uttar Pradesh,Gorakhpur,urban_referral,16,650,5.092,1.166,1.16,0.16,India public literature pattern mapped by facility tier and dengue-prone state
284727,Uttar Pradesh,Sambhal,district_center,11,650,3.405,1.166,0.92,0.19,India public literature pattern mapped by facility tier and dengue-prone state
1744,Uttar Pradesh,Sonbhadra,district_center,5,650,2.712,1.166,0.92,0.19,India public literature pattern mapped by facility tier and dengue-prone state
284969,Uttar Pradesh,Saharanpur,district_center,13,650,3.559,1.166,0.92,0.19,India public literature pattern mapped by facility tier and dengue-prone state
284847,Uttar Pradesh,Kaushambi,peripheral_center,4,650,2.289,1.166,0.68,0.24,India public literature pattern mapped by facility tier and dengue-prone state
1743,Uttar Pradesh,Bareilly,urban_referral,17,650,5.149,1.166,1.16,0.16,India public literature pattern mapped by facility tier and dengue-prone state
284725,Uttar Pradesh,Sultanpur,urban_referral,4,650,4.715,1.166,1.16,0.16,India public literature pattern mapped by facility tier and dengue-prone state
2710,Uttar Pradesh,Bijnor,urban_referral,17,650,4.05,1.166,1.16,0.16,India public literature pattern mapped by facility tier and dengue-prone state
284846,Uttar Pradesh,Bulandshahr,district_center,10,650,3.318,1.166,0.92,0.19,India public literature pattern mapped by facility tier and dengue-prone state
1742,Uttar Pradesh,Basti,urban_referral,6,650,5.303,1.166,1.16,0.16,India public literature pattern mapped by facility tier and dengue-prone state
283757,Uttar Pradesh,Agra,urban_referral,26,650,4.456,1.166,1.16,0.16,India public literature pattern mapped by facility tier and dengue-prone state
28103,Uttar Pradesh,Raebareli,metro_tertiary_hub,6,650,6.698,1.166,1.42,0.13,India public literature pattern mapped by facility tier and dengue-prone state
284724,Uttar Pradesh,Lakhimpur Kheri,district_center,7,650,2.999,1.166,0.92,0.19,India public literature pattern mapped by facility tier and dengue-prone state
283996,Uttar Pradesh,Amroha,district_center,8,650,3.117,1.166,0.92,0.19,India public literature pattern mapped by facility tier and dengue-prone state
283753,Uttar Pradesh,Lucknow,metro_tertiary_hub,72,650,8.969,1.166,1.42,0.13,India public literature pattern mapped by facility tier and dengue-prone state
283752,Uttar Pradesh,Pilibhit,urban_referral,3,650,4.626,1.166,1.16,0.16,India public literature pattern mapped by facility tier and dengue-prone state
283630,Uttar Pradesh,Agra,urban_referral,26,650,4.456,1.166,1.16,0.16,India public literature pattern mapped by facility tier and dengue-prone state
2719,Uttar Pradesh,Basti,metro_tertiary_hub,6,650,7.629,1.166,1.42,0.13,India public literature pattern mapped by facility tier and dengue-prone state
1747,Uttar Pradesh,Bhadohi,district_center,7,650,2.999,1.166,0.92,0.19,India public literature pattern mapped by facility tier and dengue-prone state
2715,Uttar Pradesh,Shahjahanpur,urban_referral,5,650,5.785,1.166,1.16,0.16,India public literature pattern mapped by facility tier and dengue-prone state
1746,Uttar Pradesh,Lucknow,metro_tertiary_hub,72,650,5.71,1.166,1.42,0.13,India public literature pattern mapped by facility tier and dengue-prone state
2714,Uttar Pradesh,Kanpur Nagar,urban_referral,24,650,4.379,1.166,1.16,0.16,India public literature pattern mapped by facility tier and dengue-prone state
1756,Uttar Pradesh,Mathura,urban_referral,12,650,6.498,1.166,1.16,0.16,India public literature pattern mapped by facility tier and dengue-prone state
2723,Uttar Pradesh,Aligarh,urban_referral,16,650,3.993,1.166,1.16,0.16,India public literature pattern mapped by facility tier and dengue-prone state
284716,Uttar Pradesh,Meerut,urban_referral,33,650,4.686,1.166,1.16,0.16,India public literature pattern mapped by facility tier and dengue-prone state
1755,Uttar Pradesh,Moradabad,urban_referral,22,650,6.86,1.166,1.16,0.16,India public literature pattern mapped by facility tier and dengue-prone state
1754,Uttar Pradesh,Lucknow,metro_tertiary_hub,72,650,5.71,1.166,1.42,0.13,India public literature pattern mapped by facility tier and dengue-prone state
1753,Uttar Pradesh,Aligarh,urban_referral,16,650,6.701,1.166,1.16,0.16,India public literature pattern mapped by facility tier and dengue-prone state
2720,Uttar Pradesh,Sambhal,district_center,11,650,3.405,1.166,0.92,0.19,India public literature pattern mapped by facility tier and dengue-prone state
284954,Uttar Pradesh,Deoria,district_center,5,650,2.712,1.166,0.92,0.19,India public literature pattern mapped by facility tier and dengue-prone state
1751,Uttar Pradesh,Hapur,district_center,6,650,2.866,1.166,0.92,0.19,India public literature pattern mapped by facility tier and dengue-prone state
284832,Uttar Pradesh,Bijnor,urban_referral,17,650,4.05,1.166,1.16,0.16,India public literature pattern mapped by facility tier and dengue-prone state
283864,Uttar Pradesh,Mainpuri,peripheral_center,4,650,2.289,1.166,0.68,0.24,India public literature pattern mapped by facility tier and dengue-prone state
284710,Uttar Pradesh,Agra,urban_referral,26,650,4.456,1.166,1.16,0.16,India public literature pattern mapped by facility tier and dengue-prone state
283742,Uttar Pradesh,Etah,peripheral_center,3,650,2.066,1.166,0.68,0.24,India public literature pattern mapped by facility tier and dengue-prone state
282654,Uttar Pradesh,Shamli,district_center,5,650,2.712,1.166,0.92,0.19,India public literature pattern mapped by facility tier and dengue-prone state
283741,Uttar Pradesh,Agra,urban_referral,26,650,4.456,1.166,1.16,0.16,India public literature pattern mapped by facility tier and dengue-prone state
284830,Uttar Pradesh,Etawah,district_center,6,650,2.866,1.166,0.92,0.19,India public literature pattern mapped by facility tier and dengue-prone state
284951,Uttar Pradesh,Muzaffarnagar,district_center,12,650,3.485,1.166,0.92,0.19,India public literature pattern mapped by facility tier and dengue-prone state
283861,Uttar Pradesh,Moradabad,urban_referral,22,650,4.295,1.166,1.16,0.16,India public literature pattern mapped by facility tier and dengue-prone state
2729,Uttar Pradesh,Shahjahanpur,district_center,5,650,2.712,1.166,0.92,0.19,India public literature pattern mapped by facility tier and dengue-prone state
1759,Uttar Pradesh,Lucknow,metro_tertiary_hub,72,650,8.929,1.166,1.42,0.13,India public literature pattern mapped by facility tier and dengue-prone state
1758,Uttar Pradesh,Muzaffarnagar,district_center,12,650,3.485,1.166,0.92,0.19,India public literature pattern mapped by facility tier and dengue-prone state
2726,Uttar Pradesh,Kasganj,peripheral_center,2,650,1.779,1.166,0.68,0.24,India public literature pattern mapped by facility tier and dengue-prone state
1757,Uttar Pradesh,Moradabad,urban_referral,22,650,4.295,1.166,1.16,0.16,India public literature pattern mapped by facility tier and dengue-prone state
1770,Uttar Pradesh,Kanpur Nagar,urban_referral,24,650,4.379,1.166,1.16,0.16,India public literature pattern mapped by facility tier and dengue-prone state
284708,Uttar Pradesh,Lucknow,metro_tertiary_hub,72,650,6.404,1.166,1.42,0.13,India public literature pattern mapped by facility tier and dengue-prone state
283739,Uttar Pradesh,Agra,urban_referral,26,650,4.456,1.166,1.16,0.16,India public literature pattern mapped by facility tier and dengue-prone state
282648,Uttar Pradesh,Mirzapur,peripheral_center,3,650,2.066,1.166,0.68,0.24,India public literature pattern mapped by facility tier and dengue-prone state
282649,Uttar Pradesh,Bulandshahr,district_center,10,650,3.318,1.166,0.92,0.19,India public literature pattern mapped by facility tier and dengue-prone state
1766,Uttar Pradesh,Kannauj,peripheral_center,4,650,2.289,1.166,0.68,0.24,India public literature pattern mapped by facility tier and dengue-prone state
2734,Uttar Pradesh,Mathura,district_center,12,650,3.485,1.166,0.92,0.19,India public literature pattern mapped by facility tier and dengue-prone state
284826,Uttar Pradesh,Sonbhadra,district_center,5,650,2.712,1.166,0.92,0.19,India public literature pattern mapped by facility tier and dengue-prone state
1765,Uttar Pradesh,Bijnor,urban_referral,17,650,4.05,1.166,1.16,0.16,India public literature pattern mapped by facility tier and dengue-prone state
2733,Uttar Pradesh,Fatehpur,district_center,5,650,2.712,1.166,0.92,0.19,India public literature pattern mapped by facility tier and dengue-prone state
1764,Uttar Pradesh,Agra,urban_referral,26,650,4.456,1.166,1.16,0.16,India public literature pattern mapped by facility tier and dengue-prone state
284824,Uttar Pradesh,Jhansi,urban_referral,13,650,4.898,1.166,1.16,0.16,India public literature pattern mapped by facility tier and dengue-prone state
1763,Uttar Pradesh,Gautam Buddha Nagar,urban_referral,31,650,6.928,1.166,1.16,0.16,India public literature pattern mapped by facility tier and dengue-prone state
2731,Uttar Pradesh,Lucknow,metro_tertiary_hub,72,650,8.544,1.166,1.42,0.13,India public literature pattern mapped by facility tier and dengue-prone state
282644,Uttar Pradesh,Firozabad,district_center,5,650,2.712,1.166,0.92,0.19,India public literature pattern mapped by facility tier and dengue-prone state
284822,Uttar Pradesh,Bara Banki,urban_referral,8,650,5.437,1.166,1.16,0.16,India public literature pattern mapped by facility tier and dengue-prone state
2730,Uttar Pradesh,Varanasi,urban_referral,22,650,4.295,1.166,1.16,0.16,India public literature pattern mapped by facility tier and dengue-prone state
1762,Uttar Pradesh,Lucknow,metro_tertiary_hub,72,650,7.79,1.166,1.42,0.13,India public literature pattern mapped by facility tier and dengue-prone state
282642,Uttar Pradesh,Meerut,urban_referral,33,650,4.686,1.166,1.16,0.16,India public literature pattern mapped by facility tier and dengue-prone state
283732,Uttar Pradesh,Meerut,urban_referral,33,650,6.632,1.166,1.16,0.16,India public literature pattern mapped by facility tier and dengue-prone state
1761,Uttar Pradesh,Agra,metro_tertiary_hub,26,650,7.851,1.166,1.42,0.13,India public literature pattern mapped by facility tier and dengue-prone state
284820,Uttar Pradesh,Bara Banki,metro_tertiary_hub,8,650,6.949,1.166,1.42,0.13,India public literature pattern mapped by facility tier and dengue-prone state
283731,Uttar Pradesh,Etawah,district_center,6,650,2.866,1.166,0.92,0.19,India public literature pattern mapped by facility tier and dengue-prone state
282643,Uttar Pradesh,Mathura,urban_referral,12,650,6.364,1.166,1.16,0.16,India public literature pattern mapped by facility tier and dengue-prone state
284940,Uttar Pradesh,Mau,urban_referral,5,650,5.517,1.166,1.16,0.16,India public literature pattern mapped by facility tier and dengue-prone state
283851,Uttar Pradesh,Ghaziabad,urban_referral,24,650,4.379,1.166,1.16,0.16,India public literature pattern mapped by facility tier and dengue-prone state
2738,Uttar Pradesh,Shamli,district_center,5,650,2.712,1.166,0.92,0.19,India public literature pattern mapped by facility tier and dengue-prone state
2737,Uttar Pradesh,Agra,urban_referral,26,650,6.535,1.166,1.16,0.16,India public literature pattern mapped by facility tier and dengue-prone state
1768,Uttar Pradesh,Gautam Buddha Nagar,urban_referral,31,650,7.111,1.166,1.16,0.16,India public literature pattern mapped by facility tier and dengue-prone state
2736,Uttar Pradesh,Mathura,metro_tertiary_hub,12,650,7.317,1.166,1.42,0.13,India public literature pattern mapped by facility tier and dengue-prone state
1778,Uttar Pradesh,Jhansi,district_center,13,650,3.559,1.166,0.92,0.19,India public literature pattern mapped by facility tier and dengue-prone state
284418,Uttar Pradesh,Meerut,urban_referral,33,650,4.686,1.166,1.16,0.16,India public literature pattern mapped by facility tier and dengue-prone state
1776,Uttar Pradesh,Gorakhpur,metro_tertiary_hub,16,650,7.585,1.166,1.42,0.13,India public literature pattern mapped by facility tier and dengue-prone state
284659,Uttar Pradesh,Moradabad,urban_referral,22,650,5.682,1.166,1.16,0.16,India public literature pattern mapped by facility tier and dengue-prone state
284537,Uttar Pradesh,Gautam Buddha Nagar,urban_referral,31,650,6.235,1.166,1.16,0.16,India public literature pattern mapped by facility tier and dengue-prone state
284416,Uttar Pradesh,Gautam Buddha Nagar,urban_referral,31,650,4.626,1.166,1.16,0.16,India public literature pattern mapped by facility tier and dengue-prone state
1774,Uttar Pradesh,Bareilly,metro_tertiary_hub,17,650,8.139,1.166,1.42,0.13,India public literature pattern mapped by facility tier and dengue-prone state
283205,Uttar Pradesh,Bijnor,urban_referral,17,650,4.05,1.166,1.16,0.16,India public literature pattern mapped by facility tier and dengue-prone state
1773,Uttar Pradesh,Kanpur Nagar,urban_referral,24,650,4.379,1.166,1.16,0.16,India public literature pattern mapped by facility tier and dengue-prone state
2741,Uttar Pradesh,Firozabad,metro_tertiary_hub,5,650,6.738,1.166,1.42,0.13,India public literature pattern mapped by facility tier and dengue-prone state
284415,Uttar Pradesh,Jalaun,peripheral_center,4,650,2.289,1.166,0.68,0.24,India public literature pattern mapped by facility tier and dengue-prone state
284536,Uttar Pradesh,Amethi,urban_referral,4,650,3.868,1.166,1.16,0.16,India public literature pattern mapped by facility tier and dengue-prone state
284656,Uttar Pradesh,Gorakhpur,urban_referral,16,650,6.938,1.166,1.16,0.16,India public literature pattern mapped by facility tier and dengue-prone state
280178,Uttar Pradesh,Gorakhpur,urban_referral,16,650,5.603,1.166,1.16,0.16,India public literature pattern mapped by facility tier and dengue-prone state
2740,Uttar Pradesh,Firozabad,district_center,5,650,3.405,1.166,0.92,0.19,India public literature pattern mapped by facility tier and dengue-prone state
284535,Uttar Pradesh,Gautam Buddha Nagar,urban_referral,31,650,5.319,1.166,1.16,0.16,India public literature pattern mapped by facility tier and dengue-prone state
280179,Uttar Pradesh,Gautam Buddha Nagar,urban_referral,31,650,4.626,1.166,1.16,0.16,India public literature pattern mapped by facility tier and dengue-prone state
284413,Uttar Pradesh,Lucknow,metro_tertiary_hub,72,650,5.71,1.166,1.42,0.13,India public literature pattern mapped by facility tier and dengue-prone state
283323,Uttar Pradesh,Agra,urban_referral,26,650,4.456,1.166,1.16,0.16,India public literature pattern mapped by facility tier and dengue-prone state
284775,Uttar Pradesh,Jaunpur,district_center,9,650,3.223,1.166,0.92,0.19,India public literature pattern mapped by facility tier and dengue-prone state
280176,Uttar Pradesh,Bareilly,urban_referral,17,650,5.149,1.166,1.16,0.16,India public literature pattern mapped by facility tier and dengue-prone state
284412,Uttar Pradesh,Meerut,urban_referral,33,650,6.884,1.166,1.16,0.16,India public literature pattern mapped by facility tier and dengue-prone state
283686,Uttar Pradesh,Mirzapur,peripheral_center,3,650,2.066,1.166,0.68,0.24,India public literature pattern mapped by facility tier and dengue-prone state
284774,Uttar Pradesh,Lucknow,metro_tertiary_hub,72,650,9.805,1.166,1.42,0.13,India public literature pattern mapped by facility tier and dengue-prone state
280177,Uttar Pradesh,Shahjahanpur,urban_referral,5,650,5.517,1.166,1.16,0.16,India public literature pattern mapped by facility tier and dengue-prone state
284653,Uttar Pradesh,Deoria,district_center,5,650,3.405,1.166,0.92,0.19,India public literature pattern mapped by facility tier and dengue-prone state
283200,Uttar Pradesh,Baghpat,urban_referral,7,650,4.338,1.166,1.16,0.16,India public literature pattern mapped by facility tier and dengue-prone state
283684,Uttar Pradesh,Aligarh,urban_referral,16,650,6.391,1.166,1.16,0.16,India public literature pattern mapped by facility tier and dengue-prone state
280174,Uttar Pradesh,Aligarh,urban_referral,16,650,6.19,1.166,1.16,0.16,India public literature pattern mapped by facility tier and dengue-prone state
284652,Uttar Pradesh,Balrampur,peripheral_center,4,650,2.983,1.166,0.68,0.24,India public literature pattern mapped by facility tier and dengue-prone state
284530,Uttar Pradesh,Gautam Buddha Nagar,urban_referral,31,650,4.626,1.166,1.16,0.16,India public literature pattern mapped by facility tier and dengue-prone state
284772,Uttar Pradesh,Fatehpur,metro_tertiary_hub,5,650,6.39,1.166,1.42,0.13,India public literature pattern mapped by facility tier and dengue-prone state
284650,Uttar Pradesh,Sambhal,district_center,11,650,3.405,1.166,0.92,0.19,India public literature pattern mapped by facility tier and dengue-prone state
280173,Uttar Pradesh,Aligarh,urban_referral,16,650,4.686,1.166,1.16,0.16,India public literature pattern mapped by facility tier and dengue-prone state
280170,Uttar Pradesh,Agra,urban_referral,26,650,7.021,1.166,1.16,0.16,India public literature pattern mapped by facility tier and dengue-prone state
280171,Uttar Pradesh,Mathura,district_center,12,650,3.485,1.166,0.92,0.19,India public literature pattern mapped by facility tier and dengue-prone state
1792,Uttar Pradesh,Budaun,district_center,5,650,2.712,1.166,0.92,0.19,India public literature pattern mapped by facility tier and dengue-prone state
1791,Uttar Pradesh,Pratapgarh,peripheral_center,3,650,2.759,1.166,0.68,0.24,India public literature pattern mapped by facility tier and dengue-prone state
284407,Uttar Pradesh,Banda,peripheral_center,2,650,1.779,1.166,0.68,0.24,India public literature pattern mapped by facility tier and dengue-prone state
284769,Uttar Pradesh,Siddharthnagar,urban_referral,3,650,4.338,1.166,1.16,0.16,India public literature pattern mapped by facility tier and dengue-prone state
284648,Uttar Pradesh,Shamli,district_center,5,650,2.712,1.166,0.92,0.19,India public literature pattern mapped by facility tier and dengue-prone state
284527,Uttar Pradesh,Lucknow,metro_tertiary_hub,72,650,5.71,1.166,1.42,0.13,India public literature pattern mapped by facility tier and dengue-prone state
1785,Uttar Pradesh,Aligarh,urban_referral,16,650,3.993,1.166,1.16,0.16,India public literature pattern mapped by facility tier and dengue-prone state
284647,Uttar Pradesh,Bareilly,urban_referral,17,650,5.842,1.166,1.16,0.16,India public literature pattern mapped by facility tier and dengue-prone state
284405,Uttar Pradesh,Bhadohi,district_center,7,650,2.999,1.166,0.92,0.19,India public literature pattern mapped by facility tier and dengue-prone state
284525,Uttar Pradesh,Etawah,district_center,6,650,2.866,1.166,0.92,0.19,India public literature pattern mapped by facility tier and dengue-prone state
284524,Uttar Pradesh,Sambhal,district_center,11,650,3.405,1.166,0.92,0.19,India public literature pattern mapped by facility tier and dengue-prone state
284644,Uttar Pradesh,Jaunpur,district_center,9,650,3.223,1.166,0.92,0.19,India public literature pattern mapped by facility tier and dengue-prone state
284523,Uttar Pradesh,Ghaziabad,metro_tertiary_hub,24,650,8.328,1.166,1.42,0.13,India public literature pattern mapped by facility tier and dengue-prone state
282588,Uttar Pradesh,Varanasi,urban_referral,22,650,6.693,1.166,1.16,0.16,India public literature pattern mapped by facility tier and dengue-prone state
283313,Uttar Pradesh,Lucknow,metro_tertiary_hub,72,650,7.502,1.166,1.42,0.13,India public literature pattern mapped by facility tier and dengue-prone state
284402,Uttar Pradesh,Prayagraj,metro_tertiary_hub,24,650,8.302,1.166,1.42,0.13,India public literature pattern mapped by facility tier and dengue-prone state
284522,Uttar Pradesh,Jalaun,peripheral_center,4,650,2.289,1.166,0.68,0.24,India public literature pattern mapped by facility tier and dengue-prone state
284521,Uttar Pradesh,Lucknow,metro_tertiary_hub,72,650,7.097,1.166,1.42,0.13,India public literature pattern mapped by facility tier and dengue-prone state
284520,Uttar Pradesh,Farrukhabad,district_center,6,650,2.866,1.166,0.92,0.19,India public literature pattern mapped by facility tier and dengue-prone state
284640,Uttar Pradesh,Lucknow,metro_tertiary_hub,72,650,8.755,1.166,1.42,0.13,India public literature pattern mapped by facility tier and dengue-prone state
282584,Uttar Pradesh,Meerut,urban_referral,33,650,4.686,1.166,1.16,0.16,India public literature pattern mapped by facility tier and dengue-prone state
283672,Uttar Pradesh,Prayagraj,metro_tertiary_hub,24,650,8.165,1.166,1.42,0.13,India public literature pattern mapped by facility tier and dengue-prone state
283671,Uttar Pradesh,Saharanpur,urban_referral,13,650,4.898,1.166,1.16,0.16,India public literature pattern mapped by facility tier and dengue-prone state
283309,Uttar Pradesh,Lucknow,metro_tertiary_hub,72,650,8.706,1.166,1.42,0.13,India public literature pattern mapped by facility tier and dengue-prone state
284519,Uttar Pradesh,Bara Banki,urban_referral,8,650,5.437,1.166,1.16,0.16,India public literature pattern mapped by facility tier and dengue-prone state
1799,Uttar Pradesh,Ghazipur,urban_referral,3,650,4.944,1.166,1.16,0.16,India public literature pattern mapped by facility tier and dengue-prone state
1798,Uttar Pradesh,Sultanpur,peripheral_center,4,650,2.289,1.166,0.68,0.24,India public literature pattern mapped by facility tier and dengue-prone state
284517,Uttar Pradesh,Moradabad,urban_referral,22,650,4.295,1.166,1.16,0.16,India public literature pattern mapped by facility tier and dengue-prone state
284759,Uttar Pradesh,Meerut,urban_referral,33,650,4.686,1.166,1.16,0.16,India public literature pattern mapped by facility tier and dengue-prone state
1797,Uttar Pradesh,Gonda,urban_referral,4,650,5.66,1.166,1.16,0.16,India public literature pattern mapped by facility tier and dengue-prone state
283426,Uttar Pradesh,Raebareli,urban_referral,6,650,5.303,1.166,1.16,0.16,India public literature pattern mapped by facility tier and dengue-prone state
284515,Uttar Pradesh,Moradabad,urban_referral,22,650,4.295,1.166,1.16,0.16,India public literature pattern mapped by facility tier and dengue-prone state
284757,Uttar Pradesh,Bareilly,urban_referral,17,650,6.13,1.166,1.16,0.16,India public literature pattern mapped by facility tier and dengue-prone state
280279,Uttar Pradesh,Kanpur Nagar,urban_referral,24,650,5.765,1.166,1.16,0.16,India public literature pattern mapped by facility tier and dengue-prone state
1794,Uttar Pradesh,Bijnor,urban_referral,17,650,4.05,1.166,1.16,0.16,India public literature pattern mapped by facility tier and dengue-prone state
284875,Uttar Pradesh,Hathras,peripheral_center,3,650,2.066,1.166,0.68,0.24,India public literature pattern mapped by facility tier and dengue-prone state
283665,Uttar Pradesh,Mau,urban_referral,5,650,5.254,1.166,1.16,0.16,India public literature pattern mapped by facility tier and dengue-prone state
284754,Uttar Pradesh,Agra,urban_referral,26,650,4.456,1.166,1.16,0.16,India public literature pattern mapped by facility tier and dengue-prone state
284874,Uttar Pradesh,Ballia,peripheral_center,1,650,1.373,1.166,0.68,0.24,India public literature pattern mapped by facility tier and dengue-prone state
283785,Uttar Pradesh,Meerut,urban_referral,33,650,4.686,1.166,1.16,0.16,India public literature pattern mapped by facility tier and dengue-prone state
282574,Uttar Pradesh,Gautam Buddha Nagar,urban_referral,31,650,4.626,1.166,1.16,0.16,India public literature pattern mapped by facility tier and dengue-prone state
283421,Uttar Pradesh,Jaunpur,district_center,9,650,3.223,1.166,0.92,0.19,India public literature pattern mapped by facility tier and dengue-prone state
283784,Uttar Pradesh,Lucknow,metro_tertiary_hub,72,650,6.404,1.166,1.42,0.13,India public literature pattern mapped by facility tier and dengue-prone state
283300,Uttar Pradesh,Pratapgarh,urban_referral,3,650,4.944,1.166,1.16,0.16,India public literature pattern mapped by facility tier and dengue-prone state
284631,Uttar Pradesh,Saharanpur,district_center,13,650,3.559,1.166,0.92,0.19,India public literature pattern mapped by facility tier and dengue-prone state
280273,Uttar Pradesh,Ayodhya,district_center,5,650,2.712,1.166,0.92,0.19,India public literature pattern mapped by facility tier and dengue-prone state
284871,Uttar Pradesh,Moradabad,urban_referral,22,650,4.295,1.166,1.16,0.16,India public literature pattern mapped by facility tier and dengue-prone state
283780,Uttar Pradesh,Unnao,urban_referral,4,650,4.156,1.166,1.16,0.16,India public literature pattern mapped by facility tier and dengue-prone state
284506,Uttar Pradesh,Basti,metro_tertiary_hub,6,650,6.733,1.166,1.42,0.13,India public literature pattern mapped by facility tier and dengue-prone state
284747,Uttar Pradesh,Sant Kabir Nagar,metro_tertiary_hub,2,650,5.697,1.166,1.42,0.13,India public literature pattern mapped by facility tier and dengue-prone state
283777,Uttar Pradesh,Kanpur Nagar,urban_referral,24,650,7.018,1.166,1.16,0.16,India public literature pattern mapped by facility tier and dengue-prone state
284745,Uttar Pradesh,Bhadohi,district_center,7,650,2.999,1.166,0.92,0.19,India public literature pattern mapped by facility tier and dengue-prone state
283776,Uttar Pradesh,Jhansi,district_center,13,650,3.559,1.166,0.92,0.19,India public literature pattern mapped by facility tier and dengue-prone state
284865,Uttar Pradesh,Lucknow,metro_tertiary_hub,72,650,8.275,1.166,1.42,0.13,India public literature pattern mapped by facility tier and dengue-prone state
284501,Uttar Pradesh,Varanasi,urban_referral,22,650,4.295,1.166,1.16,0.16,India public literature pattern mapped by facility tier and dengue-prone state
283653,Uttar Pradesh,Meerut,urban_referral,33,650,4.686,1.166,1.16,0.16,India public literature pattern mapped by facility tier and dengue-prone state
280264,Uttar Pradesh,Farrukhabad,urban_referral,6,650,4.492,1.166,1.16,0.16,India public literature pattern mapped by facility tier and dengue-prone state
284500,Uttar Pradesh,Lucknow,metro_tertiary_hub,72,650,5.71,1.166,1.42,0.13,India public literature pattern mapped by facility tier and dengue-prone state
282685,Uttar Pradesh,Gautam Buddha Nagar,urban_referral,31,650,4.626,1.166,1.16,0.16,India public literature pattern mapped by facility tier and dengue-prone state
284740,Uttar Pradesh,Meerut,urban_referral,33,650,4.686,1.166,1.16,0.16,India public literature pattern mapped by facility tier and dengue-prone state
280384,Uttar Pradesh,Hapur,urban_referral,6,650,4.205,1.166,1.16,0.16,India public literature pattern mapped by facility tier and dengue-prone state
284981,Uttar Pradesh,Moradabad,urban_referral,22,650,4.295,1.166,1.16,0.16,India public literature pattern mapped by facility tier and dengue-prone state
282680,Uttar Pradesh,Kannauj,peripheral_center,4,650,2.289,1.166,0.68,0.24,India public literature pattern mapped by facility tier and dengue-prone state
284980,Uttar Pradesh,Bijnor,urban_referral,17,650,4.05,1.166,1.16,0.16,India public literature pattern mapped by facility tier and dengue-prone state
472,West Bengal,Kolkata,metro_tertiary_hub,27,72,4.752,1.166,1.42,0.13,India public literature pattern mapped by facility tier and dengue-prone state
474,West Bengal,Darjeeling,metro_tertiary_hub,3,72,6.635,1.166,1.42,0.13,India public literature pattern mapped by facility tier and dengue-prone state
284299,West Bengal,Paschim Bardhaman,district_center,9,72,3.223,1.166,0.92,0.19,India public literature pattern mapped by facility tier and dengue-prone state
284298,West Bengal,Kolkata,metro_tertiary_hub,27,72,5.851,1.166,1.42,0.13,India public literature pattern mapped by facility tier and dengue-prone state
284295,West Bengal,Darjeeling,metro_tertiary_hub,3,72,5.851,1.166,1.42,0.13,India public literature pattern mapped by facility tier and dengue-prone state
284294,West Bengal,Birbhum,peripheral_center,2,72,1.779,1.166,0.68,0.24,India public literature pattern mapped by facility tier and dengue-prone state
284293,West Bengal,Paschim Bardhaman,urban_referral,9,72,5.86,1.166,1.16,0.16,India public literature pattern mapped by facility tier and dengue-prone state
284292,West Bengal,South Twenty Four Parganas,peripheral_center,4,72,2.289,1.166,0.68,0.24,India public literature pattern mapped by facility tier and dengue-prone state
284291,West Bengal,Purba Bardhaman,district_center,7,72,2.999,1.166,0.92,0.19,India public literature pattern mapped by facility tier and dengue-prone state
480,West Bengal,Darjeeling,urban_referral,3,72,4.492,1.166,1.16,0.16,India public literature pattern mapped by facility tier and dengue-prone state
487,West Bengal,Kolkata,metro_tertiary_hub,27,72,4.752,1.166,1.42,0.13,India public literature pattern mapped by facility tier and dengue-prone state
489,West Bengal,Kolkata,metro_tertiary_hub,27,72,7.525,1.166,1.42,0.13,India public literature pattern mapped by facility tier and dengue-prone state
402,West Bengal,Kolkata,metro_tertiary_hub,27,72,4.752,1.166,1.42,0.13,India public literature pattern mapped by facility tier and dengue-prone state
407,West Bengal,Kolkata,metro_tertiary_hub,27,72,6.698,1.166,1.42,0.13,India public literature pattern mapped by facility tier and dengue-prone state
490,West Bengal,Kolkata,metro_tertiary_hub,27,72,9.444,1.166,1.42,0.13,India public literature pattern mapped by facility tier and dengue-prone state
491,West Bengal,Kolkata,metro_tertiary_hub,27,72,4.752,1.166,1.42,0.13,India public literature pattern mapped by facility tier and dengue-prone state
492,West Bengal,Kolkata,metro_tertiary_hub,27,72,4.752,1.166,1.42,0.13,India public literature pattern mapped by facility tier and dengue-prone state
493,West Bengal,Paschim Bardhaman,urban_referral,9,72,6.235,1.166,1.16,0.16,India public literature pattern mapped by facility tier and dengue-prone state
494,West Bengal,Howrah,peripheral_center,3,72,2.066,1.166,0.68,0.24,India public literature pattern mapped by facility tier and dengue-prone state
283904,West Bengal,North Twenty Four Parganas,urban_referral,3,72,5.437,1.166,1.16,0.16,India public literature pattern mapped by facility tier and dengue-prone state
495,West Bengal,Paschim Bardhaman,urban_referral,9,72,5.66,1.166,1.16,0.16,India public literature pattern mapped by facility tier and dengue-prone state
282814,West Bengal,Kolkata,metro_tertiary_hub,27,72,4.752,1.166,1.42,0.13,India public literature pattern mapped by facility tier and dengue-prone state
280512,West Bengal,Purba Bardhaman,district_center,7,72,2.999,1.166,0.92,0.19,India public literature pattern mapped by facility tier and dengue-prone state
410,West Bengal,Kolkata,metro_tertiary_hub,27,72,5.445,1.166,1.42,0.13,India public literature pattern mapped by facility tier and dengue-prone state
499,West Bengal,Kolkata,metro_tertiary_hub,27,72,4.752,1.166,1.42,0.13,India public literature pattern mapped by facility tier and dengue-prone state
284316,West Bengal,Kolkata,metro_tertiary_hub,27,72,4.752,1.166,1.42,0.13,India public literature pattern mapped by facility tier and dengue-prone state
412,West Bengal,Kolkata,metro_tertiary_hub,27,72,6.362,1.166,1.42,0.13,India public literature pattern mapped by facility tier and dengue-prone state
414,West Bengal,Kolkata,metro_tertiary_hub,27,72,6.698,1.166,1.42,0.13,India public literature pattern mapped by facility tier and dengue-prone state
415,West Bengal,Kolkata,metro_tertiary_hub,27,72,4.752,1.166,1.42,0.13,India public literature pattern mapped by facility tier and dengue-prone state
284274,West Bengal,Hooghly,urban_referral,2,72,4.898,1.166,1.16,0.16,India public literature pattern mapped by facility tier and dengue-prone state
284273,West Bengal,Jalpaiguri,urban_referral,3,72,4.626,1.166,1.16,0.16,India public literature pattern mapped by facility tier and dengue-prone state
284272,West Bengal,Purba Bardhaman,urban_referral,7,72,4.626,1.166,1.16,0.16,India public literature pattern mapped by facility tier and dengue-prone state
285227,West Bengal,Murshidabad,peripheral_center,1,72,1.373,1.166,0.68,0.24,India public literature pattern mapped by facility tier and dengue-prone state
284303,West Bengal,Hooghly,urban_referral,2,72,4.657,1.166,1.16,0.16,India public literature pattern mapped by facility tier and dengue-prone state
280465,West Bengal,Kolkata,metro_tertiary_hub,27,72,6.698,1.166,1.42,0.13,India public literature pattern mapped by facility tier and dengue-prone state
284302,West Bengal,North Twenty Four Parganas,metro_tertiary_hub,3,72,7.188,1.166,1.42,0.13,India public literature pattern mapped by facility tier and dengue-prone state
284301,West Bengal,Howrah,peripheral_center,3,72,2.066,1.166,0.68,0.24,India public literature pattern mapped by facility tier and dengue-prone state
285072,West Bengal,Nadia,peripheral_center,4,72,2.289,1.166,0.68,0.24,India public literature pattern mapped by facility tier and dengue-prone state
285110,West Bengal,Uttar Dinajpur,peripheral_center,2,72,1.779,1.166,0.68,0.24,India public literature pattern mapped by facility tier and dengue-prone state
19143,West Bengal,Uttar Dinajpur,peripheral_center,2,72,1.779,1.166,0.68,0.24,India public literature pattern mapped by facility tier and dengue-prone state
30060,West Bengal,Nadia,urban_referral,4,72,4.379,1.166,1.16,0.16,India public literature pattern mapped by facility tier and dengue-prone state
19140,West Bengal,Paschim Bardhaman,urban_referral,9,72,5.542,1.166,1.16,0.16,India public literature pattern mapped by facility tier and dengue-prone state
19142,West Bengal,Paschim Bardhaman,district_center,9,72,3.223,1.166,0.92,0.19,India public literature pattern mapped by facility tier and dengue-prone state
282919,West Bengal,Jalpaiguri,urban_referral,3,72,4.156,1.166,1.16,0.16,India public literature pattern mapped by facility tier and dengue-prone state
19141,West Bengal,South Twenty Four Parganas,peripheral_center,4,72,2.289,1.166,0.68,0.24,India public literature pattern mapped by facility tier and dengue-prone state
435,West Bengal,Kolkata,metro_tertiary_hub,27,72,6.832,1.166,1.42,0.13,India public literature pattern mapped by facility tier and dengue-prone state
284534,West Bengal,Nadia,peripheral_center,4,72,2.289,1.166,0.68,0.24,India public literature pattern mapped by facility tier and dengue-prone state
439,West Bengal,Kolkata,metro_tertiary_hub,27,72,5.445,1.166,1.42,0.13,India public literature pattern mapped by facility tier and dengue-prone state
1416,West Bengal,Paschim Bardhaman,metro_tertiary_hub,9,72,7.73,1.166,1.42,0.13,India public literature pattern mapped by facility tier and dengue-prone state
285248,West Bengal,Birbhum,peripheral_center,2,72,1.779,1.166,0.68,0.24,India public literature pattern mapped by facility tier and dengue-prone state
284408,West Bengal,Nadia,peripheral_center,4,72,2.289,1.166,0.68,0.24,India public literature pattern mapped by facility tier and dengue-prone state
283956,West Bengal,Kolkata,metro_tertiary_hub,27,72,4.752,1.166,1.42,0.13,India public literature pattern mapped by facility tier and dengue-prone state
444,West Bengal,Purba Bardhaman,district_center,7,72,2.999,1.166,0.92,0.19,India public literature pattern mapped by facility tier and dengue-prone state
447,West Bengal,Kolkata,metro_tertiary_hub,27,72,4.752,1.166,1.42,0.13,India public literature pattern mapped by facility tier and dengue-prone state
283950,West Bengal,South Twenty Four Parganas,peripheral_center,4,72,2.289,1.166,0.68,0.24,India public literature pattern mapped by facility tier and dengue-prone state
448,West Bengal,Kolkata,metro_tertiary_hub,27,72,6.832,1.166,1.42,0.13,India public literature pattern mapped by facility tier and dengue-prone state
285254,West Bengal,Jalpaiguri,urban_referral,3,72,5.031,1.166,1.16,0.16,India public literature pattern mapped by facility tier and dengue-prone state
285257,West Bengal,Paschim Bardhaman,district_center,9,72,3.223,1.166,0.92,0.19,India public literature pattern mapped by facility tier and dengue-prone state
19120,West Bengal,Kolkata,metro_tertiary_hub,27,72,5.851,1.166,1.42,0.13,India public literature pattern mapped by facility tier and dengue-prone state
455,West Bengal,Kolkata,metro_tertiary_hub,27,72,4.752,1.166,1.42,0.13,India public literature pattern mapped by facility tier and dengue-prone state
457,West Bengal,Kolkata,metro_tertiary_hub,27,72,8.363,1.166,1.42,0.13,India public literature pattern mapped by facility tier and dengue-prone state
459,West Bengal,Kolkata,metro_tertiary_hub,27,72,4.752,1.166,1.42,0.13,India public literature pattern mapped by facility tier and dengue-prone state
284474,West Bengal,South Twenty Four Parganas,urban_referral,4,72,5.477,1.166,1.16,0.16,India public literature pattern mapped by facility tier and dengue-prone state
19137,West Bengal,North Twenty Four Parganas,peripheral_center,3,72,2.066,1.166,0.68,0.24,India public literature pattern mapped by facility tier and dengue-prone state
19136,West Bengal,Purba Bardhaman,urban_referral,7,72,5.185,1.166,1.16,0.16,India public literature pattern mapped by facility tier and dengue-prone state
19138,West Bengal,Kolkata,metro_tertiary_hub,27,72,8.336,1.166,1.42,0.13,India public literature pattern mapped by facility tier and dengue-prone state
19133,West Bengal,Howrah,peripheral_center,3,72,2.066,1.166,0.68,0.24,India public literature pattern mapped by facility tier and dengue-prone state
19134,West Bengal,Purba Bardhaman,district_center,7,72,2.999,1.166,0.92,0.19,India public literature pattern mapped by facility tier and dengue-prone state
19131,West Bengal,Purba Medinipur,urban_referral,1,72,4.418,1.166,1.16,0.16,India public literature pattern mapped by facility tier and dengue-prone state
461,West Bengal,Purba Bardhaman,district_center,7,72,2.999,1.166,0.92,0.19,India public literature pattern mapped by facility tier and dengue-prone state
463,West Bengal,Paschim Medinipur,peripheral_center,1,72,1.373,1.166,0.68,0.24,India public literature pattern mapped by facility tier and dengue-prone state
466,West Bengal,Paschim Bardhaman,urban_referral,9,72,5.765,1.166,1.16,0.16,India public literature pattern mapped by facility tier and dengue-prone state
