bank_id,name,state,district,city,latitude,longitude,category
31003,Pillar Health Centre,Andaman and Nicobar Islands,South Andaman,Port Blair,11.653229,92.730714,Charitable
280695,G.B.Pant Hospital Atlanta Point Medical College,Andaman and Nicobar Islands,South Andaman,Port Blair,11.716205,92.715882,Government
284580,Bsu Chc Chodavaram,Andhra Pradesh,Anakapalli,Chodavaram,16.322369,80.434428,Government
285314,BSU CHC Veldurthy,Andhra Pradesh,Kurnool,Veldurthy,15.83654,77.997454,Government
285319,BSU CHC Repalle,Andhra Pradesh,Bapatla,Repalle,16.214526,80.438119,Government
284218,Vijayasri Blood Centre Ongole,Andhra Pradesh,Prakasam,Ongole,15.236639,78.461611,Charitable
284217,"Vijaya Blood Centre, Piduguralla",Andhra Pradesh,Palnadu,Piduguralla,16.276018,80.017789,Charitable
284337,Apadbandhu Voluntary Blood Center Palakol,Andhra Pradesh,West Godavari,Palakol,16.51582,81.501234,Private
284216,"Vijaya Blood Centre, Narasaraopet",Andhra Pradesh,Palnadu,Narasaraopet,16.235098,80.08244,Charitable
284336,American Cancer Care Blood Centre,Andhra Pradesh,NTR,Vijayawada,14.674291,77.622669,Private
284215,Aapadbandhu Blood Bank Vinukonda,Andhra Pradesh,Palnadu,Vinukonda,16.250406,80.019581,Charitable
284578,Bsu Chc Chinturu,Andhra Pradesh,Alluri Sitharama Raju,Chintoor,16.541534,80.631444,Government
284457,Mahatma Gandhi Blood Centre,Andhra Pradesh,Kurnool,Yemmiganur,15.804969,78.013927,Charitable
284699,Bsu Chc Dornala,Andhra Pradesh,Prakasam,Dornala,15.180245,78.404153,Government
284577,Bsu Ah Seethampeta,Andhra Pradesh,Parvathipuram Manyam,Seethampeta,16.279215,80.38622,Government
284214,Kurnool Blood Centre,Andhra Pradesh,Kurnool,Kurnool,15.79274,78.03899,Charitable
284698,Bsu Chc Chinnemergani,Andhra Pradesh,Parvathipuram Manyam,Chinnemergani,16.28675,80.422752,Government
284697,Bsu Chc Pedakurapadu,Andhra Pradesh,Palnadu,Pedakurapadu,16.235815,80.058597,Government
284213,Anu Blood Center,Andhra Pradesh,NTR,Vijayawada,14.639218,77.630881,Private
284212,"Akshaya Blood Centre, Kakinada",Andhra Pradesh,Kakinada,Kakinada,7.381264,38.795974,Charitable
283243,All India Institute Of Medical Sciences Blood Centre Mangalagiri,Andhra Pradesh,Guntur,Managalgiri,0.0,0.0,Government
283364,Vizianagaram Rotary Parvati Devi Anchalia Voluntary Blood Centre,Andhra Pradesh,Vizianagaram,Vizianagaram,18.143969,83.404889,Charitable
283485,Aruna Blood Bank,Andhra Pradesh,Krishna,Machilipatnam,0.0,0.0,Charitable
283484,Life Share Blood Centre Vijayawada,Andhra Pradesh,NTR,Vijaywada,14.683167,77.622566,Private
284694,Bsu Chc Visannapeta,Andhra Pradesh,NTR,Visannapeta,14.695969,77.641137,Government
284573,Bsu Ah Narasapuram,Andhra Pradesh,West Godavari,Narasapuram,16.509443,81.505074,Government
283362,Bruhada Blood Center,Andhra Pradesh,Y.S.R.,Kadapa,14.723524,78.060598,Private
284692,Bsu Andhra Hospital,Andhra Pradesh,NTR,Governerpeta,14.720329,77.59466,Private
284691,Bsu Sriharikota,Andhra Pradesh,Tirupati,Sriharikota,13.673409,79.369245,Government
283481,Vijayasri Blood Centre Tirupati,Andhra Pradesh,Tirupati,Tirupati,13.643249,79.397918,Charitable
284690,Bsu Chc Ulavapadu,Andhra Pradesh,Prakasam,Ulavapadu,15.188995,78.383376,Government
285322,"Blood Storage Unit,Community Health Centre Cumbum",Andhra Pradesh,Markapuram,Cumbum,16.500787,80.626244,Government
285323,Community Health Centre Kondepi,Andhra Pradesh,Prakasam,Kondepi,15.155177,78.426948,Government
285324,Venus Blood Centre,Andhra Pradesh,Kakinada,Tuni,7.344956,38.75516,Charitable
285327,Indian Red Cross society blood centre Tirupati,Andhra Pradesh,Tirupati,Tirupati,14.681888,77.600591,Charitable
285328,Vijayasri Blood Bank Nellore,Andhra Pradesh,Sri Potti Sriramulu Nellore,Nellore,14.647359,78.762738,Private
284327,Uddanam Blood Centre,Andhra Pradesh,Srikakulam,Sompeta,17.588087,83.058594,Private
284689,Bsu Chc Rapur,Andhra Pradesh,Sri Potti Sriramulu Nellore,Rapur,14.662735,78.794137,Government
284688,Bsu Chc Vinjamur,Andhra Pradesh,Sri Potti Sriramulu Nellore,Vinjamur,14.678151,78.744601,Government
284687,Bsu Chc Venkatachalam,Andhra Pradesh,Sri Potti Sriramulu Nellore,Venkatachalam,14.655472,78.807702,Government
284445,Vijayasri Blood Centre Srikakulam,Andhra Pradesh,Srikakulam,Srikakulam,17.602799,83.071046,Charitable
284686,Bsu Chc Podalakuru,Andhra Pradesh,Sri Potti Sriramulu Nellore,Podalakuru,14.694643,78.812335,Government
284685,Bsu Chc Kovur,Andhra Pradesh,Sri Potti Sriramulu Nellore,Kovur,14.68061,78.789923,Government
284684,Bsu Chc Kota.,Andhra Pradesh,Sri Potti Sriramulu Nellore,Kota,14.687338,78.82459,Government
283353,Government General Hospital Blood Centre Madanapalle,Andhra Pradesh,Annamayya,MADANAPALLE,16.513339,80.618989,Government
284683,Bsu Chc Indukurpet,Andhra Pradesh,Sri Potti Sriramulu Nellore,Indukurpet,14.704391,78.828753,Government
284440,Dharani Voluntary Blood Centre,Andhra Pradesh,West Godavari,Bhimavaram,16.541085,81.541215,Private
284682,Bsu Chc Buchireddypalem,Andhra Pradesh,Sri Potti Sriramulu Nellore,Buchireddypalem,14.710276,78.763939,Government
284561,Thalassemia Needs Blood Centre Guntur,Andhra Pradesh,Guntur,Guntur,16.238063,80.38875,Charitable
284681,Bsu Chc Allur,Andhra Pradesh,Sri Potti Sriramulu Nellore,Allur,14.732451,78.791083,Government
284680,Bsu Chc Owk,Andhra Pradesh,Kurnool,Owk,15.825134,78.054743,Government
285331,Narsipatnam Blood Centre,Andhra Pradesh,Anakapalli,Narsipatnam,16.298401,80.429639,Private
285332,MS BLOOD STORAGE CENTRE,Andhra Pradesh,Kakinada,JAGGAMPETA,7.334567,38.816623,Private
285333,Ms Blood Storage Centre Area Hospital Anaparthy,Andhra Pradesh,Krishna,Tiruvuru,16.1696,80.560895,Private
285334,Gudivada Blood Centre,Andhra Pradesh,Krishna,Gudivada,16.199834,80.616733,Charitable
285219,Bsu Chc Addanki,Andhra Pradesh,Prakasam,Addanki,15.223428,78.418528,Government
284559,Satya Blood Centre,Andhra Pradesh,Palnadu,Sattenapalli,16.212804,80.050685,Charitable
284679,Bsu Chc Velgode,Andhra Pradesh,Nandyal,Velgode,14.674161,79.093679,Government
284558,Sreenitha Voluntary Blood Centre Ananthapuram,Andhra Pradesh,Ananthapuramu,Ananthapuram,14.67835,77.636742,Charitable
284678,Bsu Chc Panyam,Andhra Pradesh,Nandyal,Panyam,14.713524,79.105463,Government
284315,Medipulse Blood Centre Kurnool,Andhra Pradesh,Kurnool,Kurnool,15.764116,78.018015,Private
284557,Vande Bharat Blood Centre Visakhapatnam,Andhra Pradesh,Visakhapatnam,Gajuwaka,17.732992,83.299093,Private
284677,Bsu Chc Midtur,Andhra Pradesh,Nandyal,Midtur,14.709548,79.100346,Government
284556,Deepu Blood Centre Hindupur,Andhra Pradesh,Sri Sathya Sai,Hindupur,16.469391,80.735327,Charitable
283466,Vijayasri Blood Centre Vijayawada,Andhra Pradesh,NTR,Vijayawada,14.693657,77.585798,Charitable
284676,Bsu Chc Sunnipeta,Andhra Pradesh,Nandyal,Sunnipeta,14.702005,79.090213,Government
284675,Bsu Mch Adoni,Andhra Pradesh,Kurnool,Adoni,15.632223,77.272837,Government
284674,Bsu Chc Orvakal,Andhra Pradesh,Kurnool,Orvakal,15.811977,78.024319,Government
283342,Sri Deepa Voluntary Blood Centre,Andhra Pradesh,Annamayya,Rayachoty,14.878302,79.854254,Charitable
284673,Bsu Chc Mylavaram,Andhra Pradesh,NTR,Mylavaram,14.670675,77.604611,Government
284793,Amara Blood Centre,Andhra Pradesh,Tirupati,Tirupati,13.655527,79.356005,Charitable
284672,Bsu Chc T. Kothapalli,Andhra Pradesh,Dr. B. R. Ambedkar Konaseema,T Kothaplii,17.710271,83.395822,Government
284671,Bsu Chc Kapileswapuram,Andhra Pradesh,East Godavari,Kapileswapuram,16.9357,81.856937,Government
284670,Bsu Chc Allavaram,Andhra Pradesh,Dr. B. R. Ambedkar Konaseema,Allavaram,17.717714,83.373787,Government
285220,Bsu Chc Denduluru,Andhra Pradesh,Eluru,Eluru,15.71736,79.412553,Government
285100,AH Govt blood Centre Tadepalligudem,Andhra Pradesh,West Godavari,Tadepalligudem,16.592014,81.487789,Government
285221,Bsu Chc Pittalavani Palem,Andhra Pradesh,Bapatla,Pttalavani Palem,16.211934,80.42165,Government
285222,Bsu Chc Badangi,Andhra Pradesh,Vizianagaram,Badangi,18.110339,83.41239,Government
285223,Bsu Chc Yelamachili,Andhra Pradesh,Anakapalli,Yelamachili,16.29581,80.456397,Government
285229,BSU CHC Parchur,Andhra Pradesh,Bapatla,Parchur,16.28063,80.40984,Government
284669,Bsu Chc Alamuru,Andhra Pradesh,Dr. B. R. Ambedkar Konaseema,Alamur,17.730119,83.397077,Government
284668,Bsu Chc Porumamilla,Andhra Pradesh,Y.S.R.,Porumamilla,14.724451,78.063624,Government
284667,Bsu Chc Kadiyam,Andhra Pradesh,East Godavari,Kadiyam,16.920152,81.794031,Government
284666,Bsu Chc Gopalapuram,Andhra Pradesh,East Godavari,Gopalapuram,16.965289,81.774964,Government
284665,Bsu Chc Nidadavolu,Andhra Pradesh,East Godavari,Nidadavolu,16.99593,81.78215,Government
284664,Bsu Chc Kunavaram,Andhra Pradesh,Polavaram,Kunavaram,16.259759,80.442817,Government
284663,Bsu Chc Nizampatnam,Andhra Pradesh,Bapatla,Nizampatnam,16.269697,80.442864,Government
284662,Bsu Chc Vayalpadu,Andhra Pradesh,Annamayya,vayalpadu,14.842816,79.850565,Government
284661,Bsu Chc Uravakonda,Andhra Pradesh,Ananthapuramu,Uravakonda,14.679251,77.606846,Government
28139,Indian Red Cross Society Blood Bank Guntur 9,Andhra Pradesh,Guntur,Guntur,16.306653,80.43654,Trust
28132,LIONS DISTRICT 316D BLOOD BANK,Andhra Pradesh,NTR,Vijayawada,14.672845,77.565604,Charitable
28133,GOVT GENERAL HOSPITAL BLOOD BANK KURNOOL,Andhra Pradesh,Kurnool,Kurnool,15.820654,78.038088,Government
28130,Dr. Pinnamaneni Siddhartha Institute of Medical Sciences & Research Foundation,Andhra Pradesh,Krishna,Krishna,16.551655,80.832047,Private
28131,SURAKSHA VOLUNTARY BLOOD CENTRE,Andhra Pradesh,NTR,Vijayawada,16.51343,80.632861,Charitable
28136,Indian Red Cross Society Blood Bank Kurnool,Andhra Pradesh,Kurnool,Kurnool,15.816357,78.040317,Trust
284017,SREE WELFARE SOCIETY BLOOD CENTRE,Andhra Pradesh,Guntur,GUNTUR,16.315206,80.350901,Charitable
284011,Nandyal Blood Centre,Andhra Pradesh,Nandyal,Nandyal,14.69208,79.102785,Charitable
284373,Pradha Blood Centre,Andhra Pradesh,Krishna,Vijayawada,16.206497,80.560187,Charitable
28149,Indian Red Cross Society Blood Bank Anantapuramu,Andhra Pradesh,Ananthapuramu,Ananthapur,14.681888,77.600591,Trust
28144,Indian Red Cross Society Blood Bank Srikakulam,Andhra Pradesh,Srikakulam,Srikakulam,18.296359,83.894549,Trust
28141,Indian Red Cross Society Blood Bank Eluru,Andhra Pradesh,Eluru,Eluru,14.681888,77.600591,Trust
28142,Indian Red Cross Society Blood Bank Chittoor,Andhra Pradesh,Chittoor,Chittoor,13.217176,79.100329,Trust
28147,IRCS Blood Bank Repalle,Andhra Pradesh,Bapatla,Repalle,16.260829,80.44677,Trust
28148,Indian Red Cross Society Blood Bank Vishakhapatnam,Andhra Pradesh,Visakhapatnam,Visakhapatnam,17.686816,83.218482,Trust
28145,DR.MULLAPUDI HARISCHANDRA PRASAD RED CROSS BLOOD BANK,Andhra Pradesh,West Godavari,Tanuku,16.757173,81.679963,Trust
28140,IRCS Blood Storage Unit Kadapa,Andhra Pradesh,Y.S.R.,Kadapa,14.714987,78.056674,Trust
283394,Satya Surya Voluntary Blood Center,Andhra Pradesh,East Godavari,Rajamahendravaram,16.934151,81.748474,Charitable
28118,"GGH , VIZIANAGARAM",Andhra Pradesh,Vizianagaram,Vizianagaram,18.132131,83.413185,Government
28119,Indian Red Cross Society Blood Bank Vizianagaram,Andhra Pradesh,Vizianagaram,vizianagaram,18.106658,83.395551,Trust
28116,AH Chirala Blood Bank,Andhra Pradesh,Bapatla,Chirala,16.277394,80.401874,Government
28112,Indian Red Cross Society Blood Bank Ongole,Andhra Pradesh,Prakasam,Ongole,15.736154,79.269125,Trust
28113,"Government General Hospital,ongole",Andhra Pradesh,Prakasam,Ongole,14.671459,77.596684,Government
284598,Bsu Chc Mummidi Varam,Andhra Pradesh,Dr. B. R. Ambedkar Konaseema,Mummidi varam,17.770565,83.450443,Government
284597,Bsu Chc Rlykodur,Andhra Pradesh,Tirupati,Raiway koduru,13.656878,79.342423,Government
284233,Homi Bhabha Cancer Hospital And Research Centre,Andhra Pradesh,Visakhapatnam,Visakhapatnam,17.731706,83.273468,Government
284596,Bsu Chc Ponnur,Andhra Pradesh,Guntur,Ponnur,16.267876,80.374749,Government
284353,Moksha Blood Center Srikakulam,Andhra Pradesh,Srikakulam,Narsannapeta,17.632521,83.066776,Charitable
284595,Bsu Chc Gurazala,Andhra Pradesh,Palnadu,Gurazala,16.235369,80.031687,Government
284593,Bsu Chc Amaravathi,Andhra Pradesh,Palnadu,Amaravathi,16.220352,80.073916,Government
284592,Bsu Chc Mandapeta,Andhra Pradesh,East Godavari,Mandapeta,16.906972,81.749683,Government
284591,"Bsu Christian Medical College, Vellore",Andhra Pradesh,Chittoor,Chittoor,15.503905,81.229725,Private
284590,Bsu Sviccar Tirupati,Andhra Pradesh,Tirupati,Tirupati,13.700151,79.363276,Charitable
28129,Dr.pattabhi Red Cross Blood Bank,Andhra Pradesh,Krishna,Machilipatnam,16.190546,81.136154,Trust
28127,"Govt. Area Hopital, Blood Bank, Gudivada, Krishna DT",Andhra Pradesh,Krishna,Gudivada,16.224892,80.666736,Government
28128,"Kamineni Health Care Pvt Ltd.Blood Bank,Vijayawada",Andhra Pradesh,Krishna,Vijayawada,16.180149,80.631022,Private
285308,Smile Blood Centre,Andhra Pradesh,NTR,Vijayawada,14.715588,77.592908,Charitable
285309,BSU CHC Vemuru,Andhra Pradesh,Bapatla,Vemuru,16.290577,80.435594,Government
28121,Mahraja Institude Of Medical Science Blood Bank,Andhra Pradesh,Vizianagaram,vizianagaram,0.0,0.0,Private
28126,Government General Hospital Blood bank Vijayawada,Andhra Pradesh,NTR,Vijayawada,14.671459,77.596684,Government
284227,Visakha Blood Centre,Andhra Pradesh,Visakhapatnam,Visakhapatnam,17.696437,83.294545,Private
28124,ST.ANNS HOSPITAL BLOOD BANK,Andhra Pradesh,NTR,Vijayawada,0.0,0.0,Charitable
283379,Adp Voluntary Blood Centre,Andhra Pradesh,Kurnool,Kurnool,15.810584,78.065199,Charitable
284588,Bsu Chc Yarlagadda Ramavaram,Andhra Pradesh,Polavaram,Y Ramavaram,16.284271,80.437119,Government
284587,Vijaya Blood Centre Machilipatnam,Andhra Pradesh,Krishna,Machilipatnam,16.241233,80.613121,Charitable
284586,Bsu Chc Patha Gannavaram,Andhra Pradesh,Dr. B. R. Ambedkar Konaseema,P Gannavaram,17.759458,83.355946,Government
284585,Bsu Chc Tallarevu,Andhra Pradesh,Kakinada,Tallarevu,7.381178,38.772559,Government
284584,Bsu Chc Peddapuram,Andhra Pradesh,Kakinada,Peddapuram,7.314499,38.798951,Government
284220,Dr Jawahara Blood Center,Andhra Pradesh,Prakasam,Chimakurthy,15.186936,78.430051,Private
284583,Bsu Chc Gokavaram,Andhra Pradesh,East Godavari,Gokavaram,16.9544,81.787902,Government
284582,Bsu Ircs Repalle,Andhra Pradesh,Bapatla,Repalle,16.26441,80.457174,Trust
284581,Bsu Chc Kotauratla,Andhra Pradesh,Anakapalli,koutaratla,16.280657,80.453306,Government
280938,Bsu Ah Nandigama,Andhra Pradesh,NTR,NANDIGAM,14.661163,77.59596,Government
280936,Bsu Chc Kankipadu,Andhra Pradesh,Krishna,KANKIPADU,16.176822,80.594784,Government
280937,Area Hospital Blood Cente Nuzvid,Andhra Pradesh,Eluru,Nuzvid,15.703127,79.380018,Government
280934,Bsu Ah Chilakaluripeta,Andhra Pradesh,Palnadu,CHILAKALURIPET,16.230128,80.039072,Government
280932,Area Hospital Blood Centre Bapatla,Andhra Pradesh,Bapatla,BAPATLA,16.229525,80.457385,Government
280931,Bsu Chc Vinukonda,Andhra Pradesh,Palnadu,VINUKONDA,16.219857,80.04442,Government
280929,Area Hospital Blood Centre Ramachandrapuram,Andhra Pradesh,Dr. B. R. Ambedkar Konaseema,RAMACHANDRAPURAM,17.765327,83.427117,Government
280928,Bsu Chc Prathipadu,Andhra Pradesh,Kakinada,PRATHIPADU,7.335151,38.806889,Government
280926,Bsu Chc Kothapet,Andhra Pradesh,Dr. B. R. Ambedkar Konaseema,KOTHAPET,17.782784,83.383016,Government
280923,Bsu Ah Srikalahasti,Andhra Pradesh,Tirupati,SRIKALAHASTHI,13.650588,79.359874,Government
280924,Bsu Ah Pileru,Andhra Pradesh,Annamayya,PILER,14.831654,79.856633,Government
280921,Area Hospital Blood Centre Kuppam,Andhra Pradesh,Chittoor,KUPPAM,15.532255,81.23461,Government
280920,Bsu Chc Gooty,Andhra Pradesh,Ananthapuramu,GOOTY,14.670735,77.621095,Government
284165,Suraksha Voluntary Blood Centre (Shabari Seva Samiti),Andhra Pradesh,Y.S.R.,proddutur,14.712735,78.044078,Charitable
285056,Bsu Ircs Bapatla,Andhra Pradesh,Bapatla,Bapatla,16.2638,80.428088,Trust
285057,Bsu Chc Ranastalam,Andhra Pradesh,Srikakulam,Ranastalam,17.646576,83.048897,Government
285058,Bsu Chc Munchingput,Andhra Pradesh,Alluri Sitharama Raju,Munchingput,16.548846,80.645538,Government
280916,Government General Hospital Blood Centre Adoni,Andhra Pradesh,Kurnool,Adoni,15.820654,78.038088,Government
280913,Area Hospital Blood Centre Jangareddygudem,Andhra Pradesh,Eluru,Jangareddygudem,15.696615,79.421174,Government
284038,Bsu Chc Nellimarla,Andhra Pradesh,Vizianagaram,Vizianagaram,18.087804,83.407726,Government
284399,Sahasra Blood Centre,Andhra Pradesh,Dr. B. R. Ambedkar Konaseema,Amalapuram,17.83019,83.383575,Private
280901,Area Hospital Blood Centre Rampachodavaram,Andhra Pradesh,Polavaram,Rampachodavaram,16.3,80.411737,Government
280902,Community Health Centre Blood Centre Razole,Andhra Pradesh,Dr. B. R. Ambedkar Konaseema,Razole,17.820179,83.373423,Government
284023,Sri Yuvasena Blood Center,Andhra Pradesh,Kakinada,Kakinada,7.34256,38.767278,Charitable
284020,Udayananda Hospital Blood Centre,Andhra Pradesh,Nandyal,Nandyal,14.668633,79.139776,Private
281707,Bsu Ah Cheepurupalli,Andhra Pradesh,Vizianagaram,CHEEPURPALLI,18.116076,83.362783,Government
281704,Bsu Ah S. Kota,Andhra Pradesh,Vizianagaram,S.KOTA,18.072334,83.399468,Government
284099,Pranadatha Blood Centre,Andhra Pradesh,Srikakulam,Palasa,17.596551,83.038521,Private
284097,Sri Abhaya Blood Center,Andhra Pradesh,Kakinada,Kakinada,7.395526,38.820183,Private
283808,Smt. Mattey Nagamani And Adinarayana Memorial Rotary Blood Center,Andhra Pradesh,Kakinada,Peddapuram,7.361837,38.801618,Charitable
281506,Bsu Ah Yemmiganuru,Andhra Pradesh,Kurnool,YEMMIGANURU,15.803729,78.027734,Government
283802,Sanjeevani Voluntary Blood Centre Gajuwaka,Andhra Pradesh,Visakhapatnam,Gajuwaka,17.71633,83.247482,Charitable
281502,Bsu Chc Pattikonda,Andhra Pradesh,Kurnool,PATTIKONDA,15.843811,77.987359,Government
281745,Bsu Chc Kurupam,Andhra Pradesh,Parvathipuram Manyam,KURUPAM,16.250354,80.410286,Government
281742,Bsu Chc Bobbili,Andhra Pradesh,Vizianagaram,bobbili,18.125579,83.369984,Government
281738,Bsu Ah Saluru,Andhra Pradesh,Parvathipuram Manyam,SALURU,16.280637,80.406134,Government
282825,Bsu Chc Buttaigudem,Andhra Pradesh,Eluru,Buttaigudem,15.703847,79.397337,Government
282824,Bsu Rdt Kalyandurgam Private,Andhra Pradesh,Ananthapuramu,Kalyandurg,14.661532,77.613295,Private
282823,Bsu Chc Sompeta,Andhra Pradesh,Srikakulam,Srkakulam (Rural),17.602783,83.044578,Government
282821,Bsu Chc Budithi,Andhra Pradesh,Srikakulam,Srkakulam(Rural),17.617567,83.066746,Government
280763,Kims Hospital Blood Centre,Andhra Pradesh,Prakasam,ONGOLE,15.173272,78.361198,Private
282820,District Hospital Blood Centre Atmakur Nellore,Andhra Pradesh,Sri Potti Sriramulu Nellore,Nellore,14.690071,78.793473,Government
282819,Bsu Chc Avanigadda,Andhra Pradesh,Krishna,Avvanigadda,16.192962,80.610266,Government
281604,Bsu Chc Venkatagiri.,Andhra Pradesh,Tirupati,VENKATAGIRI,13.66335,79.321512,Government
281719,Bsu Chc Bhogapuram,Andhra Pradesh,Vizianagaram,BHOGAPURAM,18.122542,83.381658,Government
280626,Apollo Hospital Chinagadhili,Andhra Pradesh,Visakhapatnam,Chinagadhili,17.704626,83.253883,Private
281715,Bsu Ah Gajapathinagaram,Andhra Pradesh,Vizianagaram,GAJAPATHINAGARAM,18.082344,83.372996,Government
280747,Nvn Blood Bank,Andhra Pradesh,Vizianagaram,VIZIANAGARAM,18.140442,83.427161,Charitable
280623,Apollo Speciality Hospitals Nellore,Andhra Pradesh,Sri Potti Sriramulu Nellore,Nellore,14.721855,78.814714,Private
281710,Bsu Mch Vizianagaram,Andhra Pradesh,Vizianagaram,MCH VZM,18.0565,83.403915,Government
2909,Indian Red Cross Society Blood Centre Vijayawada,Andhra Pradesh,NTR,Vijayawada,14.681888,77.600591,Trust
282639,Sunrise Voluntary Blood Centre,Andhra Pradesh,Eluru,Jangareddygudem,15.721285,79.394377,Charitable
281308,Bsu Ah Tadipatri,Andhra Pradesh,Ananthapuramu,TADIPATRI,14.675753,77.639069,Government
284939,Kalam Blood Centre,Andhra Pradesh,Visakhapatnam,Visakhapatnam,17.745191,83.265621,Private
281309,BSU Chc Kalyandurg,Andhra Pradesh,Ananthapuramu,KALYANADURG,14.717051,77.601826,Government
2900,"Palakol Voluntary Blood Centre, (A Division Of Palakol Charitable Trust)",Andhra Pradesh,West Godavari,Palakol,16.516824,81.534712,Charitable
282637,Dr. Narni Ratnalaya Kumari Voluntary Blood Centre,Andhra Pradesh,West Godavari,Tadepalligudem,16.498553,81.49778,Charitable
281306,Area Hospital Blood Centre Guntakal,Andhra Pradesh,Ananthapuramu,GUNTAKAL,14.689901,77.593072,Government
283968,Aayush Hospitals Blood Bank,Andhra Pradesh,NTR,Vijayawada,14.703635,77.560474,Private
281307,Bsu Ah Dharmavaram,Andhra Pradesh,Sri Sathya Sai,DHARMAVARAM,16.520673,80.798659,Government
283726,Ntr Memorial Trust Blood Center Tirupati,Andhra Pradesh,Tirupati,Tirupati,0.0,0.0,Charitable
282635,First Blood Centre,Andhra Pradesh,Visakhapatnam,Visakhapatnam,17.688481,83.257517,Charitable
282636,Vijaya Blood Centre Nandyal,Andhra Pradesh,Nandyal,Nandyal,14.688669,79.153597,Private
280458,Pinnacle Hospital Blood centre,Andhra Pradesh,Visakhapatnam,Visakhapatnam,17.714815,83.254337,Private
283845,Gopi Charitable Blood Centre,Andhra Pradesh,Kurnool,ADONI,15.824341,78.064672,Charitable
282633,Life Share Blood Centre Visakhapatnam,Andhra Pradesh,Visakhapatnam,Visakhapatnam,17.745832,83.291751,Private
282634,KIMS ICON Blood Centre,Andhra Pradesh,Visakhapatnam,Gajuwaka,17.684142,83.30659,Private
281545,District Hospital Blood Centre Tekkali,Andhra Pradesh,Srikakulam,TEKKALI,17.610478,83.050983,Government
283601,Rakshana Blood Bank,Andhra Pradesh,Tirupati,Tirupati,16.51343,80.632861,Charitable
282631,New Srikakulam Blood Centre,Andhra Pradesh,Srikakulam,Srikakulam,17.624812,83.103242,Private
283963,Doctors Blood Bank,Andhra Pradesh,NTR,Vijayawada,14.672891,77.622304,Private
283962,Andhra Hospital Blood Bank,Andhra Pradesh,NTR,Vijayawada,14.704135,77.63701,Private
282632,Lions Blood Centre,Andhra Pradesh,Srikakulam,Srikakulam,16.506174,80.648015,Charitable
281661,BSU CHC K Kotapadu,Andhra Pradesh,Anakapalli,KOTAPADU,16.252399,80.436231,Government
282630,Nova Blood Centre,Andhra Pradesh,Sri Potti Sriramulu Nellore,Nellore,14.664376,78.737491,Charitable
281541,Bsu Chc Pathapatnam,Andhra Pradesh,Srikakulam,PATHAPATNAM,17.566386,83.105814,Government
2907,Rotary Blood Centre (Rotary Club Golden Jubilee Charitable Trust),Andhra Pradesh,Kakinada,Kakinada,0.0,0.0,Charitable
2906,Government General Hospital Blood Centre Kadapa,Andhra Pradesh,Y.S.R.,Kadapa,14.671459,77.596684,Government
2904,Government General Hospital Blood Centre Srikakulam,Andhra Pradesh,Srikakulam,Srikakulam,16.955537,82.22748,Government
2903,Rr Blood Centre,Andhra Pradesh,Kurnool,Kurnool,15.807168,78.032928,Private
285085,Bsu Chc Akividu,Andhra Pradesh,West Godavari,Akividu,16.532358,81.532767,Government
2901,PES Institute of Medical Sciences and Research Blood Centre,Andhra Pradesh,Chittoor,KUPPAM,17.784938,83.374975,Private
282628,New City Blood Centre,Andhra Pradesh,NTR,Vijayawada,14.70536,77.615934,Charitable
282626,Rainbow Blood Centre Guntur,Andhra Pradesh,Guntur,Guntur,16.247616,80.350804,Charitable
281537,Area Hospital Blood Centre Palakonda,Andhra Pradesh,Parvathipuram Manyam,PALAKONDA,16.246326,80.414321,Government
284926,Vasundhara Blood Centre,Andhra Pradesh,Eluru,Eluru,15.682281,79.36392,Charitable
2910,New Life Blood Centre Vizianagaram,Andhra Pradesh,Vizianagaram,Vizianagaram,18.100796,83.424122,Charitable
282624,Palnadu Blood Centre,Andhra Pradesh,Palnadu,Narasaraopet,16.221885,80.042992,Charitable
281656,Area Hospital Blood Centre Narsipatnam,Andhra Pradesh,Anakapalli,Narsipatnam,16.24743,80.456456,Government
281536,Bsu Ah Yerragondapalem,Andhra Pradesh,Prakasam,YERRAGONDAPALEM,15.192524,78.426338,Government
282622,Aapadbandhu Blood Center Guntur,Andhra Pradesh,Guntur,Guntur,16.263394,80.35265,Charitable
283954,Akshaya Blood Centre Kurnool,Andhra Pradesh,Kurnool,Kurnool,15.828207,78.004534,Private
282620,Chaitanya Blood Centre Ananthapur,Andhra Pradesh,Ananthapuramu,Anantapur,14.660213,77.585616,Charitable
281773,Bsu Chc Badvel,Andhra Pradesh,Y.S.R.,BADVEL,14.694371,78.091333,Government
281774,Bsu Chc Mydukur,Andhra Pradesh,Y.S.R.,MYDUKUR,14.700127,78.105607,Government
2919,Sri Buddala Narasimhamurty Blood Centre,Andhra Pradesh,West Godavari,West Godavari,16.414033,80.647085,Private
281771,Bsu Ah Rayachoti,Andhra Pradesh,Annamayya,RAYACHOTI,14.860894,79.850684,Government
281772,Bsu Ah Rajampet,Andhra Pradesh,Annamayya,RAJAMPET,14.849696,79.91509,Government
281530,Bsu Mch Ongole,Andhra Pradesh,Prakasam,MCH ONGOLE,15.186652,78.470087,Government
281770,Bsu Ah Jammalamadugu,Andhra Pradesh,Y.S.R.,JAMMALAMADUGU,14.744102,78.037775,Government
2914,Seven Hills Hospitals Blood Centre,Andhra Pradesh,Visakhapatnam,Visakhapatnam,17.71737,83.309268,Private
2913,Santhiram Medical College And General Hospital Blood Centre,Andhra Pradesh,Nandyal,Nandhyal,16.413675,80.555675,Private
285097,Bsu Chc Shaik Raja,Andhra Pradesh,NTR,Vijayawada,14.704539,77.601099,Government
280437,Gayatri Vidya Parishad Institute Of Health Care And Medical Technology,Andhra Pradesh,Visakhapatnam,MADHURAWADA,17.689433,83.211615,Charitable
2922,Sri Satya Sai Institute Of Higher Medical Sciences Blood Centre,Andhra Pradesh,Sri Sathya Sai,Puttaparthi,18.312884,83.887717,Charitable
281768,Bsu Chc Bhimadolu,Andhra Pradesh,Eluru,BHIMADOLE,15.695676,79.360323,Government
2801,Area Hospital Blood Centre Gudur,Andhra Pradesh,Sri Potti Sriramulu Nellore,Gudur,14.680676,78.803042,Government
281769,Bsu Chc Penugonda,Andhra Pradesh,West Godavari,PENUGONDA,16.55748,81.49745,Government
281524,Area Hospital Blood Centre Kandukur,Andhra Pradesh,Prakasam,KANDUKURU,15.242165,78.442879,Government
281766,Bsu Ah Bhimavaram,Andhra Pradesh,West Godavari,BHIMAVARAM,16.541992,81.525512,Government
281521,Bsu Chc Kanigiri,Andhra Pradesh,Prakasam,KANIGIRI,15.211912,78.41766,Government
283940,New Life Blood Centre Visakhapatnam,Andhra Pradesh,Visakhapatnam,Viskhapatnam,17.684683,83.30693,Private
281640,Bsu Chc Naidupeta,Andhra Pradesh,Tirupati,Naidupeta,13.643585,79.387377,Government
2808,Area Hospital Blood Centre Kavali,Andhra Pradesh,Sri Potti Sriramulu Nellore,Nellore,14.667258,78.797774,Government
2929,Model blood centre,Andhra Pradesh,Tirupati,Tirupati,13.606945,79.35785,Government
2807,Government General Hospital Blood Centre Pulivendula,Andhra Pradesh,Y.S.R.,PULIVENDULA,16.513339,80.618989,Government
2806,District Hospital Blood Centre Proddatur,Andhra Pradesh,Y.S.R.,Proddutur,14.741621,78.550959,Government
2927,St. JosephS General Hospital Blood Centre,Andhra Pradesh,Guntur,Guntur,16.297514,80.440648,Private
2804,Anil Neerukunda Hospital Blood Centre,Andhra Pradesh,Visakhapatnam,Visakhapatnam,17.97256,83.432338,Private
2924,Sri Venkateswara Institute Of Medical Sciences Blood Centre,Andhra Pradesh,Tirupati,Tirupati,13.637934,79.403917,Government
2803,Alluri Sita Rama Raju Acadamy Of Medical Sciences Blood Centre,Andhra Pradesh,Eluru,Eluru,16.737395,81.146494,Charitable
2923,Sri Venkata Sai Charitable Trust Blood Centre,Andhra Pradesh,Tirupati,Tirupati,13.642514,79.428776,Charitable
2802,A.S.N. Raju Charitable Trust Blood Centre,Andhra Pradesh,West Godavari,Bhimavaram,16.54391,81.516237,Charitable
281759,Bsu Ah Palakollu,Andhra Pradesh,West Godavari,PALAKOL,16.517455,81.725342,Government
281517,Bsu Chc Darsi,Andhra Pradesh,Prakasam,DARASI,15.191003,78.430753,Government
281518,Bsu Chc Marturu,Andhra Pradesh,Bapatla,Marturu,16.240984,80.448526,Government
2811,District Hospital Blood Centre Anakapalli,Andhra Pradesh,Anakapalli,Anakapalli,16.298217,80.447265,Government
283814,Madanapalli Voluntary Blood Centre,Andhra Pradesh,Annamayya,Madanapalli,13.217176,79.100329,Charitable
2932,Uddaraju Anandaraju Foundation Blood Centre,Andhra Pradesh,West Godavari,Bhimavaram,16.543064,81.515731,Charitable
281516,Bsu Ah Giddaluru,Andhra Pradesh,Prakasam,Giddaluru,15.250555,78.434705,Government
2931,Blood Centre Central Hospital Ttd Tirupati,Andhra Pradesh,Tirupati,Tirupati,13.642148,79.421067,Charitable
281755,Bsu Chc Kovvuru,Andhra Pradesh,East Godavari,KOVVUR,16.970967,81.78955,Government
2810,District Hospital Blood Center Tenali,Andhra Pradesh,Guntur,Tenali,16.244894,80.368793,Government
2930,GSL Trust Blood Centre,Andhra Pradesh,East Godavari,Rajahmundry,16.909364,81.798472,Charitable
281752,Bsu Ah Chintalapudi,Andhra Pradesh,Eluru,CHINTALAPUDI,15.679389,79.358819,Government
2817,Aswini Hospital Blood Centre,Andhra Pradesh,Tirupati,Tirumala,13.677292,79.3487,Private
2938,Viswa Bharathi Super Speciality Hospital Blood Centre,Andhra Pradesh,Kurnool,Kurnool,0.0,0.0,Private
2937,Viswa Bharathi General Hospital Blood Centre,Andhra Pradesh,Kurnool,Kurnool,0.0,0.0,Private
2815,As Raja Voluntary Blood Centre,Andhra Pradesh,Visakhapatnam,Visakhapatnam,17.720274,83.313048,Charitable
2935,Visakha Steel General Hospital Blood Centre,Andhra Pradesh,Visakhapatnam,Visakhapatnam,17.662908,83.144127,Private
2934,Vijayasri Blood Centre Rajahmundry,Andhra Pradesh,East Godavari,Rajahmundry,16.924593,81.788664,Charitable
284736,Medipulse Blood Centre Gudur,Andhra Pradesh,Sri Potti Sriramulu Nellore,Guduru,14.695542,78.789071,Charitable
283889,Dr. Ysr-Jakkampudi Rammohan Rao Blood Centre,Andhra Pradesh,East Godavari,RAJAHMUNDRY,16.974768,81.767499,Charitable
281588,Bsu Chc Sullurpet,Andhra Pradesh,Tirupati,SULLURIPETA,13.664474,79.376956,Government
284735,Indian Red Cross Society Blood Centre Bhimavaram,Andhra Pradesh,West Godavari,Bhimavaram,14.681888,77.600591,Trust
284734,Indian Red Cross Society Blood Centre Narasaraopeta,Andhra Pradesh,Palnadu,Narasaraopeta,16.235919,80.048412,Trust
284733,Anna Gowri Medical College And Hospital Blood Centre,Andhra Pradesh,Tirupati,Puttur,13.666029,79.387266,Private
281344,Bsu Chc Koilakuntla,Andhra Pradesh,Nandyal,KOILKUNTLA,14.672782,79.085357,Government
284732,Ntr Memorial Trust Blood Centre Rajamahendravaram,Andhra Pradesh,East Godavari,Rajamahendravaram,16.949354,81.748693,Charitable
283520,Care Blood Centre,Andhra Pradesh,Kurnool,Kurnool,16.349045,81.049715,Private
2829,District Hospital Blood Centre Chittoor,Andhra Pradesh,Chittoor,Chittoor,15.510087,81.24638,Government
2828,Government General Hospital Blood Centre Machilipatnam,Andhra Pradesh,Krishna,Machilipatnam,16.513339,80.618989,Government
281462,Bsu Ah Dhone,Andhra Pradesh,Nandyal,Dhone,14.705172,79.064514,Government
2825,Chaitanya Blood Centre Vijayawada,Andhra Pradesh,NTR,Vijayawada,14.644396,77.59683,Private
2824,Boga Parvathamma Memorial Donation Service Organisation,Andhra Pradesh,Y.S.R.,Kadapa,14.721688,78.034347,Private
28108,Rotary Blood Bank Visakhapatnam,Andhra Pradesh,Visakhapatnam,Visakhapatnam,17.71397,83.22345,Charitable
28105,SIDDARTHA VOLUNTARY BLOOD BANK,Andhra Pradesh,Kakinada,Kakinada,7.374457,38.774199,Charitable
28106,Dhanwantani Voluntary Blood Bank,Andhra Pradesh,East Godavari,Rajahmundry,17.00787,81.785213,Charitable
28109,NAVYA BLOOD BANK Prakasam,Andhra Pradesh,Prakasam,Venkata Ramana Nursing Home Private Limited,15.173393,78.465311,Private
2834,Acsr Government General Hospital Blood Centre Nellore,Andhra Pradesh,Sri Potti Sriramulu Nellore,Nellore,17.354937,82.541241,Government
283516,Ramesh Hospital Blood Center Vijayawada,Andhra Pradesh,NTR,Vijayawada,14.702611,77.616528,Private
284605,District Hospital Blood CentreTanuku,Andhra Pradesh,West Godavari,Tanuku,16.515801,81.505907,Government
2831,"Government General Hospital Blood Centre, Rajahmundry",Andhra Pradesh,East Godavari,Rajamundry,16.955537,82.22748,Government
281338,Bsu Chc Jaggaiahpet,Andhra Pradesh,NTR,JAGGAIAHPET,14.686628,77.591342,Government
283515,Seva Blood Centre,Andhra Pradesh,Ananthapuramu,TADIPATRI,14.699197,77.544884,Private
281577,Bsu Ah Narsannapeta,Andhra Pradesh,Srikakulam,Narasannapeta,17.624048,83.084732,Government
284966,P J Blood Centre,Andhra Pradesh,Srikakulam,Srikakulam,17.584589,83.072265,Charitable
281336,Bsu Oggh Vijayawada,Andhra Pradesh,NTR,VIJAYAWADA,14.636749,77.562154,Government
28104,"Government Blood Bank, GGH, Kakinada",Andhra Pradesh,Kakinada,Kakinada,7.324924,38.779975,Government
281696,Bsu Ah Aganampudi,Andhra Pradesh,Visakhapatnam,AGANAMPUDI,17.765197,83.246473,Government
284964,A.P. Voluntary Blood Centre,Andhra Pradesh,Krishna,Gudivada,16.199254,80.607658,Charitable
284963,Yenduri Raghava Nageswarara Rao Blood Centre,Andhra Pradesh,Dr. B. R. Ambedkar Konaseema,Amalapauram,17.793221,83.40787,Charitable
281573,Bsu Chc Kaviti,Andhra Pradesh,Srikakulam,KAVITI,17.615741,83.06071,Government
283873,Ramesh Hospitals Blood Centre Guntur,Andhra Pradesh,Guntur,Guntur,16.294718,80.3857,Private
281332,Bsu Chc Tiruvuru,Andhra Pradesh,NTR,TIRUVURU,14.699592,77.590951,Government
283750,Amma Blood Centre,Andhra Pradesh,Visakhapatnam,Visakhapatnam,17.733611,83.318645,Charitable
2837,Good Samaritan Blood Centre,Andhra Pradesh,Eluru,ELURU,18.179738,83.39551,Private
281691,"Government General Hospital Blood Centre, Paderu",Andhra Pradesh,Alluri Sitharama Raju,PADERU,16.513339,80.618989,Government
2836,Gmr Varalakhsmi Care Hospital Blood Centre,Andhra Pradesh,Vizianagaram,RAJAM,18.461272,83.658352,Private
2835,Fathima Institute Of Medical Sciences Blood Centre,Andhra Pradesh,Y.S.R.,Kadapa,0.0,0.0,Private
281328,Bsu Chc Kaikaluru,Andhra Pradesh,Eluru,KAIKALURU,15.7163,79.401381,Government
2845,Government General Hospital Blood Centre Eluru,Andhra Pradesh,Eluru,Eluru,14.671459,77.596684,Government
283869,Chatrapathi Shivaji Voluntary Blood Centre,Andhra Pradesh,Visakhapatnam,VISAKHAPATNAM,17.723875,83.261473,Charitable
2843,Government Blood Centre,Andhra Pradesh,Guntur,Guntur,16.587432,82.008431,Government
2842,Government General Hospital Blood Centre Anantapur,Andhra Pradesh,Ananthapuramu,Anantapur,14.671459,77.596684,Government
283867,Aapadbandhu Blood Centre Chirala,Andhra Pradesh,Bapatla,Chirala,16.269941,80.435268,Charitable
2841,Government General Hospital Blood Centre Nandyal,Andhra Pradesh,Nandyal,Nandyal,14.671459,77.596684,Government
283503,Gopi Charitable Blood Center,Andhra Pradesh,Ananthapuramu,Guntakal,14.665561,77.614796,Charitable
282656,New Life Blood Centre Kurnool,Andhra Pradesh,Kurnool,Kurnool,15.830395,78.04421,Private
281322,Bsu Chc Macherla,Andhra Pradesh,Palnadu,MACHERLA,16.253264,80.033354,Government
281323,Bsu Ah Sattenapalli,Andhra Pradesh,Palnadu,SATTENAPALLI,16.222996,80.071928,Government
281565,Bsu Ah Rajam,Andhra Pradesh,Vizianagaram,Rajam,18.10469,83.388366,Government
283863,Rainbow Blood Centre Vijayawada,Andhra Pradesh,NTR,vijayawada,14.690232,77.616142,Charitable
281320,Bsu Chc Addatheegala,Andhra Pradesh,Polavaram,ADDATHEEGALA,16.26261,80.430786,Government
281681,AH Araku Valley,Andhra Pradesh,Alluri Sitharama Raju,Araku Valley,16.533084,80.624023,Government
2848,Area Hospital Blood Bank Tuni,Andhra Pradesh,Kakinada,Tuni,7.324756,38.86165,Government
2847,"Government Victoria Hospital For Women And Children Blood Centre, Visakhapatnam",Andhra Pradesh,Visakhapatnam,Visakhapatnam,17.681807,83.263462,Government
2846,"Government Maternity Hospital Blood Centre, Tirupati",Andhra Pradesh,Tirupati,Tirupati,13.6615,79.377363,Government
281319,Bsu Chc Yeleswaram,Andhra Pradesh,Kakinada,YELESWARAM,7.289465,38.812004,Government
281317,Bsu Chc Putturu,Andhra Pradesh,Tirupati,PUTTURU,13.676468,79.367077,Government
284705,Visakha Institute Of Medical Science Blood Centre,Andhra Pradesh,Visakhapatnam,Visakhapatnam,13.637934,79.403917,Government
281318,Bsu Chc Pithapuram,Andhra Pradesh,Kakinada,PITHAPURAM,7.325865,38.762241,Government
281315,Bsu Chc Venkatagiri Kota,Andhra Pradesh,Chittoor,Venkatagrir Kota,15.502617,81.254068,Government
282646,Deepu Blood Centre Ananthapur,Andhra Pradesh,Ananthapuramu,Anantapur,14.729552,77.625111,Private
284704,Bsu Chc Achanta,Andhra Pradesh,West Godavari,Achanta,16.502232,81.497871,Government
283736,New Vision Blood Centre,Andhra Pradesh,Prakasam,Ongole,15.152276,78.433889,Private
284703,Bsu Chc Bheemunipatnam,Andhra Pradesh,Visakhapatnam,Bheemunipatnam,17.73139,83.215508,Government
281316,Bsu Ah Palamaneru,Andhra Pradesh,Chittoor,PALAMANERU,15.528678,81.253728,Government
281313,Bsu Ah Nagari,Andhra Pradesh,Chittoor,Nagari,15.498694,81.220834,Government
284702,Bsu Chc Pendurthi,Andhra Pradesh,Visakhapatnam,Pendurthi,17.767241,83.280518,Government
2851,Gsl Medical College And General Hospital Blood Centre,Andhra Pradesh,East Godavari,Rajhamundry,16.413675,80.555675,Private
282645,District Hospital Blood Centre Hindupur,Andhra Pradesh,Sri Sathya Sai,Hindupur,16.524987,80.724453,Government
281314,Bsu Ah Punganur,Andhra Pradesh,Chittoor,PUNGANUR,15.494974,81.202878,Government
284701,Bsu Chc Satyavedu,Andhra Pradesh,Tirupati,Satyavedu,13.702766,79.403493,Government
2850,Gems Hospital Blood Bank,Andhra Pradesh,Srikakulam,Srikakulam,18.289087,83.9056,Private
281311,Bsu Chc Penukonda,Andhra Pradesh,Sri Sathya Sai,PENUKONDA,16.476288,80.756084,Government
284700,Bsu Chc Haripuram,Andhra Pradesh,Srikakulam,Haripuram,17.617163,83.048709,Government
281312,Bsu Ah Rayadurgam,Andhra Pradesh,Ananthapuramu,RAYADURGAM,14.673508,77.654051,Government
281675,Bsu Ah Chintapalli,Andhra Pradesh,Alluri Sitharama Raju,CHINTAPALLI,16.538986,80.6283,Government
282640,Jangareddygudem Blood Centre,Andhra Pradesh,Eluru,Jangareddygudem,15.706724,79.352631,Charitable
281552,Bsu Chc Palasa,Andhra Pradesh,Srikakulam,Palasa,17.630762,83.045357,Government
281310,Bsu Ah Madakasira,Andhra Pradesh,Sri Sathya Sai,MADAKASIRA,16.471727,80.713408,Government
2859,Area Hospital Blood Centre Narasaraopeta,Andhra Pradesh,Palnadu,Narasaraopet-1,16.22427,80.047841,Government
2858,Government General Hospital Blood Centre Markapuram,Andhra Pradesh,Markapuram,Markapur,16.513339,80.618989,Government
2867,Indian Red Cross Society Blood Centre Nellore,Andhra Pradesh,Sri Potti Sriramulu Nellore,Nellore,14.681888,77.600591,Trust
284414,Medicover Blood Centre,Andhra Pradesh,Visakhapatnam,Visakhapatnam,17.67059,83.312491,Private
283444,Area Hospital Blood Centre Amalapuram,Andhra Pradesh,Dr. B. R. Ambedkar Konaseema,Amalapuram,17.80227,83.389535,Government
283563,Needs Tenali Blood Bank,Andhra Pradesh,Guntur,Guntur,16.285933,80.397346,Private
283320,Bobbili Blood Centre,Andhra Pradesh,Vizianagaram,Bobbili,18.113283,83.34085,Charitable
2869,District Hospital Blood Center Parvathipuram Manyam,Andhra Pradesh,Parvathipuram Manyam,Parvathipuram manyam,16.238025,80.477211,Government
2881,Konaseema Institute Of Medical Sciences And Research Foundation Hospital Blood Centre,Andhra Pradesh,Dr. B. R. Ambedkar Konaseema,Amalapuram,17.784938,83.374975,Private
2880,The King George Hospital Blood Centre Visakhapatnam,Andhra Pradesh,Visakhapatnam,Visakhapatnam,17.689387,83.224769,Government
2877,Indian Red Cross Society Blood Centre Kavalii,Andhra Pradesh,Sri Potti Sriramulu Nellore,Kavali,14.681888,77.600591,Trust
284768,Bsu Chc Sidhout,Andhra Pradesh,Y.S.R.,Sidhout,14.729283,78.109705,Government
284404,Navajeevan Blood Centre,Andhra Pradesh,Kakinada,kakinada,7.386935,38.736623,Charitable
284767,Bsu Chc Gopalapatnam,Andhra Pradesh,Visakhapatnam,Gopalapatnam,17.704786,83.286727,Government
2872,Area Hospital Blood Centre Kadiri,Andhra Pradesh,Sri Sathya Sai,Kadiri,16.452892,80.738141,Government
2871,Indian Red Cross Society Blood Centre Kakinada,Andhra Pradesh,Kakinada,kakinada,14.681888,77.600591,Trust
281496,Bsu Chc Nandikodkur,Andhra Pradesh,Nandyal,NANDIKOTKUR,14.607451,79.103023,Government
283794,Rural Development Trust Hospital Blood Bank,Andhra Pradesh,Sri Sathya Sai,BATHALAPALLI,14.652907,77.618826,Private
284760,Bsu Chc Chimakurthy,Andhra Pradesh,Prakasam,Chimakurthy,15.238207,78.446351,Government
281493,Bsu Chc Kodumuru,Andhra Pradesh,Kurnool,KODUMUR,15.829868,78.019152,Government
2879,Katuri Medical College And Hospital Blood Centre,Andhra Pradesh,Guntur,Guntur,16.227872,80.30947,Private
2892,Narayana Medical College And Hospital Blood Centre,Andhra Pradesh,Sri Potti Sriramulu Nellore,Nellore,14.442599,79.986456,Private
2891,Nagarjuna Hospital Blood Centre,Andhra Pradesh,Krishna,Vijayawada,0.0,0.0,Private
2889,Manipal Hospital Blood Centre,Andhra Pradesh,Guntur,Guntur,16.249267,80.334239,Private
2887,M/S. Gitam Institute Of Medical Sciences Blood Centre,Andhra Pradesh,Visakhapatnam,Visakhapatnam,17.784938,83.374975,Private
284758,Bsu Chc Challapalli,Andhra Pradesh,Krishna,Gudivada,16.169218,80.619962,Government
284879,Mana Aapadbandhu Blood Centre,Andhra Pradesh,Markapuram,Markapuram,16.52649,80.633328,Charitable
2885,Lions Club Of Gunturvision Blood Centre,Andhra Pradesh,Guntur,Kothapet,0.0,0.0,Private
283789,Buddala Nagaratnam Memorial Voluntary Blood Bank,Andhra Pradesh,Dr. B. R. Ambedkar Konaseema,Amalapuram,17.796371,83.406825,Charitable
2884,Lions Club Of Visakhapatnam Blood Centre Trust,Andhra Pradesh,Visakhapatnam,Visakhapatnam,17.719063,83.311286,Private
281486,Bsu Chc Alur,Andhra Pradesh,Kurnool,ALUR,15.838815,78.070085,Government
283783,Cpt Blood Centre,Andhra Pradesh,Palnadu,chilkalurip,16.148737,80.098897,Private
283782,Mother Blood Centre Visakhapatnam,Andhra Pradesh,Visakhapatnam,Visakhapatnam,17.712236,83.277505,Private
2897,Ntr Memorial Trust Blood Centre Visakhapatnam,Andhra Pradesh,Visakhapatnam,VISAKHAPATNAM,17.691575,83.238891,Charitable
2895,"Nri Academy Of Sciences, Nri Medical College And General Hospital Blood Centre",Andhra Pradesh,Guntur,Mangalagiri (M),16.246405,80.331113,Private
2894,"Nimra Institute Of Medical Sciences (Nims), Teaching Hospital And Research Centre",Andhra Pradesh,NTR,Vijayawada,17.784938,83.374975,Private
281477,Bsu Chc Allagadda,Andhra Pradesh,Nandyal,ALLAGADDA,14.640715,79.063362,Government
2893,Needs Blood Centre (A Unit Of Needs Society),Andhra Pradesh,Guntur,Kothapet,16.274461,80.368916,Private
281595,Bsu Chc Udayagiri,Andhra Pradesh,Sri Potti Sriramulu Nellore,UDAYAGIRI,14.666366,78.769764,Government
281474,Bsu Ah Banaganapalli,Andhra Pradesh,Nandyal,BANAGANAPALLI,13.217176,79.100329,Government
283774,Sanjeevani Voluntary Blood Centre Rajamahendravaram,Andhra Pradesh,East Godavari,Rajamahendravaram 9852673333,16.933917,81.757133,Charitable
283773,Sree Surya Abhayanjaneya Blood Centre,Andhra Pradesh,Anakapalli,Anakapalli,16.313983,80.414718,Charitable
283772,Mother Blood Centre Tuni,Andhra Pradesh,Kakinada,Tuni,7.340962,38.810571,Private
281471,Bsu Chc Atmakur,Andhra Pradesh,Nandyal,ATMAKUR,14.650801,79.106815,Government
3002,Blood Centre Bp General Hospital Pasighat,Arunachal Pradesh,East Siang,Pasighat,28.071544,95.325113,Government
3013,Blood Centre District Hospital Yingkiong,Arunachal Pradesh,Upper Siang,Yingkiong,28.641662,95.025348,Government
3012,"Tadak Dulom District Hospital,Daporijo",Arunachal Pradesh,Upper Subansiri,Daporijo,27.553328,95.524099,Government
3010,Blood Centre Tawang,Arunachal Pradesh,Tawang,Tawang,27.578175,95.49221,Government
3008,Blood Centre Bomdila,Arunachal Pradesh,West Kameng,Bomdila,27.536088,95.51838,Government
284528,Blood Centre District Hospital Longding,Arunachal Pradesh,Longding,Longding,27.559574,96.101627,Government
3007,Blood Centre Changlang,Arunachal Pradesh,Changlang,Changlang,27.139258,95.738757,Government
3006,Blood Centre District Hospital Roing,Arunachal Pradesh,Lower Dibang Valley,Roing,27.559574,96.101627,Government
3005,"Blood Centre, Zonal General Hospital Tezu",Arunachal Pradesh,Lohit,Tezu,27.570499,95.504821,Government
3003,Blood Centre Rkmh,Arunachal Pradesh,Papum Pare,Itanagar,27.578243,95.550055,Charitable
284487,Blood Centre District Hospital Seppa,Arunachal Pradesh,East Kameng,Seppa,0.0,0.0,Government
12102,"Blood Centre, Gyati Takka Zonal General Hospital Ziro",Arunachal Pradesh,Lower Subansiri,Ziro,27.572142,95.494043,Government
12105,Blood Centre Aalo,Arunachal Pradesh,West Siang,Aalo,27.560187,95.527023,Government
12104,Tomo Riba Institute of Health and Medical Science Hospital Naharlagun,Arunachal Pradesh,Papum Pare,Naharlagun,27.595346,95.51567,Government
4051,"Blood Centre, Apollo Hospitals Guwahati",Assam,Kamrup,Guwahati,26.131223,91.742196,Private
4053,Marwari Hospitals Blood Centre,Assam,Kamrup Metro,Guwahati,26.22175,91.738112,Private
285310,Ms Swargadew Siu ka pha Multispeciallity Hospital,Assam,Sivasagar,Rajabari ChahBagicha Demow SibsagarAssam,26.900432,94.621128,Private
4010,Dhubri Civil Hospital Blood Centre,Assam,Dhubri,Dhubri,26.034365,89.963554,Government
285278,State Cancer Institute Blood Centre,Assam,Kamrup,Guwahati,26.165087,91.747674,Private
4055,"Central Hospital Blood Centre, Nf Railway",Assam,Kamrup,Guwahati,26.151872,91.694899,Government
4011,Martyr Nidhanu Ram Rajbongshi Civil Hospital Goalpara Blood Centre,Assam,Goalpara,Golpara,26.154563,90.636156,Government
4056,Blood Centre Haji Abdul Majid Memorial Hospital And Research Centre,Assam,Hojai,Hojai,26.015994,92.868186,Private
4012,S.K.K. C.H. Blood Centre Golaghat,Assam,Golaghat,Golaghat,26.53395,93.745025,Government
4057,North East Blood Centre And Research Centre,Assam,Nagaon,Haibargaon,26.344263,92.680991,Private
4013,Santosh Kumar Roy Civil Hospital Blood Centre,Assam,Hailakandi,HAILAKANDI,24.671769,92.563355,Government
18298,SILCHAR CANCER CENTRE BLOOD CENTRE,Assam,Cachar,Silchar,24.775578,92.794251,Private
18299,TINSUKIA MEDICAL COLLEGE AND HOSPITAL,Assam,Tinsukia,Makum,27.490438,95.363017,Government
4014,State Of The Art Model Blood Centre,Assam,Kamrup Metro,Guwahati,26.159914,91.768498,Government
4050,SahariaS Blood Centre,Assam,Kamrup Metro,Guwahati,26.170954,91.737316,Charitable
283646,Tezpur Medical College And Hospital,Assam,Sonitpur,TEZPUR,26.680968,92.653349,Government
284930,Kokrajhar Medical College And Hospital Blood Center,Assam,Kokrajhar,Kokrajhar,26.417541,90.00715,Government
284258,Blood Centre Dibrugarh Cancer Centre,Assam,Dibrugarh,Dibrugarh,26.169553,91.812744,Private
283565,Lakhimpur Medical College And Hospital Blood Centre,Assam,Lakhimpur,North Lakhimpur,26.219875,92.576086,Government
4005,Mangaldai Civil Hospital Blood Centre,Assam,Darrang,Mangaldoi,26.437551,92.036395,Government
4006,Dhemaji Civil Hospital Blood Centre,Assam,Dhemaji,Khubalia,27.458026,94.574533,Government
283002,Udalguri Civil Hospital,Assam,Udalguri,Udalguri,26.034365,89.963554,Government
4007,State Of The Art Model Blood Centre,Assam,Dibrugarh,Dibrugarh,26.159914,91.768498,Government
283000,S.M.Dev Civil Hospital Silchar,Assam,Cachar,SILCHAR,24.799843,92.772332,Government
4009,Oil India Limited Hospital Blood Bank,Assam,Dibrugarh,Duliajan,27.359192,95.323648,Government
18300,TRANSFUSION MEDICINE AND BLOOD CENTRE AIIMS GHY,Assam,Kamrup,Guwahati,26.173852,91.701676,Government
4063,Catholic Hospital Blood Centre,Assam,Sonitpur,Borgang,26.815339,93.320185,Charitable
4021,Morigaon Civil Hospital,Assam,Morigaon,Morigaon,26.251646,92.354523,Government
4022,B.P. Civil Hospital,Assam,Nagaon,Nagaon,26.344942,92.689464,Government
4066,Greater Jorhat Lions Blood Centre,Assam,Jorhat,Sonali Jayanti Nagar,26.753059,94.185964,Private
4067,Hayat Hospital Blood Centre,Assam,Kamrup,guwahati,26.139171,91.746199,Private
4023,Blood Centre Smk Civil Hospital Nalbari,Assam,Nalbari,Nalbari,26.485178,91.455061,Government
4024,Haflong Civil Hospital Blood Centre,Assam,Dima Hasao,Haflong,25.165653,93.024831,Government
4068,Blood Centre Barpeta Medical College and Hospital,Assam,Barpeta,Barpeta,26.21944,92.553056,Government
4069,"Rahman Hospital Pvt. Ltd., Blood Centre",Assam,Kamrup Metro,GUWAHATI METRO,26.193846,91.772922,Private
4025,Sivsagar Civil Hospital Blood Centre,Assam,Sivasagar,Sivasagar,26.955222,94.611106,Government
283879,Swagat Blood Centre,Assam,Kamrup,Guwahati,26.130599,91.762842,Private
283559,M/S Srimanta Sankardeva Hospital And Research Institute (A Unit Of Basils India Pvt. Ltd.),Assam,Dibrugarh,Dibrugarh,0.0,0.0,Private
282468,Sspdg District Hospital Majuli Blood Centre,Assam,Majuli,Majuli,26.217519,92.574473,Government
283359,Dr. Ravi Boro Civil Hospital Blood Centre,Assam,Baksa,Mushalpur,26.232603,92.591794,Government
284403,Accf Barpeta Blood Centre,Assam,Barpeta,Barpeta,26.213016,92.549852,Private
283357,Swagat Hospital Blood Centre,Assam,Bongaigaon,Bongaigaon,26.496919,90.559161,Private
4059,Nalbari Maternity Hospital Blood Centre,Assam,Nalbari,Nalbari,26.440614,91.43584,Private
4015,Dr. B. Barooah Cancer Institute Blood Centre,Assam,Kamrup Metro,Guwahati,26.165087,91.747674,Government
285091,Ms Guwahati Metro Hospital Pvt Ltd Khanapara,Assam,Kamrup Metro,KAMRUP,26.195784,91.748105,Private
4017,Diphu Medical College And Hospital Blood Centre,Assam,Karbi Anglong,Diphu,25.844281,93.433805,Government
283474,Sonapur District Hospital Blood Bank,Assam,Kamrup Metro,Guwahati,26.206588,91.724692,Government
4018,Karimganj Civil Hospital Blood Centre,Assam,Karimganj,Karimganj,24.867595,92.361806,Government
283473,PEERLESS HOSPITAL GUWAHATI PRIVATE LIMITED,Assam,Kamrup Metro,GUWAHATI,26.157761,91.791656,Private
282460,Blood Centre Biswanath Chariali Civil Hospital,Assam,Bishwanath,Biswanath Chariali,26.227932,92.545183,Government
4019,R.N.B. Civil Hospital Blood Centre,Assam,Kokrajhar,Kokrajhar,26.452881,89.976397,Government
283470,Cachar Cancer Hospital And Research Centre Blood Centre,Assam,Cachar,Silchar,24.808015,92.795242,Charitable
4031,Lower Assam Hospital Blood Centre,Assam,Bongaigaon,Chapaguri,26.492861,90.551479,Private
4075,Gnrc Institute Of Medical Sciences,Assam,Kamrup,North Guwahati,26.202192,91.693312,Private
4032,Barak Blood Centre And Clinical Research Centre,Assam,Cachar,Silchar,24.808015,92.795242,Private
4076,Narayana Hrudayalaya Ltd Blood Centre,Assam,Kamrup Metro,GUWAHATI,26.20775,91.678242,Private
4035,Marwari Arogya Bhawan And Hospital Blood Centre,Assam,Dibrugarh,Jyoti Nagar,26.138149,91.785029,Private
285336,Ms Metro Hospital Research Centre Blood Centre,Assam,Nagaon,KAWAIMARI,26.344263,92.680991,Private
283982,Kgmt Multispecialty Hospital,Assam,Kamrup Metro,Guwahati,26.204736,91.788167,Charitable
4027,Kanaklata Civil Hospital Blood Centre,Assam,Sonitpur,Tezpur,26.628524,92.796499,Government
4028,Tinsukia Civil Hospital Blood Centre,Assam,Tinsukia,Tinsukia,27.498632,95.358861,Government
284552,Referral Hospital Research Centre Chabua,Assam,Dibrugarh,Chabua,26.177471,91.73993,Private
4040,Vivekananda Kendra Nrl Hospital Blood Centre,Assam,Golaghat,Golaghat,26.591371,93.749516,Government
4042,Blood Centre Jorhat Medical College And Hospital,Assam,Jorhat,Jorhat,26.742573,94.195109,Government
4043,5 Air Force Hospital Blood Centre,Assam,Jorhat,Jorhat,0.0,0.0,Government
4044,G.N.R.C Hospital Blod Centre,Assam,Kamrup Metro,Guwahati,26.204242,91.715796,Private
285267,MS DEW CARE HOSPITAL BLOOD CENTRE,Assam,Nagaon,Dhing Road Haibargaon,26.315416,92.642939,Private
4001,Bongaigaon Civil Hospital,Assam,Bongaigaon,Bongaigaon,26.456671,90.560234,Government
4046,Blood Centre Down Town Hospital,Assam,Kamrup,Guwahati,26.136151,91.796833,Private
4002,Silchar Medical College And Hospital Blood Centre,Assam,Cachar,Silchar,24.775578,92.794251,Government
285269,Ms Dew care Hospital LLP Blood Centre,Assam,Darrang,Burigaon Kharupetia Darrang,26.464129,92.05688,Private
285228,Ms District Civil Hospital Hojai Blood Centre,Assam,Hojai,JURAPHUKURI,26.020811,92.869345,Government
282607,Health City Guwahati Blood Centre,Assam,Kamrup,Guwahati,26.150707,91.740108,Private
283858,Dr. Rahul Gupta Memorial Blood Centre,Assam,Cachar,Silchar,24.792876,92.772425,Private
283976,North East Cancer Hospital And Research Institute Blood Centre,Assam,Kamrup Metro,Guwahati,26.344263,92.680991,Private
283974,"Blood Centre, Apollo Excelcare Hospital",Assam,Kamrup Metro,Guwahati,26.198429,91.756855,Private
284741,Blood Centre Nalbari Medical College And Hospital Nalbari,Assam,Nalbari,Nalbari,26.440614,91.43584,Government
4039,Blood Centre Of Solace Hospital And Research Centre (P) Ltd.,Assam,Goalpara,Goalpara,26.164643,90.624877,Private
284262,Apeksha Blood Bank Center,Assam,Dibrugarh,Dibrugarh,26.145759,91.740731,Private
10130,NMCH BLOOD BANK Patna,Bihar,Patna,Patna,-0.016576,-0.030426,Government
10139,"Blood Centre, Bhagwan Mahavir Institute of Medical Sciences Hospital Pawapuri",Bihar,Nalanda,Biharsharif,25.176969,85.506026,Government
10132,"Sadar Hospital, Saharsa",Bihar,Saharsa,Saharsa,25.88715,86.590953,Government
284334,Phular Blood Centre,Bihar,Muzaffarpur,Muzaffarpur,0.014388,0.032543,Private
10131,"Mbb, Jaiprabha Hospital, Patna",Bihar,Patna,Patna,25.60017,85.152281,Government
10134,Blood Bank Sadar Hospital Chhapra,Bihar,Saran,Chhapra,25.781723,84.73066,Government
284332,Sadar Hospital Supaul,Bihar,Supaul,Supaul,25.031772,84.055771,Government
10133,sadar hospital samastipur,Bihar,Samastipur,Samastipur,25.857206,85.778507,Government
10136,Sadar Hospital Sitamarhi,Bihar,Sitamarhi,Sitamarhi,26.596243,85.494747,Government
10138,Sadar Hospital Hajipur,Bihar,Vaishali,Hajipur,25.690268,85.208265,Government
10137,Sadar Hospital Siwan,Bihar,Siwan,Siwan,26.226162,84.361845,Government
5034,Blood Centre Duncan Hospital,Bihar,Purba Champaran,Raxaul,0.0,0.0,Charitable
5036,"Ircs Blood Centre,Motihari",Bihar,Purba Champaran,Motihari,-0.033404,0.004863,Trust
10141,Sadar Hospital Banka,Bihar,Banka,Banka,25.558506,84.670631,Government
5037,"Bharat Blood Centre, Patna",Bihar,Patna,Patna,0.0,0.0,Private
10140,Sadar Hospital Araria,Bihar,Araria,Araria,25.558506,84.670631,Government
283356,Maa Blood Center,Bihar,Patna,Patna,-0.024868,0.011866,Charitable
10143,Sadar Hospital Arwal,Bihar,Arwal,Arwal,25.558506,84.670631,Government
10142,iSadar Hospital Bhagalpur,Bihar,Bhagalpur,Bhagalpur,25.690268,85.208265,Government
283355,Apollo Surgical And Urology Center,Bihar,Nawada,Nawada,0.037206,-0.035486,Private
5028,Vatsalya Blood Centre,Bihar,Patna,Patna,0.0,0.0,Charitable
283354,Dr. Hedgewar Blood Center,Bihar,Darbhanga,Darbhanga,26.151377,85.896704,Private
10145,Jan Nayak Karpuri Thakur Medical College & Hospital Madhepura,Bihar,Madhepura,Madhepura,25.920017,86.812241,Government
10144,Saroja Sita Raman Sadar Hospital Sheohar,Bihar,Sheohar,sheohar,25.02913,83.979445,Government
10147,"Sadar Hospital, Motihari, East Champaran",Bihar,Purba Champaran,Motihari,-0.000624,0.01335,Government
283352,Blood Centre Tapashya Hopewell Hospital,Bihar,Gopalganj,Gopalganj,26.503268,84.417644,Private
283351,Mediversal Blood Centre,Bihar,Patna,Patna,-0.021285,-0.015001,Private
10146,"Sub Divisional Hospital, Benipur Darbhanga",Bihar,Darbhanga,Darbhanga,26.133426,85.898943,Government
284164,Ms Jay Prabha Medanta Blood Centre,Bihar,Patna,patna,-0.046108,-0.0183,Private
10149,Guru Govind Singh Sadar Hospital Patna,Bihar,Patna,Patna,-0.027651,-0.016909,Government
10148,JP Hospital Sadar Hospital Gaya,Bihar,Gaya,Gaya,25.559755,84.667554,Government
283193,Prathama Blood Center Patna,Bihar,Patna,Before Gola road crossing,0.008545,0.006406,Charitable
283191,"M/S City Blood Center Maripur, Muzaffarpur",Bihar,Muzaffarpur,Muzaffarpur,0.01772,0.009078,Private
283190,Rdjm Medical College And Hospital Turki Muzaffarpur,Bihar,Muzaffarpur,Muzaffarpur,0.0,0.0,Private
5047,Blood Centre Hitech Emergency Hospital,Bihar,Patna,Patna,0.0,0.0,Private
5048,Narayana Medical College And Hospital,Bihar,Rohtas,Sasaram,0.0,0.0,Private
5040,Life Line Blood Centre,Bihar,Patna,Patna,0.0,0.0,Private
10118,Sadar Hospital Madhepura,Bihar,Madhepura,Medhapura,25.922909,86.792226,Government
10117,Sadar Hospital Lakhisarai,Bihar,Lakhisarai,Lakhisarai,0.0,0.0,Government
282812,Glocal Blood Centre,Bihar,Bhagalpur,sabour,25.665282,85.189853,Private
10119,Sadar Hospital Madhubani,Bihar,Madhubani,Madhubani,0.0,0.0,Government
283349,"Esic Medical College And Hospital, Bihta",Bihar,Patna,Bihta,0.033988,-0.038052,Government
10110,Sadar Hospital Gopalganj,Bihar,Gopalganj,Gopalganj,26.460762,84.441119,Government
10112,Sadar Hospital Jehanabad,Bihar,Jehanabad,Jehanabad,0.0,0.0,Government
10111,Sadar Hospital Jamui,Bihar,Jamui,Jamui,25.20523,85.514552,Government
283188,"Shukla Medicity Blood Centre, Darbhanga",Bihar,Darbhanga,Darbhanga,26.117629,85.929104,Private
283187,"Surya Hospital Blood Centre, Saharsa",Bihar,Saharsa,Saharsa,25.88715,86.590953,Private
10114,Blood Bank Sadar Hospital Katihar,Bihar,Katihar,Katihar,25.539923,87.567583,Government
10113,Sadar Hospital Bhabua Kaimur,Bihar,Kaimur (Bhabua),Bhabua,25.039579,83.607736,Government
10116,Sadar Hospital Kishanganj,Bihar,Kishanganj,Kishanganj,26.101776,87.948834,Government
283185,"Lord Buddha Koshi Medical College, Saharsa",Bihar,Saharsa,Saharsa,25.968246,86.545769,Private
283184,Netaji Subhas Medical College And Hospital Patna,Bihar,Patna,Patna,-0.007019,0.033239,Private
10115,Sadar Hospital Khagaria,Bihar,Khagaria,Khagaria,25.50788,86.474581,Government
283183,"Niramaya Blood Centre Kankarbagh, Patna",Bihar,Patna,Patna,-0.014296,0.03901,Private
283182,Bihar Charitable Blood Centre Motihari E. Champaran,Bihar,Purba Champaran,Motihari,-0.030128,-0.012434,Private
283181,Madhubani Medical College Hospital Madhubani,Bihar,Madhubani,Madhubani,0.0,0.0,Private
283180,"Kiran Charitable Blood Centre, Purnea",Bihar,Purnia,Purnia,25.78932,87.478001,Charitable
10129,Blood Bank IGIMS Patna,Bihar,Patna,Patna,-0.047801,-0.032936,Government
10121,Blood Centre Sadar Hospital Muzaffarpur,Bihar,Muzaffarpur,Muzaffarpur,0.0,0.0,Government
5049,"Lions Mahavir Cancer Sansthan Bloodcentre, Phulwarisharif, Patna",Bihar,Patna,Patna,0.0,0.0,Charitable
283179,"M/S Sushila Blood Centre, Bhagalpuar",Bihar,Bhagalpur,Bhagalpur,25.693473,85.245768,Private
10120,Sadar Hospital Munger,Bihar,Munger,Munger,25.028033,83.990501,Government
10123,Sadar Hospital bihar Sharif,Bihar,Nalanda,Biharsharif,25.20523,85.514552,Government
283178,"M/S Harsan Blood Centre, Gopalganj",Bihar,Gopalganj,Gopalganj,26.460762,84.441119,Private
10122,SKMCH Muzaffarpur,Bihar,Muzaffarpur,Muzaffarpur,0.0,0.0,Government
283177,"Blood Centre Nandipat Memorial Hospital And Research Centre, Sitamarhi",Bihar,Sitamarhi,Sitamarhi,26.608726,85.480755,Private
10125,Sadar Hospital Purnia,Bihar,Purnia,Purnia,25.778234,87.472456,Government
283176,"Rotary Anup Memorial Blood Centre, Patna",Bihar,Patna,Patna,-0.027694,-0.016776,Private
10124,Sadar Hospital Nawada,Bihar,Nawada,Nawada,0.0,0.0,Government
10127,Government Medical College bettiah West Champaran,Bihar,Pashchim Champaran,Betiah,25.042384,84.038551,Government
10126,"Sadar Hospital Sasaram, Rohtas",Bihar,Rohtas,Sasaram,24.952782,84.013897,Government
284382,S.R. Hospital,Bihar,Patna,patna,-0.05915,0.013933,Private
10170,Viraat Ramayan Institute of Medical Sciences,Bihar,Purba Champaran,Chakia,-0.030576,0.041056,Private
5067,"Ircs Blood Centre, Patna",Bihar,Patna,Patna,0.055674,0.020632,Trust
10173,DHARAMSHEELA DEVI MULTI SPECIALITY HOSPITAL BLOOD CENTRE,Bihar,Nawada,NAWADA,-0.058813,-0.04051,Private
284538,Beena Bhawani Blood Center,Bihar,Muzaffarpur,Muzaffarpur,-0.006716,-0.026697,Private
284812,Shrinivas (G) Blood Centre,Bihar,Saran,Chhapra Garkha,25.786427,84.737456,Charitable
283168,"M/S Punam Blood Centre, Sasaram",Bihar,Rohtas,Sasaram,24.952782,84.013897,Private
5076,Shristi Blood Bank Patna,Bihar,Patna,Patna,-0.024267,-0.011718,Private
5072,Paras Hmri Hospital Blood Centre,Bihar,Patna,Patna,0.0,0.0,Private
5073,Ruban Memorial Hospital,Bihar,Patna,Patna,0.0,0.0,Private
10107,Regional Blood CENTRE DMCH Darbhanga,Bihar,Darbhanga,Laheriasarai Darbhanga,26.133426,85.898943,Government
10106,Sadar Hospital Ara,Bihar,Bhojpur,Bhojpur Ara,25.558506,84.670631,Government
10109,Blood Centre ANMMCH Gaya ji,Bihar,Gaya,Gaya Ji,25.563537,84.871917,Government
280689,Maa Vindhyawasini Blood Centre,Bihar,Bhojpur,Arrah,25.539954,87.56747,Private
10108,Sadar Hospital Buxar,Bihar,Buxar,Buxar,25.56471,83.977748,Government
284920,Buddha Cancer Blood Centre Patna,Bihar,Patna,Patna,-0.026912,-0.016793,Private
280165,Krishna Devi Prasad Kejriwa Hospital Blood Bank,Bihar,Muzaffarpur,Muzaffarpur,0.0,0.0,Private
280561,Department Of Transfusion Medicine And Blood Centre Aiims,Bihar,Patna,Patna,-0.000366,0.025252,Government
280163,Blood Centre Mgmm College And Hospital,Bihar,Kishanganj,Kishanganj,26.12264,87.976609,Private
280161,Blood Centre Abhay Institute Of Medical Sciences,Bihar,Gaya,Gaya,25.611687,85.089567,Private
280162,"Blood Centre Kmch, Katihar",Bihar,Katihar,Katihar,0.0,0.0,Private
10102,JLNMCH Bhagalpur,Bihar,Bhagalpur,Bhagalpur,25.716286,85.213679,Government
10105,Sadar Hospital Begusarai Rastra Kavi Dinkar Blood Bank,Bihar,Begusarai,Begusarai,25.4138,86.13596,Government
10104,Sadar Hospital Aurangabad,Bihar,Aurangabad,Aurangabad,0.0,0.0,Government
10152,ARSH BLOOD CENTER GAYA,Bihar,Gaya,GAYA,25.584423,84.911214,Private
285258,Aeham Blood Center,Bihar,Purnia,Purnia,25.836338,87.488558,Private
10151,Blood Centre Mahabodhi Medical College & Hospital,Bihar,Gaya,Gaya,25.560013,84.883611,Private
285259,MAMTA MEDICAL COLLEGE & HOSPITAL,Bihar,Siwan,Pachor,26.233703,84.338911,Government
280156,Desh Ratna Dr Rajendra Prasad Memorial Rotary Blood Centre,Bihar,Begusarai,Begusarai,0.0,0.0,Private
284512,Blood Centre Himalaya Medical College And Hospital,Bihar,Patna,Paliganj,25.594095,85.137565,Charitable
280157,"Ircs Blood Centre, Ara",Bihar,Bhojpur,Ara,25.567951,84.667802,Trust
10154,M/s Shristi Blood Centre,Bihar,Begusarai,Dakbanglow Road,-0.022256,0.048603,Private
280154,Micro Blood Centre Sasaram,Bihar,Rohtas,Sasaram,0.0,0.0,Private
280155,Blood Bank And Research Center,Bihar,Begusarai,Begusarai,0.0,0.0,Private
10153,Maa Sheela Blood Centre Darbhanga,Bihar,Darbhanga,darbhanga,26.125616,85.870614,Private
10156,M/s Khan Blood Centre Khan Healthcare,Bihar,Patna,Patna,0.029842,0.012332,Private
280152,Blood Centre Max Seven Hospital,Bihar,Purnia,Kasba,25.759604,87.431041,Charitable
280153,Bose Clinic Blood Centre,Bihar,Rohtas,Sasaram,0.0,0.0,Private
10155,"M/s Blood Centre, Maa Gauri Hospital",Bihar,Darbhanga,Darbhanga,26.145946,85.916558,Private
10158,Blood Centre Kurma Sanskriti Medical College & Hospital,Bihar,Jehanabad,Jehanabad,0.01474,0.019196,Private
10157,M/s Prabha Component Blood Centre,Bihar,Siwan,Siwan,26.184745,84.343639,Private
285260,JEEVAN REKHA BLOOD CENTRE FORD HOSPITAL,Bihar,Patna,Patna,0.0,0.0,Private
280151,"Ircs Blood Centre, Purnia",Bihar,Purnia,Purnia,25.78832,87.477844,Trust
10159,M/s Samastipur Blood Centre,Bihar,Samastipur,Samastipur,25.857206,85.778507,Private
5011,Palm View Hospital Blood Centre,Bihar,Patna,Patna,0.0,0.0,Private
10161,Motihari Blood Cetre,Bihar,Purba Champaran,Motihari,0.034313,0.039092,Private
10160,M/s Tapeshwari Devi Blood Centre,Bihar,Buxar,Buxar,25.593193,83.96106,Private
5013,Lions Jeewan Blood Centre Patna,Bihar,Patna,Patna,0.0,0.0,Private
10163,"M/s Blood Centre, Sinha Multispecialty Hospital",Bihar,Pashchim Champaran,Bettiah,25.019825,84.030859,Private
5014,Blood Centre Tripolia Hospital Patna,Bihar,Patna,Patna,-0.022393,0.013256,Charitable
10162,M/s Apollo Blood Centre,Bihar,Purba Champaran,Motihari,0.001849,0.005053,Private
284908,Ms Lions Blood Centre Forbesganj Araria,Bihar,Araria,Forbesganj,25.557869,84.657272,Charitable
283258,Sri Narayan Medical Institute And Hospital Saharsa,Bihar,Saharsa,Bher,25.883416,86.574043,Private
10165,Uma Medicare Multispeciality Blood Centre,Bihar,Vaishali,Hajipur,25.648709,85.235771,Private
283257,"Jeevan Jyoti Hospital Blood Centre, Biharsharif",Bihar,Nalanda,Biharsharif,25.180191,85.536584,Private
10164,M/S Asian City Blood Centre,Bihar,Patna,Patna,0.012852,0.005272,Private
10167,M/S Blood Centre KK Medical College& Hospital,Bihar,Nalanda,Rajgir,25.19578,85.535847,Private
10166,Yuva Blood Centre,Bihar,Purnia,Purnea,25.758972,87.454675,Private
5009,"Blood Centre Kurji Holy Family Hospital, Patna",Bihar,Patna,Patna,0.0,0.0,Charitable
10169,S.L.C.M.C & S.P.N.M Hospital Blood Centre Khagaria,Bihar,Khagaria,Khagaria,25.490923,86.476875,Private
10168,Blood Centre Shanti Memorial Hospital,Bihar,Bhojpur,Ara,0.0,0.0,Private
285320,Medical College B M G Medical College Shahdol,Chandigarh,Chandigarh,Chandigarh,30.711793,76.766227,Government
6001,"Blood Centre, Government Medical College And Hospital",Chandigarh,Chandigarh,Chandigarh,30.709289,76.780536,Government
6003,"Blood Centre, Govt. Multi Speciality Hospital",Chandigarh,Chandigarh,Chandigarh,30.751021,76.780967,Government
6004,Rotary And Blood Bank Society Resources Centre,Chandigarh,Chandigarh,Chandigarh,30.74211,76.755138,Private
94101,DEMOO BLOOD CENTRE PGI,Chandigarh,Chandigarh,Amritsar,30.707176,76.76032,Other
7044,Maharani Hospital Blood Bank Jagdalpur,Chhattisgarh,Bastar,Jagdalpur,19.085071,82.023963,Government
22118,Ambedkar Memorial Hospital Raipur,Chhattisgarh,Raipur,Raipur,21.25076,81.639,Government
22119,District Hospital Blood Bank Balod,Chhattisgarh,Balod,Balod,0.0,0.0,Government
7048,District Hospital Blood Centre Koriya,Chhattisgarh,Koriya,Koriya,0.0,0.0,Government
284180,"Arogya Blood Centre, Raipur",Chhattisgarh,Raipur,Raipur,21.220647,81.62551,Charitable
7047,Central Hospital Blood Center Manendragarh,Chhattisgarh,Koriya,Manendragarh,-0.010779,0.001516,Government
22113,District Hospital Rajnandgaon Blood Center,Chhattisgarh,Rajnandgaon,Basantpur,0.0,0.0,Government
7040,District Hospital Blood Centre Ambikapur Distt. Surguja,Chhattisgarh,Surguja,Ambikapur,23.1099901,83.1945,Government
22115,SARDAR PATEL DISST HOSPITAL BILASPUR C.G,Chhattisgarh,Bilaspur,Bilaspur,21.704294,81.898503,Government
280777,District Hospital Blood Centre Mungeli,Chhattisgarh,Mungeli,Mungeli,21.187096,81.279227,Government
280499,M/S. Ramkirshna Care Medical Sciences Pvt Ltd,Chhattisgarh,Raipur,Raipur,21.263176,81.637035,Private
285200,Bharosa Blood And Component Centre,Chhattisgarh,Raigarh,Raigarh,10.986855,41.647859,Private
22121,District Hospital Blood Bank Bijapur,Chhattisgarh,Bijapur,Bijapur,0.0,0.0,Government
22122,District Hospital Blood Bank Kawardha,Chhattisgarh,Kabirdham,Kawardha,22.036,81.221,Government
22123,District Hospital Blood Centre Surajpur,Chhattisgarh,Surajpur,Surajpur,0.0,0.0,Government
22126,District Hospital Blood Centre Durg,Chhattisgarh,Durg,Durg,21.187096,81.279227,Government
22127,District Hospital Blood Centre Gariyaband,Chhattisgarh,Gariyaband,Gariyaband,21.1193227,82.0743057,Government
282706,"Balaji Blood Centre, Bhila",Chhattisgarh,Durg,Durg,21.188571,81.31952,Private
22128,District Hospital Blood Centre Bemetara,Chhattisgarh,Bemetra,Bemetra,0.0,0.0,Government
284729,Good Hope Blood Center,Chhattisgarh,Raipur,Raipur,21.212533,81.69548,Private
283639,Raigarh Blood Centre,Chhattisgarh,Raigarh,Raigarh,0.0,0.0,Charitable
283756,Dharam Blood Centre,Chhattisgarh,Janjgir - Champa,CHAMPA,-0.008744,-0.005757,Private
283877,Vandana Blood Centre,Chhattisgarh,Kanker,Pakhanjur,20.257336,81.512305,Private
22120,"Department of Transfusion Medicine and Blood Centre, AIIMS",Chhattisgarh,Raipur,RAIPUR,21.230773,81.597663,Government
284324,Shree Ram Blood And Component Centre,Chhattisgarh,Bilaspur,Bilaspur,21.663918,81.934952,Charitable
283232,Gautam Hospital Blood Centre,Chhattisgarh,Kanker,Bhanupratappur,20.290029,81.496684,Private
283231,Samarpit Blood Centre Mungeli,Chhattisgarh,Mungeli,Mungeli,21.218058,81.487939,Private
284320,MPM BLOOD CENTRE,Chhattisgarh,Bastar,Jagdalpur,19.04971,82.047447,Charitable
283230,SAHYOG BLOOD CENTRE SARANGARH,Chhattisgarh,Bilaigarh,Sarangarh,21.197105,81.508082,Charitable
285172,"Shivnath Blood Centre, Arang",Chhattisgarh,Raipur,Arang,21.261462,81.617323,Charitable
285173,Sahaara Blood & Component Centre,Chhattisgarh,Raipur,Raipur,21.233547,81.648,Private
285217,Balaji Charitable Blood Centre,Chhattisgarh,Surguja,Ambikapur,23.089043,83.13089,Charitable
283628,Ayushman Blood Center,Chhattisgarh,Janjgir - Champa,Champa,-0.029171,0.003228,Private
284319,Apna Blood Centre,Chhattisgarh,Raipur,Raipur,21.229425,81.639952,Charitable
283229,Samarpan Blood and Component centre,Chhattisgarh,Raigarh,Kharsia,10.984627,41.682938,Private
280755,Balco Medical Centre Blood Centre,Chhattisgarh,Raipur,Raipur,21.306447,81.642472,Private
283624,Aashirwad Blood Centre,Chhattisgarh,Mahasamund,Mahasamund,21.258245,81.66018,Charitable
283228,Samvedana Blood Centre And Component Center Korba,Chhattisgarh,Korba,Korba,11.147969,41.377882,Private
280475,Arogya Blood Center,Chhattisgarh,Baloda Bazaar,Baloda bazar,0.04721,-0.001876,Charitable
283985,Government Medical College Rajnandgaon GMC,Chhattisgarh,Rajnandgaon,Rajnandgaon,-0.000257,-0.027376,Government
284435,Chandulal Chandrakar Memorial Government Medical College Hospital Blood Center,Chhattisgarh,Durg,Kachandur,21.200246,81.322665,Government
284795,Manas Sewa Blood Centre,Chhattisgarh,Dhamtari,Dhamtari,20.659105,81.562427,Private
283220,SCCH Blood Centre Raipur,Chhattisgarh,Raipur,Raipur,21.265783,81.625291,Private
22108,Chhattisgarh Institute of Medical Science Blood Bank,Chhattisgarh,Bilaspur,Bilaspur,22.087621,82.152265,Government
285069,Mahanadi Blood & Component Centre,Chhattisgarh,Raipur,Gobra Nawapara Abhanpur,21.218658,81.614898,Private
22102,DISTRICT HOSPITAL BLOOD BANK KORBA,Chhattisgarh,Korba,Korba,0.0,0.0,Government
22103,District Hospital Mahasamund,Chhattisgarh,Mahasamund,Mahasamund,21.1193227,82.0743057,Government
280505,Nandgaon Blood Centre,Chhattisgarh,Rajnandgaon,Rajnandgaon,21.086463,81.030281,Private
22106,District Hospital Janjgir,Chhattisgarh,Janjgir - Champa,Janjgir - Champa,0.0,0.0,Government
280502,M/S. Samarth Blood Centre,Chhattisgarh,Mahasamund,Mahasamund,21.210292,81.88789,Private
284548,Abhishek I Mishra Memorial Medical College And Hospital Blood Center,Chhattisgarh,Durg,Bhilai,21.199718,81.269471,Charitable
283613,Aashirwad Blood Centre,Chhattisgarh,Bilaspur,Bilaspur,21.258245,81.66018,Charitable
280500,Balaji Blood Centre,Chhattisgarh,Raipur,Raipur,21.2494,81.651831,Private
283337,Balaji Charitable Blood Centre Bilaspur,Chhattisgarh,Bilaspur,Bilaspur,21.664521,81.865341,Charitable
283698,Yogi Charitable Blood Centre,Chhattisgarh,Kabirdham,Kawardha,22.052994,81.180611,Charitable
283695,Shaheed Blood Center,Chhattisgarh,Balod,Dallirajhara,-0.012057,0.019598,Private
283692,Jaideep Blood And Component Center,Chhattisgarh,Raipur,Raipur,21.292607,81.63261,Charitable
7004,City Blood Centre,Chhattisgarh,Raipur,Raipur,21.240907,81.620688,Charitable
7005,Holy Cross Hospital,Chhattisgarh,Surguja,Ambikapur,23.134176,83.193534,Private
22154,LIFE LINE BLOOD CENTER RAIPUR,Chhattisgarh,Raipur,BHATAGAW RAIPUR,21.236984,81.595138,Private
22155,Shri Rawatpura Sarkar Institute of Medical Sciences & Research (SRIMSR) Blood Center,Chhattisgarh,Raipur,Raipur,21.263176,81.637035,Charitable
22156,Sajag Blood Centre,Chhattisgarh,Raipur,Tilda,21.220741,81.629617,Charitable
22157,Shree blood centre,Chhattisgarh,Durg,Durg,21.164246,81.327279,Charitable
22159,Aashirwad blood centre mahasamund,Chhattisgarh,Mahasamund,Saraipali,21.189292,81.858549,Charitable
284813,"Hasdeo Blood Centre , Champa",Chhattisgarh,Janjgir - Champa,Champa,0.016107,0.034736,Private
22150,BALAJI BLOOD AND COMPONENT CENTRE,Chhattisgarh,Bilaigarh,Sarangarh,21.215111,81.519376,Private
284811,Sankat Mochan Blood Center,Chhattisgarh,Janjgir - Champa,Seorinarayan,-0.003185,0.028939,Private
22152,Samrddhi Blood & Component centre Raigarh,Chhattisgarh,Raigarh,Raigarh,10.965912,41.67456,Private
22153,CCSH Blood centre,Chhattisgarh,Bastar,Jagdalpur,19.061054,82.023861,Private
7011,Chandulal Chandrakar Memorial Hospital Blood Centre,Chhattisgarh,Durg,Bhilai,21.251525,81.337451,Private
7010,Ssd Blood Centre,Chhattisgarh,Raipur,Raipur,21.235832,81.652249,Private
7013,Bilasa Blood Centre Bilaspur,Chhattisgarh,Bilaspur,Bilaspur,21.668269,81.918861,Charitable
7012,"Chhattisgarh Blood Bank, (Agrawal Hospital Parisar C/O Agrawal Institute Of Medical Sciences Pvt Ltd",Chhattisgarh,Raipur,Raipur,22.087621,82.152265,Private
7015,Bilasa Blood Centre Korba,Chhattisgarh,Korba,Korba,22.358763,82.7203479,Charitable
7014,"Bilasa Blood Centre, Shankar Nagar",Chhattisgarh,Raipur,Raipur,21.254303,81.676569,Private
7016,Tej Blood Centre,Chhattisgarh,Surguja,Ambikapur,23.117556,83.191169,Private
22165,AASRA BLOOD CENTER,Chhattisgarh,Mungeli,Lormi,21.258245,81.66018,Charitable
22167,Bilaspur Blood Centre Takhatpur,Chhattisgarh,Bilaspur,Takhatpur,0.0,0.0,Charitable
284809,Katghora Blood Center,Chhattisgarh,Korba,Katghora,11.146454,41.38255,Private
280728,Dhamtari Blood Centre And Component Center Of Care For Human And Health Society,Chhattisgarh,Dhamtari,Dhamtari,20.722262,81.516395,Charitable
280725,M /S Ashirwad Blood Centre,Chhattisgarh,Durg,Durg,21.258245,81.66018,Private
280724,"Shivnath Blood Centre, Devendra Nagar",Chhattisgarh,Raipur,devendra nagar,21.229639,81.658127,Charitable
283317,Hanshwhini Blood Centre,Chhattisgarh,Bilaspur,Bilaspur,21.647197,81.903191,Charitable
22161,Bastar blood center,Chhattisgarh,Kanker,Kanker,20.241081,81.534028,Charitable
22162,Blood center Central Hospital S E C Railway,Chhattisgarh,Bilaspur,Bilaspur,21.700316,81.93876,Government
283953,Nav Jeevan Blood Centre,Chhattisgarh,Raigarh,Raigarh,10.979675,41.68281,Private
284007,Manav Seva Blood Bank,Chhattisgarh,Raipur,Raipur,21.275522,81.617265,Charitable
22163,BLOOD CENTRE HOLYCROSS HOSPITAL KUNKURI,Chhattisgarh,Jashpur,KUNKURI,21.169908,81.473729,Charitable
283710,Sanna Blood And Components Centre,Chhattisgarh,Durg,BHILAI,21.223321,81.345529,Private
283677,Lifeline Blood Centre,Chhattisgarh,Rajnandgaon,Rajnandgaon,0.012791,-0.000353,Private
22164,Maa padmavati blood centre,Chhattisgarh,Raipur,Pacheda Raipur,21.234121,81.635101,Private
283796,Blood Center District Hospital Baloda Bazar,Chhattisgarh,Baloda Bazaar,baloda bazar,0.0,0.0,Government
282740,Blood Centre Govt Medical College Dimrapal,Chhattisgarh,Bastar,Jagdalpur,19.104659,82.037355,Government
7007,Apollo Hospitals Blood Centre,Chhattisgarh,Bilaspur,Blaspur,21.633548,81.917651,Private
7022,Shree Narayana Hospital Blood Centre (Health Tech Chhattisgarh (P) Ltd.),Chhattisgarh,Raipur,Raipur,21.259697,81.625128,Private
7021,O.P.Jindal Hospital Research Centre Blood Centre,Chhattisgarh,Raigarh,Raigarh,21.927279,83.359147,Charitable
7023,Rajdhani Blood Centre,Chhattisgarh,Raipur,raipur,21.244963,81.630129,Private
285256,Suyash blood & Component centre,Chhattisgarh,Raipur,Raipur,21.250832,81.666337,Private
285135,Sahayata Blood Centre,Chhattisgarh,Balod,Balod,-0.03095,0.004817,Private
7025,Ekta Blood Centre,Chhattisgarh,Bilaspur,Bilaspur,22.078658,82.145069,Charitable
285136,Bhoramdev Blood Centre,Chhattisgarh,Kabirdham,Kawardha,22.013198,81.257758,Private
7028,Sewabloodc,Chhattisgarh,Raigarh,Raigarh,10.989631,41.714128,Private
22132,District Hospital Blood Centre Narayanpur,Chhattisgarh,Narayanpur,Narayanpur,0.0,0.0,Government
22133,Blood Centre District Hospital Dhamtari,Chhattisgarh,Dhamtari,Dhamtari,20.707653,81.53949,Government
22134,District Hospital Blood Centre Kanker,Chhattisgarh,Kanker,Kanker,20.264724,81.495155,Government
22137,Civil Hospital Kharsia,Chhattisgarh,Raigarh,Kharsia,11.000156,41.676062,Government
22138,K.G.Hospital Blood Centre,Chhattisgarh,Raigarh,Raigarh,10.987451,41.707171,Government
7020,Shrishti Blood Centre,Chhattisgarh,Raipur,Raipur,21.247,81.656,Private
283706,R C Blood Centre,Chhattisgarh,Raipur,Raipur,21.231034,81.642963,Charitable
22139,Sai Blood and Componenet Centre,Chhattisgarh,Bilaspur,Rajendra nagar,21.668934,81.903938,Private
283308,"Shobha Blood Centre, Manendragarg",Chhattisgarh,Koriya,Manendragarg,-0.003681,-0.032199,Charitable
280435,Raipur Institute Of Medical Sciences Blood Centre,Chhattisgarh,Raipur,RAIPUR,21.263176,81.637035,Private
280436,Narayana Hrudayalaya Mmi Blood Centre,Chhattisgarh,Raipur,Raipur,21.21327,81.65767,Private
283820,Sri Sathya Sai Sanjeevani Blood Bank,Chhattisgarh,Raipur,Raipur,21.221678,81.618796,Charitable
22131,District Hospital Blood Centre Dantewada,Chhattisgarh,Dantewada,Dantewada,18.89362167,81.3504983,Government
280551,Shri Shankracharya Blood Centre,Chhattisgarh,Durg,Bhilai,0.0,0.0,Private
7018,Ramkrishna Ashram Blood Centre,Chhattisgarh,Narayanpur,Narayanpur,19.716626,81.229284,Private
283663,Shikha Blood Centre,Chhattisgarh,Koriya,Baikunthpur,-0.024423,0.031301,Private
280271,"Govt. District Hospital Blood Centre, Rajnandgaon",Chhattisgarh,Rajnandgaon,Basantpur,0.0,0.0,Government
284230,Aashirwad Blood Centre Bhatapara,Chhattisgarh,Baloda Bazaar,Bhatapara,0.009426,-0.013965,Charitable
7033,Nmdc Project Hospital Blood Centre,Chhattisgarh,Dantewada,Kirandul,18.634249,81.252895,Government
7032,J.L.N. Hospital And Research Center Blood Centre,Chhattisgarh,Durg,Bhilai,21.189732,81.316117,Government
7034,Indian Red Cross Blood Centre Raipur,Chhattisgarh,Raipur,Raipur,21.15,81.38,Trust
7037,Dr Goyal Charitable Blood Center,Chhattisgarh,Surguja,AMBIKAPUR,23.132326,83.235861,Charitable
22143,Subha Blood Center Mahasamund,Chhattisgarh,Mahasamund,SARAIPALI,21.176485,81.805882,Private
22144,Maharshi dadhichi blood center Raipur,Chhattisgarh,Raipur,Ripur,21.264588,81.667013,Private
22145,Manoj Blood & Component Centre,Chhattisgarh,Surguja,Ambikapur,23.157278,83.20993,Private
22146,Jeevandhara Blood & Componenet Centre Korba,Chhattisgarh,Korba,NIHARIKA ROAD KOSABADI KORBA,11.156082,41.31993,Private
22147,BALAJI BLOOD CENTER RAJNANDGOAN,Chhattisgarh,Rajnandgaon,RAJNANDGOAN,0.0,0.0,Private
22148,Hari Om Bala Ji,Chhattisgarh,Surguja,Ambikapur,23.113441,83.242967,Private
7031,Nehru Centenary Hospital Blood Centre Korba,Chhattisgarh,Korba,Korba,0.0,0.0,Government
22149,OM BLOOD CENTRE,Chhattisgarh,Jashpur,Pathalgaon,21.150154,81.510693,Private
7030,Nmdc Appolo Hospital Blood Centre,Chhattisgarh,Dantewada,dantewada,18.703695,81.248612,Government
280425,Bilasa Blood Centre,Chhattisgarh,Rajnandgaon,Rajnandgaon,21.25435,81.66339,Charitable
22140,Ujwala blood and compnent centre,Chhattisgarh,Mahasamund,In front of DCB Bank,21.199799,81.903389,Private
283895,Mittal Blood Centre,Chhattisgarh,Durg,Durg,21.187415,81.308734,Charitable
7029,Ashirwad Blood Centre,Chhattisgarh,Raipur,Raipur,21.258245,81.66018,Charitable
284466,Late Shri Lakhiram Agrawal Mem Govt Medical College Associated Sant Baba Guru Ghasidas Ji Memo Govt,Chhattisgarh,Raigarh,Raigarh,10.917527,41.680166,Government
282682,Balaji Blood Centre Korba,Chhattisgarh,Korba,Korba,22.358763,82.7203479,Private
284460,District Hospital Blood Center Gaurela Pendra Marwahi,Chhattisgarh,Gaurella Pendra Marwahi,Gaurella,21.208276,81.451454,Government
9001,Daman Raktdan Kendra,Dadra and Nagar Haveli and Daman and Diu,Daman,Daman,20.433246,72.831276,Government
8001,Indian Red Cross Society Blood Centre Dadra And Nagar Haveli,Dadra and Nagar Haveli and Daman and Diu,Dadra & Nagar Haveli,Silvassa,20.455189,72.811865,Trust
285199,Ms Shri Shyam Charitable Blood Centre,Delhi,North,North Delhi,28.70164,77.206592,Charitable
280737,Human Care Medical Charitable Trust,Delhi,South West,South West,28.546827,77.11669,Charitable
97111,"ABVIMS, Dr Ram Manohar Lohia Hospital",Delhi,New Delhi,New Delhi,28.3734,77.125,Government
672,Cardio Neuro Centre Blood Centre Cnc Aiims Delhi,Delhi,South,New Delhi,28.566539,77.20984,Government
630,"Blood Centre, Holy Family Hospital",Delhi,South,New Delhi,28.563012,77.275829,Private
631,"Blood Centre, Shri Moolchand Khariti-Ram Hospital And Ayurvedic Research Institute",Delhi,South,New Delhi,28.566225,77.235575,Private
280730,Blood Centre Sant Parmanad Hospital,Delhi,North,Delhi,28.677715,77.224099,Private
632,"Blood Centre, Batra Hospital And Medical Research Center",Delhi,South,New Delhi,28.513468,77.245773,Private
634,Blood Centre Sir Ganga Ram Hospital,Delhi,Central,New Delhi,28.638675,77.189489,Private
635,"Blood Centre, Dharamshila Narayana Superspeciality Hospital",Delhi,East,Delhi,28.655945,77.307495,Private
280451,Blood Centre Bhagwan Mahavir Hospital,Delhi,North West,Delhi,28.677267,77.148643,Government
636,"Blood Centre, Indraprastha Medical Corporation (Apollo Hospital)",Delhi,South East,New Delhi,28.535398,77.246174,Private
637,"Blood Centre, National Heart Institute",Delhi,South East,New Delhi,28.5574087,77.2457177,Private
639,"Blood Centre, Rajiv Gandhi Cancer Institute And Research Center",Delhi,North West,Delhi,28.716471,77.11093,Private
283040,Divine Charitable Blood Centre,Delhi,East,Delhi,28.618111,77.237287,Charitable
97105,Blood Bank of AIIMS,Delhi,South West,New Delhi,28.519098,77.168077,Government
97101,Indian Red Cross Society NHQ Blood Centre,Delhi,New Delhi,New Delhi,28.618675,77.21089,Trust
97104,Safdarjung Hospital Blood Bank,Delhi,South West,New Delhi,28.568016,77.205765,Government
283318,Guru Nanak Dev Charitable Blood Centre,Delhi,South West,Delhi,28.543761,77.152115,Charitable
640,"Blood Centre, Mata Chanan Devi Hospital",Delhi,West,New Delhi,28.618861,77.078382,Private
284802,Om Charitable Blood Centre(A Unit Of Lok Seva Charitable Trust),Delhi,North West,Delhi,28.707856,77.092871,Charitable
641,"Blood Centre, Pushpawati Singhania Research Institute(For Liver, Renal And Digestive Disease)",Delhi,South,New Delhi,28.502585,77.225416,Private
642,"Blood Centre, Jaipur Golden Hospital",Delhi,West,New Delhi,28.697734,77.109478,Private
284129,Blood Centre Of Triton Hospital,Delhi,South East,New Delhi,28.563171,77.282479,Private
643,"Blood Centre, Maharaja Agrasen Hospital",Delhi,West,New Delhi,28.67408,77.134063,Private
644,"Blood Centre, Delhi Heart And Lungs Institute",Delhi,New Delhi,New Delhi,28.641636,77.205219,Private
284128,Central Polyclinic Blood Centre,Delhi,East,Delhi,28.645742,77.292552,Private
280762,Shree Aggarsain International Hospital Blood Centre,Delhi,South West,Rohni,28.531991,77.167319,Private
283477,Freedom Blood Centre,Delhi,North East,Yamuna vihar,28.685343,77.295283,Private
280440,"M/S Venkateshwar Hospital New Delhi, Dwarka Sector-18 A",Delhi,New Delhi,Dwarka,28.6164,77.236052,Private
646,"Blood Centre, Shree Balaji Action Medical Institute",Delhi,West,New Delhi,28.673738,77.110226,Private
647,"Blood Bank, Max Super Specialty Hospital, (A Unit Of Balaji Medical And Disgnostic Research Centre)",Delhi,East,Delhi,28.636859,77.296779,Private
604,Blood Centre IRPGIMSR NRCH,Delhi,New Delhi,New Delhi,28.652305,77.167881,Government
648,"Blood Centre, Max Super Specialty Hospital, (A Unit Of Devki Devi Foundation)",Delhi,South,New Delhi,28.573359,77.23739,Private
606,Blood Centre E.S.I. Hospital Basaidarapur,Delhi,West,New Delhi,28.639432,77.101276,Government
608,"Blood Centre, Govind Ballabh Pant Institute Of Postgraduate Medical Education And Research",Delhi,Central,New Delhi,28.6162,77.19664,Government
609,"Blood Centre, Deen Dayal Upadhay Hospital",Delhi,West,New Delhi,28.583437,77.117583,Government
97134,SHRI MATA JHANDEWALI BLOOD CENTRE,Delhi,Central,NEW DELHI,28.602824,77.180264,Charitable
97135,All India Institute of Ayurveda Blood Center,Delhi,New Delhi,New Delhi,28.611337,77.231182,Government
97131,Yatharth Super Specialty Hospital Blood Centre,Delhi,North West,Delhi,28.727954,77.152927,Private
97132,MAA SHEETLA CHARITABLE BLOOD CENTRE Delhi,Delhi,South,Delhi,28.547006,77.271599,Charitable
283827,Rathi Hospital,Delhi,West,Ranhola village,28.657734,77.096025,Private
97133,BRAHM SHAKTI BLOOD CENTRE North West,Delhi,North West,DELHI,28.721513,77.122729,Private
650,Blood Centre Saroj Super Speciality Hospital,Delhi,North West,Delhi,28.70612,77.129045,Private
284958,M/S Blood Centre(A Unit Of Cronus Multi Speciality Hospital),Delhi,South,New Delhi,28.527036,77.283068,Private
651,"Blood Bank, Fortis Flt.Lt. Rajan Dhall Hospital (A Unit Of Flt. Lt. Ranjan Dhall Charitable Trust Re",Delhi,South West,New Delhi,28.519397,77.160438,Private
653,"Blood Centre, Dr. B. L. Kapur Memorial Hospital",Delhi,West,New Delhi,28.643642,77.179979,Private
284119,Madhukar Rainbow ChildrenS Hospital (Mrch),Delhi,New Delhi,New Delhi,28.631513,77.173406,Private
280752,Blood Centre Aakash Healthcare Pvt Ltd,Delhi,South West,Delhi,28.539029,77.158217,Private
610,Blood Centre Guru Tegh Bahadur Hospital,Delhi,Shahdara,Delhi,28.683856,77.309903,Government
654,"Blood Centre, Kalra Hospital And Shri Ram Cardiothoracic And Neuro Sciences Centre (Srncnc)",Delhi,West,New Delhi,28.657823,77.142691,Private
655,"Blood Centre, Park Hospital",Delhi,West,New Delhi,28.651772,77.093105,Private
612,"Blood Centre, Sanjay Gandhi Memorial Hospital",Delhi,North West,Delhi,28.692792,77.081656,Government
656,"Blood Centre, Fortis Hospital",Delhi,North West,New Delhi,28.709162,77.170214,Private
657,"Blood Centre, Bhagat Chandra Hospital",Delhi,South West,New Delhi,28.593451,77.081221,Private
613,"Blood Centre, Dr. Baba Saheb Ambedkar Hospital",Delhi,North West,New Delhi,28.715052,77.113639,Government
614,Blood Centre Dr Hedgewar Arogya Sansthan,Delhi,East,Delhi,28.655875,77.293489,Government
284477,Kailash Deepak Hospital Blood Center,Delhi,East,DELHI,28.666147,77.314695,Private
658,"Blood Centre, Max Super Specialty Hospital (A Unit Of Max Health Care Institute Ltd)",Delhi,North West,Delhi,28.720159,77.1355,Private
659,"Blood Centre, Hakeem Abdul Hameed Centenary Hospital",Delhi,South,New Delhi,28.513711,77.251861,Private
615,"Blood Centre, Institute Of Liver And Biliary Sciences",Delhi,South West,New Delhi,28.506259,77.165051,Government
616,"Blood Centre, Lal Bahadur Shastri Hospital",Delhi,East,Delhi,28.617839,77.311452,Government
284870,Cribs Blood Centre,Delhi,South,New Delhi,28.511995,77.255437,Charitable
618,"Blood Centre, Hindu Rao Hospital",Delhi,North,Delhi,28.67538,77.212312,Government
619,"Blood Centre, Swami Dayanand Hospital",Delhi,North East,Delhi,28.678471,77.304087,Government
285066,Mgs Super Speciality Hospital,Delhi,West,Punjabi Bagh,28.727954,77.152927,Private
97127,Max Super Speciality Hospital Dwarka,Delhi,North West,New Delhi,28.727954,77.152927,Private
97128,Blood centre of Lady Harding Medical College & Associated Hospitals,Delhi,New Delhi,New Delhi,28.608897,77.194036,Government
660,"Blood Centre, Indian Spinal Injuries Centre",Delhi,South West,New Delhi,28.532663,77.141765,Private
280306,Blood Centre Rbtc Lok Nayak Hospital,Delhi,Central,Delhi,28.632374,77.190874,Government
663,"Blood Centre, Primus Super Speciality Hospital",Delhi,South,New Delhi,28.527512,77.213547,Private
620,"Blood Centre, Kasturba Gandhi Hospital",Delhi,Central,New Delhi,28.648838,77.238017,Government
664,Blood Centre Organization,Delhi,Central,New Delhi,28.642777,77.18156,Private
622,Rotary Blood Centre,Delhi,South,New Delhi,28.513434,77.24269,Charitable
666,"Blood Centre, White Cross Blood Centre",Delhi,South,New Delhi,28.560675,77.253601,Private
623,Lions Blood Centre Rbtc,Delhi,North West,Delhi,28.704148,77.162213,Charitable
284742,Rotary Delhi Capitol Charitable Blood Centre,Delhi,North East,Delhi,28.653968,77.304182,Charitable
624,"Blood Centre, Mission Jan Jagriti Blood Centre",Delhi,North West,Delhi,28.606008,77.295437,Charitable
625,"Blood Centre, Pitampura Blood Centre",Delhi,North West,New Delhi,28.700002,77.125443,Charitable
283498,Life Line Blood Centre A Unit Of Mata Roop Rani Maggo And Mahindru Hospital,Delhi,New Delhi,Uttam Nagar,28.596147,77.22251,Private
283297,Blood Centre Maharaja Agrasen Hospital Dwarka,Delhi,South West,Delhi,28.67408,77.134063,Private
629,"Blood Centre, St. Stephens Hospital",Delhi,North,Delhi,28.665135,77.214542,Private
283295,Blood Centre Tarak Hospital India Pvt Ltd,Delhi,New Delhi,Delhi,28.61717,77.24147,Private
283294,Blood Centre Rajiv Gandhi Super Specialty Hospital Tahirpur Delhi,Delhi,North East,Delhi,28.707457,77.298167,Government
280167,"Manipal Hospital, Blood Centre (Bcsu)",Goa,North Goa,Panaji,15.497273,73.856318,Private
10002,Hospicio S,Goa,south Goa,Fatorda Margao,15.27947,73.960567,Government
10001,"Goa Medical College, Blood Centre",Goa,North Goa,Bambolim,15.463768,73.858813,Government
282818,"Victor Hosptial And Medical Services Ltd, Blood Centre",Goa,south Goa,Margao,15.267884,73.993075,Private
10005,District Hospital Peddem,Goa,North Goa,Mapusa,15.597585,73.820198,Government
24135,"Hiramani Blood Centre Run by Jansahayak, Trust Narayanpura Ahmedabad",Gujarat,Gandhinagar,GANDHINAGAR,23.004479,72.627739,Private
24136,LOKSEVA BLOOD CENTRE SURAT,Gujarat,Gujarat,Surat,22.565423,72.556549,Charitable
24137,Indian Red Cross Society Gandhinagar,Gujarat,Gandhinagar,GANDHINAGAR,22.608583,73.459578,Trust
24138,JEEVAN JYOT BLOOD CENTRE vadodara,Gujarat,Vadodara,vadodara,22.304204,73.1935,Charitable
24139,babubhai aslaliya blood centre,Gujarat,Rajkot,rajkot,22.274159,70.8623,Charitable
283805,Life Line Blood Center,Gujarat,Junagadh,Junagadh,21.507118,70.439882,Charitable
280415,"Indian Red Cross Society Choryasi Taluka Branch, Surat",Gujarat,Surat,surat,21.169899,72.816352,Trust
280414,Shalby Hospital,Gujarat,Ahmedabad,Ahmedabad,23.026745,72.554392,Private
24130,DR. MOHANBHAI S PATEL BLOOD CENTER RED CROSS,Gujarat,Patan,Patan,23.84495,72.121158,Trust
24131,Saurashtra Voluntary Blood Bank & Research Center,Gujarat,Rajkot,Rajkot,22.323068,70.772096,Charitable
280412,"Late N.H. Ramani Memorial Voluntary Blood Centre And Navchetan Pathology Lab., Modasa",Gujarat,Aravalli,Modasa,23.459892,73.297569,Charitable
24132,Nirali Hospital Blood storage centreNAVSARI,Gujarat,Navsari,Navsari,20.932436,72.988906,Private
24133,M/s B K VOLUNTARY BLOOD CENTRE BANAS KANTHA,Gujarat,Banas Kantha,PALANPUR,24.136524,72.41291,Charitable
283247,"Indian Red Cross Society, Bhuj",Gujarat,Kachchh,Bhuj,23.012718,72.55774,Trust
283246,Indian Red Cross Society Mahisagar District Branch,Gujarat,Mahisagar,MAHISAGAR,20.949882,72.918373,Trust
283245,Indian Red Cross Society Bhavnagar District Branch,Gujarat,Bhavnagar,Bhavnagar,21.78086,72.148418,Trust
24140,Anmol Blood Centre,Gujarat,Rajkot,Jasdan,22.261105,70.843594,Charitable
24141,VADODARA RAKTADAN KENDRA,Gujarat,Vadodara,VADODARA,20.609737,72.929097,Charitable
284449,Reva Voluntary Blood Centre,Gujarat,Ahmedabad,CHANDKHEDA,22.996906,72.539752,Charitable
802,"Smt. Shardaben Hospital, Ahmedabad",Gujarat,Ahmedabad,Ahmedabad,23.035285,72.617719,Government
803,"Civil Hospital, Ahmedabad",Gujarat,Ahmedabad,Ahmedabad,23.007582,72.546711,Government
806,"Cancer Institute, Ahmedabad",Gujarat,Ahmedabad,Ahmedabad,23.009939,72.570567,Charitable
807,Institute Of Kidney Disease And Research Centre,Gujarat,Ahmedabad,Ahmedabad,23.051439,72.605577,Charitable
808,"Dr. Jivraj Mehta Smarak Health Foundation, Ahmedabad",Gujarat,Ahmedabad,Ahmedabad,23.008319,72.543367,Charitable
809,"Prathama Blood Centre,Paldi Ahmedabad",Gujarat,Ahmedabad,Ahmedabad,22.995227,72.557086,Charitable
24112,G G Govt Hospital Blood Bank,Gujarat,Jamnagar,Jamnagar,22.455188,70.068416,Government
24113,Sterling Hospital Blood Bank,Gujarat,Ahmedabad,Ahmedabad,23.048798,72.531309,Private
24114,PDU GOVERNMENT HOSPITAL RAJKOT,Gujarat,Rajkot,Rajkot,22.311018,70.806848,Government
280518,"Indian Red Cross Society Blood Centre, Godhara",Gujarat,Panch Mahals,Godhra,22.770106,22.770106,Trust
24118,"L.G.HOSPITAL, MANINAGAR, AHMEDABAD",Gujarat,Ahmedabad,Ahmedabad,22.986283,72.543222,Government
24119,Sheth Vadilal Sarabhai General Hospital,Gujarat,Ahmedabad,Ahmedabad,23.021763,72.552065,Government
280514,JAINACHARYA JANAKCHANDRASURI BLOOD CENTRE AND SMT. PUSHPABEN RAMESHBHAI SHAH BLOOD COMPONENT CENTRE,Gujarat,Sabar Kantha,Sabar Kantha,23.376606,72.488951,Charitable
280515,Zydus Hospitals And Healthcare Research Pvt. Ltd,Gujarat,Ahmedabad,Ahmedabad,23.034475,72.591401,Private
280754,Sardar Vallabhbhai Patel Institute Of Medical Science And Research Blood Centre,Gujarat,Ahmedabad,Ahmedabad,22.982656,72.580424,Charitable
24111,Blood Bank Gmers Medical College & Hospital,Gujarat,Patan,Dharpur,23.847914,72.087573,Government
810,"White Cross Blood Centre (Vol.), Ahmedabad",Gujarat,Ahmedabad,Ahmedabad,23.06573,72.636791,Charitable
283224,Dhwani Blood Centre,Gujarat,Vadodara,Vadodara,22.314373,73.174114,Charitable
811,Adarsh Voluntary Blood Centre Managed By Devam Charitable Trust,Gujarat,Ahmedabad,Ahmedabad,23.014508,72.554546,Private
815,Sanjivani Blood Bank Voluntaryand Apheresis Centre Paldi,Gujarat,Ahmedabad,Ahmedabad,23.033022,72.560161,Charitable
817,"Ahmedabad Raktdan Kendra (Voluntary), Ahmdedabad (Formerly Known As Mahagujarat Blood Bank)",Gujarat,Ahmedabad,ahmedabad,23.041693,72.592746,Charitable
818,"Sarvodaya Charitable Trust Blood Centre, (Supratech Voluntary Blood Centre), Ahmedabad",Gujarat,Ahmedabad,Ahmedabad,23.005807,72.523979,Charitable
819,Help Voluntary Blood Centre,Gujarat,Ahmedabad,Ahmedabad,23.000103,72.604863,Charitable
285225,"Blood Centre, K.K. Maheta Government Hospital",Gujarat,Amreli,SAVARKUNDLA,21.635468,71.247853,Government
1809,"General Hospital, Porbandar",Gujarat,Porbandar,Porbandar,21.636578,69.628472,Government
24124,Blood Bank Gmers Medical College Hospital Vadnagar,Gujarat,Mahesana,Vadnagar,23.737168,72.363747,Government
24125,Indian Red Cross Society Anand,Gujarat,Anand,Anand,22.554608,72.960402,Trust
282809,Ayush Blood Center,Gujarat,Vadodara,Vadodara,22.273815,73.189913,Charitable
24126,"INDIAN RED CROSS BLOOD BANK,NADIAD",Gujarat,Kheda,Nadiad,22.691088,22.691088,Trust
280745,Kusumben Dhirajlal Charitbale Hospital Blood Centre,Gujarat,Ahmedabad,Ahmedabad,23.039122,72.542917,Charitable
280741,Lifeline Blood Centre,Gujarat,Surendranagar,surendranagar,22.739396,71.654057,Charitable
280742,Shantabaa Medical College And General Hospital Blood Centre,Gujarat,Amreli,Amreli,21.587686,71.238699,Private
284426,My Blood Centre,Gujarat,Dahod,Dahod,22.870372,74.276962,Charitable
24120,"Blood Centre, New Civil Hospital, Surat",Gujarat,Surat,Surat,21.180272,72.821117,Government
24121,Voluntary Blood Centre SMIMER,Gujarat,Surat,Surat,21.196246,72.845477,Government
821,GCS MEDICAL COLLEGE HOSPITAL AND RESEARCH CENTER,Gujarat,Ahmedabad,Ahmedabad,22.287302,70.8003,Charitable
280740,Dharmsinh Desai Foundation Blood Centre,Gujarat,Kheda,Nadiad,22.735256,72.807057,Private
24122,GOVT.MEDICAL & GENERAL HOSPITAL SIDDHPUR,Gujarat,Patan,Siddhpur,23.916169,72.372983,Government
822,"Indu Voluntary Blood Centre, Anand",Gujarat,Anand,Anand,22.511243,73.012003,Charitable
284785,Praneta Blood Centre,Gujarat,Ahmedabad,AHMEDABAD,23.006225,72.541921,Charitable
1807,"Bhansali Trust Raktdan Kendra, Radhanpur",Gujarat,Patan,Radhanpur,23.823539,71.616139,Charitable
823,Shree Ghanshyam Pathology Laboratory And Blood Centre,Gujarat,Anand,Anand,22.556549,72.963992,Private
284421,Jivan Voluntary Blood Centre Run By Sanskruti Foundation,Gujarat,Banas Kantha,PALANPUR,24.157218,72.43867,Charitable
1806,"Seventilal Kantilal, Patan",Gujarat,Patan,Patan,23.848226,72.112104,Charitable
824,"Gandhi Lincoln Hospital, Deesa",Gujarat,Banas Kantha,Deesa,24.256318,72.184372,Charitable
1805,"Raktdan Kendra Voluntary Blood Centre, Godhra",Gujarat,Panch Mahals,Panch Mahals,22.762228,73.608892,Charitable
825,"Sir T. Hospital, Bhavnagar",Gujarat,Bhavnagar,Bhavnagar,21.76982,72.160378,Government
826,Bhavnagar Blood Centre,Gujarat,Bhavnagar,Bhavnagar,21.76982,72.160378,Charitable
1804,N. M. Patel Blood Bank And Dr.A.C.Mapara Blood Component Center Bilimora,Gujarat,Navsari,Bilimora,20.985046,72.954659,Charitable
1803,"Visnagar Voluntary Blood Centre, Visnagar",Gujarat,Mahesana,Mahesana,23.702248,72.373358,Charitable
828,"Mayur Blood Centre (Vol.), Mandvi",Gujarat,Kachchh,Mandvi,22.833302,69.354198,Private
1802,"Mehsana Jaycees, Mehsana",Gujarat,Mahesana,Mehsana,23.607589,72.384975,Charitable
829,"G.K. General Hospital, Bhuj",Gujarat,Kachchh,Bhuj,23.240587,23.240587,Government
1801,"Indian Red Cross Society Blood Centre, Kapadwanj",Gujarat,Kheda,Kapadwanj,22.691088,22.691088,Trust
1811,"Shree Ram Blood Centre, Porbandar",Gujarat,Porbandar,Porbandar,21.640642,69.604689,Charitable
1810,"Aasha Blood Centre, Porbandar",Gujarat,Porbandar,Porbandar,21.636578,69.628472,Charitable
280578,"Indu Voluntary Blood Centre, Bodeli, Dist. Chhotaudepur",Gujarat,Chhotaudepur,Chhotaudepur,22.550975,72.559661,Charitable
280457,"Shree Swaminarayan Sankar Dham Trust Sanskar Blood Centre, Morbi",Gujarat,Morbi,Morbi,22.582819,72.565453,Charitable
280455,Savior Voluntary Blood Centre And Research Centre,Gujarat,Surat,Surat,22.287302,70.8003,Charitable
280576,"Sumandeep Vidhyapith, Chandkheda",Gujarat,Ahmedabad,Ahmedabad,23.054772,72.542057,Charitable
280456,"Charusat Healthcare And Research Foundation, Smt Chandaben Mohanbhai Patel Blood Bank, Changa",Gujarat,Anand,changa,22.523452,72.935679,Charitable
830,"Jivanjyot Blood Centre, Bhuj",Gujarat,Kachchh,Bhuj,23.241748,69.67181,Private
284018,"Shrimad Rajchandra Hospital And Research Centre, Blood Centre",Gujarat,Valsad,Dharampur,22.287302,70.8003,Charitable
280453,"Lions Blood Centre, Ognaj",Gujarat,Ahmedabad,Ahmedabad,23.034165,72.539389,Charitable
833,"Shraddhadeep Pathology Lab And Blood Centre, Gandhinagar",Gujarat,Gandhinagar,Gandhinagar,23.226929,72.646557,Private
1819,"Patel Voluntary Blood Centre, Modasa",Gujarat,Aravalli,Arvalli,23.467375,73.297689,Charitable
280452,M/S. Cims Hospital Pvt.Ltd.,Gujarat,Ahmedabad,AHMEDABAD,23.028672,72.573814,Private
284136,"Ved Voluntary Blood Centre, Amreli",Gujarat,Amreli,Amreli,21.603535,71.261298,Private
834,"Apollo Hospital International Ltd., Bhat",Gujarat,Gandhinagar,Gandhinagar,23.109635,72.625835,Private
1818,"Indian Red Cross Society, Himmatnagar",Gujarat,Sabar Kantha,Himmatnagar,23.056733,72.573372,Trust
280573,"General Hospital, Surendranagar",Gujarat,Surendranagar,Surendranagar,22.7226,71.649165,Government
1817,"Astha Voluntary Blood Centre, Gondal",Gujarat,Rajkot,Gondal,21.959147,70.803122,Charitable
284135,"Divya Jivan Blood Centre, Sanand",Gujarat,Ahmedabad,Ahmedabad,23.045111,72.563894,Private
837,"Navdeep Blood Centre, Junagadh",Gujarat,Junagadh,Junagadh,21.520745,70.454426,Charitable
839,Muljibhai Patel Urological Hospital,Gujarat,Kheda,Nadiad,22.683058,72.872039,Charitable
1812,"Nationality Development Foundation, Rajkot",Gujarat,Rajkot,Rajkot,22.283334,70.799999,Charitable
24109,"General Hospital & Gmers Medical College, Valsad",Gujarat,Valsad,Valsad,20.59404,72.922063,Government
24101,Indian Red Cross Society Ahmedabad Blood Bank,Gujarat,Ahmedabad,Ahmedabad,23.012718,72.55774,Trust
24102,M/s Trustees of Galbabhai Nanjibhai Patel Charitable Trust Sanchalit Blood Centre,Gujarat,Banas Kantha,Palanpur,24.157231,72.42698,Charitable
24104,GMERS MEDICAL COLLEGE ATTACHED GENERAL HOSPITAL,Gujarat,Gandhinagar,Gandhinagar,22.313751,73.148086,Government
24105,"Blood Bank, GMERS Medical College and Hospital, Gotri",Gujarat,Vadodara,Vadodara,22.313751,73.148086,Government
24106,"GMERS Medical college & general Hospital, Himmatnagar",Gujarat,Sabar Kantha,himmatnagar,23.608546,72.391231,Government
24107,S.S.G.HOSPITAL.,Gujarat,Vadodara,Vadodara,22.313343,73.183938,Government
24108,Medical Superintendent of GMERS Medical college & general Hospital Sola,Gujarat,Ahmedabad,Ahmedabad,23.01774,72.54822,Government
284927,"Blood Center, Gmers Medical College Attached General Hospital, Rajpipla",Gujarat,Narmada,Rajpipla,23.595692,72.960688,Government
1822,Shraddha Blood Centre,Gujarat,Surendranagar,DHRANGADHRA,22.712621,71.641549,Private
1820,SHRIMATI DAHIBEN RATILAL CHARITABLE TRUST SANCHALIT TRIMURTI VOLUNTARY BLOOD CENTRE,Gujarat,Sabar Kantha,Sabar Kantha,23.355637,72.475212,Charitable
840,Gujarat Methodist Church Cardiac Care And Research Society Blood Centre.Nadiad,Gujarat,Kheda,Nadiad,22.701204,72.844443,Charitable
841,"Sardar Seva Trust, Unjha Nagrik Sahkari Voluntary Blood Centre, Unja",Gujarat,Mahesana,UNJHA,23.804024,72.389713,Charitable
842,"Indian Red Cross Society Blood Centre, Navsari",Gujarat,Navsari,Navsari,20.949882,72.918373,Trust
845,Life Blood Centre (Formerly Known As Rajkot Voluntary Blood Centre),Gujarat,Rajkot,Rajkot,22.295216,70.80851,Charitable
846,"Nathani Voluntary Blood Centre, Rajkot",Gujarat,Rajkot,Rajkot,22.2943,70.788614,Charitable
283156,Sushrusha Blood Centre Navasari,Gujarat,Navsari,Jalalpore,21.002023,72.93835,Charitable
847,"Red Cross Blood Centre, Rajkot",Gujarat,Rajkot,Rajkot,22.295381,70.796956,Trust
1827,"Smt. Puriben Popat Lakha Blood Centre , Vapi",Gujarat,Valsad,vapi,20.373994,72.904781,Charitable
283155,Indian Red Cross Society Dang,Gujarat,Dang,Dang,23.012718,72.55774,Trust
1826,"S.B. P.P. Co-Op. Centre Foundation Blood Centre, Killa Pardi",Gujarat,Valsad,valsad,20.570828,72.906196,Charitable
283154,"Indian Red Cross Society,Tarapur Taluka",Gujarat,Anand,Tarapur,22.554608,72.960402,Trust
849,Surat Raktdan Kendra And Reseach Centre,Gujarat,Surat,Surat,21.172667,72.829951,Charitable
1825,"Lions Medical Trust, Chikhali",Gujarat,Navsari,Chikhli,20.947927,73.028072,Charitable
1824,"Dhiraj Blood Centre, Vadodara",Gujarat,Vadodara,VADODARA,22.30732,73.181079,Charitable
284483,Unity Blood Centre Surat,Gujarat,Surat,Surat,21.173508,72.816173,Charitable
1823,"Maliba Raktdan Kendra, Indian Red Cross Society, Vyara",Gujarat,Tapi,Vyarat,22.691088,22.691088,Trust
280438,"General Hospital, Godhra",Gujarat,Panch Mahals,Godhra,22.771958,73.620689,Government
280559,"General Hospital, Jamkhambalia",Gujarat,Devbhoomi Dwarka,Jamkhambhalia,22.551368,72.557749,Government
850,"Lok Samarpan Raktadan Kendra, Surat",Gujarat,Surat,Surat,21.219718,72.910619,Charitable
851,Surat Healthcare Foundation,Gujarat,Surat,Surat,21.195,72.819444,Charitable
852,"Blood Centre, Shree Mahavir Health And Medical Relief Society, Surat",Gujarat,Surat,Surat,21.184104,72.813897,Charitable
853,"Shree Sardar Smarak Hospital Blood Centre, Bardoli",Gujarat,Surat,Surat,21.130451,73.108096,Charitable
854,"C. U. Shah Medical College And Hospital, Surendranagar",Gujarat,Surendranagar,Surendranagar,22.7226,71.649165,Charitable
284115,"Polycab Social Welfare Foundation Blood Centre, Halol",Gujarat,Panch Mahals,Panch Mahals,22.839148,73.621509,Private
855,"Laxmiben Kushalbhai Patel, Vyara",Gujarat,Tapi,Vyara,21.113314,21.113314,Charitable
858,"Medical Care Centre, Vadodara",Gujarat,Vadodara,Vadodara,22.314965,73.195356,Charitable
284472,"Life Line Blood Centre,Bopal",Gujarat,Ahmedabad,Ahmedabad,22.983006,72.546519,Charitable
284471,Blood Centre Indian Red Cross Society Vadodara District Branch,Gujarat,Vadodara,Vadodara,22.293686,73.174457,Trust
280426,Blood Centre Parul Sevashram Hospital,Gujarat,Vadodara,Vadodara,22.361616,73.159129,Charitable
860,"Indu Blood Centre , Vadodara",Gujarat,Vadodara,Vadodara,22.304204,73.1935,Charitable
280303,"Indian Red Cross Society, Narmada District Branch",Gujarat,Narmada,Narmada,22.691088,22.691088,Trust
861,"Bhailal Amin General Hospital Blood Centre, Vadodara",Gujarat,Vadodara,Vadodara,22.325426,73.163239,Charitable
862,Kchrc,Gujarat,Vadodara,WAGHODIYA,22.335742,73.227008,Charitable
284229,"Adarsh Blood Centre, Kalol",Gujarat,Gandhinagar,Gandhinagar,23.074737,72.639331,Private
284228,"Zydus Hospitals And Healthcare Research Private Limited Blood Centre, Vadodara",Gujarat,Vadodara,Vadodara,22.329207,73.195619,Private
865,Valsad Raktdan Kendra,Gujarat,Valsad,Valsad,20.609737,72.929097,Charitable
866,"Nukem Blood Centre, Vapi",Gujarat,Valsad,Vapi,20.381255,72.920819,Charitable
870,"Indian Red Cross Soceity, Amreli",Gujarat,Amreli,Amreli,21.606994,71.22186,Trust
284979,Anubhav Voluntary Blood Centre,Gujarat,Banas Kantha,Dhanera,24.154173,72.383213,Charitable
871,A.D. Gorwala Blood Centre,Gujarat,Anand,Karamsad,22.539473,72.890433,Private
872,Indian Red Cross Society Blood Centre Petlad,Gujarat,Anand,Petlad,22.564674,72.96086,Trust
873,"M. U. Pethani Voluntary Blood Centre, Palanpur",Gujarat,Banas Kantha,Banas Kantha,24.170367,72.435186,Charitable
874,Gayatri Blood Center Palanpur,Gujarat,Banas Kantha,palanpur,24.144941,72.419291,Private
875,"Bhoomi Voluntary Blood Centre, Palanpur",Gujarat,Banas Kantha,Palanpur,24.162436,72.414225,Charitable
284971,All India Institute Of Medical Sciences Rajkot,Gujarat,Rajkot,Rajkot,22.255268,70.826297,Government
879,"Gayatri Voluntary Blood Centre, Deesa",Gujarat,Banas Kantha,Deesa,24.263756,72.162408,Private
284172,Prathama Blood Centre Nikol Ahmedabad,Gujarat,Ahmedabad,Ahmedabad,23.030506,72.549597,Charitable
284170,"Sarvoday Charitbale Trust Blood Centre, Kadi, Mehsana",Gujarat,Mahesana,Mehsana,23.692204,72.429472,Charitable
880,Adarsh Voluntry Blood Centre,Gujarat,Vav-Tharad,Tharad,23.087882,72.679701,Private
881,"Indian Red Cross Society Blood Centre, Bharuch",Gujarat,Bharuch,Bharuch,21.725118,21.725118,Trust
284968,Shraddha Seva Blood Centre Surat,Gujarat,Surat,Surat,21.172667,72.829951,Charitable
882,Kumarpal Gandhi Blood Centre,Gujarat,Bharuch,Ankleshwar,21.628147,72.995778,Charitable
883,"Bambhaniya Voluntary, Bhavnagar",Gujarat,Bhavnagar,Bhavnagar,21.774103,72.143714,Charitable
884,"Smt. Sonalien A. Shah Blood Centre, Omkar Paramedical Trust, Botad",Gujarat,Botad,Botad,22.536445,72.539724,Charitable
885,"Navkar Charitable Trust, Mahuva",Gujarat,Bhavnagar,Mahuva,21.088961,71.769089,Charitable
886,"Rajabhai Patel, Ima, Gandhidham",Gujarat,Kachchh,Gandhidham,23.073501,23.073501,Charitable
282662,General Hospitalbharuch Managed By Dr.Kiran.C.Patel Medical College And Research Institute Bharuch,Gujarat,Bharuch,Bharuch,21.671664,47.324662,Government
888,Kiran Hospital Blood Centre,Gujarat,Surat,Surat,22.839956,74.254361,Charitable
284840,Sarvjanik Blood Center,Gujarat,Mahisagar,SANTRAMPUR,20.94344,72.891226,Charitable
889,"Indian Red Cross Society Blood Centre, Dahod",Gujarat,Dahod,Dahod,22.838831,74.254139,Trust
284169,"U.N. Mehta Institute Of Cardiology, Ahmedabad",Gujarat,Ahmedabad,Ahmedabad,22.992962,72.541646,Private
282661,Nadiad Raktdan Kendra Blood Centre,Gujarat,Kheda,Kheda,21.118758,73.404128,Private
284285,"Lions Club Of Baroda Blood Centre, Vadodara",Gujarat,Vadodara,Vadodara,22.265754,73.138027,Private
284284,"Lifeline Blood Centre, Ahmedabad",Gujarat,Ahmedabad,Ahmedabad,23.039409,72.589156,Private
284283,"Sardar Vallabhbhai Patel Blood Centre, Chandkheda",Gujarat,Ahmedabad,Ahmedabad,23.002053,72.564096,Private
284839,Blood Bank Ekta Foundation Trust Sanchalit Ekta Blood Centre,Gujarat,Mahesana,Mehsana,23.726375,72.391719,Charitable
282659,"H.K. Voluntary Blood Centre, Patan",Gujarat,Patan,Patan,23.869384,72.154503,Charitable
891,Ima Mansa Charitable Trust Sanchalit Cmk And Pnn Voluntary Blood Centre,Gujarat,Gandhinagar,Gandhinagar,23.006292,72.613464,Private
892,"Indian Red Cross Society Blood Centre, Kalol",Gujarat,Gandhinagar,Kalol,23.012718,72.55774,Trust
893,"Jamnagar Voluntary Blood Centre, Jamnagar",Gujarat,Jamnagar,Jamnagar,22.461884,70.072017,Charitable
894,"Divyajyoti Charitable Voulantary Blood Centre, Una",Gujarat,Gir Somnath,Una,20.827644,70.041767,Charitable
895,"Blood Centre, Gmers Medical College And Hospital, Junagadh",Gujarat,Junagadh,JUNAGADH,21.520666,70.459367,Government
896,"Sardar Patel Voulantary Blood Centre, Keshod",Gujarat,Junagadh,Keshod,21.297078,70.246131,Charitable
284833,Divine Voluntary Blood Centre,Gujarat,Ahmedabad,Dholka,23.031852,72.556474,Charitable
897,"Shri Jivanprakash Foundation Voluntary Blood Centre, Junagadh",Gujarat,Junagadh,Junagadh,21.520902,70.453799,Charitable
284952,Jeevan Jyot Blood Centre Surat,Gujarat,Surat,Surat,21.185109,72.856397,Charitable
284396,Shivansh Voluntary Blood Centre And Apheresis Centre,Gujarat,Sabar Kantha,Himmatnagar,23.308739,72.494379,Charitable
284390,Rakt Bharati Blood Centre,Gujarat,Surat,Surat,21.245458,72.821425,Charitable
280585,"Kiran Blood Centre, Dahod",Gujarat,Dahod,Dahod,22.839956,74.254361,Charitable
280580,Model Hospital Bapunagaresicahmedabad,Gujarat,Ahmedabad,ahmedabad,22.960227,72.539617,Government
284385,"Indian Red Cross Society Blood Centre , Gir Somnath District Branch",Gujarat,Gir Somnath,Veraval,20.830002,70.022732,Trust
284539,Aroma Blood Centre Palanpur,Gujarat,Banas Kantha,PALANPUR,24.162436,72.414225,Charitable
283566,Dev Life Blood Centre,Gujarat,Rajkot,Jetpur,22.264427,70.741113,Charitable
284411,Lifecare Blood Centre,Gujarat,Morbi,Morbi,22.541389,72.590624,Charitable
283321,Navkar Charitable Trust Blood Centre Palitana,Gujarat,Bhavnagar,Palitana,21.760593,72.129675,Charitable
284526,Shree Blood Center,Gujarat,Morbi,Morbi,22.507329,72.502529,Charitable
283316,Sankalp Voluntary Blood Centre,Gujarat,Banas Kantha,Deesa,24.108026,72.440147,Charitable
282583,Zydus Blood Centre,Gujarat,Dahod,DAHOD,22.842498,74.248561,Private
282580,White Cross Voluntary Blood Centre,Gujarat,Vav-Tharad,Dhanera,23.06573,72.636791,Private
284086,Unity Blood Centre,Gujarat,Bharuch,Bharuch,21.685635,47.355622,Charitable
280714,Nootan Blood Centre Apheresis Centre,Gujarat,Mahesana,Visnagar,23.690592,72.375336,Charitable
280836,General Hospital Mahuva (Bsu),Gujarat,Bhavnagar,Mahuva,21.754749,72.136763,Government
280715,Sardar Vallabhbhai Patel Blood Centre,Gujarat,Surat,Surat,21.1525,72.828614,Charitable
283427,Jeevandeep Blood Center Rajkot,Gujarat,Rajkot,RAJKOT,22.296118,70.835555,Charitable
282579,Banas Voluntary Blood Centre,Gujarat,Banas Kantha,Palanpur,24.161476,72.383658,Private
284513,Sims Blood Center,Gujarat,Gandhinagar,Gandhinagar,23.015738,72.671671,Charitable
283422,Patan Voluntary Blood Bank,Gujarat,Patan,patan,23.829435,72.109651,Private
280703,Blood Centre Narayana Multispeciality Hospital,Gujarat,Ahmedabad,Ahmedabad,23.029466,72.58149,Private
284504,Indian Red Cross Society Banaskantha,Gujarat,Banas Kantha,Palanpur,23.012718,72.55774,Trust
280269,Nidhi Voluntary Blood Centre,Gujarat,Vav-Tharad,Tharad,23.083587,72.60272,Charitable
284184,Shah Krishan Sewa Blood Centre,Haryana,Kaithal,Kaithal,29.143709,76.800547,Charitable
11061,The Medanta Blood Centre,Haryana,Gurgaon,Gurgaon,28.439105,77.040909,Private
11060,Sarvodaya Hospital And Research Centre,Haryana,Faridabad,Faridabad,28.422451,77.316923,Private
11063,Metro Heart Institute,Haryana,Faridabad,Faridabad,28.406835,77.318049,Private
11062,Asian Institute Of Medical Sciences,Haryana,Faridabad,Faridabad,28.425756,77.299823,Private
11065,"Sgt Medical College, Hospital And Research Institute",Haryana,Gurgaon,Gurgaon,28.478407,76.902714,Private
283807,"Blood Centre, Mm College Of Medical Sciences And Research, Ambala",Haryana,Ambala,Ambala,30.252282,77.049488,Private
280413,Rotary Blood Centre Gurugram,Haryana,Gurgaon,Gurugram,28.4374,77.023548,Charitable
284977,Yatharth Super Speciality Hospital (A Unit Of Pristine Infracon Private Limited),Haryana,Faridabad,Faridabad,28.452089,77.329114,Private
283487,Pawan Hospital Blood Centre,Haryana,Faridabad,FARIDABAD,28.405906,77.292584,Private
11066,Blood Centre General Hospital Fatehabad,Haryana,Fatehabad,Fatehabad,29.517629,75.448988,Government
11069,"Fortis Memorial Research Institute, A Unit Of Fortis Health Management (North) Limited",Haryana,Gurgaon,Gurgaon,28.490898,76.962427,Private
11068,"Park Hospital, (Unit Of Park Medicentre And Institution Pvt. Ltd.)",Haryana,Gurgaon,Gurgaon,28.503275,76.985815,Private
11074,Blood Centre General Hospital Palwal,Haryana,Palwal,Palwal,28.136087,77.327024,Government
285169,Samarpan Charitable Blood Centre,Haryana,Bhiwani,Bhiwani,28.788185,76.154707,Charitable
280888,Blood Centre General Hospital Rohtak,Haryana,Rohtak,Rohtak,29.17,75.718602,Government
280887,Esic Blood Centre Medical College And Hospital,Haryana,Faridabad,faridabad,28.42773,77.287682,Government
283514,Bhagwan Das Hospital Blood Centre,Haryana,Sonipat,Sonipat,29.0207,77.001357,Private
283478,Shri Krishna Blood Centre,Haryana,Charkhi Dadri,Charkhi dadri,29.13992,76.85676,Private
282784,Lifeline Foundation Blood Centre,Haryana,Palwal,Palwal,29.24401,77.046324,Charitable
284565,Ashirwad Blood Center Gurgaon,Haryana,Gurgaon,Gurgaon,28.488279,77.002549,Private
11077,N.C. Medical College And Hospital,Haryana,Panipat,Israna,29.286568,76.878961,Private
282783,Swami Vivekanand Blood Centre,Haryana,Yamunanagar,Yamunanagar,15.059711,38.646548,Private
282782,City Charitable Blood Centre,Haryana,Yamunanagar,Yamunanagar,0.0,0.0,Charitable
283871,Accord Superspeciality Hospital,Haryana,Faridabad,Faridabad,28.425534,77.347551,Private
282781,Saheed Udam Singh Charitable Blood Bank (Run By Bhagwan Parshu Ram Charitable Trust-Rohtak),Haryana,Yamunanagar,Yamunanagar,15.070196,38.669598,Charitable
282780,Sanjivani Blood Centre( Run By Nagar Vikas Sangthan- Panipat),Haryana,Yamunanagar,Yamunanagar,15.022661,38.624351,Charitable
284281,Artios Blood Centre,Haryana,Panipat,Panipat,28.438259,76.917342,Private
11041,Shree Maa Blood Centre,Haryana,Yamunanagar,Yamunanagar,30.147696,77.304339,Private
11042,Mm Institute Of Medical Sciences And Research,Haryana,Ambala,Ambala,30.252282,77.049488,Private
282779,National Blood Centre Yamunanagar,Haryana,Yamunanagar,Yamunanagar,15.037551,38.67224,Charitable
280876,SDCH Mandi Dabwali,Haryana,Sirsa,Dabwali,29.504369,75.021935,Government
282777,Manav Sewa Sangam Charitable Blood Centre (In Side Sangam Charitable Hospital),Haryana,Fatehabad,Fatehabad,29.480992,75.458305,Private
282776,Blood Centre Fims,Haryana,Sonipat,Sonipat,28.988354,77.018002,Private
283986,Data Ram Blood Centre,Haryana,Mahendragarh,MAHENDERGARH,29.102449,76.852944,Private
282775,Rotary Sonipat City Blood Centre And Dialysis Centre,Haryana,Sonipat,Sonipat,28.985567,77.047217,Charitable
284799,Nirmal Institute Of Medical Sciences,Haryana,Karnal,Karnal,28.4734936,77.2906064,Charitable
282774,Nidaan Blood Centre,Haryana,Sonipat,Sonipat,28.998734,77.006234,Private
282773,Sfg Blood Centre,Haryana,Rohtak,Rohtak,29.146061,75.73577,Private
11045,Bharat Blood Centre,Haryana,Panipat,Panipat,0.0,0.0,Charitable
11044,Philadelphia Hospital Blood Centre,Haryana,Ambala,Ambala,30.383042,76.785947,Private
11047,Sanjeevani Blood Bank,Haryana,Ambala,Ambala,30.339065,76.836686,Charitable
282771,Shri Krishna Blood Center,Haryana,Rohtak,Rohtak,29.165129,75.707024,Private
282770,Lalita Memorial Hospital Blood Centre,Haryana,Rewari,rewari,28.232813,76.637115,Private
11048,Sonipat Blood Centre,Haryana,Sonipat,Sonipat,28.991527,77.034557,Charitable
284031,Red Drop Hyderabadi Blood Centre,Haryana,Panipat,Panipat,28.412486,76.911832,Charitable
283580,Signature Hospital Blood Centre,Haryana,Gurgaon,Gurugram,28.52194,76.979355,Private
11051,"Blood Centre, Alchemist Hospital",Haryana,Panchkula,Panchkula,28.439332,77.10227,Private
11054,Ssb Heart And Multispeciality Hospital,Haryana,Faridabad,Faridabad,28.406835,77.318049,Private
11053,Bapu Maghar Singh Ji International blood centre,Haryana,Sirsa,Sirsa,29.467914,75.068864,Charitable
285109,"Blood Centre, M/S. Aarvy Healthcare Pvt. Ltd.",Haryana,Gurgaon,Gurgaon,28.488638,76.924519,Private
282769,"Shri Joginder Memorial Charitable (Sjmc) Blood Centre, Rewari",Haryana,Rewari,Rewari,28.206259,76.627604,Private
282768,Pushapanjali Hospital Blood Centre,Haryana,Rewari,Rewari,28.238569,76.612035,Private
282767,Aroma Blood Centre,Haryana,Panipat,Panipat,28.426725,76.926317,Charitable
282766,Sanjeevani Blood Centre (Ravindra Hospital),Haryana,Panipat,Panipat,28.420125,76.925782,Private
282765,Park Blood Centre,Haryana,Panipat,Panipat,28.420003,77.048378,Private
284821,Gohana Blood Centre,Haryana,Sonipat,Gohana,28.947523,77.037715,Private
282764,"Cygnus Blood Centre, Altius Maharaja Aggarsain Hospital",Haryana,Panipat,Panipat,0.0,0.0,Private
282763,Jrp Blood Centre,Haryana,Mahendragarh,Narnaul,29.102182,76.857408,Private
11056,Sant Bhagat Singh Ji Maharaj Charitable Blood Centre,Haryana,Faridabad,Faridabad,28.383115,77.302218,Charitable
11055,Paras Hospital Blood Centre Gurugram,Haryana,Gurgaon,Gurgaon,28.471826,76.946599,Private
282761,Blood Centre Kesho Ram Narati Devi Lehs,Haryana,Kurukshetra,Shahabab Markanda,29.946262,76.833685,Charitable
11058,"Blood Centre Civil Hospital, Jhajjar",Haryana,Jhajjar,Jhajjhar,28.607735,76.642891,Government
282760,Adesh Medical College And Hospital,Haryana,Kurukshetra,Kurushetra,0.0,0.0,Private
11057,Artemis Hospital,Haryana,Gurgaon,Haryana,28.487453,76.97968,Private
283331,Navjeevan Charitable Blood Centre,Haryana,Palwal,Hodal,30.339065,76.836686,Charitable
11059,General Hospital Blood Centre Rewari,Haryana,Rewari,Rewari,28.202218,76.619789,Government
96108,"Model Blood Bank, PGIMS",Haryana,Rohtak,Rohtak,29.196666,75.713131,Government
284260,Shree Balaji Blood Centre,Haryana,Ambala,Ambala Cantt,30.147696,77.304339,Charitable
96109,"Regional Blood Transfusion Centre, Civil Hospital, Faridabad",Haryana,Faridabad,Faridabad,28.444202,77.315091,Government
96105,"BPS Govt. Medical College for Women, khanpur Kalan",Haryana,Sonipat,Sonipat,29.016273,77.027948,Government
96106,"Kalpana Chawla Medical College & Hospital, Karnal",Haryana,Karnal,Karnal,28.411343,77.119569,Government
11020,Cmc Blood Centre,Haryana,Hisar,Hissar,29.111884,75.760034,Private
96107,Medical College Agroha Hisar,Haryana,Hisar,Hisar,29.17,75.718602,Government
96103,"Blood Center, Civil Hospital, Panchkula",Haryana,Panchkula,Panchkula,30.710793,76.845878,Government
282759,Virk Blood Centre,Haryana,Karnal,Karnal,28.449497,77.128582,Private
280732,Narayana Super Speciality Hospital Blood Centre,Haryana,Gurgaon,Gurugoan,28.493912,76.999746,Private
282757,World College Of Medical Sciences And Research And Hospital,Haryana,Jhajjar,Jhajjar,30.252282,77.049488,Private
282756,"Aashirwad Blood Centre ( A Unit Of Rj Super Speciality Hospital, Bahadur Garh)",Haryana,Jhajjar,Bahadurgarh,28.576483,77.061562,Private
283966,Metro Blood Centre Jind,Haryana,Jind,Jind,29.116115,76.804853,Private
282755,Brahm Shakti Sanjivani Hospital Private Ltd,Haryana,Jhajjar,Bahadurgarh,28.609285,77.03182,Private
283965,Fatehabad Manglam Blood Centre,Haryana,Fatehabad,Fatehabad,29.517629,75.448988,Private
282754,Hansi Blood Centre,Haryana,Hisar,Hisar,29.128084,75.729287,Private
282753,SMS Blood Centre (A Unit of Sapra Medicare Pvt. Ltd.),Haryana,Hisar,Hisar,29.131336,75.775657,Private
284776,Arjh Blood Centre (A Unit Of Dr. Anant Ram Janta Hospital,Haryana,Hisar,Barwala,29.363162,75.901772,Private
282752,Mahatma Gandhi Blood Centre,Haryana,Hisar,Hisar,29.129187,75.736224,Private
283564,Amrita Institute Of Medical Sciences Research Centre,Haryana,Faridabad,Faridabad,28.425756,77.299823,Private
285080,Blood Centre Fortis Hospital Manesar Gurugram,Haryana,Gurgaon,Manesar Gurugram,28.497353,76.963694,Private
11025,Shiv Shakti Blood Centre,Haryana,Sirsa,Sirsa,29.536432,75.022062,Charitable
282595,Panchkula Welfare Trust,Haryana,Panchkula,Panchkula,30.706292,76.817829,Charitable
11024,Haryana Blood Bank,Haryana,Hisar,Hissar,29.130234,75.74437,Private
284013,Park Hospital Blood Centre Karnal,Haryana,Karnal,karnal,28.504126,77.07834,Private
282592,Umkal Health Care Pvt.Ltd,Haryana,Gurgaon,Gurgaon,28.442814,76.95727,Private
284771,Vardaan Charitable Blood Centre,Haryana,Sirsa,Sirsa,29.478747,75.022131,Charitable
11029,Pandit Ram Prakash Hospital And Kidney Centre,Haryana,Karnal,Karnal,0.0,0.0,Private
284370,Jj Blood Centre,Haryana,Jhajjar,Bahadurgarh,28.652801,77.030024,Private
284092,Lions Blood Bank,Haryana,Gurgaon,Gurugaon,28.458425,76.958236,Charitable
284090,Parth Blood Centre,Haryana,Kurukshetra,KURUKSHETRA,30.015125,76.885326,Private
11031,Manglam Blood Centre,Haryana,Hisar,Hissar,29.131899,75.744839,Private
284929,Lakshya Charitable Blood Centre,Haryana,Karnal,Karnal,28.501979,77.112324,Charitable
284925,Udham Singh Jain Civil Hospital Blood Center,Haryana,Charkhi Dadri,Charkhi dadri,29.161347,76.873762,Government
282747,Al Falah School Of Medical Science And Research Centre (A Unit Of Al Falah Charitable Trust),Haryana,Faridabad,Faridabad,28.444836,77.312221,Charitable
282746,Supreme Blood Centre,Haryana,Faridabad,Faridabad,29.398644,76.966314,Private
282745,Divine Charitable Blood Centre (Run By Jagriti Mahila Smaj Sewi Sansthan,Haryana,Faridabad,Faridabad,28.391514,77.314795,Private
282744,Park Hospital (A Unit Of Aggarwal Hospital And Research Services Private Limited),Haryana,Faridabad,Faridabad,28.469569,77.3045,Private
284888,Maharaja Agrasen Sat Narayan Gupta Hospital,Haryana,Jhajjar,Bahadurgarh,28.648204,77.022996,Private
282743,Freedom Blood Bank Bhiwani (Run By Freedom Fighter Ch. Sudhan Singh Memorial Charitable Trust),Haryana,Bhiwani,Bhiwani,28.821979,76.126118,Charitable
282742,Healing Touch Super Speciality Hospital,Haryana,Ambala,Ambala Chandigarh Highway,30.296153,76.970224,Private
11033,Save Life Blood Centre,Haryana,Karnal,Karnal,28.701048,77.103863,Charitable
284488,Sarvesh Blood Centre,Haryana,Hisar,Hisar,29.118655,75.743931,Private
283157,Noble Blood Centre,Haryana,Kaithal,KAITHAL,29.066313,76.881463,Charitable
11036,Kurukshetra Blood Centre,Haryana,Kurukshetra,Kurukshetra,29.970016,76.838528,Private
11038,Rewari Blood Centre (Shree Krishn Medical And Social Welfare Society),Haryana,Rewari,Rewari,28.177641,76.610323,Charitable
283396,Department Of Transfusion Medicine And Blood Centre,Haryana,Jhajjar,Jhajjar,28.599652,77.016034,Government
11037,Jagdambe Blood Centre,Haryana,Fatehabad,Tohana,29.715587,75.900961,Private
283391,Blood Centre Pk Healthcare Pvt.Ltd. Shalby International Hospitals,Haryana,Gurgaon,Gurgaon,28.495282,76.970675,Private
96120,Jan Sewa Blood Centre,Haryana,Rewari,Rewari,28.120105,76.642292,Private
11008,General Hospital Blood Centre Lnjp Kurukshetra,Haryana,Kurukshetra,Kurukshetra,29.970016,76.838528,Government
282616,Civil Hospital Blood Centre Ambala,Haryana,Ambala,Ambala,30.353047,76.833532,Government
282730,Apna Blood Centre (Run By Jan Swasthya And Siksha Samiti),Haryana,Palwal,Palwal,29.217946,77.087161,Charitable
11003,General Hospital Blood Centre Gurgaon,Haryana,Gurgaon,Gurgaon,28.511841,76.986694,Government
282573,Paras Hospitals Panchkula,Haryana,Panchkula,Panchkula,30.710793,76.845878,Private
11002,District Hospital Blood Centre Mahendergarh,Haryana,Mahendragarh,Narnaul,29.082747,76.821924,Government
11005,General Hospital Blood Centre Sonipat,Haryana,Sonipat,Sonipat,28.990486,77.036475,Government
11006,General Hospital Blood Centre Sirsa,Haryana,Sirsa,Sirsa,29.538977,75.014269,Government
96119,Indraprastha INSTITUTE OF MEDICAL SCIENCES,Haryana,Panipat,Panipat,28.425756,77.299823,Charitable
285145,Krishna Charitable Blood Centre,Haryana,Kurukshetra,Kurushetra,29.965172,76.895606,Charitable
96115,Sanskaram Blood Centre Jhajjar,Haryana,Jhajjar,jhajjar,28.646732,77.08114,Charitable
96116,Blood Centre Keshav Multispeciality Hospital Sonipat,Haryana,Sonipat,Kharkhoda,28.984682,77.019623,Private
11010,Red Cross Blood Centre Panipat,Haryana,Panipat,Panipat,29.39369,76.969115,Trust
96117,"Shaheed Bhagat Singh Blood Centre, Jhajjar",Haryana,Jhajjar,JHAJJAR,28.383115,77.302218,Charitable
96118,Sarvodaya blood centre,Haryana,Hisar,Hisar,29.1409,75.733801,Private
96111,Blood Bank General Hospital Mewat,Haryana,Nuh,Mandikhera,28.202218,76.619789,Government
96112,General Hospital Bhiwani Blood Bank,Haryana,Bhiwani,Bhiwani,28.797229,76.13081,Government
96113,Silver Streak Blood Centre,Haryana,Gurgaon,Manesar Distt Gurugram,28.508915,76.954588,Private
96114,DR JAI DEV MEMORIAL ROTARY AMBALA HOSPITAL,Haryana,Ambala,Ambala Cantt,30.367579,76.939669,Private
280706,Rotary Blood Centre Charitable Trust,Haryana,Faridabad,Faridabad,28.430125,77.30383,Charitable
280428,Qrg Medicare Ltd. Blood Centre,Haryana,Faridabad,Faridabad,28.387171,77.316505,Private
96110,Regional Blood Transfusion Centre District Civil Hospital Karnal,Haryana,Karnal,Karnal,28.472833,77.097524,Government
282600,Manipal Hospital Blood Centre,Haryana,Gurgaon,Gurgaon,29.391662,76.957172,Private
11012,Blood Centre District Civil Hospital Jind,Haryana,Jind,Jind,29.130104,76.847357,Government
284345,Life Line Blood Centre A Unit Of Raj Hospital,Haryana,Jind,Jind,29.16148,76.875827,Private
11011,Regional Blood Transfusion Centre,Haryana,Hisar,Hisar,29.129358,75.736894,Government
11014,Nalwa Pathology And Microbiology Lab Blood Centre,Haryana,Hisar,Hissar,29.157025,75.722428,Private
11013,District Hospital Blood Centre Yamunanagar,Haryana,Yamunanagar,Yamunanagar,15.061822,38.644392,Government
283375,Kainos Blood Centre,Haryana,Rohtak,Rohtak,29.126187,75.725238,Private
284463,"Blood Centre, District Civil Hospital, Panipat",Haryana,Panipat,panipat,28.430153,76.853352,Government
11016,Blood Centre District Civil Hospital Kaithal,Haryana,Kaithal,Kaithal,29.143698,76.815653,Government
283494,Jims Blood Centre,Haryana,Hisar,HISAR,29.152761,75.664698,Private
283493,Hansi Manglam Blood Centre,Haryana,Hisar,Hansi,29.131899,75.744839,Private
11018,Blood Centre Fortis Hospital Ltd. Faridabad,Haryana,Faridabad,Faridabad,28.468405,77.299199,Private
12011,"Zonal Hospital, Dharamshala",Himachal Pradesh,Kangra,Dharamshala,32.2129086,76.3194044,Government
12010,Deen Dayal Updhayay Hospital,Himachal Pradesh,Shimla,Shimla,31.103536,77.17218,Government
283936,Pt.Jlnmc And Hospital Blood Centre Chamba District Chamba,Himachal Pradesh,Chamba,Chamba,31.49175,77.100704,Government
12009,"Regional Hospital, Una",Himachal Pradesh,Una,UNA,31.4785791,76.2741605,Government
283978,"Chc, Nalagarh Solan.H.P.",Himachal Pradesh,Solan,Nalagarh,30.891825,77.091384,Government
283302,Shri Lal Bahadur Shastri Govt. Medical College And Hospital Mandi,Himachal Pradesh,Mandi,Mandi Nerchowk,31.487531,77.085572,Government
283995,Bhagwan Buddha Charitable Blood Centre,Himachal Pradesh,Kangra,Kangra,32.249624,76.317315,Charitable
12002,"Civil Hospital, Rohru",Himachal Pradesh,Shimla,Shimla,31.201285,77.752272,Government
12012,Blood Centre Kamla Nehru State Hospital For Mother And Child,Himachal Pradesh,Shimla,Shimla,31.20266,77.645839,Government
12004,"Regional Hospital, Kullu",Himachal Pradesh,Kullu,Kullu,31.956462,77.111661,Government
12015,Dept.Of Immunohaematology And Blood Transfusion Dr.RPGMC Kangra At Tanda,Himachal Pradesh,Kangra,Tanda,32.189731,76.319412,Government
283265,Maharishi Markandeshwar Medical College And Hospital,Himachal Pradesh,Solan,Solan,30.8713445,77.0863049,Private
12014,BCSU ZH MANDI,Himachal Pradesh,Mandi,Mandi,31.486834,77.104059,Government
282650,Dr Radhakrishnan Government Medical College And Hospital Hamirpur,Himachal Pradesh,Hamirpur,Hamirpur,31.643207,76.572287,Government
12017,Mahatama Gandhi Medical Services,Himachal Pradesh,Shimla,Rampur Bsr,31.4470213,77.6294213,Government
12016,Bhota Charitable Hospital,Himachal Pradesh,Hamirpur,Hamirpur,31.609374,76.569182,Charitable
12005,Igmc,Himachal Pradesh,Shimla,Shimla,31.243044,77.589716,Government
12007,Dr Yspgmc And Hospital Nahan,Himachal Pradesh,Sirmaur,NAHAN,31.472341,77.128677,Government
284482,All India Institute Of Medical Science Aiims Bilaspur,Himachal Pradesh,Bilaspur,Bilaspur,31.453929,77.118483,Government
12018,"Regional Hospital (Rh), Reckong Peo",Himachal Pradesh,Kinnaur,Reckong Peo,31.539316,78.267034,Government
91112,Shri Maharaja Gulab Singh Hospital Blood Bank,Jammu and Kashmir,Jammu,Jammu,32.733578,74.862023,Government
91110,Lal Ded Hospital Srinagar,Jammu and Kashmir,Srinagar,Srinagar,34.082927,74.810374,Government
91133,KASHMIR MEDICAL COLLEGE ( A UNIT OF MILLI TRUST),Jammu and Kashmir,Srinagar,Srinagar,34.091621,74.802607,Charitable
285178,Amandeep Br Medicity Hospital Blood Centre,Jammu and Kashmir,Srinagar,Srinagar,34.026574,74.774841,Private
283947,Department Of Blood Transfusion And Immuno Haematology Noora Blood Centre Umerabad Zainkote,Jammu and Kashmir,Srinagar,Srinagar,34.126671,74.816598,Private
283649,Blood Centre Children Hospital Bemina Srinagar,Jammu and Kashmir,Srinagar,Srinagar,34.077509,74.828425,Government
280794,Blood Centre District Hospital Reasi,Jammu and Kashmir,Reasi,Reasi,33.3880811,74.316008,Government
91109,Shri Maharaja Hari Singh Hospital,Jammu and Kashmir,Srinagar,Srinagar,34.0862001,74.7977402,Government
284379,Plus Medicare Hospitals Private Limited,Jammu and Kashmir,Srinagar,SRINAGAR,34.081083,74.821398,Private
91129,Blood Centre SDH Kupwara,Jammu and Kashmir,Kupwara,Kupwara,33.196249,74.853504,Government
284255,Jammu Blood Centre,Jammu and Kashmir,Jammu,Jammu,32.747134,74.882914,Charitable
13003,Department Of Blood Transfusion And Immuno Hematology Skims Soura,Jammu and Kashmir,Srinagar,Srinagar,34.077676,74.77051,Government
13007,Bee Enn General Hospital,Jammu and Kashmir,Jammu,Jammu,32.7297174,74.8411347,Private
91121,Blood Bank DH Ganderbal,Jammu and Kashmir,Ganderbal,Ganderbal,34.1944531,74.652155,Government
91105,Govt District Hospital Kathua,Jammu and Kashmir,Kathua,Kathua,32.390815,75.5252,Government
91103,Govt.Medical College Jammu,Jammu and Kashmir,Jammu,Jammu,32.754543,74.893128,Government
91125,Blood Bank Dist Hospital Ramban jammu,Jammu and Kashmir,Ramban,Ramban,33.2420569,75.2392611,Government
91120,BLOOD CENTRE CHADOORA,Jammu and Kashmir,Badgam,Chadoora,33.234474,74.81451,Government
283957,Khyber Blood Center,Jammu and Kashmir,Srinagar,Srinagar,34.07672,74.741366,Private
284945,All India Institute Of Medical Science Jammu,Jammu and Kashmir,Samba,Vijyapur,34.136677,74.800264,Government
283875,"Skims Medical College And Hospital, Bemina",Jammu and Kashmir,Srinagar,srinagar,34.102682,74.798417,Government
13013,Acharya Shri Chander College Of Medical Sciences And Hospital,Jammu and Kashmir,Jammu,Sidhra,32.760493,74.898955,Private
283397,Blood Center Shri Mata Vaishno Devi Narayana Superspeciality Hospital,Jammu and Kashmir,Reasi,Katra kakrayl,33.331578,74.330929,Private
20136,Bhagwan mahavir Manipal Hospital Blood Centre,Jharkhand,Ranchi,Ranchi,23.3955,85.28124,Private
20134,Indian Red Cross Society Bokaro,Jharkhand,Bokaro,Bokaro,23.644138,86.151112,Trust
20133,INDIAN RED CROSS SOCIETY CHATRA,Jharkhand,Chatra,Chatra,23.644138,86.151112,Trust
20132,SADAR HOSPITAL CHAIBASA,Jharkhand,Pashchimi Singhbhum,chaibasa,22.5505168,85.8054811,Government
20131,SADAR HOSPITAL SIMDEGA,Jharkhand,Simdega,Simdega,22.6149779,84.5028825,Government
14010,Guru Nanak Hospital And Research Centre Blood Centre,Jharkhand,Ranchi,Ranchi,23.349938,85.330008,Private
20130,SADAR HOSPITAL SARAIKELA,Jharkhand,Saraikela-Kharsawan,Saraikela Kharsawan,22.6149779,84.5028825,Government
285116,Orchid Blood Centre,Jharkhand,Ranchi,Ranchi,23.3451234,85.1106008,Private
20174,Laxmi Chandravansi Medical Coll Hospital Palamu,Jharkhand,Palamu,Bishrampur,24.059843,84.077202,Private
280255,SADAR HOSPITAL CHAIBASA,Jharkhand,Pashchimi Singhbhum,chaibasa,22.5505168,85.8054811,Government
284455,Asarfi Hospital Blood Centre,Jharkhand,Dhanbad,Dhanbad,23.810794,86.432994,Private
283685,Anand Rotary Blood Centre,Jharkhand,Hazaribagh,Hazribagh,24.009286,85.383525,Private
14020,Tata Main hospital West Bokaro,Jharkhand,Ramgarh,Ramgarh,24.116744,83.790537,Private
20103,Indian Red Cross Society Ranchi,Jharkhand,Ranchi,Ranchi,23.3882502,85.3281205,Trust
20147,NSMCH Blood Centre Jamshedpur,Jharkhand,Saraikela-Kharsawan,Jamshedpur,22.804227,86.181256,Private
20146,Nagarmal Modi Seva Sadan Ranchi,Jharkhand,Ranchi,Ranchi,23.371161,85.317141,Private
20101,State of Art Model Blood Center RIMS Ranchi,Jharkhand,Ranchi,Ranchi,23.380226,85.323307,Government
20143,Lake View Hospital Blood Centre Bariatu,Jharkhand,Ranchi,Ranchi,23.34783,85.3093,Private
20185,Birsa Institute of Medical Science and Research,Jharkhand,Khunti,Khunti,23.388964,85.349138,Private
20109,Sadar Hospital Dumka,Jharkhand,Dumka,Dumka,24.267264,87.251613,Government
20108,PMCH DHANBAD,Jharkhand,Dhanbad,Dhanbad,23.7976877,86.4356088,Government
20107,SADAR HOSPITAL DEOGHAR,Jharkhand,Deoghar,Deoghar,24.491027,86.693996,Government
20105,SADAR HOSPITAL BOKARO,Jharkhand,Bokaro,Bokaro Steel City,23.675112,86.145632,Government
284646,Blood Storage Unit Prakash Chand Jain,Jharkhand,Palamu,Daltonganj,24.036161,84.077461,Private
20140,Blood Centre Ikon Critical Care Dhanbad,Jharkhand,Dhanbad,Dhanbad,23.8057146,86.4509654,Private
20184,MEDICANT HOSPITAL AND RESEARCH CENTRE PRIVATE LIMITED,Jharkhand,Bokaro,BOKARO,23.633257,86.173506,Private
14027,Singhpur Nursing Home Blood Centre,Jharkhand,Ranchi,Ranchi,23.383089,85.320382,Private
20182,Brahmananda Narayana Multispeciality Hospital Blood Centre Tamolia,Jharkhand,Saraikela-Kharsawan,Tamolia,22.72828,85.376182,Private
283475,Blood Centre Hzb Arogyam Multi Speciality Hospital,Jharkhand,Hazaribagh,Hazaribagh,24.020248,85.36205,Private
284761,Madhusudan Trust Blood Centre,Jharkhand,Ranchi,Ranchi,23.362833,85.318796,Charitable
284244,Narayan Blood Centre,Jharkhand,Palamu,Daltonganj,24.056447,84.077791,Private
284121,Paras Hec Hospital Blood Centre,Jharkhand,Ranchi,Ranchi,23.406896,85.352011,Private
14030,K. M. Memorial Hospital Research Centre Blood Centre,Jharkhand,Bokaro,Bokaro,23.633257,86.173506,Private
20115,SADAR HOSPITAL GODDA,Jharkhand,Godda,Godda,24.188289,86.306465,Government
20158,Tulip Hospital Blood Centre Ranchi,Jharkhand,Ranchi,Ranchi,23.413581,85.293811,Private
20114,SADAR HOSPITAL GIRIDIH,Jharkhand,Giridih,Giridih,24.1879903,86.3064543,Government
20157,SJAS BLOOD CENTRE DHANBAD,Jharkhand,Dhanbad,Dhanbad,23.840108,86.382965,Private
20112,SADAR HOSPITAL EAST SINGBHUM,Jharkhand,Purbi Singhbhum,Jamshedpur,22.781147,86.188088,Government
20111,M.G.M. MEDICAL COLLEGE EAST SINGBHUM,Jharkhand,Purbi Singhbhum,Jamshedpur,22.809527,86.20795,Government
14035,Rinchi Trust Hospital Blood Centre,Jharkhand,Ranchi,Ranchi,23.3451234,85.1106008,Private
20153,Saraswati Chikitsalaya Blood Centre Garhwa,Jharkhand,Garhwa,Garhwa,23.64188,86.171428,Private
14032,Jamshedpur Blood Centre,Jharkhand,Purbi Singhbhum,Jamsedpur,22.804227,86.181256,Charitable
20152,Samford Hospital Blood Centre,Jharkhand,Ranchi,Ranchi,23.366268,85.319649,Private
20119,SADAR HOSPITAL KHUNTI,Jharkhand,Khunti,khunti,23.435351,85.391284,Government
20117,BLOOD CENTER S.B.M.C.H. HAZARIBAG,Jharkhand,Hazaribagh,Hazaribagh,23.997502,85.3564179,Government
284877,Shivay Blood Centre,Jharkhand,Deoghar,Deoghar,24.503359,86.709172,Private
280555,Blood Centre Asian Dwarkadas Jalan Memorial Hospital,Jharkhand,Dhanbad,Dhanbad,23.806393,86.43059,Private
283622,Shrinivas Blood Centre,Jharkhand,Dhanbad,Dhanbad,23.830303,86.445157,Private
282610,Raj Hospital Blood Centre,Jharkhand,Ranchi,Ranchi,23.349235,85.310617,Private
282695,Maa Ram Pyari Super Speciality Hospital,Jharkhand,Ranchi,Ranchi,23.394318,85.315035,Private
282651,BLOOD CENTRE TMH NOAMUNDI,Jharkhand,Pashchimi Singhbhum,Noamundi,22.594743,85.826396,Private
282572,"Shanti Bhawan Medical Centre, Blood Centre",Jharkhand,Simdega,Biru,22.648923,84.495342,Private
284872,Glocal Blood Centre,Jharkhand,Dumka,Dumka,24.25657,87.284277,Private
14041,"Blood Centre, Sadar Hospital, Koderma",Jharkhand,Kodarma,Koderma,24.188289,86.306465,Government
20126,CCL GANDHINAGAR RANCHI,Jharkhand,Ranchi,Ranchi,23.408788,85.321355,Government
14042,Devkamal Hosptal And Research Centre,Jharkhand,Ranchi,Ranchi,23.3691335,85.2204851,Private
20125,SADAR HOSPITAL RAMGARH,Jharkhand,Ramgarh,Ramgarh,24.158163,83.802052,Government
20124,SADAR HOSPITAL PALAMU,Jharkhand,Palamu,Daltonganj,24.047051,84.060447,Government
20123,SADAR HOSPITAL PAKUR,Jharkhand,Pakur,Pakur,24.6476852,87.7862334,Government
14045,Tata Central Hospital Blood Centre,Jharkhand,Dhanbad,Dhanbad,23.8057146,86.4509654,Private
20121,SADAR HOSPITAL LATEHAR,Jharkhand,Latehar,Latehar,23.7432844,84.5059776,Government
20120,SADAR HOSPITAL KODERMA,Jharkhand,Kodarma,Koderma,24.188289,86.306465,Government
20163,BLOOD CENTRE CENTRAL HOSPITAL DHANBAD,Jharkhand,Dhanbad,Jagjiwan Nagar,23.8057146,86.4509654,Government
20129,SADAR HOSPITAL SAHIBGANJ,Jharkhand,Sahibganj,Sahebganj,25.235841,87.634215,Government
20128,SADAR HOSPITAL RANCHI,Jharkhand,Ranchi,Ranchi,23.357224,85.328251,Government
282569,Vikash Sheel Seva Sansthan Godda Hospital Pvt. Ltd.,Jharkhand,Godda,Godda,24.171225,86.318573,Private
284622,Rani Hospital Blood Storage Unit,Jharkhand,Ranchi,Ranchi,23.327097,85.317584,Private
14005,"Central Hospital, Naisarai",Jharkhand,Ramgarh,Ramgarh,24.123473,83.784989,Private
284621,Swarnrekha Hospital Blood Storage Unit,Jharkhand,Ranchi,Tatisilwai Ranchi,23.356875,85.344973,Private
14048,Rotary Central Prime Blood Centre,Jharkhand,Ramgarh,Ramgarh,24.148629,83.772646,Charitable
14004,Health Point Hospital Blood Centre,Jharkhand,Ranchi,Ranchi,23.410754,85.312776,Private
14008,"Medanta Abdur Razzaque Ansari, Memorial Weavers Hospital Blood Centre",Jharkhand,Ranchi,Irba,23.4507571,85.4370738,Private
283490,Marathahalli Voluntary Blood Bank,Karnataka,Bangalore Urban,Bangalore,12.93248,77.56439,Private
283926,Hhs And Hms ( Ra) Blood Centre,Karnataka,Bangalore Urban,Bangalore,13.005526,77.582342,Charitable
283803,Belli Blood Centre,Karnataka,Ramanagara,Ramanagara,13.035191,76.465618,Charitable
29146,M S RAMAIAH MEDICAL TEACHING HOSPITAL BLOOD BANK,Karnataka,Bangalore Urban,Bangalore,13.030487,77.566648,Private
281189,"Blood Storage Centre Badami, Taluka Hospital Badami",Karnataka,Bagalkot,Badami,15.773776,75.447512,Government
281063,Banashankari Blood Center,Karnataka,Bagalkot,Bagalkote,15.77538,75.431152,Private
283482,Kolar Lions Blood Center,Karnataka,Kolar,Kolar,13.160504,78.143793,Private
29155,TRINITY VOLUNTATY BLOOD CENTRE,Karnataka,Chikmagalur,chikmaglore,12.696259,76.24474,Charitable
29154,MERCY BLOOD CENTRE,Karnataka,Bangalore Urban,Bangalore,12.985013,77.572996,Charitable
29153,DR B.R. AMBEDKAR VOLUNTARY BLOOD CENTRE,Karnataka,Shimoga,OPP- SACRED HEART CHURCH. BH ROAD. SHIVAMOGGA,13.025275,77.614217,Charitable
29159,Rotary janaseva pratishtana blood centre,Karnataka,Raichur,Raichur,8.0668,38.629393,Private
284206,"Spandana Blood Centre, Siruguppa",Karnataka,Ballari,Siruguppa,-0.060568,0.032357,Private
29158,Globalcare Blood Centre,Karnataka,Bangalore Urban,Bengaluru,13.025711,77.569819,Charitable
283479,Rotary Ima Blood Centre,Karnataka,Shimoga,Thirthahalli,16.160173,74.812128,Private
281177,Gokak Blood Bank Gokak,Karnataka,Belagavi,Gokak,15.880613,74.533284,Charitable
29152,M/s AROGYA COMPONENT BLOOD CENTRE (A unit of Rakshita Integrated Rural & Urban Development Society),Karnataka,Kalaburagi,Kalaburagi,17.304202,76.833714,Private
283592,Cims Blood Center,Karnataka,Chamarajanagar,CHAMARAJANAGAR,12.956353,77.574114,Government
15087,Khaja Banda Nawaz Teaching And General Hospital Blood Centre,Karnataka,Kalaburagi,Gulbarga,17.352728,76.853237,Charitable
15086,Manipal Hospital Blood Storage Center Bsu,Karnataka,Bangalore Urban,Bengaluru,12.979278,77.572086,Private
15084,Ima Blood Centre,Karnataka,Gadag,Gadag,15.436162,75.637616,Private
15088,"Bowring And Lady Curzon Hospitals Blood Centre, Bangalore",Karnataka,Bangalore Urban,Bangalore,12.982165,77.604276,Government
29129,Red Cross Sanjeevini Blood Bank,Karnataka,Shimoga,Shimoga,13.933868,75.57183,Trust
29128,District Hospital Blood Bank Tumakuru,Karnataka,Tumkur,Tumakuru,13.339661,77.098414,Government
15083,Davanagere Blood Centre,Karnataka,Davanagere,Davangere,14.459198,75.915238,Private
15082,Akshaya Voluntary Blood Centre,Karnataka,Bangalore Urban,Bangalore,12.989853,77.552805,Private
15080,The Uttara Kannada Blood Centre And Health Services Society,Karnataka,Uttara Kannada,Kumta,14.4292776,74.4024452,Charitable
29121,Transfusion Medicine Centre NIMHANS,Karnataka,Bangalore Urban,Bangalore,12.94039,77.59883,Government
284796,Universal Welfare Blood Centre,Karnataka,Bangalore Urban,Bangalore,12.987671,77.579579,Charitable
283221,People Tree Hospital Blood Storage Center (Bsu),Karnataka,Bangalore Urban,Bangalore,12.959249,77.532298,Private
15098,Shrimaan Harnamdas Kapoor Blood Centre Bangalore,Karnataka,Bangalore Urban,Bangalore,12.96665,77.528268,Government
15095,Al Ameen Medical College Hospital Blood Centre,Karnataka,Vijayapura,Vijaypur,16.825058,75.669209,Private
15099,Sdm College Of Medical Sciences And Hospital Blood Centre,Karnataka,Dharwad,Dharwad,15.417904,75.050162,Private
285105,Sankalp Blood Centre,Karnataka,Bangalore Urban,Bangalore,12.996754,77.570634,Charitable
15090,"Kempegowda Medical Service Trust, Millenium Blood Centre",Karnataka,Bangalore Urban,Bangalore,13.019584,77.557981,Private
29139,District Hospital MIMS Blood Bank,Karnataka,Mandya,Mandya,12.4279555,76.7010341,Government
15093,K.V.G Medical College Hospital Blood Centre,Karnataka,Dakshina Kannada,sullia,12.55332,75.384249,Private
15092,Navodaya Medical College Hospital And Research Centre Blood Centre,Karnataka,Raichur,Raichur,16.184331,77.368042,Private
15091,S.K. Voluntary Blood Centre,Karnataka,Bangalore Urban,Bangalore,12.974445,77.549288,Private
280625,Sparsh Super Speciality Hospital Blood Centre,Karnataka,Bangalore Urban,Banglore,12.973949,77.572075,Private
29132,"K. R. Hospital Blood Centre, Mysore",Karnataka,Mysore,Mysore,12.337808,76.648585,Government
29138,DISTRICT HOSPITAL BLOOD BANK Chamarajanagara,Karnataka,Chamarajanagar,Chamarajanagara,11.926773,76.941473,Government
284789,Blood Centre General Hospital Dandeli,Karnataka,Uttara Kannada,Dandeli,14.563521,74.451177,Government
283334,Manipal Hospital Whitefield Transfusion Services,Karnataka,Bangalore Urban,Bangalore,12.958758,77.6491,Private
284544,Myblood Charitable Blood Centre,Karnataka,Belagavi,Belagavi,15.850936,74.509374,Charitable
283210,Sree Siddaganga Hospital Blood Centre,Karnataka,Tumkur,Tumakuru,13.332338,77.103039,Private
284660,Manipal Hospital Blood Storage Centre Bsu Bashettihalli Village,Karnataka,Bangalore Urban,Bangalore Rural,12.994986,77.559978,Private
15065,"District Hospital Blood Centre, Dharwad",Karnataka,Dharwad,Dharwad,15.46473,75.010366,Government
283171,Maax Blood Storage Centre Bsu,Karnataka,Shimoga,Shimoga,13.908327,75.605549,Private
15063,Holy Cross Hospital,Karnataka,Chikmagalur,Chickmagalur,12.12938,77.233586,Private
15184,"Indian Red Cross Society Blood Centre, Koppal",Karnataka,Koppal,Koppal,14.475314,75.909787,Trust
15062,Hosmat Blood Centre,Karnataka,Bangalore Urban,Bengaluru,12.990154,77.53058,Private
15183,J.S.S. Hospital Blood Centre,Karnataka,Mysore,Mysore,12.29521,76.65607,Private
15068,Sri Sathya Sai Institute Of Higher Medical Sciences,Karnataka,Bangalore Urban,Bangalore,12.981135,77.729224,Private
29108,Jyothi Hospital Blood Bank,Karnataka,Dakshina Kannada,Dakshina Kannada,12.991208,75.288255,Private
15182,Akash Institute Of Medical Sciences And Research Centre Blood Centre,Karnataka,Bangalore Rural,Bangalore,13.021405,74.792037,Private
15060,Dr.B.R.Ambedkar Medical College Hospital Blood Centre,Karnataka,Bangalore Urban,Bangalore,13.025275,77.614217,Private
15181,Mediscope Blood Centre,Karnataka,Bangalore Urban,Bangalore,12.999478,77.616872,Private
15180,District Hospital (Rims-Teaching Hospital),Karnataka,Raichur,Raichur,8.073332,38.666521,Government
29101,Subbaiah Medical College Blood Bank,Karnataka,Shimoga,Shimoga,13.932932,75.617172,Private
280459,Yelahanka Lions Blood Centre,Karnataka,Bangalore Urban,Banglore,12.953469,77.566421,Charitable
280699,"Rotary Red Cross Blood Centre, Shimoga",Karnataka,Shimoga,Sagar,13.996501,75.541176,Trust
284019,Shri Dharmasthala Manjunatheshwara Hospital Blood Storage Centre,Karnataka,Dakshina Kannada,ujire,12.850483,74.857235,Private
29104,SAHYADRI NARAYANA MULTISPECIALITY HOSPITAL BLOOD BANK,Karnataka,Shimoga,Shivamogga,13.908068,75.560375,Private
29103,IMA Blood Bank Raichur,Karnataka,Raichur,Raichur,8.129618,38.70115,Private
283169,Pks General Hospital Blood Storage Centre Bsu,Karnataka,Chikmagalur,Birur,12.650982,76.25964,Government
283960,Ankur Blood Center,Karnataka,Belagavi,Chikodi,15.910937,74.504103,Charitable
284257,Jeevadhara Matoshree Blood Bank,Karnataka,Kalaburagi,Kalaburagi,17.358064,76.844283,Charitable
283167,Kerudi Blood Bank,Karnataka,Bagalkot,Bagalkot,15.779976,75.418323,Private
15076,Lions Blood Bank,Karnataka,Bangalore Urban,Bangalore,16.827207,75.725839,Private
283160,Dharwad Blood Centre,Karnataka,Dharwad,DHARWAD,15.46473,75.010366,Charitable
15073,Navarang Blood Centre,Karnataka,Bangalore Urban,Bangalore,12.9982,77.551623,Charitable
15079,"Sri Jayadeva Institute Of Cardiovascular Sciences And Research, Bengaluru",Karnataka,Bangalore Urban,Bangalore,13.001624,77.562803,Government
15078,B.G.S.Apollo Hospital,Karnataka,Mysore,Mysore,12.29573,76.632061,Private
15077,Mdc Voluntary Blood Centre,Karnataka,Mandya,Mandya,12.52027,76.899169,Private
29119,M S District Hospital Blood Bank Karwar,Karnataka,Uttara Kannada,Karwar,14.817283,74.12968,Government
29118,ESIC Model Hospital Blood Bank,Karnataka,Bangalore Urban,Bangalore,12.991869,77.541222,Government
15071,"District Hospital Blood Centre, Madikeri Kodagu",Karnataka,Kodagu,Madikeri,12.969199,76.519861,Government
284808,Shekar Blood Centre,Karnataka,Tumkur,Tiptur,13.37549,77.129954,Charitable
29112,Yenepoya Medical College Hospital Blood Bank,Karnataka,Dakshina Kannada,Mangalore,12.81194,74.881231,Private
29111,Vydehi Institute of Medical Science Research Centre,Karnataka,Bangalore Urban,Bangalore,13.021405,74.792037,Charitable
283835,Siddagangasree Voluntary Blood Centre And Components,Karnataka,Davanagere,Davanagere,14.469864,75.943002,Charitable
284923,Jeeva Sanjeevini Voluntary Blood Centre,Karnataka,Shimoga,Bhadaravathi,12.9157415,77.5909561,Charitable
283832,Jeevamrutha Blood Bank,Karnataka,Ramanagara,channapatana,13.002196,76.448808,Charitable
29115,"REGIONAL BLOOD TRANSFUSION CENTRE, Govt. Wenlock District Hospital",Karnataka,Dakshina Kannada,Mangalore,12.865442,74.884945,Government
29114,District Hospital Blood Bank Udupi,Karnataka,Udupi,Udupi,13.334045,74.742105,Government
284003,Nitte Gajria Speciality Hospital Blood Storage Centre,Karnataka,Udupi,Karkala,13.38177,74.812522,Private
283153,Taluk General Hospital Blood Storage Unit Bsu,Karnataka,Raichur,Lingasugur,8.109472,38.68359,Government
283151,Prema Bindu Blood Centre,Karnataka,Dharwad,hubli,15.424736,75.089841,Charitable
15164,Ghsis Gosha Blood Centre,Karnataka,Bangalore Urban,Bangalore,12.956834,77.559093,Government
15163,Life Line Blood Centre,Karnataka,Davanagere,Davangere,15.35144,75.117758,Charitable
15042,Adichunchanagiri Hospital And Research Centre,Karnataka,Mandya,Bellur,12.966319,76.721027,Private
15041,Karnataka Medical College And Research Institute,Karnataka,Dharwad,Hubli,15.364705,75.123954,Government
15040,"Mallegowda District Hospital Blood Centre, Chikkamagaluru",Karnataka,Chikmagalur,CHIKKAMAGALURU,13.218016,75.251826,Government
15047,Rotary Campco Blood Centre,Karnataka,Dakshina Kannada,Puttur,12.760706,75.198947,Private
15046,Bapuji Hospital Blood Centre,Karnataka,Davanagere,Davangere,14.4588202,75.9167473,Private
15167,Cauvery Heart And Multispeciality Hospital Blood Centre,Karnataka,Mysore,Mysore,12.307298,76.638544,Private
15045,"Sri Chamarajendra District Hospital Blood Centre, Hassan",Karnataka,Hassan,Hassan,13.004537,76.103797,Government
15166,R.L.Jalappa Hosptial And Research Centre,Karnataka,Kolar,Kolar,13.131674,78.173061,Private
15044,Ambika Blood Centre,Karnataka,Gadag,Gadag,15.431318,75.589089,Charitable
15165,"Navjeevan Medical Relief And Research Foundation, St.JosephS Hospital Blood Centre",Karnataka,Mysore,Mysore,12.3410708,76.6531589,Charitable
15160,Life Care Voluntary Blood Centre,Karnataka,Bangalore Urban,Bangalore,12.92837,77.581654,Private
283709,Apex Hospital Blood Bank,Karnataka,Bidar,Bidar,16.826365,75.684985,Private
284913,Fort LionS Blood Center,Karnataka,Chitradurga,Chitradurga,14.231802,76.455456,Private
283822,Jeevasanjeevini Blood Center,Karnataka,Hassan,Hassan,13.047243,76.081941,Private
283821,ANNADANESHWARA VOLUNTARY BLOOD CENTRE SINDHANUR,Karnataka,Raichur,Sindhanur,8.107525,38.677722,Charitable
284910,Community Health Center Chc Talikoti Bsu,Karnataka,Vijayapura,Talikoti,16.820247,75.679621,Government
283148,Suguna Laboratory Blood Storage Unit,Karnataka,Bangalore Urban,Bengalore,12.970602,77.592854,Private
284479,Vydehi Superspeciality Hospital Blood Centre,Karnataka,Bangalore Urban,Bengaluru,12.965494,77.555328,Private
283147,Lions Blood Center Wilson Garden,Karnataka,Bangalore Urban,Bengaluru,12.970973,77.599426,Charitable
284235,"Taluk Hospital Blood Storage Centre, Indi",Karnataka,Vijayapura,Indi,16.793648,75.681461,Government
284234,Alvas Rotary Blood Bank,Karnataka,Dakshina Kannada,Moodbidri,12.760706,75.198947,Private
15049,Smt. Valbai N. Dharamsey Blood Centre,Karnataka,Dharwad,Hubli,15.43122,75.112937,Charitable
15169,The Oxford Medical College Hospital Blood Centre And Research Centre,Karnataka,Bangalore Urban,Bangalore,12.787186,77.756942,Private
15054,Jeeva Raksha Blood Centre,Karnataka,Hassan,Hassan,13.0032624,76.0975902,Private
15174,Sakra World Hospital (A Unit Of Takshasila Hospitals Operating Private Limited),Karnataka,Bangalore Urban,Bangalore,12.959421,77.562502,Private
15173,Nitte University Blood Centre,Karnataka,Dakshina Kannada,Mangalore,12.807444,74.888332,Private
15052,CHITRADURGA MEDICAL COLLEGE AND RESEARCG CENTER,Karnataka,Chitradurga,Chitradurga,16.184331,77.368042,Government
15179,"Narayana Hrudayalaya, Surgical Hospital Pvt. Ltd.",Karnataka,Mysore,Mysore,12.345086,76.673031,Private
15178,Sri. Shankara Cancer Hospital And Research Centre,Karnataka,Bangalore Urban,Bangalore,12.954575,77.571128,Charitable
15057,Shimoga Mid Town Rotary Charity Foundation,Karnataka,Shimoga,Shimoga,13.94626,75.57832,Charitable
15177,Dr. Rajkumar (Appaji) Blood Centre,Karnataka,Bangalore Urban,Bangalore,12.967558,77.589363,Private
15056,City Hospital Research And Diagnostic Centre Bsu,Karnataka,Dakshina Kannada,Mangalore,12.87963,74.853044,Private
15176,Sri Shridevi Institute Of Medical Sciences And Research Hospital Blood Bank,Karnataka,Tumkur,Tumkur,13.376281,77.096987,Charitable
15171,Kamakshi Hospital Blood Centre,Karnataka,Mysore,Mysore,12.299739,76.623762,Private
15170,Ramanagouda Hospital Blood Centre,Karnataka,Bagalkot,Mudhol,15.364709,75.123955,Private
283815,ESIC Medical College And Hospital Blood Centre,Karnataka,Kalaburagi,Kalaburagi,17.328901,76.891869,Government
283138,Ranebennuru Blood Centre,Karnataka,Haveri,Ranebennur,12.992152,76.480505,Charitable
283499,Shivagiri Blood Centre,Karnataka,Vijayapura,Vijayapur,13.070573,77.50228,Private
283377,Cytecare Blood Centre,Karnataka,Bangalore Urban,Bangalore,12.995696,77.600259,Private
284465,Shri Banashankari Blood Centre Badami,Karnataka,Bagalkot,Badami,15.755813,75.418904,Charitable
284222,Bsk Jeevashraya Blood Centre,Karnataka,Bangalore Urban,Bangalore,12.983476,77.588602,Private
15059,The Rotary Blood Centre,Karnataka,Dharwad,Dharwad,16.160173,74.812128,Charitable
283495,Kle Centenary Charitable Hospital And Mrc Blood Bank,Karnataka,Belagavi,Belagavi,15.846326,74.550242,Charitable
283251,Hemocare Blood Centre,Karnataka,Bangalore Rural,Bengalore,13.083621,77.30248,Private
283492,Anjanadri Blood Centre,Karnataka,Koppal,Gangavathi,14.963327,76.245893,Private
15142,Manipal Hospital Yeshwanthpur Blood Centre,Karnataka,Bangalore Urban,Bangalore,12.97576,77.569464,Private
15021,"District Hospital Blood Centre, Bijapur",Karnataka,Vijayapura,Bijapur,16.828098,75.691713,Government
15020,"District Hospital Blood Centre (Brims), Bidar",Karnataka,Bidar,BIDAR,16.828098,75.691713,Government
15141,Holy Cross Hospital,Karnataka,Chamarajanagar,Chamaraja Nagara,12.12938,77.233586,Private
15140,A.J.Hsopital And Research Centre,Karnataka,Dakshina Kannada,Mangalore,12.899478,74.845975,Private
15146,Fortis Hospital Pvt. Ltd.,Karnataka,Bangalore Urban,Bangalore,12.978569,77.579395,Private
15025,"S.N.R District Hospital, Kolar",Karnataka,Kolar,Kolar,13.129255,78.13435,Government
15024,"General Hospital Blood Centre, Robertsonpet",Karnataka,Kolar,Robertsonpet K.G.F,12.953386,78.271285,Government
15145,Kasturba Hospital Blood Centre,Karnataka,Udupi,Udupi,13.353846,74.789057,Private
15144,"Sagar Blood Bank, Sagar HospitalS, (Unit Of Sagr Health Care And Diagnostic Services Pvt. Ltd.)",Karnataka,Bangalore Urban,Bangalore,13.01111,77.542031,Private
15023,The Hutti Gold Mines Govt Hospital,Karnataka,Raichur,The Hutti Gold Mines Post,8.066039,38.671927,Government
15143,Sha Damji Jadavji Chheda Memorial Rashtrotthana Blood Centre,Karnataka,Dharwad,Hubli,15.3534025,75.1348707,Private
280378,"Indian Red Cross Society Blood Centre, Udupi",Karnataka,Udupi,Kundapura,14.475314,75.909787,Trust
281225,Taluk General Hospital Blood Storage Centre(Bsu),Karnataka,Chikmagalur,Chikkamagaluru,12.666523,76.202285,Government
280379,Apollo Hospitals Enterprises Ltd Blood Centre,Karnataka,Bangalore Urban,Bangalore,12.993578,77.585102,Private
283523,"Rotary Seva Sanghs Dr. B. C. Ajari Memorial, The Rotary Blood Bank",Karnataka,Belagavi,GOKAK,15.835593,74.553741,Charitable
281224,M.S.D.M. General Hospital Koppa (Bsu),Karnataka,Chikmagalur,Koppa,12.677234,76.223727,Government
281221,Blood Storage Center Kaduru,Karnataka,Chikmagalur,KADUR,12.636581,76.272763,Government
280374,Kanachur Hospital And Research Centre,Karnataka,Dakshina Kannada,Dakshina Kannada,12.803421,74.898097,Private
283884,Malleshwaram Voluntary Blood Bank,Karnataka,Bangalore Urban,Malleshwaram,12.943892,77.557169,Private
15029,"K C General Hospital Blood Centre, Bangalore",Karnataka,Bangalore Urban,Bangalore,12.98993,77.575499,Government
15149,Sapthagiri Blood Bank,Karnataka,Bangalore Urban,Bangalore,13.070573,77.50228,Private
15028,St.PhilomenaS Hospital Blood Centre,Karnataka,Bangalore Urban,Bangalore,12.965428,77.610476,Private
280372,Jeevaraksha Voluntary Blood Centre,Karnataka,Bangalore Urban,Bangalore,13.0032624,76.0975902,Private
15027,Hal Hospital Blood Centre,Karnataka,Bangalore Urban,Bangalore,13.020187,77.59371,Government
15147,Lifeline 24x7 Blood Centre,Karnataka,Dharwad,Hubli,15.35144,75.117758,Private
15026,Bims Blood Centre District Hospital Belagavi,Karnataka,Belagavi,Belagavi,15.805572,74.517092,Government
280371,"M/S Suchirayu Health Care Solutions Ltd., Blood Centre",Karnataka,Dharwad,Dharwad,15.3526453,75.1155103,Private
285283,B.L.D.E. AssociationS Medical College Hospital And Research Centre,Karnataka,Vijayapura,Bijapur,16.845101,75.710641,Private
15153,Manipal Hospital Transfusion Services,Karnataka,Bangalore Urban,Bangalore,12.958758,77.6491,Private
15032,Sushruta Voluntary Blood Centre,Karnataka,Bangalore Urban,Bangalore,12.9978842,77.5411603,Private
15031,Sri Sidhartha Medical College Blood Bank,Karnataka,Tumkur,Tumkur,13.346024,77.057009,Private
15152,Sagar Hospital,Karnataka,Bangalore Urban,Bangalore,12.907709,77.565114,Private
15030,"Command Hospital Blood Centre,Bangalore South",Karnataka,Bangalore Urban,Bangalore,13.005802,77.586682,Government
15150,Kmc,Karnataka,Dakshina Kannada,MANGALORE,12.829953,74.905434,Private
15157,Manjunath Orthoaedic And Trauma Centre Hosital Blood Centre,Karnataka,Hassan,Hassan,13.0080708,76.1016262,Private
15156,Tejasvini Hospital Lions Blood Centre,Karnataka,Dakshina Kannada,Mangalore,12.880334,74.853689,Private
15035,District Hospital- Shivamoga,Karnataka,Shimoga,Shivamogga,13.904237,75.61011,Government
15155,Srinivasa Institute Of Medical Sciences And Research Centre,Karnataka,Dakshina Kannada,Mangalore,13.021405,74.792037,Private
280369,The Gims Hospital Blood Centre,Karnataka,Kalaburagi,Gulbarga,17.338913,76.848862,Government
283636,Vijayapur Blood Centre Vijayapur,Karnataka,Vijayapura,Vijayapur,16.779105,75.678412,Private
280367,Medicare Multispecialty Hospital(Badgu Health Services Pvt Ltd.),Karnataka,Kalaburagi,Kalaburagi,17.337775,76.844343,Private
281215,Taluk Hospital Blood Storage Centre Basavanabagevadi (Bsu),Karnataka,Vijayapura,Taluk Hospital Blood Storage Centre Basavanabagevadi Vijayapur,16.801591,75.737133,Government
280368,Navajeevan,Karnataka,Kalaburagi,Kosagi Building,17.344353,76.836696,Private
283513,Sir C.V.Raman General Hospital Blood Bank,Karnataka,Bangalore Urban,BANGALORE,12.978125,77.586524,Government
283754,Shree Siddeshwar Blood Bank,Karnataka,Vijayapura,Bijapur,16.858981,75.693353,Private
280365,Balaji Hospital Blood Centre,Karnataka,Chitradurga,Chitradurga,14.233938,76.455252,Private
281212,Sindagi (Bsu),Karnataka,Vijayapura,Vijayapura,16.81556,75.687404,Government
280366,Gadag Institute Of Medical Science And District Hospital Blood Bank,Karnataka,Gadag,Gadag,15.380961,75.600802,Government
281213,Muddebihal (Bsu),Karnataka,Vijayapura,Muddebihal,16.811909,75.697385,Government
283631,Lions Blood Centre,Karnataka,Davanagere,Davangere,16.827207,75.725839,Private
283510,Ashajyothi Voluntary Blood Centre,Karnataka,Shimoga,Shimoga,12.991208,75.288255,Charitable
15039,"District Hospital Blood Bank, Bellary (Bsu)",Karnataka,Ballari,Bellary,0.0,0.0,Government
280364,Vijay Mahantblood Centre,Karnataka,Bagalkot,Ilkal,0.0,0.0,Private
15037,Rashtrotthana Blood Centre,Karnataka,Bangalore Urban,Bangalore,12.954814,77.565362,Private
283199,Raichur Blood Centre,Karnataka,Raichur,Raichur,8.099936,38.704188,Private
15158,"Indian Red Cross Blood Centre, Chikkaballapura",Karnataka,Chikkaballapura,Chickbballapur,13.438043,77.72929,Trust
283195,Sparsh Hospital Blood Centre,Karnataka,Bangalore Urban,Rajarajeshwari Na,12.986244,77.592052,Private
283194,Shree Dhanvantari Blood Centre,Karnataka,Bagalkot,Bagalkot,13.428948,75.254286,Private
15003,Hkes Blood Centre Organisation,Karnataka,Kalaburagi,Gulbarga,17.328385,76.844483,Private
15123,Vasavi Blood Centre,Karnataka,Chitradurga,Chitradurga,14.229572,76.409483,Private
15122,District Hospital Blood Centre Bagalkote,Karnataka,Bagalkot,Bagalkot,16.165011,75.660812,Government
15001,Bangalore Blood Centre And Diagnostic Laboratory,Karnataka,Bangalore Urban,Bangalore,12.998074,77.571614,Private
284959,Y Umamaheshwar Rao Rotary Blood Centre,Karnataka,Vijayanagara,HOSPETE,13.025544,76.427728,Charitable
283505,Swamy Vivekananda Charitable Blood Center,Karnataka,Raichur,Lingasugur,0.0,0.0,Charitable
280358,M/S East Point Hospital Blood Centre,Karnataka,Bangalore Urban,Bengalore Urban,13.053662,77.717912,Private
280359,Medical College Hospital Blood Bank,Karnataka,Ballari,Ballari,0.018863,-0.011541,Government
283504,Sanjeevini Blood Bank,Karnataka,Tumkur,Tumkur,13.343402,77.068896,Charitable
284955,Shree Basaveshwara Blood Centre,Karnataka,Haveri,Ranebennur,13.019203,76.472738,Charitable
284834,Yadgiri Institute Of Medical Sciences Blood Centre,Karnataka,Yadgir,Yadgir,12.975378,77.72927,Government
281325,"Sub Division Hospital, Kollegala (Bsu)",Karnataka,Chamarajanagar,kollegala taluk,12.103583,77.224213,Government
283865,Sanjeevini Blood Bank,Karnataka,Koppal,Koppal,14.946806,76.158136,Charitable
280357,Health Care Global Enterprises Ltd,Karnataka,Bangalore Urban,Bangalore,12.984398,77.589305,Private
283502,Swamy Vivekananda Charitable Blood Centre H.B.Halli (Vijay Nagar Dist.),Karnataka,Vijayanagara,H.B.HALLI,13.016511,76.477737,Charitable
15128,Rotary Tumkur Central (Belli Blood Bank),Karnataka,Tumkur,Tumkur,13.3415593,77.1031786,Private
15007,Bangalore Baptist Hospital Blood Centre,Karnataka,Bangalore Urban,Bangalore,13.035289,77.589935,Private
15005,Kims Hospital,Karnataka,Bangalore Urban,Bangaluru,12.956353,77.574114,Private
15126,Shree Mahaveer Blood Bank,Karnataka,Belagavi,Belgaum,15.854367,74.511233,Charitable
15004,Rotary Bangalore Ttk Blood Centre Bangalore Medical Service Trust,Karnataka,Bangalore Urban,Bangalore,12.99807,77.580434,Private
15009,Victoria Hospital Blood Centre,Karnataka,Bangalore Urban,Bangalore,12.963399,77.573818,Government
15129,Veerayoga Institute Of Medical Sciences Speciality Hospitals,Karnataka,Bangalore Urban,Bangalore,12.948331,77.699554,Private
15008,"Sanjay Gandhi Institute Of Trauma And Orthopedics Blood Centre, Bangalore",Karnataka,Bangalore Urban,Bangalore,12.996569,77.571003,Government
15131,Gleneagles BGS Hospitals Blood Centre,Karnataka,Bangalore Urban,Bangalore,12.911276,77.486216,Private
15130,Rotary Mysore Chandrakala Hospital Blood Centre,Karnataka,Mysore,Mysore,12.325868,76.619519,Private
15014,St. MarthaS Hospital Blood Centre,Karnataka,Bangalore Urban,Bangalore,12.970679,77.586085,Private
15134,"Indian Red Cross Soceity Blood Centre, Davanagere",Karnataka,Davanagere,Davanagere,14.475314,75.909787,Trust
15012,Fr.MullerS Charitable Institutions,Karnataka,Dakshina Kannada,Mangalore,12.866805,74.85933,Charitable
15133,"Shripad Hegde Kadave Institute Of Medical Sciences, T.S.S. Hospital",Karnataka,Uttara Kannada,SIRSI,14.632385,74.848338,Private
15011,K.L.E.SocietyS Hospital And Medical Research Centre,Karnataka,Belagavi,Belgaum,15.887919,74.519593,Private
284828,M/S. Pes University Institute Of Medical Sciences And Research Blood Centre,Karnataka,Bangalore Urban,Bengaluru,13.021405,74.792037,Private
283979,Lions Blood Centre,Karnataka,Bangalore Rural,Vijayanagar,16.827207,75.725839,Charitable
283852,Jeeva Voluntary Blood Centre,Karnataka,Bangalore Urban,Bangalore,12.947605,77.573071,Charitable
283973,Sanjeevini Blood Centre,Karnataka,Mandya,Mandya,12.543382,76.704201,Charitable
15139,"Chigateri District Hospital, Blood Bank",Karnataka,Davanagere,Davanagere,14.456165,75.916182,Government
15018,St. JohnS Medical College And Hospital,Karnataka,Bangalore Rural,Bangalore,12.929482,77.620182,Charitable
15138,Pandit General Hospital Blood Centre,Karnataka,Uttara Kannada,Sirsi,14.32773,74.491531,Government
15016,"Kidwai Memorial Institute Of Oncology Blood Centre, Bangalore",Karnataka,Bangalore Urban,Bangalore,12.93759,77.598537,Government
15137,Gopi Blood Centre,Karnataka,Koppal,Gangavathi,15.4345687,76.5018267,Charitable
284145,Jindal Sanjeevani Multi Speciality Hospital Blood Centre,Karnataka,Ballari,Toranagallu,0.01343,0.011699,Private
15015,Belgaum Blood Centre And Diagnostic Laboratory,Karnataka,Belagavi,Belgaum,15.860356,74.512478,Charitable
15136,Narayana Hrudayalaya,Karnataka,Bangalore Urban,Bangalore,12.80927,77.695173,Private
283175,Mgm Taluk General Hospital Blood Storage Centre Bsu,Karnataka,Chikmagalur,chikmagalur,12.678569,76.18022,Government
283174,Manipal Hospital Sarjapur Blood Centre,Karnataka,Bangalore Urban,bangalore,12.990617,77.555096,Private
283173,Apollo Speciality Hospital Blood Storage Centre Bsu,Karnataka,Bangalore Urban,14,13.014471,77.599735,Private
285232,KIMS HOSPITAL BLOOD CENTRE,Karnataka,Bangalore Urban,BANGALORE,12.956353,77.574114,Private
15102,Rajarajeswari Medical College And Hospital,Karnataka,Bangalore Urban,Bangalore,12.896508,77.46166,Charitable
15101,B.V.V.Sanghas (Hsk Hospital Blood Centre),Karnataka,Bagalkot,Bagalkot,16.165075,75.675072,Private
285238,BGS MCH Blood Centre,Karnataka,Bangalore Rural,Bangalore,13.109136,77.29205,Private
283209,Chikkamagaluru Blood Centre,Karnataka,Chikmagalur,CHIKKAMAGALURU,12.629453,76.204233,Private
284417,Aster Hospital Whitefield Blood Centre,Karnataka,Bangalore Urban,Bengaluru,12.962998,77.558832,Private
283449,Athani Blood Centre Athani,Karnataka,Belagavi,Athani,15.819316,74.500798,Private
284658,Manipal Hospital Blood Storage Centre Hebbal Bangalore,Karnataka,Bangalore Urban,Bangalore,13.007738,77.636053,Private
280972,Sri Jayadeva Institute Of Cardiovascular Sciences And Research (Mysore) Blood Centre,Karnataka,Mysore,Mysore,12.342132,76.659099,Government
283568,K R Hospital Mysore,Karnataka,Mysore,K R NAGARA,12.271383,76.619247,Government
283203,Dr.Chandramma Dayananda Sagar Institute Of Medical Education And Research,Karnataka,Ramanagara,2ND Floor.F Block.Hospit,13.003364,76.428078,Private
15105,Sanjeevini Trust Jayanagar Voluntary Blood Centre,Karnataka,Bangalore Urban,Bangalore,12.9157415,77.5909561,Charitable
284532,S R Patil Blood Centre,Karnataka,Bagalkot,Bilagi,15.703197,75.432415,Private
283441,Suraksha Blood Centre,Karnataka,Kalaburagi,Kalaburagi,12.989853,77.552805,Charitable
15103,S S Blood Bank,Karnataka,Davanagere,Davangere,12.29521,76.65607,Private
283561,Dr V P Kanakaraddi Memorial Blood Centre,Karnataka,Bagalkot,MAHALINGPUR,15.795584,75.49313,Private
15108,Jayanagar Volunatry Blood Centre,Karnataka,Bangalore Urban,Bangalore,12.97633,77.577987,Charitable
15107,Sjm Blood Centre Basaveshwara Medical College And Hospital,Karnataka,Chitradurga,Chitradurga,14.239807,76.388943,Private
285120,Sri Madhusudan Sai Institute Of Medical Sciences And Research,Karnataka,Chikkaballapura,Chikkaballapura,13.021405,74.792037,Private
285121,E-City Blood Centre,Karnataka,Bangalore Urban,Bengaluru,12.964028,77.521311,Charitable
285243,M/S Manipal Hospital Blood Storage Centre Yelahanka Hobli (BSU),Karnataka,Bangalore Urban,Yelahanka Hobli,12.923287,77.604643,Private
285122,"Tungal Hospital Blood Centre, Jamakhandi",Karnataka,Bagalkot,Jamakhandi,15.745481,75.476989,Private
15113,Apollo Hospitals A Unit Of Imperial Cancer Hospital And Research Centre Limited,Karnataka,Bangalore Urban,Bangalore,12.89643,77.598015,Private
15112,"Indian Red Cross Society, Karnataka Red Cross Blood Centre Bengaluru",Karnataka,Bangalore Urban,Bengaluru,12.984218,77.578831,Trust
15111,Haveri Institute Of Medical Sciences Hospital Haveriblood Centre Haveri,Karnataka,Haveri,Haveri,13.02562,76.440653,Government
15110,Mvj Medical College And Research Hospital,Karnataka,Bangalore Rural,Bangalore,13.077457,77.811502,Private
283319,Lions Blood Centre Jeevadhara,Karnataka,Mysore,Mysore,12.315731,76.65103,Charitable
283438,Sri Manyatha Blood Centre,Karnataka,Bangalore Urban,Bangalore,12.966147,77.551056,Private
283437,Red Circle Blood Centre,Karnataka,Tumkur,Tumkur,13.369288,77.120631,Charitable
283436,Spandana Blood Bank,Karnataka,Ballari,Kappagal Road,-0.018736,-0.01602,Private
283797,Shree Swamy Vivekanand Voluntary Blood Ceentre,Karnataka,Davanagere,Davanagere,14.448111,75.933656,Private
284641,Shri Veerabhadreshwar Blood Centre Mudhol,Karnataka,Bagalkot,Mudhol,15.783252,75.524668,Private
15119,Swamy Vivekananda Charitable Blood Centre Ballari,Karnataka,Ballari,Bellary,0.0,0.0,Charitable
285130,Red Life Blood Centre,Karnataka,Bangalore Urban,Banglore,12.974311,77.60211,Charitable
285131,Amulya Blood Centre Amulya Trust,Karnataka,Bangalore Urban,Bangalore,12.953336,77.590351,Charitable
284081,Channarayapatna Voluantory Blood Centre ( A Unit Of C V K L Swayam Seva Samsthe (R) ),Karnataka,Hassan,Channarayapatna,13.040076,76.17537,Private
29166,Blood Centre District Hospital Ballari.,Karnataka,Ballari,Ballari,0.0,0.0,Government
29165,Ms Government Taluka Hospital Blood Storage Centre,Karnataka,Yadgir,Shahapur,12.973053,77.709129,Government
29164,SUCHETHANA MULTISPECILITY HOSPITAL BLOOD STORAGE CENTRE,Karnataka,Davanagere,DAVANAGERE,14.47806,75.961909,Private
283304,Bgs Global Institute Of Medical Science And Hospital Blood Centre,Karnataka,Bangalore Urban,Kengeri,15.380961,75.600802,Charitable
283788,Basaveshwara Blood Centre,Karnataka,Gadag,Gadag,15.416752,75.610698,Charitable
29163,CHETTINAD INSTITUTE OF MEDICAL EDUCATION AND RESEARCH,Karnataka,Kolar,K G F,14.430349,75.942694,Charitable
29161,KRS Blood Centre,Karnataka,Chikmagalur,Chikkamagaluru,12.716497,76.275943,Private
29160,M/S.Sri Chamundeshwari Hospital Blood Centre,Karnataka,Ramanagara,Channapatna,13.01333,76.470511,Charitable
280389,Manipal Hospital Blood Centre,Karnataka,Bangalore Urban,Bengalore Urban,12.969163,77.552026,Private
284867,Rotary Blood Centre,Karnataka,Bangalore Urban,Chamarajpet,16.160173,74.812128,Charitable
283899,Indian Red Cross Society Gurubasappa Rodgi Memorial Component Blood Centre,Karnataka,Vijayapura,VIJAYAPURA,16.789813,75.722606,Trust
283897,Jeevan Aadhar Blood Centre,Karnataka,Kalaburagi,Kalaburagi,17.351198,76.841447,Private
280386,Bagalkot Blood Centre Bagalkot,Karnataka,Bagalkot,Bagalkot,16.186132,75.70653,Private
280383,M/S Sri Siddhartha Medical College And Hospital Blood Centre,Karnataka,Bangalore Rural,Bengalore Rural,13.160791,77.323405,Private
280381,M/S Aster Cmi Hospital Blood Centre,Karnataka,Bangalore Urban,Bengalore Urban,13.054677,77.592504,Private
280382,Swamy Vivekananda Voluntary Blood Bank,Karnataka,Bangalore Urban,bangalore,0.0,0.0,Charitable
285151,Rotary Udyog Red Cross Blood Centre,Karnataka,Bangalore Urban,Bengaluru,12.990174,77.602717,Charitable
284185,Suraksha Blood Centre,Karnataka,Bangalore Urban,Yediyur Jayanagar,12.989853,77.552805,Charitable
16077,Caritas Hospital Blood Bank,Kerala,Kottayam,Kottayam,9.645257,76.549907,Charitable
16076,Aster Pmf,Kerala,Kollam,Sasthamcotta,8.957815,76.78325,Private
16079,Holy Ghost Mission Hospital,Kerala,Kottayam,Kottayam,9.757246,76.499785,Private
16078,Carmel Medical Centre,Kerala,Kottayam,Kottayam,10.091904,76.265596,Private
16072,Travancore Medical College Hospital Blood Bank Kollam,Kerala,Kollam,Kollam,9.024424,76.718305,Charitable
16071,St.Josephs Mission Hospital Anchal,Kerala,Kollam,Kollam,8.939169,76.743367,Private
283925,Azeezia Medical College Blood Bank,Kerala,Kollam,kollam,8.889894,76.739784,Private
284459,"Department Of Transfusion Medicine,Konni",Kerala,Pathanamthitta,Konni,9.37002,76.611694,Government
16088,S.H. Medical Centre,Kerala,Kottayam,Nagampadam,9.594305,76.529494,Private
16086,Mum Hospital Blood Bank,Kerala,Kottayam,Kottayam,9.810623,76.576836,Private
16085,Mary Queens Mission Hospital,Kerala,Kottayam,Kottayam,9.558106,76.813888,Private
16080,"Indo American Hospital, Brainandspine Centre",Kerala,Kottayam,Kottayam,9.791175,76.377084,Charitable
16084,Marian Medical Centre Blood Centre,Kerala,Kottayam,Pala,9.706013,76.662387,Charitable
16081,Little Lourde Mission Hospital,Kerala,Kottayam,Kottayam,9.683538,76.612118,Private
282944,"Thqh,Kodungalloor Bsu",Kerala,Thrissur,Thrissur,10.440997,76.215159,Government
282942,"District Hospital ,Wadakkanchery,",Kerala,Thrissur,Kumaranellur,10.495293,76.168624,Government
284564,Womenandchildren Hospital Ponnani,Kerala,Malappuram,PONNANI,11.101937,76.130917,Government
284562,Kodakara Santhi Hospital Private Ltd Bsu,Kerala,Thrissur,Kodakara,10.466675,76.192206,Private
16055,"Alphonsa Hospital, Murikkassery",Kerala,Idukki,Murikkassery,9.912759,76.70944,Charitable
16054,"Aster Medcity, Aster Dm Healthcare Private Ltd.",Kerala,Ernakulam,Ernakulam,10.043946,76.277515,Private
16053,Sunrise Blood Center,Kerala,Ernakulam,Ernakulam,10.054929,76.380702,Private
16052,Carmel Hospital,Kerala,Ernakulam,Ernakulam,10.090627,76.362146,Charitable
16059,Morning Star Blood Bank,Kerala,Idukki,Adimaly,10.011876,76.958497,Charitable
16056,Holy Family Hospital,Kerala,Idukki,Thodupuzha,9.912319,76.733924,Private
16051,Amrita Institute Of Medical Sciences Research Centre,Kerala,Ernakulam,Cochin,10.033082,76.293881,Private
16050,Sree Narayana Institute Of Medical Sciences,Kerala,Ernakulam,Ernakulam,10.156697,76.282305,Private
282811,Meditrina Hospital Blood Bank,Kerala,Kollam,Kollam,8.947839,76.788484,Private
282810,Renai Medicity,Kerala,Ernakulam,Ernakulam,10.046697,76.353842,Private
282931,Govt.District Hospital Blood Centre,Kerala,Malappuram,Nilambur,9.848086,76.960597,Government
284798,Santhi Nursing Home,Kerala,Thrissur,Punnayarkulam,10.461273,76.177254,Private
16066,Bishop Benziger Hospital,Kerala,Kollam,Kollam,8.929265,76.91794,Charitable
16064,St.Martin De Porres Hospital,Kerala,Kannur,Cherukunnu,11.994674,75.31285,Private
16068,I.M.A.Blood Centre,Kerala,Kollam,Kollam,8.895879,76.593227,Charitable
16067,Holy Cross Hospital,Kerala,Kollam,Kollam,8.861805,76.673304,Charitable
282808,"Mar Sleeva Medicity Blood Bank,Palai",Kerala,Kottayam,Kottayam,9.704584,76.509224,Private
282807,Mount Zion Medical College Hospital,Kerala,Pathanamthitta,Pathanamthitta,9.350618,76.623566,Charitable
16062,Malabar Cancer Centre Society,Kerala,Kannur,Thalassery,11.749387,75.523483,Government
16061,"TGBL FOUNDATION, High Range Hospital",Kerala,Idukki,Idukki,9.880422,76.745283,Charitable
282806,Ima Blood Bank Society Thodupuzha,Kerala,Idukki,Idukki,9.893882,76.786375,Charitable
282805,Rajagiri Healthcare And Education Trust Blood Centre,Kerala,Ernakulam,Ernakulam,10.087575,76.388062,Private
16060,St Johns Hospital,Kerala,Idukki,Idukki,9.746856,76.110248,Private
282804,Bharath Charitable Hospital Society,Kerala,Kottayam,Kottayam,9.589306,76.519311,Private
282802,P.K Das Institute Of Medical Sciences,Kerala,Palakkad,Ottapalam,8.513628,76.909544,Charitable
282801,Palakkad District Co-Operative Hospital,Kerala,Palakkad,Palakkad,8.987218,76.677435,Private
282800,Chitra Hospital,Kerala,Pathanamthitta,Pathanamthitta,0.0,0.0,Private
283333,Ns Memorial Institute Of Health Science Blood Centre,Kerala,Kollam,KOLLAM,8.962306,76.729396,Private
16033,Sacred Heart Hospital,Kerala,Alappuzha,Alappuzha,9.662125,76.338902,Private
16032,K.V.M.Hospital Cherthala,Kerala,Alappuzha,Cherthala,9.636888,76.337227,Private
16152,Unity Hospital Pvt Ltd,Kerala,Thrissur,Kunnamkulam,10.46516,76.200332,Private
16030,Kannur Medical College And Hospital (Prestige Edu Trust),Kerala,Kannur,Kannur,11.875772,75.499253,Private
16158,Immaculate Heart Of Mary Hospital Blood Centre,Kerala,Kottayam,Bharananganam,9.70387,76.720484,Charitable
16036,Devamatha Hospital,Kerala,Ernakulam,Ernakulam,9.866189,76.594952,Private
16156,Sree Gokulam Medical College And Research Foundation,Kerala,Thiruvananthapuram,Trivandrum,8.692755,76.914675,Private
16155,Blood Centre Ms St James Hospital Chalakudy,Kerala,Thrissur,Chalakudy,10.438863,76.185916,Private
284817,Metromed International Cardiac Centre,Kerala,Kozhikode,Guruvayur Appan College PO,11.245438,75.836104,Private
284936,Ktct Hospital,Kerala,Thiruvananthapuram,Thottakkadu Kallambalam,8.514475,76.9624,Private
284933,General Hospital Alappuzha,Kerala,Alappuzha,alappuzha,9.416254,76.347601,Government
16039,"Lisie Hospital, Lisie Medical Institution",Kerala,Ernakulam,Ernakulam,10.050715,76.358358,Private
16159,Velankanni Matha Hospital Blood Bank,Kerala,Kottayam,Ettumanoor,9.64845,76.549562,Private
16038,Lakeshore Hospital And Research Centre Ltd,Kerala,Ernakulam,Ernakulam,10.051621,76.39197,Private
285083,Taluk Head Quarters Hospital,Kerala,Palakkad,Palakkad District,9.004354,76.775632,Government
16044,Medical Trust Hospital Ltd,Kerala,Ernakulam,Kochi,9.964196,76.287884,Private
16043,Mar Baselius Medical Mission Hospital,Kerala,Ernakulam,KOTHAMANGALAM,10.064487,76.622272,Private
285088,Smita Memorial Hospital And Research Centre A Unit Of Advani Olickal Healthcare Services Private Ltd,Kerala,Idukki,Thodupuzha,9.90222,76.709944,Private
285089,Elite Mission Hospital,Kerala,Thrissur,Thrissur,10.502217,76.211028,Private
16042,Mosc Medical Collage Hospital,Kerala,Ernakulam,KOLENCHERY,10.048996,76.353171,Private
16047,Samaritan Medical Care Association,Kerala,Ernakulam,Ernakulam,10.021315,76.3213,Private
16045,Nirmala Medical Center,Kerala,Ernakulam,Muvattupuzha,9.982197,76.585123,Charitable
16160,Dr Moopens Medical College,Kerala,Wayanad,Wayanad,12.050256,75.681235,Charitable
285090,Sabine Hospital And Research Centre Pvt. Ltd,Kerala,Thiruvananthapuram,Thiruvananthapuram,8.496635,76.903065,Private
283273,"M.M.T.Hospital, (Mundakkayam Medical Trust Hospital)",Kerala,Idukki,Idukki,9.535157,76.908953,Private
16015,General Hospital Kasaragod,Kerala,Kasaragod,Kasaragode,12.315802,75.033109,Government
16136,Amala Institute Of Medical Science,Kerala,Thrissur,Thrissur,8.513628,76.909544,Private
16014,General Hospital Thalassery,Kerala,Kannur,Kannur,11.731013,75.483584,Government
16133,Sree Uthradom Thirunal Hospital,Kerala,Thiruvananthapuram,Pattom,8.599623,76.969593,Private
283389,Neyyar Medicity Blood Centre,Kerala,Thiruvananthapuram,Thiruvananthapuram,8.521491,76.895827,Private
16019,Govt Women And Childrens Hospital,Kerala,Kozhikode,Kottapparamba,11.250764,75.78275,Government
16018,Taluk Head Quarters Hospital Kottarakkara,Kerala,Kollam,Kottakkara,9.004354,76.775632,Government
16017,Govt Taluk Head Quarters Hospital Punalur,Kerala,Kollam,Punalur,9.004354,76.775632,Government
283266,Adlux Medicity And Convention Centre Pvt Ltd.,Kerala,Ernakulam,Ernakulam,10.030277,76.352819,Private
16016,"Blood Centre District Hospital, Kanhangad",Kerala,Kasaragod,Kanhangad,12.314687,75.105095,Government
16021,District Hospital Perinthalmanna,Kerala,Malappuram,Perinthalmanna,11.116071,76.120541,Government
16020,Medical College Hospital Manjeri,Kerala,Malappuram,Manjeri,11.116071,76.120541,Government
16141,Jubilee Mission Hospital,Kerala,Thrissur,Thrissur,10.520189,76.227996,Private
16140,JANAKKEYA SAMITHI AROGYAM IMA BLOOD BANK THRISSUR,Kerala,Thrissur,Thrissur,10.429077,76.236697,Charitable
16026,General Hospital Blood Centre Thrissur,Kerala,Thrissur,THRISSUR,10.403856,76.239841,Government
16145,Modern Hospital Charities Blood Bank,Kerala,Thrissur,KODUNGALLUR,10.233898,76.194222,Charitable
16023,Dept Of Transfusion Medicine Sree Chitra Tirunal Institute For Medical Sciences And Technology Tvm,Kerala,Thiruvananthapuram,Thiruvananthpuram,8.521055,76.926493,Government
283939,Korambayil Blood Bank,Kerala,Malappuram,Manjeri,11.123065,76.125653,Private
16028,"District Hospital, Manathavady",Kerala,Wayanad,Manathavadi,12.314687,75.105095,Government
16149,St. Josephs Hospital Choondal,Kerala,Thrissur,Thrissur,10.616859,76.094656,Charitable
16148,Sacred Heart Mission Hospital,Kerala,Thrissur,Thrissur,10.349017,76.242118,Private
16114,Valluvanad Hospital Blood Bank,Kerala,Palakkad,Palakkad,10.774578,76.360532,Private
16113,Palakkad Blood Centre,Kerala,Palakkad,Palakkad,10.761629,76.655046,Private
285159,Edappal Hospital Pvt. Ltd,Kerala,Malappuram,Edappal,11.056875,76.131799,Private
16112,Mother Care Hospital Blood Centre,Kerala,Palakkad,MANNARKKAD,10.983437,76.423227,Private
16111,Karuna Medical Collage Hospital Blood Bank,Kerala,Palakkad,Palakkad,9.023694,76.748032,Private
280939,Taluk Headquarters Hospital Chirayinkeezhu,Kerala,Thiruvananthapuram,Thiruvananthapuram,8.661363,76.786533,Government
284618,Malabar Institute Of Medical Sciences Ltd,Kerala,Malappuram,Areekode,11.245745,75.797985,Private
284617,Esic Hospital Ezhukone,Kerala,Kollam,Ezhukone,8.938867,76.789337,Government
284859,Craft Hospital And Research Centre,Kerala,Thrissur,Kodungallur,10.561896,76.168745,Private
280930,General Hospital Trivandrum,Kerala,Thiruvananthapuram,Thiruvanathapuram,8.47557,76.943861,Government
284858,Nadakkavil Hospital,Kerala,Malappuram,Valanchery,11.135616,76.070424,Private
284616,"Welcare Hospital Blood Centre, Vyttila",Kerala,Ernakulam,Kochi,10.073082,76.368875,Private
284615,Dhanya Mission Hospital Potta,Kerala,Thrissur,Thrissur,10.349017,76.242118,Private
284614,"Blood Storage Centre Of M/S Malabar Multi-Speciality Centre Pvt Ltd ,Eranhipalam",Kerala,Kozhikode,Kozhikode,11.258443,75.815923,Private
284856,Sara Memorial Medical Laboratory And Blood Centre,Kerala,Kannur,Fort Road,11.7494919,75.5229777,Private
282798,Sri Ramakrishna Ashram Charitable Hospital Blood Centre,Kerala,Thiruvananthapuram,Thiruvananthapuram,8.487562,76.905149,Charitable
284855,Trichur Metropolitan Health Care,Kerala,Thrissur,Koorkkenchery,10.510405,76.21034,Private
282678,Blood Centre Govt Medical Hospital Kozhikode,Kerala,Kozhikode,Kozhikode,11.259622,75.782114,Government
282797,Meitra Blood Centre,Kerala,Kozhikode,Kozhikode,11.235399,75.776016,Private
284853,Red Crescent Hospital,Kerala,Kozhikode,Feroke,11.234803,75.794425,Private
284611,Mundakapadam Mandiram Hospital Bsu,Kerala,Kottayam,Kottayam,9.697787,76.555841,Private
282796,Blood Centre Taluk Head Quarters Hospital .Mannarkkad,Kerala,Palakkad,Mannarkkad,9.004354,76.775632,Government
282795,G G Blood Centre,Kerala,Thiruvananthapuram,Thiruvananthapuram,8.508812,76.927663,Private
282673,Ahalia Blood Transfusion Services,Kerala,Palakkad,Palakkad,9.015362,76.687982,Private
284610,Bishop Alappatt Misssion Hospital Karanchira,Kerala,Thrissur,IRINJALAKUDA,10.395236,76.164596,Private
284851,Jubilee Memorial Hospital Blood Centre,Kerala,Thiruvananthapuram,Thiruvananthapuram,8.583647,76.925121,Charitable
282793,District Hospital Kannur Blood Centre,Kerala,Kannur,Kannur,11.861216,75.370639,Government
282791,Josgiri Hospital Blood Centre Kannur,Kerala,Kannur,THALASSERY,11.759133,75.478803,Charitable
282790,"Govt Women And Children Hospital, Trivandrum",Kerala,Thiruvananthapuram,Thiruvanathapuram,8.487383,76.956904,Government
285161,M S Padmaiah Gowder Memorial General Hospital,Kerala,Wayanad,Kalpetta North PO Vythiri,11.940302,75.693219,Government
16121,Pushpagiri Medical College Blood Centre,Kerala,Pathanamthitta,Thiruvalla,9.380994,76.580962,Private
16004,Tellichery Co-Op Hospital,Kerala,Kannur,Kannur,11.748758,75.486599,Private
16125,Ananthapuri Hospital And Research Institute,Kerala,Thiruvananthapuram,Trivandrum,8.486539,76.926988,Private
16003,Cannannore Co-Op Hospital Society,Kerala,Kannur,kannur,11.764148,75.479831,Private
16124,Lifeline Multispecialty Hospital,Kerala,Pathanamthitta,Pathanamthitta,9.163442,76.706321,Private
16002,"Co Operative Hospital Society Ltd, Taliparamba,Kannur",Kerala,Kannur,Taliparamba,11.764148,75.479831,Private
16123,Fellowship Mission Hospital Blood Centre,Kerala,Pathanamthitta,Pathanamthitta,9.371495,76.655618,Private
16122,Thiruvalla Medical Mission Hospital,Kerala,Pathanamthitta,Pathanamthitta,9.393924,76.578423,Private
284848,Emc Hospital,Kerala,Malappuram,Edavanna,11.115175,76.126148,Private
282789,"Blood Centre General Hospital, Pathanamthitta",Kerala,Pathanamthitta,Pathanamthitta,9.361902,76.568542,Government
284604,Muvattupuzha Cooperative Super Speciality Hospital And Research Centre,Kerala,Ernakulam,Muvattupuzha,10.024708,76.376905,Private
282788,Mvr Cancer Centre And Research Institute,Kerala,Kozhikode,Calicut,10.561896,76.168745,Charitable
282666,Lourdes Hospital Ernakulam Kichin Kerala,Kerala,Ernakulam,Ernakulam,10.055138,76.361678,Charitable
284603,S K Hospital,Kerala,Thiruvananthapuram,Thiruvananthapuram,8.498393,76.937149,Private
284845,Kimsat Hospital,Kerala,Kollam,Kollam,8.962669,76.772858,Private
282787,Al-Azhar Medical College And Super Speciality Hospital,Kerala,Idukki,Idukki,9.940275,76.721012,Private
282667,Chazhikattu Hospital Blood Bank,Kerala,Idukki,Idukki,9.92406,76.717905,Private
284602,Rahma Iqraa Community Hospital,Kerala,Kozhikode,Thottilpalam,11.265609,75.76305,Private
282786,"Aster Mims, Kannur",Kerala,Kannur,Kannur,11.758883,75.464925,Private
284601,M K Haji Orphanage Hospital,Kerala,Malappuram,Thirurangadi,11.126564,76.113848,Charitable
282785,Christian Mission Hospital Pandalam,Kerala,Pathanamthitta,Pandalam,9.220068,76.679791,Private
284841,Cimar-The WomenS Hospital (A Unit Of Edappal Hospital Pvt. Ltd.),Kerala,Thrissur,Cimar-The WomenS Hospital (A Unit Of Edappal Hospital Pvt. Ltd.),10.426727,76.199561,Private
16129,Nims Hospital,Kerala,Thiruvananthapuram,Trivandrum,8.30492,76.5434,Charitable
16008,BMH Hospital Blood Centre,Kerala,Kannur,BMH KANNUR,11.749531,75.460147,Private
16007,Kozhikode District Co - Operative Hospital,Kerala,Kozhikode,Eranhipalam,11.276572,75.784673,Private
16128,Kerala Institute Of Medical Sciences,Kerala,Thiruvananthapuram,Trivandrum,8.513628,76.909544,Private
16127,"Dr Somervell Memorial Csi Medical College And Hospital, Karakonam",Kerala,Thiruvananthapuram,Trivandrum,8.521728,76.952577,Charitable
16006,The Badagara Sahakarana Asupathri,Kerala,Kozhikode,Vatakara,11.589708,75.595256,Private
16005,The Payyannur Co-Operative Hospital Society Ltd.,Kerala,Kannur,Kannur,12.106236,75.209538,Private
16126,Cosmopolitan Hospitals Pvt Ltd,Kerala,Thiruvananthapuram,Trivandrum,8.515748,76.935768,Private
285059,Azeezia Hospital,Kerala,Palakkad,Alathur,8.889894,76.739784,Private
280914,District Hospital Vatakara,Kerala,Kozhikode,Vatakara,11.250097,75.762804,Government
280912,Medical College Hospital Gandhi Nagar Kottayam,Kerala,Kottayam,Gandhi Nagar,9.677528,76.548946,Government
284719,Taluk Head Quarters Hospital Kadakkal,Kerala,Kollam,Kadakkal,9.004354,76.775632,Government
280910,PIMS Blood Bank,Kerala,Palakkad,WALAYAR,8.30492,76.5434,Private
280911,General Hospital Kottayam,Kerala,Kottayam,General Hospital Kottayam Kumily Road,9.665029,76.564173,Government
282894,"Thqh,Thaliparamba Bsu",Kerala,Kannur,Karimbam,11.776781,75.454928,Government
285060,Amala Multi Speciality Hospital,Kerala,Kannur,Iritty,11.787621,75.525926,Private
16103,Kims Al Shifa Blood Centre,Kerala,Malappuram,Malappuram,11.123122,76.134677,Private
280909,District Hospital Kollam,Kerala,Kollam,kollam,8.885954,76.585798,Government
16100,St. Joseph Hospital Blood Centre,Kerala,Kozhikode,Mukkom,11.3311361,75.9836769,Private
280907,Government Medical College Kannur,Kerala,Kannur,Pariyaram,9.019172,76.924716,Government
280904,Women And Children Hospital Alappuzha,Kerala,Alappuzha,Beach Bazar,8.487383,76.956904,Government
284707,Indira Gandhi Co Operative Hospital,Kerala,Ernakulam,Kadavanthra,10.07221,76.359711,Private
284948,Noor Institute Of Medical Specialities Pvt. Ltd.,Kerala,Malappuram,Vaniyambalam,10.765337,76.007335,Private
283857,Valiyath Institute Of Medical Sciences,Kerala,Kollam,Karunagapally,10.765337,76.007335,Private
282883,District Hospital Mavelikkara,Kerala,Alappuzha,Mavelikkara,11.116071,76.120541,Government
16107,Malabar Institute Of Medical Sciences Blood Bank,Kerala,Malappuram,Kottakkal,11.245745,75.797985,Private
282882,"Thqh,Cherthala",Kerala,Alappuzha,Cherthala,9.619855,76.353606,Government
16104,Edappal Hospital (P) Ltd,Kerala,Malappuram,Malappuram,11.126619,76.112694,Private
16109,Almas Hospital Blood Bank,Kerala,Malappuram,Kottakkal,11.145002,76.103192,Private
16108,Mes Blood Centre,Kerala,Malappuram,Perinthalmanna,11.130509,76.135403,Private
284893,Indira Gandhi Cooperative Hospital,Kerala,Kannur,Thalassery,11.76534,75.448615,Private
284891,Kerala Medical College Hospital Run By Royal Medical Trust,Kerala,Palakkad,Thrikkadeeri Ottappalam,9.022814,76.738263,Private
282906,Taluk Head Quarters Hospital Karunagappally,Kerala,Kollam,karunagappally,9.004354,76.775632,Government
284645,Irinjalakkuda Co Operative Hospital Ltd,Kerala,Thrissur,Kolothumpady Nadavaramba PO,10.484777,76.206957,Private
283311,Avitis Super Speciality Hospitals,Kerala,Palakkad,NEMMARA,9.940275,76.721012,Private
284087,Dr.Km Cherian Institute Of Medical Sciences,Kerala,Alappuzha,CHENGANNUR,11.559371,76.160491,Private
16098,Nirmala Hospital,Kerala,Kozhikode,Marrikunnu,11.291596,75.823253,Private
16097,National Hospital Blood Centre,Kerala,Kozhikode,Kozhikode,11.259485,75.781234,Private
16096,Mmc Hospital Blood Bank Modakkalur,Kerala,Kozhikode,Kozhikode,11.222394,75.785229,Private
16091,Baby Memorial Hospital,Kerala,Kozhikode,Kozhikode,11.259595,75.792216,Private
16095,Malabar Institute Of Medical Sciences,Kerala,Kozhikode,Kozhikode,11.245745,75.797985,Private
16094,K M C T Hospital Blood Bank,Kerala,Kozhikode,Kozhikode,11.325893,75.971356,Private
16093,Iqraa Hospital Blood Bank,Kerala,Kozhikode,Malaparamba,11.286398,75.797483,Private
32102,District Hospital,Kerala,Palakkad,Sultanpet,9.848086,76.960597,Government
284635,Cimar The Women'S Hospital,Kerala,Thrissur,KANIMANGALAM,10.426654,76.212034,Private
284633,Vijaya Hospital,Kerala,Kollam,Pulamon Kottarakkara,8.944435,76.751302,Private
285140,Thrikkakara Municipal Co Operative Hospital,Kerala,Ernakulam,Thrikkakara,10.045565,76.368646,Private
284629,Iqraa Hospital Kottakkunnu,Kerala,Wayanad,Sulthan Bathery,12.029458,75.703989,Private
284628,Ems Memorial Co Operative Hospital And Research Centre Ltd,Kerala,Kozhikode,Perambra,11.233947,75.794099,Private
284627,Bsu Taluk Head Quarters Hospital Chittur,Kerala,Palakkad,chittur,9.004354,76.775632,Government
280941,Taluk Headquarters Hospital Sulthan Bathery,Kerala,Wayanad,Wayanad,11.662543,76.257414,Government
280388,Believers Church Medical College Hospital,Kerala,Pathanamthitta,Pathanamthitta,9.416683,76.575292,Private
282684,Government General Hospital (Beach),Kerala,Kozhikode,Kozhikode,11.256595,75.770942,Government
282681,District Hospital Tirur,Kerala,Malappuram,TIRUR,11.116071,76.120541,Government
91116,Sonam Nurboo Memorial SNM Hospital Blood Bank,Ladakh,Leh(Ladakh),Leh,0.007702,0.011747,Government
13014,Army General Hospital Leh,Ladakh,Leh(Ladakh),Leh Ladakh,0.0,0.0,Government
23166,"District Hospital, Panna",Madhya Pradesh,Panna,Panna,22.596278,80.370388,Government
23167,Blood Center Raisen,Madhya Pradesh,Raisen,Raisen,22.944397,77.291426,Government
23168,"District Hospital, Rajgarh",Madhya Pradesh,Rajgarh,Rajgarh,24.00976,76.732073,Government
23169,"District Hospital, Sehore",Madhya Pradesh,Sehore,Sehore,25.676067,76.711645,Government
590,"Sadguru Blood Centre Jankikund Chikitsalaya, Chitrakoot",Madhya Pradesh,Satna,Chitrakoot,25.095043,80.515971,Charitable
283409,"Sewa Blood Centre & Component Centre,",Madhya Pradesh,Bhopal,Bhopal,23.197329,77.426987,Private
23160,"District Hospital, Jhabua",Madhya Pradesh,Jhabua,Jhabua,22.773068,74.591422,Government
23161,"District Hospital, Khandwa",Madhya Pradesh,Khandwa (East Nimar),Khandwa,22.596278,80.370388,Government
23162,"District Hospital, Khargone",Madhya Pradesh,Khargone (West Nimar),Khargone,22.054391,79.330324,Government
283369,Sewa Blood Centre And Component Centre Betul,Madhya Pradesh,Betul,Betul,21.991969,77.895214,Private
23164,"District Hospital, Morena",Madhya Pradesh,Morena,Morena,22.596278,80.370388,Government
284852,Akshat Blood Centre,Madhya Pradesh,Dhar,Dhamnod,22.582507,75.285136,Private
283365,City Blood Centre Sagar,Madhya Pradesh,Sagar,Sagar,23.851639,78.696142,Private
284174,Emergency Blood Centre,Madhya Pradesh,Gwalior,Gwalior,26.191025,78.155889,Charitable
285321,Venus Blood Centre,Madhya Pradesh,Shahdol,Shahdol,22.5948,80.378977,Charitable
23178,Lahoti Medicare Blood Centre Indore,Madhya Pradesh,Indore,Indore,-0.000708,-0.016031,Charitable
283638,Bundelkhand Blood Centre,Madhya Pradesh,Chhatarpur,Chhatarpur,22.885127,77.357581,Charitable
23170,"District Hospital, Shajapur",Madhya Pradesh,Shajapur,Shajapur,25.676067,76.711645,Government
284209,Apollo Sage Hospital Blood Centre,Madhya Pradesh,Bhopal,Bhopal,23.223812,77.373147,Private
23171,"District Hospital, Sheopur",Madhya Pradesh,Sheopur,Sheopur,25.676067,76.711645,Government
23172,"District Hospital, Sidhi",Madhya Pradesh,Sidhi,Sidhi,24.413386,81.88065,Government
284208,Navodaya Blood Centre,Madhya Pradesh,Bhopal,Bhopal,23.242079,77.403651,Private
283239,Vindhya Blood Centre,Madhya Pradesh,Rewa,REWA,22.21724,74.266356,Charitable
23173,"District Hospital, Tikamgarh",Madhya Pradesh,Tikamgarh,Tikamgarh,24.452408,78.500693,Government
283238,Chhindwara Blood And Component Center,Madhya Pradesh,Chhindwara,CHHINDWARA,22.129574,78.450529,Private
23174,"District Hospital, Umaria",Madhya Pradesh,Umaria,Umaria,22.596278,80.370388,Government
23175,DISTRICT HOSPITAL VIDISHA,Madhya Pradesh,Vidisha,VIDISHA,23.172743,79.936409,Government
283237,Life Saver Blood Centre,Madhya Pradesh,Bhopal,Bhopal,23.201352,77.408705,Charitable
284446,De-Life Suraksha Blood Centre,Madhya Pradesh,Neemuch,NEEMUCH,22.577962,80.368123,Private
284842,Medical College Abvgmc Vidisha,Madhya Pradesh,Vidisha,Vidisha,23.196684,79.904547,Government
283236,Vision Blood Centre Bhopal,Madhya Pradesh,Bhopal,Bhopal,23.20973,77.437187,Charitable
23176,Gandhi Medical College.,Madhya Pradesh,Bhopal,Bhopal,23.259924,77.390958,Government
284962,Sanjeevni Blood Centre,Madhya Pradesh,Burhanpur,Burhanpur,21.207643,76.130255,Private
283235,Karond Blood Centre And Component Centre,Madhya Pradesh,Bhopal,Bhopal,23.244254,77.38992,Charitable
284444,Life Saver Blood Centre,Madhya Pradesh,Sehore,Sehore,25.680817,76.699607,Charitable
283234,Mahaveer Institute Of Medical Sciences And Research Mangalwara,Madhya Pradesh,Bhopal,Mangalwara,23.222199,77.394784,Private
284168,Faith Blood Centre,Madhya Pradesh,Chhindwara,Chhindwara,22.135307,78.413655,Private
1508,"Civil Hospital Blood Centre, Jan Seva Rugnalaya, Itarsi",Madhya Pradesh,Narmadapuram,Itarsi,0.000542,-0.04522,Government
284167,Life Line Blood And Component Centre,Madhya Pradesh,Bhopal,Bhopal,23.196285,77.366332,Charitable
284166,Medical College Blood Centre Shivpuri,Madhya Pradesh,Shivpuri,Shivpuri,25.635571,76.700819,Government
1505,"Civil Hospital Rani Durgavati Chikitsalaya, Jabalpur",Madhya Pradesh,Jabalpur,Jabalpur,0.002224,0.009032,Government
23144,Indian Red Cross Society Blood Bank Dabra,Madhya Pradesh,Gwalior,Dabra,25.531751,78.200319,Trust
23147,"District Hospital, Alirajpur",Madhya Pradesh,Alirajpur,Alirajpur,22.184448,74.211956,Government
23148,"District Hospital, Anuppur",Madhya Pradesh,Anuppur,Anuppur,22.907362,77.321807,Government
23149,"District Hospital, Ashoknagar",Madhya Pradesh,Ashoknagar,Ashok Nagar,18.510632,73.816224,Government
283508,Agrawal Blood And Components Centre Run By Chirayu,Madhya Pradesh,Balaghat,balaghat,22.933964,77.388524,Charitable
282815,Shree Blood Centre Gwalior,Madhya Pradesh,Gwalior,GWALIOR,25.51259,78.140519,Charitable
284957,Advance Life Saver Blood Centre,Madhya Pradesh,Rewa,Rewa,22.18134,74.246953,Charitable
23142,Indian Red Cross Society Blood Bank Kampoo Gwalior,Madhya Pradesh,Gwalior,Gwalior,25.531751,78.200319,Trust
284711,Chaitanya Blood With Component Separation,Madhya Pradesh,Sagar,Sagar,23.860103,78.716533,Charitable
535,"Goi Kasturba Hospital, Bhel Bhopal",Madhya Pradesh,Bhopal,Bhopal,23.222946,77.446666,Government
23143,"Indian Red Cross Blood Bank, Singrauli",Madhya Pradesh,Singrauli,Singrauli,22.953628,77.340742,Trust
536,"District Hospital, Neemach",Madhya Pradesh,Neemuch,Neemuch,22.596278,80.370388,Government
1519,"People Hospital Blood Centre, Bhopal",Madhya Pradesh,Bhopal,Bhopal,23.20973,77.437187,Charitable
1518,Tatpar Blood Centre And Component Centre Bhopal,Madhya Pradesh,Bhopal,Bhopal,23.18006,77.25035,Charitable
1517,M.P. Thalassemia Kid Care Society - Bhopal Blood Bank,Madhya Pradesh,Bhopal,bhopal,23.2582415,77.3952417,Private
23155,"District Hospital, Dewas",Madhya Pradesh,Dewas,Dewas,22.962207,76.048075,Government
23156,"District Hospital, Dhar",Madhya Pradesh,Dhar,Dhar,22.594249,75.308054,Government
23157,"District Hospital, Dindori",Madhya Pradesh,Dindori,Dindori,22.946033,81.075282,Government
23158,"District Hospital, Morar",Madhya Pradesh,Gwalior,Morar,26.225961,78.222716,Government
23159,"District Hospital, Hoshangabad",Madhya Pradesh,Narmadapuram,Narmadapuram,0.041831,-0.016823,Government
1524,"Chl Blood Centre, Indore",Madhya Pradesh,Indore,Indore,0.0,0.0,Private
541,"Jawahar Lal Nehru Cancer Hospital And Research Centre, Bhopal",Madhya Pradesh,Bhopal,Bhopal,23.273077,77.380764,Private
542,"New Bhopal Blood Centre, Bhopal",Madhya Pradesh,Bhopal,Bhopal,23.20973,77.437187,Charitable
1522,Manas Blood Centre And Component Centre Bhopal,Madhya Pradesh,Bhopal,Bhopal,23.18006,77.25035,Charitable
23150,"District Hospital, Bhind",Madhya Pradesh,Bhind,Bhind,26.566008,78.782684,Government
284944,Guru Gautam Muni Blood Centre,Madhya Pradesh,Mandsaur,Mandsaur,22.610771,80.330581,Private
543,"Arpan Blood Centre, Bhopal",Madhya Pradesh,Bhopal,Bhopal,23.180879,77.441443,Charitable
1521,"J.K. Hospital And Medical Research Centre, Bhopal",Madhya Pradesh,Bhopal,Bhopal,23.178855,77.428807,Charitable
23151,"District Hospital, Burhanpur",Madhya Pradesh,Burhanpur,Burhanpur,21.204824,76.114212,Government
544,"Chirayu Health And Medicare, Bhopal",Madhya Pradesh,Bhopal,Bhopal,23.258167,77.39707,Private
284943,Parakh Charitable Blood Centre,Madhya Pradesh,Gwalior,Gwalior,25.495344,78.142578,Charitable
284305,Ms Shri Dada Darbar Blood Centre,Madhya Pradesh,Khargone (West Nimar),Barwah,22.045158,79.326655,Charitable
1520,"City Blood Centre Of Bhojpal Charitable Trust, Bhopal",Madhya Pradesh,Bhopal,Bhopal,23.26,77.412,Charitable
23153,"District Hospital, Damoh",Madhya Pradesh,Damoh,Damoh,23.833141,79.440745,Government
545,"Chirayu Medical College And Hospital, Bhopal",Madhya Pradesh,Bhopal,Bhopal,23.268916,77.308073,Charitable
546,"Rkdf Medical College Hospital And Research Centre, Bhopal",Madhya Pradesh,Bhopal,Bhopal,0.0,0.0,Private
23154,"District Hospital, Datia",Madhya Pradesh,Datia,Datia,25.687237,78.442216,Government
547,M.P. Birla Hospital And PRIYAMVADA BIRLA CANCER RESEARCH INSTITUTE SATNA,Madhya Pradesh,Satna,Satna,24.585065,80.85646,Charitable
548,"Bansal Hospital Redefining Health Care, A Unit Of Ayushman Medical Diagnostic Private Limited,Bhopal",Madhya Pradesh,Bhopal,Bhopal,23.238549,77.414719,Private
549,"Suyash Blood Centre, Indore",Madhya Pradesh,Indore,Indore,0.0,0.0,Private
280461,"Modern Blood Centre, Mhow",Madhya Pradesh,Indore,MHOW,0.0,0.0,Private
1526,Jupiter Hospital Projects Pvt. Ltd. Blood Centre,Madhya Pradesh,Indore,Indore,0.024696,0.022609,Private
285111,Vidisha Hitech Blood Centre,Madhya Pradesh,Vidisha,Vidisha,23.147699,79.97795,Private
283291,"Sukh Sagar Medical College And Hospital, Blood Centre",Madhya Pradesh,Jabalpur,Jabalpur,0.03254,0.03027,Charitable
285112,Mgu Hospital Blood Centre,Madhya Pradesh,Sehore,Sehore,25.67374,76.717779,Private
23129,Goi AIIMS Bhopal,Madhya Pradesh,Bhopal,Bhopal,23.210647,77.385012,Government
552,"Mohit Blood Centre Services, Indore",Madhya Pradesh,Indore,Indore,0.0,0.0,Private
1534,Deep Blood Centre,Madhya Pradesh,Khandwa (East Nimar),KHANDWA,22.8740505,74.7337069,Private
554,Shubham Pathological Diagnostic Centre And Blood Centre,Madhya Pradesh,Indore,Indore,0.0,0.0,Private
23120,"District Hospital, Narsinghpur",Madhya Pradesh,Narsimhapur,Narsinghpur,22.565735,79.110807,Government
557,"Noble Pathology Labs Blood Centre, Indore",Madhya Pradesh,Indore,Indore,0.0,0.0,Private
559,"Shri Indore Cloth Market Hospital, Indore",Madhya Pradesh,Indore,Indore,0.0,0.0,Charitable
284496,Shiva Charitable Blood Centre,Madhya Pradesh,Guna,Guna,24.627567,77.293693,Charitable
282593,"Indian Red Cross Society Blood Centre, Indore",Madhya Pradesh,Indore,Indore,25.531751,78.200319,Trust
1538,"Kanchan Medicare And Research Centre Pvt. Ltd., Guna",Madhya Pradesh,Guna,Guna,24.648661,77.302928,Private
284010,Life Line Blood Centre Itarsi,Madhya Pradesh,Narmadapuram,itarsi,0.0,0.0,Charitable
280290,"Jabalpur Blood Centre And Pathology Lab, Jabalpur",Madhya Pradesh,Jabalpur,jabalpur,0.0,0.0,Charitable
23138,"District Hospital, Chhindwara",Madhya Pradesh,Chhindwara,Chhindwara,22.113513,78.430952,Government
1547,"Harit Blood Centre, Hoshangabad",Madhya Pradesh,Narmadapuram,Hoshangabad,0.02924,0.02919,Private
281812,Jaora BSU,Madhya Pradesh,Ratlam,Jaora,23.279515,75.053267,Government
561,"Choitram Hospital And Research Centre, Indore",Madhya Pradesh,Indore,Indore,0.0,0.0,Charitable
563,"Verma Union Hospital, Blood Centre, Indore",Madhya Pradesh,Indore,Indore,22.71209,75.838098,Private
1545,"Manav Seva Samiti, Ratlam",Madhya Pradesh,Ratlam,Raltam,23.3266577,75.039959,Charitable
564,"Sanghvi Blood Centre, Indore",Madhya Pradesh,Indore,Indore,22.7166872,75.8739793,Private
1543,"Vishnuprabha Charitable Trust, Dewas",Madhya Pradesh,Dewas,Dewas,22.964817,76.046337,Charitable
566,"Bombay Hospital Trust, Indore",Madhya Pradesh,Indore,Indore,22.71957,75.857726,Private
280563,Noble Blood Centre And Component Centre,Madhya Pradesh,Bhopal,Bhopal,23.2122,77.379924,Private
567,"Aurobindo Blood Centre Saims Hospital, Indore",Madhya Pradesh,Indore,Indore,22.796953,75.845156,Charitable
1540,Care Blood Centre,Madhya Pradesh,Jabalpur,Jabalpur,0.024497,-0.019234,Charitable
284248,Bcm Kokilaben Dhirubhai Ambani Hospital (Unit Of Mandke Foundation) Blood Centre,Madhya Pradesh,Indore,Indore,-0.01194,-0.018618,Private
280286,All Is Well Blood Centre,Madhya Pradesh,Burhanpur,BURHANPUR,21.210959,76.089539,Charitable
569,"Index Medical College Hospital And Research Centre Run By Mayank Welfare Society, Indore",Madhya Pradesh,Indore,Indore,-0.002135,0.018093,Charitable
280285,M/S Modern Institute Of Medical Science And Sewakunj Hospital And Research Centre Blood Bank,Madhya Pradesh,Indore,Indore,0.003433,-0.019257,Charitable
280282,Parth Blood Centre Component Separation Unit And Apheresis Centre Gwalior,Madhya Pradesh,Gwalior,Gwalior,26.192166,78.164638,Charitable
282582,Nia Sagar Shree Blood Centre,Madhya Pradesh,Sagar,Makronia,23.830776,78.711866,Private
283791,Dns Blood Centre Indore,Madhya Pradesh,Indore,Indore,-0.032426,-0.027245,Private
284481,Sagar Multispecialty Hospital Blood Centres,Madhya Pradesh,Bhopal,Bhopal,23.218255,77.335139,Private
285099,Shri Vinayak Shri Blood Centre,Madhya Pradesh,Dhar,Dharampuri,22.593106,75.309848,Private
23109,"District Hospital, Mandsaur",Madhya Pradesh,Mandsaur,Mandsaur,22.596278,80.370388,Government
285255,Apollo JBP Blood Center,Madhya Pradesh,Jabalpur,Jabalpur,0.0,0.0,Private
23101,"State of the Art Model Blood Bank, M.Y. Hospital",Madhya Pradesh,Indore,Indore,22.714476,75.882875,Government
23102,Goi Bhopal Memorial Hospital & Research Centre,Madhya Pradesh,Bhopal,Bhopal,23.18006,77.25035,Government
23103,J A. Hospital & G. R. Medical College Gwalior,Madhya Pradesh,Gwalior,Gwalior,25.483646,78.196859,Government
23104,"District Hospital, Katni",Madhya Pradesh,Katni,Katni,23.832575,80.39196,Government
23106,"District Hospital, Shivpuri",Madhya Pradesh,Shivpuri,Shivpuri,25.676067,76.711645,Government
571,"Gokuldas Hospital Blood Centre Sarju Bai Charitable Trust, Indore",Madhya Pradesh,Indore,Indore,-0.010024,0.000833,Charitable
281804,"District Hospital, Agar Malwa",Madhya Pradesh,Agar Malwa,Agar Malwa,22.596278,80.370388,Government
23107,"District Hospital, Shahdol",Madhya Pradesh,Shahdol,Shahdol,22.596278,80.370388,Government
23180,Indubhai Parekh Memorial Hospital Blood Centre Run by Grasim Jana Seva Trust,Madhya Pradesh,Ujjain,ujjain,23.173333,75.820003,Charitable
23184,AASHA BLOOD & COMPONENT CENTRE,Madhya Pradesh,Betul,Betul,21.997549,77.889168,Charitable
284878,Shree Gurukripa Blood Centre,Madhya Pradesh,Indore,Indore,0.048964,0.038595,Private
576,"Cancer Hospital And Research Centre, Gwalior",Madhya Pradesh,Gwalior,Gwalior,0.0,0.0,Private
577,"Birla Institute Of Medical Research, Gwalior",Madhya Pradesh,Gwalior,Gwalior,0.0,0.0,Private
283420,"Ashoknagar Seva Samiti ,",Madhya Pradesh,Ashoknagar,Ashoknagar,18.510632,73.816224,Charitable
284470,City Blood Centres,Madhya Pradesh,Harda,Harda,22.59472,80.381574,Private
23119,"District Hospital, Satna",Madhya Pradesh,Satna,Satna,22.596278,80.370388,Government
23111,"District Hospital, Harda",Madhya Pradesh,Harda,Harda,22.596278,80.370388,Government
23112,"District Hospital, Seoni",Madhya Pradesh,Seoni,Seoni,22.054391,79.330324,Government
281918,"District Hospital, Rewa",Madhya Pradesh,Rewa,Rewa,22.184448,74.211956,Government
23115,"District Hospital, Betul",Madhya Pradesh,Betul,Betul,21.903381,77.898085,Government
23116,"District Hospital, Jabalpur",Madhya Pradesh,Jabalpur,Jabalpur,25.676067,76.711645,Government
581,"C.R. Gardi Hospital And R.D. Gardi Medical College, Ujjain",Madhya Pradesh,Ujjain,Ujjain,23.233015,75.811619,Charitable
23118,"District Hospital, Barwani",Madhya Pradesh,Barwani,Barwani,22.02134,74.541084,Government
583,"Puspha Mission Hospital And Maternity Hospital Blood Centre, Ujjain",Madhya Pradesh,Ujjain,Ujjain,23.168295,75.795961,Charitable
284904,Karuna Blood Centre,Madhya Pradesh,Barwani,Sendhwa,21.994336,74.527122,Private
283418,JINDAL HOSPITAL DIAGNOSTICS AND RESEARCH CENTRE BLOOD CENTRE,Madhya Pradesh,Seoni,SEONI,23.178855,77.428807,Private
584,"Mittal Hospital Nursing Chopati, Dhar",Madhya Pradesh,Dhar,Dhar,22.63095,75.288754,Private
585,"Society Of St. Joseph Hospital, Blood Centre, Narmadapuram",Madhya Pradesh,Narmadapuram,Nrmadapuram,-0.005347,0.041525,Private
283417,Faith Blood Centre,Madhya Pradesh,Balaghat,Balaghat,22.946495,77.334269,Private
586,"Shreya Blood Centre, Hoshangabad",Madhya Pradesh,Narmadapuram,Hoshangabad,0.00178,0.006391,Private
587,"Padhar Hospital Blood Centre, Betul",Madhya Pradesh,Betul,Betul,22.055189,77.86498,Charitable
284900,Sn Krishna Blood Centre,Madhya Pradesh,Ujjain,ujjain,23.214109,75.828257,Private
588,"Jivan Jyoti Hospital, Meghnagar",Madhya Pradesh,Jhabua,Meghnagar,22.913396,74.53969,Private
283414,Mahajan Hospital,Madhya Pradesh,Dhar,Dhar,22.635474,75.373109,Private
283656,Ved Hi Tech Charitable Blood Centre,Madhya Pradesh,Bhopal,Bhopal,23.256228,77.386295,Charitable
589,Bhagyoday Tirth Hospital Blood Centre,Madhya Pradesh,Sagar,Sagar,23.851061,78.722466,Charitable
284469,Indian Red Cross Society Dewas,Madhya Pradesh,Dewas,Dewas,25.531751,78.200319,Trust
280541,Amaltas Institute Of Medical Sciences Dewas,Madhya Pradesh,Dewas,Dewas,22.964036,76.080593,Charitable
284468,Medical College Ratlam,Madhya Pradesh,Ratlam,Ratlam,23.337156,74.998898,Government
504,"Medical College Nscb Medical College, Jabalpur",Madhya Pradesh,Jabalpur,Jabalpur,-0.007123,0.019735,Government
505,"Medical College Ss Medical College, Sanjay Gandhi Memorial Hospital, Rewa",Madhya Pradesh,Rewa,Rewa,22.250234,74.228385,Government
507,"District Hospital, Bhopal J P Tulsi Nagar, Bhopal",Madhya Pradesh,Bhopal,Bhopal,23.222709,77.348315,Government
285272,BAIJNATH BLOOD CENTRE,Madhya Pradesh,Agar Malwa,Agar,22.600609,80.428553,Private
18135,"M/S. Shri Hazur Saheb Blood Centre, Components Laboratory And Apheresis Centre",Maharashtra,Parbhani,Parbhani,19.692902,72.772639,Charitable
18256,M/S Late Dr. Sadanandji Burma Trust Blood Centre,Maharashtra,Amravati,paratwada,21.298921,77.518316,Charitable
18014,Bombay Hospital Trust Blood Centre,Maharashtra,Mumbai,Mumbai,18.94103,72.82816,Charitable
18136,M/S. Global Hospital-Super Speciality Andtransplant Centre,Maharashtra,Mumbai,Parel,19.049556,72.882904,Private
18015,"P.D. Hinduja Hospital And Medical Research, Blood Centre",Maharashtra,Mumbai,Mumbai,19.033615,72.838105,Charitable
18257,"Sant Gadgebaba Blood Centre And Component Centre, Badnera",Maharashtra,Amravati,Amravati,20.794116,77.709547,Charitable
18137,"Padmashri Dr. Vitthalrao Vikhe Patil Foundation Ahmednagar Medical College Hospital, Blood Bank",Maharashtra,Ahmadnagar,Ahmednagar,19.181403,74.689625,Charitable
18258,"Dr Mankar Memorial Trust, Late. Dr. B.P. Thakre Memorial Component Blood Centre",Maharashtra,Akola,Akola,20.747472,76.99879,Charitable
18016,K.E.M. Hospital Blood Centre,Maharashtra,Mumbai,Mumbai,19.001515,72.841877,Government
18138,Jankalyan Blood Centre,Maharashtra,Ahmadnagar,Ahmednagar,19.867491,75.879779,Charitable
18017,Masina Hospital Blood Centre,Maharashtra,Mumbai,Byculla,18.974886,72.835711,Charitable
18252,"Dean, Govt. Medical College Hospital Blood Centre Aurangabad",Maharashtra,Aurangabad,Aurangabad,19.873384,75.344972,Government
18131,"Azad Panchi Groups, M/S Siddheshwar Blood Centre, Solapur",Maharashtra,Solapur,Solapur,17.663328,75.908661,Charitable
18011,General Hospital Blood Centre,Maharashtra,Chandrapur,Chandrapur,19.953683,79.296742,Government
285312,"Navjeevan Blood Centre, Kankawali, Sindhudurga",Maharashtra,Sindhudurg,Kankaw,15.913868,73.824304,Charitable
18253,"Shri Balaji Blood Centre , Blood Component Lab And Blood Transfusion Center",Maharashtra,Amravati,Amravati,20.939799,77.756627,Charitable
18132,Jeevandhara Blood Centre,Maharashtra,Kolhapur,KOLHAPUR,16.706599,74.231346,Charitable
18134,"Azad Panchi Groups, Miraj Serological Institute Blood Centre",Maharashtra,Sangli,Sangli,16.828931,74.639399,Charitable
18250,"Kanthak Sevabhavi Sanstha, New Life Blood Centre, Parbhani",Maharashtra,Parbhani,Parbhani,19.273124,76.782625,Charitable
18251,"Blood Center Government Medical College And Hospital, Osmanabad",Maharashtra,Osmanabad,Osmanabad,19.890542,75.317164,Government
18130,"Shri Basaveshwar Manav Vikas, Grameen Sevabhavi Sanstha, Adarsh Blood Centre",Maharashtra,Sangli,Sangli,16.842421,74.619929,Charitable
284454,"Bhavar Blood Centre, Badlapur (E), Taluka Ambernath, Dist. Thane",Maharashtra,Thane,Badlapur,19.166491,72.970075,Charitable
18139,Pravara Medical Trusts Blood Centre,Maharashtra,Ahmadnagar,Rahata,19.200206,74.69512,Charitable
18018,N.M Wadia Hospital Blood Centre Parel Mumbai,Maharashtra,Mumbai,Mumbai,19.060032,72.828913,Charitable
18019,Prince Aly Khan Hospital Blood Centre,Maharashtra,Mumbai,Mumbai,18.97084,72.836617,Charitable
18267,Sau. Kantadevi Dale Blood Centre,Maharashtra,Washim,Washim,20.105396,77.143122,Charitable
18025,"S. L. Raheja Hospital. Blood Centre, Mahim",Maharashtra,Mumbai,Mumbai,19.046572,72.842207,Charitable
18146,Sanjeevani Blood Centre,Maharashtra,Ahmadnagar,Kopergaon,19.975586,73.803963,Charitable
18026,"Shri Balyogi Shikshan Prasarak Mandal Charitable Trust, Sai Jeewan Blood Centre",Maharashtra,Akola,Akola,20.675461,76.983007,Charitable
18147,Anandrushiji Blood Centre,Maharashtra,Ahmadnagar,Ahmednagar,19.080688,74.732289,Charitable
18268,Arpan Blood Centre Blood Component And Apheresis Centre,Maharashtra,Latur,Latur,19.189209,72.97706,Charitable
18269,"Shri. Brahman Swrankar Samaj Trust, Blood Centre",Maharashtra,Buldana,Buldana,20.543402,76.170956,Charitable
18027,M/S Beed Blood Centre,Maharashtra,Bid,Beed,19.260041,76.453935,Charitable
18149,Laksh Foundation New Arpan Voluntary Blood Centre Ahmednagar,Maharashtra,Ahmadnagar,Ahmednagar,19.180521,74.649122,Charitable
18021,Sir J.J.Mahanagar Rakthapedhi,Maharashtra,Mumbai,Mumbai,18.963334,72.832489,Government
18142,"Civil Surgeon, General Hospital, Blood Centre",Maharashtra,Ahmadnagar,Ahmednagar,19.108046,74.73557,Government
18264,"Medical Supritendant District-Hospital For Women, Blood Centre(C.S)",Maharashtra,Akola,Akola,20.719645,76.982773,Government
18022,Sir H N Hospital And Research Centre Blood Centre,Maharashtra,Mumbai,Mumbai,18.971653,72.809968,Charitable
18143,Dr. JondhaleS Nityaseva Blood Centre,Maharashtra,Ahmadnagar,Shrirampur,19.6227,74.660399,Charitable
18144,Ashtavinayak Blood Bank,Maharashtra,Ahmadnagar,Ahmednagar,19.17499,74.687218,Charitable
18265,"Nandkishor Education Society Trust, Arpan Voluntary Blood Centre",Maharashtra,Nagpur,Nagpur,20.004874,73.787165,Charitable
18023,Shushrusha Citizens Co-Op Hospital Blood Centre,Maharashtra,Mumbai,Dadar,19.023426,72.837899,Charitable
18024,Smt. Kapoorben Vasanji Lathiya Blood Centre,Maharashtra,Mumbai,Mumbai,19.095831,72.840101,Charitable
18266,"Adarsh Sanskaar Mandal Sanchalit, Dr. Hedgewar Rakta Pedhi, Blood Centre",Maharashtra,Akola,Akola,20.723268,77.01371,Charitable
18140,Shri Sainath Blood Centre,Maharashtra,Ahmadnagar,Shirdi,19.763137,74.47058,Charitable
18261,Akola Diagnostic Centre Blood Centre And Component Lab,Maharashtra,Akola,Akola,20.70644,77.011207,Charitable
18141,Ahmednagar Municipal Council Blood Centre,Maharashtra,Ahmadnagar,Ahmednagar,0.0,0.0,Government
18262,"Civil Surgeon, District General Hospital Blood Centre",Maharashtra,Parbhani,Parbhani,20.533583,76.187482,Government
283233,Kurduwadi Blood Centre,Maharashtra,Solapur,Solapur,17.604968,75.88485,Charitable
18234,Sanjivan Blood Centre,Maharashtra,Chandrapur,Chandrapur,16.706599,74.231346,Charitable
18113,M/S Jeevan Jyot Charitable TrustS Solapur Blood Centre,Maharashtra,Solapur,Solapur,17.641709,75.931097,Charitable
18114,Akshay Blood Centre,Maharashtra,Solapur,Solapur,18.47143,73.959674,Charitable
18236,"Indian Red Cross Society, Dr. Bhalchandra Blood Centre",Maharashtra,Latur,Latur,21.011122,75.567945,Trust
18115,"Athar Blood Centre, Solapur",Maharashtra,Solapur,Solapur,17.65992,75.906391,Charitable
18116,Rajashri Chatrapati Shahu Maharaj Govt. Medical College And Chatrapati Pramilaraje General Hospita,Maharashtra,Kolhapur,Karveer,16.701443,74.227074,Government
18230,Jeevandhara Buldana Urban Blood Centre Run And Managed By Shree Charitable Trust,Maharashtra,Buldana,Buldana,20.5757,76.187126,Charitable
18231,"Dean, Swami Ramanand Tirtha Rural Medical College. And Hospital, Blood Centre",Maharashtra,Bid,Ambajogai,18.731377,76.370902,Government
18232,Vaidyanath Blood Centre,Maharashtra,Bid,Parli-Vajinath,18.842659,76.535058,Charitable
18112,"Smbt Institute Of Medical Science And Research Centre, Blood Centre And Component",Maharashtra,Nashik,Nashik,19.76062,73.769851,Charitable
284555,M/S. Freedom Foundation Sanchlit Lifeline Blood Centre,Maharashtra,Pune,N.V.Bussiness C,18.447547,73.854307,Charitable
284433,"Ayush Blood Centre, Vaduj, Tal. Khatav, Dist. Satara",Maharashtra,Satara,Vaduj,17.68766,74.199468,Charitable
284432,"City Blood Centre, Component And Apheresis Centre, Beed",Maharashtra,Bid,Beed,19.692902,72.772639,Charitable
18117,Leelavati Blood Centre,Maharashtra,Buldana,Buldhana,20.534727,76.172461,Private
18238,"Ircs Nagappa Ambarkhane Blood Centre, Udgir",Maharashtra,Latur,Udgir,18.392306,77.106985,Trust
18118,Annasaheb Galatge Lions Blood Centre Run By Gadhinglaj Lions Welfare Association,Maharashtra,Kolhapur,Gadhinglaj,16.712474,74.20665,Charitable
18124,Acharya Shree Tulsi Blood Centre,Maharashtra,Kolhapur,jaysingpur,16.785709,74.56459,Charitable
18003,"Byl Nair Hospital, Blood Centre",Maharashtra,Mumbai,Mumbai Central,18.974279,72.822573,Government
18125,"Arpan Blood Centre, Blood Component And Apheresis Centre Kolhapur",Maharashtra,Kolhapur,KOLHAPUR,19.189209,72.97706,Charitable
18247,Navjivan Blood Centre Mged By Saraswati Vidyaprasarak Foundation,Maharashtra,Mumbai,Mumbai,19.034696,72.882515,Charitable
18005,Breach Candy Hospital Trust Blood Centre,Maharashtra,Mumbai,Mumbai,19.02226,72.845364,Charitable
18126,"Sai Seva Medical Foundation, Vaibhavlaxmi Blood Centre",Maharashtra,Kolhapur,Kolhapur,19.205274,72.840465,Charitable
18006,St. GeorgeS Hospital And Regional Blood Centre,Maharashtra,Mumbai,Mumbai,18.94027,72.837319,Government
18120,"Late Balasaheb Datye, Lions Blood Centre, Ichalkaranji",Maharashtra,Kolhapur,Ichalkaranji,16.681682,74.467741,Charitable
18241,Shrikrishna Blood Center,Maharashtra,Osmanabad,Omerga,17.83503,76.622149,Charitable
18121,"Mahatma Gandhi Hospital Blood Centre, New Pargaon",Maharashtra,Kolhapur,Hatkanangale,16.86221,74.240034,Charitable
18243,"Indian Red Cross Society Blood Centre, Nanded",Maharashtra,Nanded,Nanded,17.399811,78.485456,Trust
18001,"Jaslok Hospital And Research Centre, Blood Centre",Maharashtra,Mumbai,Mumbai,18.971653,72.809968,Charitable
18122,Dr. D.Y Patil Hospital Blood Centre,Maharashtra,Kolhapur,Kolhapur,16.715186,74.256447,Charitable
18244,Golwalkari Guruji Blood Centre,Maharashtra,Nanded,Nanded,19.168646,77.326553,Charitable
18002,The B.D. Petit Parsee General Hospital Bsu,Maharashtra,Mumbai,Mumbai,18.968704,72.805743,Charitable
18123,Rajarshi Shahu Indian Red Cross Blood Centre,Maharashtra,Kolhapur,Kolhapur,16.691308,74.244866,Trust
18240,"Ankur Hospital Blood Centre, Chandrapur",Maharashtra,Chandrapur,Chandrapur,19.910559,79.293799,Charitable
283339,Ahmednagar Blood Centre,Maharashtra,Ahmadnagar,Ahmednagar,19.171227,74.641995,Charitable
281039,General Hospital Malegaon Blood Centre,Maharashtra,Nashik,Malegaon,20.55474,74.524396,Government
18007,Saifee Hospital Trust Blood Centre,Maharashtra,Mumbai,Mumbai,18.952471,72.818058,Charitable
18008,"Cama And Albles Hosp., Abdul Fazalbhoy Blood Centre",Maharashtra,Mumbai,Mumbai,18.941948,72.832185,Government
18129,Chattrapati Shahu Maharaj Aadhar Blood Centre,Maharashtra,Pune,Pune,18.466519,73.857679,Charitable
18009,Bombay Red Cross Blood Centre,Maharashtra,Mumbai,Mumbai,19.039667,72.880108,Trust
284140,Arpan Blood Centre Nanded,Maharashtra,Nanded,Nanded,19.161264,77.304543,Charitable
18214,"Kakasaheb Chitle Memorial Centre Sanchalit, Jankalyan Blood Centre",Maharashtra,Raigarh,Raigarh,18.082736,73.42265,Charitable
18215,"Shree Sai Medical TrustS, Shree Sai Blood Centre, Old Panvel",Maharashtra,Raigarh,Panvel,19.0636,73.082954,Charitable
27164,HINDU HRUDAYSAMRAT BALASAHEB THACKERAY HOSPITAL BLOOD CENTRE,Maharashtra,Nashik,Nashik,19.963348,73.800183,Government
27165,Panchavati Blood Centre Nashik,Maharashtra,Nashik,Nashik,20.000603,73.841833,Charitable
27162,Jeevan Dhara Blood Centre,Maharashtra,Pune,Pune,18.475265,73.833911,Charitable
27163,"Matoshree Blood Centre, Blood Component and Apheresis Centre",Maharashtra,Parbhani,Parbhani,19.189209,72.97706,Charitable
27168,Siddeshwar Pratisthans Manwath Blood Centre,Maharashtra,Parbhani,Manwath,19.461812,74.593921,Charitable
27169,Ocean Bahuudeshiya Sansthas Lions Blood Centre Wardha,Maharashtra,Wardha,Wardha,20.718642,78.615022,Charitable
27166,M/s. Jupiter Hospital Blood Centre Kalyan Thane,Maharashtra,Thane,Thane,19.17179,72.976798,Private
27167,Warje Blood Centre,Maharashtra,Pune,Pune,18.509245,73.880172,Charitable
284016,"Dr. R.N.Cooper Hospital Blood Centre Vile Parle (W) Mumbai,",Maharashtra,Mumbai,Mumbai,19.028034,72.808273,Charitable
283289,Mahatma Basaveshwar Blood Centre,Maharashtra,Solapur,1st f,17.631907,75.84922,Charitable
284015,Aai Bahuuddeshiya Sevabhavi Sanstha Shourya Blood Centre Yavatmal,Maharashtra,Yavatmal,Near Rana Prat,20.403548,78.107379,Charitable
284499,"M/S.Uaims Advanced Blood Centre, Ushahkal Abhinav Institute Of Medical Sciences(Uaims), Sangli. (A U",Maharashtra,Sangli,New S.No.105(Old S,16.881934,74.625458,Private
284498,Shri Gajanan Blood Centre,Maharashtra,Washim,N,20.136707,77.127094,Charitable
284014,"Shri Kamala Bhavani Blood Centre, Karmala",Maharashtra,Solapur,Karmala,17.676858,75.867843,Charitable
283287,Manikraj Bahuudeshiya Samajsevi Sanstha Shivneri Blood Centre,Maharashtra,Pune,R.C.C building,18.49331,73.815824,Charitable
18216,Rotary Club New Panvel Charitable Trust S Late Dr. B.V. Limaye Blood Centre,Maharashtra,Raigarh,PANVEL,19.008249,73.108321,Charitable
27160,Spandan Blood Centre Yavatmal,Maharashtra,Yavatmal,Umerkhed,20.391037,78.103422,Private
284254,Blood Center District Hospital Aurangabad,Maharashtra,Aurangabad,Aurangabad,19.873384,75.344972,Government
283286,Raigad Hospital Blood Centre Of Saraswati Education Society,Maharashtra,Raigarh,karjat,19.013065,73.126804,Charitable
18223,Dattaji Bhale Blood Centre,Maharashtra,Aurangabad,Aurangabad,19.876165,75.343313,Charitable
18102,"Krishna Hospital And Medical Research Centre, Blood Centre",Maharashtra,Satara,Satara,17.285065,74.185701,Charitable
18103,Mauli Blood Centre satara,Maharashtra,Satara,Satara,17.686084,74.007955,Charitable
18225,Adarsh Blood Centre,Maharashtra,Aurangabad,Aurangabad,19.887591,75.324306,Charitable
18104,Phaltan Medical FoundationS Blood Centre,Maharashtra,Satara,Phaltan,17.992317,74.42537,Charitable
18105,Yashwantrao Chavan Blood Centre,Maharashtra,Satara,Karad,17.275751,74.18181,Charitable
18226,Lions Blood Centre,Maharashtra,Aurangabad,Auranagabad,19.87244,75.323188,Charitable
18220,"Mauli Blood Centre, Latur",Maharashtra,Latur,Latur,18.451173,73.89143,Charitable
18221,Shri Sai Seva Medical Foundation Sanchalit Nirnay Janseva Blood Centre,Maharashtra,Dhule,Dhule,20.894154,74.775124,Charitable
27174,MGM College Nerul Blood Centre,Maharashtra,Thane,Thane,19.194337,72.970144,Charitable
27177,Warud Blood Centre Tal Warud Dis Amravati,Maharashtra,Amravati,Warud,20.93386,77.760815,Charitable
284246,Ms.Rambhabai Bahuuddeshiya Seva Sanstha Seva Blood Centre,Maharashtra,Nandurbar,Nandurbar,20.60991,75.061789,Charitable
27171,Shri Chhatrapati Shivaji Bahuuddheshiya Sansthas Varad Blood Centre Dhule,Maharashtra,Dhule,Dhule,20.907845,74.750523,Charitable
18227,Jankalyan Blood Centre,Maharashtra,Jalna,Jalna,19.867491,75.879779,Charitable
18107,Dr. Hegdewar Rakta Pedhi,Maharashtra,Solapur,Solapur,17.66391,75.900793,Charitable
18228,"Civil Surgeon, General Hospital, Blood Centre",Maharashtra,Jalna,Jalna,19.108046,74.73557,Government
18108,"Ima, Sahakar Maharshi Shankarrao Mohite Patil Blood Centre",Maharashtra,Solapur,Solapur,17.660169,75.906401,Charitable
18109,"Indian Red Cross Society Blood Centre, Bai Gopabai Damani Blood Centre, Solapur",Maharashtra,Solapur,Solapur,17.660077,75.906391,Trust
27170,B S P Medical College Blood Centre Chh Sambhaji Nagar,Maharashtra,Aurangabad,Chh Sambhaji Nagar Aurangabad,19.931013,75.338446,Charitable
284361,"Laksh Foundation, Lifeline Blood Centre, Nashik",Maharashtra,Nashik,Nashik,20.000593,73.791664,Charitable
284360,"Criticare Asia Hospital Blood Centre, Pvt. Ltd., Kurla (W), Mumbai",Maharashtra,Mumbai,Mumbai,18.984015,72.850834,Private
27146,"Govt. Medical College Blood Centre, Nagpur",Maharashtra,Nagpur,Nagpur,21.126097,79.097101,Government
284117,"Vedanta Hospital And Research Center Blood Centre, Saswand, Post Dhundalwadi",Maharashtra,Palghar,Post Dhundalwadi,19.521998,72.786189,Private
284359,"Maha Victory Charitable Trust, Lifeline Blood Centre, Bapgaon, Tal. Bhiwandi, Dist. Thane",Maharashtra,Thane,Bapgaon Tal Bhiwandi,19.189027,72.909676,Charitable
284358,"Poona Medical Relief And Research Foundation, Kai Madhukar Sakharam Bidkar Blood Centre, Pune",Maharashtra,Pune,Pune,18.525047,73.823671,Charitable
283264,Aurangabad Thalassemia Society Shri Satya Sai Blood Centre,Maharashtra,Aurangabad,Opposite Sant Tukaram N,19.888416,75.339551,Charitable
283142,Samarpan Blood Centre,Maharashtra,Bhandara,Bhandara,19.569309,74.206528,Charitable
284350,Manipal Hospitals Pvt Ltd Blood Centre,Maharashtra,Pune,Pune,18.495355,73.856853,Private
283261,The Yugantar Education SocietyS Nashikrao Tirpude Blood Centre,Maharashtra,Nagpur,Nagpur,21.099682,79.097604,Charitable
18201,"Dr. D.Y. Patil Hospital And Research Centre, Blood Centre",Maharashtra,Thane,Thane,0.0,0.0,Charitable
283260,Samarpit Bahuddeshiya Sevabhavi Sanshta Tarpan Blood Centre,Maharashtra,Pune,Pune,18.510252,73.886172,Charitable
18203,"Jai Matadi Bahuuddeshiya Sevabhavi Sasthas Guru Gobindsinghji Blood Centre, Blood Comp And Aphs Nand",Maharashtra,Nanded,Nanded,19.159081,77.330652,Charitable
18204,Bhiwandi Blood Centre,Maharashtra,Thane,Bhiwandi,19.171947,73.018753,Charitable
27154,"Sir, J.J. Group Hospital Blood Centre, Byculla Mumbai",Maharashtra,Mumbai,Mumbai,18.962909,72.833639,Government
27152,Bai Gangabai Ladies Hospital Blood Centre Gondiya,Maharashtra,Gondiya,Gondia,21.459648,80.196834,Government
283259,Sanjeevan Blood Component And Apheresis Centre,Maharashtra,Thane,Badlapur,19.692902,72.772639,Charitable
284589,M/S. Jai Mata Di Bahuddeshiya SansthaS Melghat Blood Centre,Maharashtra,Amravati,Amravati,20.913848,77.758903,Charitable
18209,Vijayee Blood Centre Vasai (W),Maharashtra,Palghar,Vasai,19.479412,72.808184,Charitable
284467,"Mahalaxmi Blood Centre, Kagal,Kolhapur",Maharashtra,Kolhapur,Jaysinghrao Park N.R,16.725866,74.166489,Charitable
18205,Mira Bhayandar Muncipal Corporation Rajeev Gandhi Blood Centre,Maharashtra,Thane,Mira Road,19.274233,72.861175,Charitable
18206,Tarapure Automic Power Station Hospital Blood Centre,Maharashtra,Palghar,Boisar,19.813093,72.743519,Government
27150,"Sub -Dist Cottage Hospital, Blood Centre , Sawantwadi, Sindhudurg",Maharashtra,Sindhudurg,Sawantwadi,15.902781,73.823544,Government
18207,Sarla Blood Centre,Maharashtra,Palghar,Vasai West,19.255677,72.865577,Charitable
285274,"Bhartiya Sanskruti Shikshan Prasarak Mandal, Sangola sanchlit,Sangola Blood Centre,Sangola,Solapur",Maharashtra,Solapur,Pandharp,17.657056,75.891303,Charitable
285275,"Pushplata D.Y.Patil Hospital & Research Centre Blood Centre, Maval, Pune",Maharashtra,Pune,Pushplata D.Y.Patil Hospi,0.0,0.0,Charitable
285276,"Shri.Swami Samarth Blood Centre, Pandharpur, Solapur",Maharashtra,Solapur,Gokul,17.646815,75.911524,Charitable
18098,"Akshay Blood Centre, Miraj",Maharashtra,Sangli,Miraj,16.838026,74.651827,Charitable
18099,"Akshay Medical Trust, Akshay Blood Centre",Maharashtra,Satara,Satara,17.674036,74.200747,Charitable
18094,Vasantdada Patil Blood Centre And Haematology Research Centre,Maharashtra,Sangli,Miraj,16.82132,74.649492,Charitable
18095,"Hindratna Prakashbapu Patil Blood Centre, Sangli",Maharashtra,Sangli,Sangli,16.8537,74.580099,Charitable
18096,Bharati Vidyapeeth University Medical College And Hospital Blood Centre,Maharashtra,Sangli,Sangli,16.841716,74.617969,Charitable
18097,"Miraj Serological Institute Blood Centre, Miraj",Maharashtra,Sangli,Sangli,16.828931,74.639399,Charitable
18090,"Islampur Medical Foundations, Rajaram Bapu Blood Centre , Islampur",Maharashtra,Sangli,Walwa,16.818287,74.646763,Charitable
18091,Smt. Anila Kantilal Kothari Blood Centre And Dept. Of Hemato Oncology,Maharashtra,Sangli,Sangli,16.833879,74.635364,Charitable
283198,Riddhi Vinayak Hospital Services Public Charitable Trust Blood Centre,Maharashtra,Palghar,Palgarh,19.469742,72.803873,Charitable
18076,"Abhinav Sikshan MandalS, Sanjeevan Blood Centre",Maharashtra,Kolhapur,Kolhapur,16.726435,74.251076,Charitable
18077,Padmashree Dr.D.Y Patil (Vishweshwar) Blood Centre,Maharashtra,Pune,Pune,18.624175,73.82126,Charitable
18078,Noble Charitable TrustS Noble Blood Centre,Maharashtra,Pune,Pune,18.519523,73.86365,Charitable
18199,"Navi Mumbai Muncipal Corporation, Blood Centre",Maharashtra,Thane,Thane,19.082788,72.996027,Government
18079,Pimpari Serological Institute Blood Centre,Maharashtra,Pune,Pune,18.624322,73.807929,Charitable
18193,Chidanand Charitable Trust Blood Centre,Maharashtra,Thane,Dombivili west,19.212614,73.088869,Charitable
18072,"Metro Blood Centre,Civil Hospital Aundh Pune",Maharashtra,Pune,Pune,18.462799,73.861279,Government
18194,Plasma Blood Centre,Maharashtra,Thane,Thane,19.197242,72.957764,Charitable
18073,"Grant Medical Foundation, A.H. Wadia Trust Blood Centre",Maharashtra,Pune,Pune,18.533369,73.876939,Charitable
18195,Kalyan Dombivali Muncipal Corporation Sponsered Nandakishore Educaation Society Arpan Blood Bank,Maharashtra,Thane,Thane,19.244366,73.122511,Charitable
18196,Ishwar Seva Trusts Dombivali Blood Center,Maharashtra,Thane,Dombivli,19.181161,72.933955,Charitable
18190,Kai Wamanrao Oka Rakta Kendra,Maharashtra,Thane,Thane,19.186459,72.975467,Charitable
18070,Jehangir Hospital Blood Centre,Maharashtra,Pune,Pune,18.530392,73.876808,Charitable
18071,Kem Hospital Blood Centre,Maharashtra,Pune,Pune,18.519784,73.866906,Charitable
285061,Pachpande Multispeciality Hospital Blood Storage Center,Maharashtra,Jalgaon,muktainagar,21.061833,75.601177,Private
285062,Gadchiroli Blood Centre,Maharashtra,Gadchiroli,Navegaon,20.170725,79.96233,Charitable
284150,"Shri Dhaneshwari Manav Vikas Mandals, Shantai Blood Centre, Pedgaon, Dist. Parbhani",Maharashtra,Parbhani,Pedgaon,19.483418,74.564735,Charitable
18088,Cristanand Education Society Blood Centre,Maharashtra,Chandrapur,Brahmapuri,20.607715,79.855757,Charitable
18089,"Civil Surgeon, General Hospital Blood Centre, Gadchiroli",Maharashtra,Gadchiroli,Gadchiroli,20.170208,79.982909,Government
18083,Smt Kashibai Navale General Hospital Blood Centre,Maharashtra,Pune,Pune,18.45624,73.822183,Charitable
18085,"Indian Red Cross Society, (Late Manikbai Chandulal Saraf ) Blood Centre, Pune",Maharashtra,Pune,Baramati,18.521189,73.810854,Trust
18086,Central India Institute Of Haematology And OncologyS Blood And Blood Component Bank And Apheresis U,Maharashtra,Nagpur,Nagpur,21.134731,79.080223,Charitable
18080,Konkan Mitra Mandal Medical TrustS Sahyadri Speaciality Hospital Blood Centre,Maharashtra,Pune,Pune,18.532901,73.820349,Charitable
18081,Aditya Birla Memorial Hospital Blood Centre,Maharashtra,Pune,PUNE,18.625716,73.774775,Private
18082,Rakesh Jain Memorial Blood Centre,Maharashtra,Pune,Pune,18.510752,73.842158,Charitable
283298,Ved Medical Foundation Pune Vita Blood Centre,Maharashtra,Sangli,Basement Of Kala,17.992317,74.42537,Charitable
18058,Sion Blood Centre,Maharashtra,Mumbai,Mumbai,0.0,0.0,Charitable
18179,"Nashik Blood Bank And Transfusion Research Institute Blood Bank(Jijau Mahila Sewabhavi Sanstha, Nash",Maharashtra,Nashik,Nashik,19.990656,73.775241,Charitable
285231,"Shaurya Blood Centre,Blood Components and Apheresis, Chandrapur",Maharashtra,Chandrapur,P,19.189209,72.97706,Charitable
18059,Bharatratna Dr Babasaheb Ambedkar Mun. Gen. Hospital Blood Centre,Maharashtra,Mumbai,MUMBAI,0.0,0.0,Government
18175,Ndmvps Medical College And Hospital Blood Centre,Maharashtra,Nashik,Nashik,20.037363,73.852998,Charitable
18297,The Santajee Educational And Medical Foundation Trusts Navjeevan Blood Centre,Maharashtra,Nashik,Nashik,19.987781,73.784138,Charitable
18055,"Meenatai Thackeray Blood Centre, Goregaon, Mumbai, Managed By Prabodhan Goregaon",Maharashtra,Mumbai,Mumbai,19.052723,72.857185,Charitable
18176,"Late. Dr. G.M. Bhavsar Charitable TrustS,Malegaon Blood Centre",Maharashtra,Nashik,Malegaon,19.984655,73.764805,Charitable
18056,Manas Serological Institute Blood Centre,Maharashtra,Mumbai,Mumbai,19.13522,72.848108,Charitable
18177,"Shri Sai Seva Medical Foundation Sanchalit, Sanjeevani Blood Centre",Maharashtra,Nashik,Nashik,20.033056,73.769407,Charitable
18057,Suburban Hi-Tech Blood Centre,Maharashtra,Mumbai,Mumbai,19.183781,72.849166,Charitable
18178,"Medical Superintendent, Regional Referal Hospital Blood Bank,(Superspeciality Hospital) Nashik",Maharashtra,Nashik,Nashik,20.027482,73.791492,Government
18050,Sevenhills Healthcare Private Limited Hospital Blood Centre,Maharashtra,Mumbai,Mumabi,19.117797,72.87809,Private
18292,"Kasturba Health SocietyS, Blood Centre, Sevagram(Mgims)",Maharashtra,Wardha,Wardha,20.739287,78.660927,Charitable
18171,"Jankalyan Blood Centre, Nashik",Maharashtra,Nashik,Nashik,20.008838,73.7702,Charitable
18051,V.N. Desai Municipal General Hospital Blood Centre,Maharashtra,Mumbai,mumbai,19.078822,72.844994,Government
18293,Jawaharlal Nehru Medical College Blood Centre,Maharashtra,Wardha,wardha,20.715824,78.575564,Charitable
18172,Sainik Aspatal Military Hospital Blood Centre,Maharashtra,Nashik,Deolali,19.9483203,73.841866,Government
18052,Holy Spirit Hospital Blood Centre,Maharashtra,Mumbai,Mumbai,19.128442,72.866496,Charitable
18173,DevaS Health And Devlopment Foundation Samta Blood Centre,Maharashtra,Nashik,Nashik,20.056015,73.82042,Charitable
280738,Superitendent Gokuldas Tejpal Hospital,Maharashtra,Mumbai,Mumbai,19.047825,72.865578,Government
18290,Dean Government Medical College And Super Speciality Hospital Blood Centre,Maharashtra,Nagpur,Nagpur,21.123952,79.102367,Government
18170,"Medical Superitendant, J.D.C. Bytco Hospital Blood Centre",Maharashtra,Nashik,Nashik,20.022012,73.794003,Government
18291,"District - Civil Surgeon, General Hospital Blood Centre Wardha",Maharashtra,Wardha,wardha,20.737833,78.603162,Government
18069,Jankalyan Raktapedhi Pune,Maharashtra,Pune,Pune,18.50092,73.857531,Charitable
284095,"Chhatrapati Shahu Maharaj Pratishthan, Swastik Blood Centre, Kamothe, Navi Mumbai",Maharashtra,Raigarh,Kamothe Navi Mumbai,19.041266,73.083497,Charitable
285244,Raigad Blood Centre Pen Tal Pen Dis Raigarh,Maharashtra,Raigarh,Pen,19.017157,73.109507,Charitable
18065,"Deenanath Mangeshkar Hospital, Blood Centre",Maharashtra,Pune,PUNE,18.502108,73.832232,Charitable
18186,Lokamanya Tssia Blood Centre,Maharashtra,Thane,Thane,19.191526,72.95169,Charitable
18187,Chhatrapati Shivaji Maharaj Hospital Blood Centre Csm,Maharashtra,Thane,Thane,19.1922569,72.986723,Government
18067,Indian Serological Institute Blood Centre,Maharashtra,Pune,Pune,18.506291,73.84264,Charitable
18188,M/S Balasaheb Thackerey Blood Centre,Maharashtra,Mumbai,Mumbai,0.0,0.0,Charitable
18189,Jupiter Hospital Blood Centre,Maharashtra,Thane,Thane,19.209617,72.972405,Private
18068,"Sadhu Vaswani Mission Medical Complex, Inlaks And Budharani Hospital Blood Centre, Pune",Maharashtra,Pune,Pune,18.53204,73.832521,Charitable
18061,"Acharya Anandrishiji Blood Centre, Pune",Maharashtra,Pune,Pune,18.508647,73.844846,Charitable
18183,"Mahatma Gandhi Blood Centre, Operated By Task",Maharashtra,Thane,Thane,19.194605,72.976898,Charitable
18062,Akshay Blood Centre,Maharashtra,Pune,Pune,18.47143,73.959674,Charitable
18184,"Vitthal Sayanna General Hospital (Civil Hospital) Blood Centre, Thane",Maharashtra,Thane,Thane,19.199056,72.978096,Government
18064,M/S Bharati Vidyapeeth Medical Foundations Bharati Hospital Blood Centre,Maharashtra,Pune,Pune,18.459914,73.855994,Charitable
18185,Navjeevan Blood Centre Mangaed By Spvf,Maharashtra,Thane,Thane(W),19.161915,72.967919,Charitable
18181,"Shree Swami Samartha Vaidyakiya Shaikshanik And Sanshodhan Sanstha, Late Shri Mukeshbai Patel Blo",Maharashtra,Dhule,Shirpur,21.554798,74.472874,Charitable
280723,Mahalakshmi Blood Centre,Maharashtra,Satara,karad,17.708632,74.164918,Charitable
18278,Dr. Murlidhar Kharche Memorial Jeevan Jyoti Blood Centre,Maharashtra,Buldana,Malkapur,20.886486,76.207174,Private
18157,Civil Hospital Blood Centre,Maharashtra,Jalgaon,Jalgaon,21.00845,75.568216,Government
18036,Samarpan Blood Centre Ghatkopar East Mumbai,Maharashtra,Mumbai,Ghatkopar,19.039571,72.814493,Charitable
18037,Deepak Foundations Anviksha Blood Centre,Maharashtra,Mumbai,Mumbai,19.082389,72.904481,Charitable
18158,Indian Red Cross Society Sanchalit Askaran Tarachand Jain Blood Centre,Maharashtra,Jalgaon,Chopda,21.014606,75.53093,Trust
284084,"Washim Blood Centre (Trust), Washim Managed By Ocean Bahuuddeshiya Sanstha, Pusad, Dist. Yavtmal",Maharashtra,Washim,Washim,20.11186,77.126574,Charitable
18159,Jeevanshri Raktapedi,Maharashtra,Jalgaon,Jalgaon,21.045399,75.063926,Charitable
18038,"K.B.Bhabha Muncipal General Hospital, Blood Centre",Maharashtra,Mumbai,Mumbai,19.057493,72.833636,Government
18039,Lilavati Hospital And Research Centre Blood Centre,Maharashtra,Mumbai,Bandra,19.051089,72.828889,Charitable
18153,Jeevan Jyoti Blood Centre,Maharashtra,Dhule,Dhule,20.897883,74.775354,Charitable
18275,Shri Gajanan Blood Centre And Components,Maharashtra,Yavatmal,Yavatmal,20.418283,78.12953,Charitable
18154,Shree Navjeevan Blood Centre Dhule,Maharashtra,Dhule,Dhule,20.927155,74.759427,Charitable
18033,Bhabha Atomic Research Centre Hospital Blood Centre,Maharashtra,Mumbai,Mumbai,19.042464,72.914358,Government
18034,"Seth V.C.Gandhi And M.A.Vora Municipal General Hospital, Rajawadi ,Ghatkopar",Maharashtra,Mumbai,Ghatkopar,19.079304,72.901693,Government
18155,Dhanwantri Blood Centre,Maharashtra,Jalgaon,Bhusawal,21.034297,75.781029,Charitable
18156,Keshavsmruti Pratishthan Sanchalit Madhavrao Golwalkar Swayamsevi Raktpedhi,Maharashtra,Jalgaon,Jalgaon,20.989552,75.543779,Charitable
18035,"Sushilaben R. Mehta And Sir. Kikabai Cardiac Institute, Blood Centre",Maharashtra,Mumbai,Mumbai,19.032412,72.85958,Charitable
18277,"Civil Surgeon, District General Hospital Blood Centre",Maharashtra,Buldana,Buldana,20.533583,76.187482,Government
18150,Shri Bhausaheb Hire Govt. Medical College And Hospital Blood Centre Dhule,Maharashtra,Dhule,Dhule,20.863814,74.761869,Government
18030,K.J.Somaiya Medical College And Hospital Blood Centre,Maharashtra,Mumbai,Mumbai,19.047282,72.874706,Charitable
18152,Jawahar Medical Foundation Blood Centre,Maharashtra,Dhule,Dhule,20.90361,74.741293,Charitable
280719,Swami Vivekanand Blood Centre,Maharashtra,Nanded,Nanded,19.128998,77.302917,Charitable
18031,"L.T.M.G., Municipal Hospital Blood Centre",Maharashtra,Mumbai,Sion,19.177861,72.946234,Government
18047,Fortis Hospital Blood Centre,Maharashtra,Mumbai,Mumbai,19.162122,72.942063,Private
18289,Rainbow Blood Centre,Maharashtra,Nagpur,Nagpur,21.133584,79.072736,Charitable
18168,Arpan Blood Centre And Blood Component Laboratory And Research Centre Nashik,Maharashtra,Nashik,Nashik,20.004874,73.787164,Charitable
18169,Civil Hospital Blood Centre Nashik,Maharashtra,Nashik,Nashik,19.996886,73.778198,Government
18048,Kokilaben Dhirubhai Ambani Blood Centre,Maharashtra,Mumbai,Mumbai,19.131221,72.824772,Charitable
18049,Rotary D.G Goenka Blood Centre( Municipal Gen. Hospital),Maharashtra,Mumbai,Mumbai Suburban,19.177861,72.946234,Charitable
285265,Shrinivasa Blood Centre,Maharashtra,Nanded,Deglur,19.113807,77.340767,Private
18285,Sainath Blood Centre,Maharashtra,Nagpur,Nagpur,21.134294,79.076369,Charitable
18043,Poona Serological Institute Blood Centre,Maharashtra,Pune,Pune,18.516656,73.866532,Charitable
18164,"Civil Surgeon, District General Hospital Blood Centre, Nandurbar",Maharashtra,Nandurbar,Nandurbar,21.33867,74.234768,Government
18165,"Ansar Blood Centre, Malegaon",Maharashtra,Nashik,Malegaon,20.55474,74.524396,Charitable
18044,Bandra Holly Family Hospital Society Blood Centre,Maharashtra,Mumbai,Mumbai,19.055059,72.827202,Charitable
18286,Jeevan Jyoti Blood Centre And Component,Maharashtra,Nagpur,Nagpur,21.123051,79.057149,Charitable
18287,Ayush Blood Centre And Component Lab Ramdaspeth Nagpur,Maharashtra,Nagpur,Nagpur,21.135231,79.072978,Charitable
18045,"Dr. L. H. Hiranandani Hospital, Blood Centre",Maharashtra,Mumbai,Mumbai,19.120591,72.917105,Charitable
18166,Ashirwad Medical Foundations Gsk Blood Centre And Components,Maharashtra,Nagpur,Nagpur,21.156953,79.061597,Charitable
18167,Seva Blood Centre,Maharashtra,Nashik,MALEGAON,20.552689,74.516643,Charitable
18288,Lifeline Blood Centre Nagpur,Maharashtra,Nagpur,Nagpur,21.126097,79.097101,Charitable
18160,Jeevan Surabhi Blood Centre,Maharashtra,Jalgaon,Chalisgaon,20.464642,74.998859,Charitable
18040,Sant Nirankari Blood Centre,Maharashtra,Mumbai Suburban,Vile Parle,19.19805,73.947315,Charitable
18161,Indian Red Cross Society Blood Centre Jalgaon,Maharashtra,Jalgaon,Jalgaon,21.011122,75.567945,Trust
18162,Godavari FoundationS Dr.Ulhas Patil Medical College And Hospital Blood Centre,Maharashtra,Jalgaon,Jalgaon,21.023689,75.705103,Charitable
18283,Dr. Hegdewar Blood Centre,Maharashtra,Nagpur,Nagpur,21.140579,79.060505,Charitable
18284,"Nkp Salve Inst.Of Med.Sci. And Res.Center.Lata Mangeshkar Hosp, Blood Centre",Maharashtra,Nagpur,Nagpur,21.144346,79.078848,Charitable
18042,"Matoshri Valbai Mulji Shah, Arpan Blood Centre",Maharashtra,Mumbai,Mumbai,19.142653,72.933304,Charitable
280536,Apollo Hospital Charitable Trusts' Apollo Hospital Blood Centre,Maharashtra,Raigarh,Navi Mumbai,19.024312,73.062364,Charitable
280537,M/S. Sri. Bhagwant Blood Centre,Maharashtra,Solapur,Solapur,17.669303,75.892709,Charitable
280535,Jupiter Lifeline Hospital Blood Centre,Maharashtra,Pune,Pune,18.4932,73.823048,Private
280770,Jeevan Adhar Blood Centre Nanded,Maharashtra,Nanded,Nanded,19.13541,77.337407,Charitable
280765,Sspm Medical College Lifetime Hospital Blood Centre,Maharashtra,Sindhudurg,Tal Kudal,15.880419,73.856631,Charitable
280766,Smt.Devakabai Kalyanji Cheddha Blood Centre,Maharashtra,Palghar,Palgarh,19.208377,72.847668,Charitable
280520,Mgm Medical College And Hospital Blood Centre,Maharashtra,Aurangabad,Aurangabad,19.864689,75.350668,Charitable
280516,"Sadguru Gajanan Maharaj Education Society, Paramedical Inst., Revneel Blood Centre",Maharashtra,Solapur,Sangola,17.658681,75.916892,Charitable
280757,Nh Srcc ChildrenS Hospital Blood Centre,Maharashtra,Mumbai,Mumbai,19.005724,72.832801,Charitable
280753,Girija Blood Centre,Maharashtra,Pune,Baramati,18.520645,73.831229,Charitable
283609,Aiims Nagpur Blood Center,Maharashtra,Nagpur,Nagpur,21.128507,79.050212,Government
280696,Shaswat Blood Centre Sangli,Maharashtra,Sangli,Miraj,16.840719,74.560343,Charitable
283840,"Radhai Blood Centre, Components Laboratory And Apheresis Centre, Udgir, Dist. Latur",Maharashtra,Latur,UDGIR,19.692902,72.772639,Charitable
280694,Medicare Blood Centre,Maharashtra,Yavatmal,PUSAD,20.428133,78.109924,Charitable
280692,Pune Blood Centre,Maharashtra,Pune,Pune,18.502456,73.866765,Charitable
284803,"Hinjewadi Blood Centre, Hinjewadi, Tal. Mulshi, Dist. Pune",Maharashtra,Pune,Pune,18.466207,73.840422,Charitable
284921,M/S. AsplS Csmss Medical College And Hospital Blood Centre,Maharashtra,Aurangabad,M/S. AsplS Csmss Medical College And Hospital Blood Centre,19.874784,75.356439,Private
282741,"Jeevandai Blood Centre, Components And Apheresis Centre Beed",Maharashtra,Bid,Beed,21.138999,79.063093,Charitable
284915,Yogeshwari Blood Centre,Maharashtra,Bid,House No:8/13,19.317731,76.432998,Charitable
282735,Sahyaadrie Blood Centre Osmanabad,Maharashtra,Osmanabad,Osmanbad,18.877529,75.945779,Charitable
282733,Rotary Blood Centre,Maharashtra,Pune,Pune,18.483009,73.806128,Charitable
280674,Pandharpur Blood Centre,Maharashtra,Solapur,Pandharpur,17.668786,75.877445,Charitable
282601,Symbiosis University Hospital And Research Center Blood Centre Of Symbiosis Trust,Maharashtra,Pune,Pune,18.509963,73.832616,Charitable
280662,Mimer Medical College And Garware Blood Centre,Maharashtra,Pune,Pune,18.527133,73.797109,Charitable
27128,Patangshah Cottage Hospital Blood Centre Jawhar Palghar,Maharashtra,Palghar,jawhar palghar,19.474166,72.826921,Government
27129,"Dean, Govt. Medical College Hospital Blood Centre Akola",Maharashtra,Akola,Akola,20.716681,76.981582,Government
27126,Civil Hospital Sindhudurg,Maharashtra,Sindhudurg,Kudal,15.923306,73.828181,Government
27127,"Blood Centre, Govt.Medical College, General Hospital Latur",Maharashtra,Latur,Latur,18.39451,76.578201,Government
27120,Sasoon Blood Centre Pune,Maharashtra,Pune,Pune,18.493442,73.844854,Government
27121,"Government Medical College And Hospital ,Blood Centre, Miraj",Maharashtra,Sangli,Miraj,19.890542,75.317164,Government
280138,Irrapanna N Bolli Blood Centre,Maharashtra,Solapur,Solapur,17.707776,75.927472,Charitable
27124,"Central Hospital Blood Centre, Ulhasnagar, Thane",Maharashtra,Thane,ulhasnagar,19.189664,72.95402,Government
27122,Indira Gandhi Medical College & Hospital Nagpur,Maharashtra,Nagpur,Nagpur,21.153917,79.092894,Government
27123,Civil Hospital Washim,Maharashtra,Washim,Washim,20.12259,77.127893,Government
280132,Prakash Blood Centre And Blood Component Seperation Unit,Maharashtra,Sangli,Urun Ishwarpur,0.0,0.0,Private
280133,"S. S.Venutai Y. Chavan Sub-District Hospital, Blood Centre Karad",Maharashtra,Satara,Karad,17.288048,74.186177,Government
280130,"Indian Red Cross Society, Dr. Shirgaonkar Blood Centre",Maharashtra,Sangli,Sangli,16.853702,74.575077,Trust
280131,"Padma Bhushan Vasantdada Patil (Civil Surgeon), Govt. General Hospital Blood Centre, Sangli",Maharashtra,Sangli,Sangli,16.800974,74.627133,Government
282670,Pimpri Chinchwad Municipal CorporationS Y.C.M. Hospital Blood Centre,Maharashtra,Pune,Pune,18.564375,73.835306,Government
27131,Dr.Shankarrao Chavan Government Medical College And Hospital Blood Centre Nanded,Maharashtra,Nanded,Nanded,19.109305,77.29295,Government
282668,Lokmanya Blood Centre,Maharashtra,Aurangabad,Aurangabad,19.872123,75.323251,Charitable
27130,"Medical Supritentent Sub-District (Rural) Hospital Blood Centre, Gadchiroli Aheri",Maharashtra,Gadchiroli,Aheri,20.144506,79.96725,Government
280125,Red Plus Blood Centre Pune,Maharashtra,Pune,Pune,18.516247,73.85468,Charitable
284844,"Civil Hospital Palghar Blood Centre, Palghar",Maharashtra,Palghar,Palghar,19.461885,72.818048,Government
280126,Morya Blood Centre,Maharashtra,Pune,CHINCHWAD,18.50034,73.81559,Charitable
284843,"Government Medical College And General Hospital Blood Centre, Baramati, District Pune",Maharashtra,Pune,Baramati,18.506426,73.853129,Government
27133,Daga Memorial Women Govt. Hospital Blood Centre Nagpr,Maharashtra,Nagpur,Nagpur,21.151511,79.105434,Government
280123,M/S Vidyashree Charitable Trusts Om Blood Centre,Maharashtra,Pune,Pune,0.0,0.0,Charitable
280124,M/S Pimpri Chinchwad Blood Centre,Maharashtra,Pune,Pimpri,18.500989,73.846999,Charitable
284720,"Dr. D.Y. Patil Medical College Hospital And Research Centre Blood Centre, Pimpri, Pune.",Maharashtra,Pune,Pune.,0.0,0.0,Charitable
284961,"Wagholi Blood Centre, Wagholi,Pune",Maharashtra,Pune,1,18.498179,73.812915,Charitable
280120,Shree Swami Samarth Blood Centre,Maharashtra,Ratnagiri,Ratnagiri,17.399914,73.547448,Charitable
27107,TATA MEMORIAL CENTRE-ACTREC,Maharashtra,Mumbai,Mumbai,19.004856,72.842945,Government
27105,Indian Red Cross Society Blood Bank Ratnagiri,Maharashtra,Ratnagiri,Ratnagiri,17.019013,73.298977,Trust
27108,Jankalyan Blood Center,Maharashtra,Nandurbar,Nandurbar,19.867491,75.879779,Charitable
27109,District General Hospital Blood Bank Satara,Maharashtra,Satara,Satara,20.533583,76.187482,Government
284835,"Shaurya Blood Centre, Blood Component And Apheresis Centre, Ahmedpur, Dist. Latur",Maharashtra,Latur,Ahmedpur,19.189209,72.97706,Charitable
27117,"Blood Bank Civil Hospital, Bhandara",Maharashtra,Bhandara,Bhandara,21.162022,79.65973,Government
27118,"Blood Bank Civil Hospital, Ratnagiri",Maharashtra,Ratnagiri,Ratnagiri,17.222943,73.454633,Government
27115,"Blood Bank Civil Hospital, Beed",Maharashtra,Bid,Beed,19.279932,76.443108,Government
27116,"Blood Bank Civil Hospital, Alibag",Maharashtra,Raigarh,Alibag,19.019841,73.071372,Government
27119,"Blood Bank Civil Hospital, Solapur",Maharashtra,Solapur,Solapur,17.65992,75.906391,Government
284946,Keshari Blood Centre,Maharashtra,Thane,Near,19.185343,72.975107,Charitable
27113,"Blood Bank Civil Hospital, Chandrapura",Maharashtra,Chandrapur,Chandrapur,21.162022,79.65973,Government
27114,"Blood Bank Civil Hospital, Amravati",Maharashtra,Amravati,Amravati,20.93386,77.760815,Government
27111,Shwas foundation kavathemahankal trust sanchalit maha blood centre and comprehensive thalassemia day,Maharashtra,Pune,Pune,18.55336,73.838827,Charitable
283207,Muktai Blood Centre Of Shivpooja Bahuudeshiya Shikhan Prasarak Mandal Solapur,Maharashtra,Pune,Pune,18.481328,73.8472,Charitable
282598,Dnyandeep Blood Center Of Modern Institute Of Technology,Maharashtra,Solapur,Natepute,17.648185,75.876902,Charitable
282599,Dean Datta Meghe Medical Collecge M.S.Dattatraya Blood Centre,Maharashtra,Nagpur,Nagpur,21.127289,79.094501,Charitable
284529,Spandan Blood Centre,Maharashtra,Pune,3rd floor,18.52971,73.811387,Charitable
284765,"Shree Sainath Blood Centre, Sinnar, Tal. Sinnar, Dist. Nashik",Maharashtra,Nashik,Sinnar,20.015643,73.801972,Charitable
284764,"Blood Centre And Component Separation Unit, Sub-District Hospital, Dharni, District Amravati",Maharashtra,Amravati,Dharni,20.93142,77.746758,Government
284763,"Balaji Blood Centre, Lonand, Khandala Taluk, Dist. Satara",Maharashtra,Satara,Lonand,17.727905,74.173185,Charitable
282586,"Varad Charitable And Medical Trust, Balaji Blood Centre, Satara",Maharashtra,Satara,Satara,17.685063,74.1975,Charitable
284762,"Maya Blood Centre, Badlapur (W), Tal. Ambernath, Dist.Thane",Maharashtra,Thane,Badlapur (W),19.173533,72.967524,Charitable
283307,Sant Jagnnath Maharaj Anjalekar Bahuuudeshiya Sansthas Sanjivani Blood Centre,Maharashtra,Jalgaon,Faizpur,21.032677,75.564423,Charitable
283306,Jalna Blood Centre Components And Apheresis Centre,Maharashtra,Jalna,Jalna,21.138999,79.063093,Charitable
283305,Surabhi Hospital Pvt.Ltd. Surabhi Blood Centre,Maharashtra,Ahmadnagar,Ahmednagar,19.132072,74.635295,Private
284514,M/S . Ideal Foundations Ideal Blood Centre,Maharashtra,Palghar,Di,19.418805,72.786073,Charitable
282577,"Welfare And Educational Trust Of Nmrcw, Chemist Blood Centre",Maharashtra,Thane,Thane,19.208791,73.031445,Charitable
284510,"Saiseva Blood Cantre, Blood Components And Apheresis Centre",Maharashtra,Ahmadnagar,Basemen,19.189209,72.97706,Charitable
282570,Sankalp Blood Centre,Maharashtra,Thane,Thane,19.241131,73.146766,Charitable
284509,Sankalp Blood Centre,Maharashtra,Satara,flat no:S-1 & S-,19.241131,73.146766,Charitable
284508,Dr.Rajendra Gode Blood Centre And Component Lab,Maharashtra,Amravati,Dr.Rajendra Gode Multispeciality and,20.903426,77.687228,Charitable
280149,Advanced Centre For Treatment Reasearch And Education In Cancer,Maharashtra,Raigarh,Panvel,19.065019,73.064507,Government
280147,"Ocean Bahuuddeshiy Sanstha, M/S Ekneel Blood Centre",Maharashtra,Yavatmal,Pushad,20.398069,78.138376,Charitable
282568,Vbss Sanchalit Latur Blood Centre And Components Latur,Maharashtra,Latur,LATUR,19.249352,73.899496,Charitable
280148,"M/S Adhar Blood Centre, Ichalkaranji",Maharashtra,Kolhapur,Kolhapur,16.710229,74.258824,Charitable
280145,Terna Blood Centre,Maharashtra,Thane,Thane,0.0,0.0,Charitable
282565,"Sathiya Educational SocietyS Sathiya Trust Blood Centre, Nalasopara, Palghar",Maharashtra,Palghar,Palgarh,19.49107,72.86098,Charitable
280146,Blood Centre Shri Vasantrao Naik Govt. Medical College And Hospital,Maharashtra,Yavatmal,Yavatmal,20.39524,78.118668,Government
280143,Triumph Foundations Triumph Blood Center,Maharashtra,Thane,Thane,0.0,0.0,Charitable
282564,M/S Aman Blood Centre Gandhibag Nagpur,Maharashtra,Nagpur,Nagpur,21.105068,79.09161,Charitable
280141,Mallikarjun Blood Centre,Maharashtra,Solapur,Solapur,17.680378,75.907642,Charitable
282683,"Mgm Blood Centre , Kamothe",Maharashtra,Raigarh,Raigarh,19.038844,73.135289,Charitable
282562,Kokilaben Dhirubhai Ambani Hospital Navi Mumbai Blood Centre,Maharashtra,Thane,Thane,19.131221,72.824772,Charitable
280142,"Maharashtra Bloodbank, Component And Apheresis Center",Maharashtra,Palghar,PALGHAR,19.692902,72.772639,Charitable
280140,"M.M.Patel Public Charitable Trust, Ashwini Rural Medical College And Hospital Blood Centre",Maharashtra,Solapur,South Solapur,17.644778,75.986234,Charitable
284837,"M/S Blood Centre, District Hospital, Tamenglong",Manipur,Tamenglong,Tamenglong,24.71154,93.915902,Government
19004,Shija Blood Centre And Transfusion Services,Manipur,Imphal West,Langol,24.835805,93.914217,Private
280348,Blood Centre Jnims Imphal,Manipur,Imphal East,Imphal,24.731549,93.995885,Government
14101,District Hospital Churachandpur Blood Bank,Manipur,Churachandpur,Churachandpur,24.765703,93.972159,Government
280355,Model Blood Centre Department Of Transfusion Medicine RIMS Imphal,Manipur,Imphal West,Lamphelpat,24.845925,93.873654,Government
283751,"Blood Centre, Cancer Treatment Services Hyderabad Pvt. Ltd",Manipur,Imphal East,Imphal,24.715036,93.996435,Private
283792,Blood Centre And Transfusion Unit District Hospital Thoubal,Manipur,Thoubal,Thoubal,24.624975,94.013034,Government
20005,Blood Centre Tura Civil Hospital,Meghalaya,West Garo Hills,Tura,25.514811,90.203482,Government
20004,Pasteur Institute (Regional Blood Centre),Meghalaya,East Khasi Hills,Shillong,25.583606,91.884132,Government
283946,"Nongstoin Civil Hospital, Blood Centre, Civil Hospital",Meghalaya,West Khasi Hills,Nongstoin,25.58269,91.87076,Government
20003,Nazareth Hospital Blood Centre Shillong,Meghalaya,East Khasi Hills,Shillong,25.571321,91.897913,Charitable
20002,Military Hospital Shillong,Meghalaya,East Khasi Hills,Shillong,25.571624,91.873071,Government
284823,M/S P.A Sangma International Medical College And Hospital Blood Center,Meghalaya,Ribhoi,Nongpoh,25.599291,91.880466,Charitable
20001,Dr. H. Gordon Roberts Hospital,Meghalaya,East Khasi Hills,Shillong,25.584829,91.875283,Charitable
280804,Williamnagar Civil Hospital Blood Centre,Meghalaya,East Garo Hills,East garo hills,25.570126,91.945466,Government
282581,Civil Hospital Blood Centre Nongpoh,Meghalaya,Ribhoi,Nongpoh,25.596882,91.858004,Government
20007,Blood Center Civil Hospital Jowai,Meghalaya,West Jaintia Hills,Jowai,25.438521,92.199331,Government
20006,North Eastern Indira Gandhi Regional Institute Of Health And Medical Sciences,Meghalaya,East Khasi Hills,Shillong,25.591485,91.940381,Government
21006,Christian Hospital Serkawn,Mizoram,Lunglei,lunglei,22.90691,92.758415,Private
21003,Blood Centre District Hospital Champhai,Mizoram,Champhai,Champhai,23.48105,93.3097,Government
21002,"Model Blood Centre Civil Hospital, Aizawl",Mizoram,Aizawl,Aizawl,23.732287,92.716561,Government
21001,"Major Blood Centre Civil Hospital, Lunglei",Mizoram,Lunglei,Lunglei,22.878161,92.727932,Government
21010,"Blood Centre District Hospital, Lawngtlai",Mizoram,Lawngtlai,Lawngtlai,22.536684,92.888179,Government
280351,State Referral Hospital ZMC Blood Centre,Mizoram,Aizawl,AIZAWL,23.798452,92.702976,Government
21007,Presbyterian Hospital,Mizoram,Aizawl,Durtlang,23.686887,92.716369,Private
283934,Naga Hospital Authority Nhak,Nagaland,Kohima,KOHIMA,25.669384,94.095902,Government
281049,Model Blood Centre Dimapur,Nagaland,Dimapur,Dimapur,25.683284,94.114072,Government
22006,Blood Centre Imdh Mokokchung,Nagaland,Mokokchung,Mokokchung,25.635958,94.133385,Government
21105,M/s Bagchi Sri Shankara Cancer Centre and Research Institute Blood center,Odisha,Khordha,BHUBANESWAR,20.279017,85.810773,Charitable
21104,Red Cross Regional Blood Centre,Odisha,Khordha,Bhubaneswar,20.334213,85.828778,Trust
21102,Central Red Cross Blood Centre Cuttack,Odisha,Cuttack,Manglabag,20.474804,85.888633,Trust
21101,AIIMS Bhubaneswar Blood Bank,Odisha,Khordha,Bhubaneswar,20.305593,85.831789,Government
32041,Odisha Blood Centre Deogarh,Odisha,Deogarh,Deogarh,21.534301,84.729719,Government
32086,"Odisha Blood Centre, S.D.H. Campus, Athamalik.",Odisha,Angul,Athamalik,21.20617844,84.93461609,Government
32042,"Odisha Blood Centre, S.D. Hospital, Udala",Odisha,Mayurbhanj,Udala,21.576557,86.565098,Government
32081,"Odisha Blood Centre, Sdh, Talcher",Odisha,Angul,Talcher,20.946461,85.240965,Government
21108,SUM ULTIMATE MEDICARE BLOOD CENTRE,Odisha,Khordha,Bhubaneswar,20.32643,85.846419,Private
32082,"S.D. Hospital Campus, Dharmagar",Odisha,Kalahandi,Dharmgarh,19.935831,83.208298,Government
21107,M /s Utkal Institute of Medical Science & Hospital (A Unit of UHPL) Blood Centre,Odisha,Khordha,BHUBANESWAR,20.353379,85.814853,Private
21106,"Padmini Care Blood Centre,DRIEMS Institute of Health Science and Hospital",Odisha,Cuttack,Tangi,20.459258,85.90471,Private
32005,Odisha Blood Centre (Capital Hospital),Odisha,Khordha,Bhubaneshwar,20.260999,85.82211,Government
32049,Odisha Blood Centre Rgh Rourkela,Odisha,Sundargarh,Rourkela,22.264089,84.865108,Government
284814,Agrawal Radhe Blood Centre,Odisha,Kalahandi,Junagarh,19.951666,83.193053,Private
32003,Asha Kiran Hospital Blood Centre,Odisha,Koraput,Lamtaput,18.599153,82.601739,Private
32047,"Odisha Blood Centre,S.D. Hospital, Kuchinda",Odisha,Sambalpur,Kuchinda,21.745975,84.350757,Government
32048,"Odisha Blood Centre, District Headquarter Hospital, Kendrapara",Odisha,Kendrapara,Kendrapara,20.502151,86.425929,Government
32045,Odisha Blood Centre District H.Q. Hospital puri,Odisha,Puri,Puri,20.689831,84.930577,Government
32001,Odisha Blood Centre (Dhh) Baragarh,Odisha,Bargarh,Baragarh,21.335042,83.616202,Government
32089,"Odisha Blood Centre, Area Hospital, Jajpur Road",Odisha,Jajapur,Jajpur Road,20.849463,86.328963,Government
32087,S.C.B. M.C.H. Blood Centre,Odisha,Cuttack,Cuttack,20.464459,85.957212,Government
32088,Mkcg Mch Berhampur,Odisha,Ganjam,Berhampur,19.965978,84.575489,Government
280450,Odisha Blood Centre Dhh Balangir,Odisha,Balangir,Balangir,20.707443,83.494856,Government
32009,"Odisha Blood Centre (S.D. Hospital), Bhanja Nagar",Odisha,Ganjam,Ganjam,19.93655984,84.57996368,Government
32007,Jyothi Hospital,Odisha,Baleshwar,KURUDA,21.471497,86.891335,Private
32008,"Odisha Blood Centre (S.D.H.), Padmapur",Odisha,Bargarh,Padmapur,20.999564,83.060982,Government
32074,Blood Center Vimsar Burla Sambalpur,Odisha,Sambalpur,BURLA SAMBALPUR,21.465075,83.971426,Government
32031,"Odisha Blood Centre, Sub-Division Hospital, Baliguda",Odisha,Kandhamal,Baliguda,20.200309,83.909889,Government
32072,"Odisha Blood Centre, Sdh, Jeypore",Odisha,Koraput,Jeypore,18.6018,82.588528,Government
32073,"Odisha Blood Centre, District Head Quarter Hospital, Dhenkanal",Odisha,Dhenkanal,Dhenkanal,19.901936,83.159977,Government
32070,"Odisha Blood Centre, S.D Hospital, Rairakhol",Odisha,Sambalpur,Rairakhol,0.0,0.0,Government
32071,"Odisha Blood Centre, District H/Q Hospital, Nayagarh",Odisha,Nayagarh,Nayagarh,20.128058,85.107413,Government
32039,Odisha Blood Centre,Odisha,Kandhamal,PHULBANI,20.235426,83.881572,Government
32036,"Odisha Blood Centre,Sdh, Patnagarh",Odisha,Balangir,Patnagarh,20.708494,83.129548,Government
32078,Hi-Tech Medical College And Hospital,Odisha,Khordha,Bhubaneswar,20.300484,85.877272,Private
32079,"Odisha Blood Centre, D.H.H., Nuapada",Odisha,Nuapada,Nuapada,20.808848,82.534107,Government
32076,Sdh Kantabanji,Odisha,Balangir,Bolangir,20.742906,83.314795,Government
32032,"Odisha Blood Centre, D.H.H., Jharsuguda",Odisha,Jharsuguda,Jharsuguda,21.853817,84.017235,Government
32033,Odisha Blood Centre Dhh Baripada,Odisha,Mayurbhanj,Baripada,21.931231,86.727842,Government
32077,"Odisha Blood Centre, S.D. Hospital, Bonai",Odisha,Sundargarh,Bonai,21.819928,84.956534,Government
283596,Ashwini Blood Centre,Odisha,Cuttack,Cuttack,20.465082,85.90085,Private
32020,"Evangelical Hospital Blood Centre, Khariar",Odisha,Nuapada,Nuapada,20.3088467,82.7417943,Charitable
32069,Apollo Hospital,Odisha,Khordha,Bhubaneswar,20.264835,85.818915,Private
32026,Sum Blood Centre,Odisha,Khordha,Bhubaneswar,20.283391,85.769625,Private
32023,"Odisha Blood Centre, D.H.H., Bhawanipatna",Odisha,Kalahandi,Bhawanipatna,19.901936,83.159977,Government
283942,Kims Blood Centre,Odisha,Khordha,Bhubaneswar,20.360422,85.828821,Private
32024,ODISHA BLOOD CENTRE SAHEED LAXMAN NAYAK MEDICAL COLLEGE AND HOSPITAL,Odisha,Koraput,Koraput,18.64009,82.579282,Government
32068,"Odisha Blood Centre, Sdh, Champua",Odisha,Kendujhar,Champua,21.6293658,85.5978164,Government
280751,Odisha Blood Centre (Dhh),Odisha,Baleshwar,Balasore,21.465573,86.797006,Government
32066,"Odisha Blood Centre, Angul",Odisha,Angul,Angul,20.9211366,84.8567932,Government
32052,DHH Sundargarh,Odisha,Sundargarh,Sundargarh,22.225632,84.861539,Government
32050,"Odisha Blood Centre, District Head Quarter Hospital, Parlakimundi",Odisha,Gajapati,Gajapati,20.502151,86.425929,Government
32090,"Odisha Blood Centre, Sdh, Gunupur",Odisha,Rayagada,Gunupur,19.071552,83.809261,Government
32091,Hi-Tech Medical College And Hospital Rourkela,Odisha,Sundargarh,Rourkela,22.231607,84.880158,Charitable
32016,"Odisha Blood Centre, Dhh., Nowrangpur",Odisha,Nabarangapur,Nabarangpur,20.699673,84.860217,Government
32017,"Odisha Blood Centre, D.H.H.,Jajpur",Odisha,Jajapur,Jajpur,20.846398,86.331683,Government
32058,"Odisha Blood Centre S.D. Hospital, Karanjia",Odisha,Mayurbhanj,Karanjia,21.764292,85.973327,Government
32014,Odisha Blood Centre District Head Quarter Hospital Boudh,Odisha,Baudh,Boudh,20.502151,86.425929,Government
32015,Community Welfare Society Hospital,Odisha,Sundargarh,Rourkella,22.255332,84.900917,Charitable
32059,Immunohematology And Blood Transfusion Center,Odisha,Sundargarh,Rourkela,22.2640892,84.8651084,Government
32012,"Odisha Blood Centre, Dhh, Sambalpur",Odisha,Sambalpur,Sambalpur,21.473765,83.974011,Government
32056,Kalinga Hospital Ltd. Blood Centre,Odisha,Khordha,Bhubaneswar,20.313722,85.818325,Private
32057,Odisha Blood Centre Bmc,Odisha,Khordha,Bhubaneswar,20.284891,85.82203,Government
32010,"Odisha Blood Centre (S.D. Hospital Campus), Anandapur",Odisha,Kendujhar,Anandapur,21.628282,85.596419,Government
32054,"Odisha Blood Centre, S.D.Hospital, Nilgiri",Odisha,Baleshwar,Nilgiri,21.463441,86.775551,Government
32011,"Odisha Blood Centre, D.H.H. Malkangiri",Odisha,Malkangiri,Malkangiri,18.581971,82.075923,Government
281034,Odisha Blood Centre Dhh Rayagada,Odisha,Rayagada,RAYAGADA,19.084563,83.858449,Government
280385,Odisha Blood Centre Sonepur,Odisha,Subarnapur,Sonepur,20.733471,84.926267,Government
283332,Jp Blood Centre,Odisha,Sundargarh,ROURKELA,22.277787,84.893283,Private
284100,Care Hospital Blood Centre Bank,Odisha,Khordha,Bhubaneswar,20.280206,85.775102,Private
32018,"Odisha Blood Centre, District Headquarter Hospital, Bhadrak",Odisha,Bhadrak,Bhadrak,19.901936,83.159977,Government
23009,Pondicherry Institute Of Medical Sciences,Puducherry,Puducherry,Puducherry,12.046974,79.854738,Private
23012,Sri Manakula Vinayagar Medical College Hospital,Puducherry,Puducherry,Puducherry,11.921612,79.62821,Private
23001,Indhira Gandhi Government General Hospital Blood Centre,Puducherry,Puducherry,Puducherry,11.931847,79.83303,Government
23013,Sri Lakshminarayana Institute Of Medical Sciences,Puducherry,Puducherry,Puducherry,11.938014,79.737529,Private
23002,"Govt General Hospital Blood Centre, Karaikal",Puducherry,Karaikal,Karaikal,10.917635,79.836804,Government
23014,Sri Venkateshwara Medical College Hospital And Research Centre,Puducherry,Puducherry,Puducherry,11.903661,79.701071,Private
23004,Govt General Hospital Mahe,Puducherry,Mahe,Mahe,0.0,0.0,Government
23016,Indira Gandhi Medical College And Research Institute,Puducherry,Puducherry,Puducherry,11.939856,79.79624,Government
23006,St. JosephS Hospital (Cluny),Puducherry,Puducherry,Puducherry,11.930442,79.834177,Private
23017,East Coast Hospitals,Puducherry,Puducherry,Puducherry,11.930089,79.77957,Private
23018,A.G. PadmavathiS Hospital Limited,Puducherry,Puducherry,Puducherry,11.92318,79.777662,Private
23008,Vinayaka Missions Medical College And Hospital,Puducherry,Karaikal,karaikal,10.955396,79.847776,Private
34103,JIPMER Blood Centre,Puducherry,Puducherry,Puducherry,11.957457,79.748404,Government
282721,St. RockS Hospital Cluny,Puducherry,Karaikal,Karaikal,10.935722,79.871659,Private
23010,Mahatma Gandhi Medical College And Research Institute,Puducherry,Puducherry,Puducherry,11.811867,79.778314,Private
23011,Aarupadai Veedu Medical College,Puducherry,Puducherry,Puducherry,11.831098,79.783102,Private
285153,Mohali Healthcare Blood Centre,Punjab,Ludhiana,Ludhiana,30.880501,75.846729,Private
94127,Civil Hospital Dasuya,Punjab,Hoshiarpur,Hoshiarpur,31.807263,75.665537,Government
94126,Civil Hospital Patti,Punjab,Tarn Taran,Patti,31.274623,74.853386,Government
94125,Civil Hospital Ludhiana,Punjab,Ludhiana,Ludhiana,30.906634,75.859678,Government
94124,CIVIL HOSPITAL KHARAR,Punjab,Sahibzada Ajit Singh Nagar,kharar,30.752837,76.632796,Government
285277,Deep Nursing Home And Children Hospital Ludhiana,Punjab,Ludhiana,Ludhiana,30.88946,75.837507,Private
285311,City Charitable Blood Centre,Punjab,Patiala,Patiala,30.429055,76.554674,Charitable
94128,Blood Bank Civil hospital Phagwara,Punjab,Kapurthala,Phagwara,31.226118,75.76766,Government
27008,Blood Centre Maharaj Sawan Singh Charitable Hospital,Punjab,Amritsar,Amritsar,31.51633,75.288007,Charitable
27006,Shivam Hospital Multi Hoshiapur,Punjab,Hoshiarpur,HOSHIARPUR,31.535122,75.887969,Private
94123,Civil Hospital Batala,Punjab,Gurdaspur,Batala,31.808527,75.215451,Government
94121,Civil Hospital Mansa,Punjab,Mansa,Mansa,29.985368,75.40316,Government
94120,Civil Hospital Ajnala,Punjab,Amritsar,Ajnala,31.8091472,74.26834,Government
284739,Civil Hospital Faridkot,Punjab,Faridkot,Faridkot,30.40713,74.024688,Government
27088,Adesh Institute Of Medical Sciences And Research,Punjab,Bathinda,Bhatinda,30.222218,75.058662,Private
27085,"Life Line Blood Centre, Patiala",Punjab,Patiala,Patiala,30.343682,76.399514,Charitable
27086,Satguru Pratap Singh Hospitals,Punjab,Ludhiana,Ludhiana,30.883346,75.887705,Private
27003,"Shri Guru Teg Bahadur Sahib Charitable Hospital, Ludhiana",Punjab,Ludhiana,Ludhiana,31.302247,75.572492,Charitable
283404,Dukh Niwaran Hospital Blood Centre,Punjab,Amritsar,Amritsar,31.618794,74.88928,Private
27004,Shri Raghunath Hospital Society (Regd.),Punjab,Ludhiana,LUDHIANAN,30.888778,75.795876,Private
283402,Guru Nanak Blood Center,Punjab,Ludhiana,Ludhiana,31.649955,74.883616,Private
27089,Gupta Hospital,Punjab,Bathinda,Bathinda,30.207465,74.950084,Private
27001,"Blood Centre, Sri Guru Ram Dass Insitute Of Medical Science And Research , Vallah Amritsar",Punjab,Amritsar,Amritsar,31.635855,74.966905,Private
27080,Amandeep Hospital,Punjab,Amritsar,Amritsar,31.634549,74.859014,Private
284058,Bassi Nursing Home Pvt Ltd,Punjab,Ludhiana,Ludhiana,30.88946,75.837507,Private
283640,Kyb Blood Centre,Punjab,Amritsar,Amritsar,31.650635,74.894226,Private
282672,Amandeep Medicity Blood Centre,Punjab,Amritsar,Amritsar,31.634549,74.859014,Private
27083,"Blood Donor Council,Regd. Phagwara",Punjab,Kapurthala,Kapurthala,31.219092,75.77041,Charitable
94116,Blood Bank Civil Hospital Jalandhar,Punjab,Jalandhar,Jalandhar,31.330707,75.565197,Government
94115,BLOOD BANK GURU GOBIND SINGH MEDICAL COLLEGE & HOSPITAL FARIDKOT,Punjab,Faridkot,Faridkot,30.681255,74.747606,Government
94114,"Blood Bank, Guru Nanak Dev Hospital, Amritsar",Punjab,Amritsar,Amritsar,31.649955,74.883616,Government
94113,Civil Hospital Bathinda,Punjab,Bathinda,Bhatinda,30.19344,74.947545,Government
94119,Blood bank Civil Hospital Anandpur Sahib,Punjab,Rupnagar,Rupnagar,31.238973,76.494595,Government
94118,Transfusion Medicine Govt Medical College Patiala,Punjab,Patiala,Patiala,30.409606,76.52241,Government
94117,Blood Bank Civil Hospital Pathankot,Punjab,Pathankot,Pathankot,32.2824637,75.6529524,Government
27098,Sri Guru Harkrishan Sahib Charitable Eye Hospital-Sohana,Punjab,Sahibzada Ajit Singh Nagar,sohana,30.69336,76.698763,Charitable
27010,Punjab Institute Of Medical Sciences,Punjab,Jalandhar,Jalandhar,31.306683,75.595821,Private
27011,"Daya Nand Medical College Hospital, Ludhiana",Punjab,Ludhiana,Ludhiana,30.916089,75.835767,Private
27099,Max Super Speciality Hospital Bathinda,Punjab,Bathinda,Bathinda,30.192388,74.946979,Private
283635,K K Johari Blood Centre,Punjab,Patiala,Samana,30.457707,76.48101,Private
27012,"Christian Medical College, Ludhiana",Punjab,Ludhiana,Ludhiana,30.906634,75.859678,Charitable
280761,Ivy Hospital Blood Centre Amritsar,Punjab,Amritsar,Amritsar,31.677498,74.897737,Private
284722,M/S Anand Heart And Multi-Speciality Hospital Blood Centre ( A Unit Of Prem Malhotra Healthcare Pvt.,Punjab,Tarn Taran,Bhikhiwind,31.456808,74.944945,Private
282665,Amandeep Hospital Blood Centre Pathankot,Punjab,Pathankot,Pathankot,32.2824637,75.6529524,Private
284567,Amrit Hospital Blood Centre,Punjab,Amritsar,Amritsar,31.685669,74.835585,Private
27013,Mohandai Oswal Hospital Ludhiana,Punjab,Ludhiana,Ludhiana,30.858183,75.841786,Private
284203,Park Hospital Blood Centre,Punjab,Patiala,Patiala,30.403896,76.495488,Private
27090,Grecian Superspeciality Hospital Mohali,Punjab,Sahibzada Ajit Singh Nagar,Mohali,30.709802,76.674006,Private
283594,Doaba Hospital Blood Centre,Punjab,Kapurthala,Kapurthala,31.238382,75.777532,Private
27094,Ivy Hospital Mohali,Punjab,Sahibzada Ajit Singh Nagar,Mohali,30.739307,76.713957,Private
283593,Atulaya Blood Centre,Punjab,Muktsar,Muktsar,30.977679,75.626674,Private
27095,Fortis Hospital,Punjab,Ludhiana,Ludhiana,30.889292,75.935144,Private
27092,Blood Centre Gian Sagar Medical College And Hospital,Punjab,Patiala,Rajpura,30.528959,76.671462,Charitable
27093,Sri Guru Ram Das Charitable Hospital,Punjab,Amritsar,Amritsar,31.615001,74.882255,Charitable
283590,Amcare Hospital Blood Bank,Punjab,Sahibzada Ajit Singh Nagar,Zirakpur,30.715284,76.660976,Private
94149,Civil Hospital Nabha,Punjab,Patiala,Nabha,30.370999,76.146125,Government
285296,Blood Centre M/S Capitol Hospital,Punjab,Jalandhar,Jalandhar,31.364442,75.597437,Private
94148,Civil hospital sangrur,Punjab,Sangrur,Sangroor,30.251874,75.836328,Government
94147,"Civil Hospital, Rampura Phul",Punjab,Bathinda,RAMPURA PHUL,30.274566,75.235609,Government
94146,Blood Bank CH Rajpura,Punjab,Patiala,Rajpura,30.478441,76.584065,Government
94141,Civil Hospital Moga,Punjab,Moga,Moga,30.811673,75.169349,Government
94143,Civil Hospital Mukerian,Punjab,Hoshiarpur,Hoshiarpur,31.950081,75.613623,Government
280756,Doaba Hospital Blood Centre,Punjab,Jalandhar,Jalandhar,31.325515,75.567831,Private
284717,Shaheed Bhagat Singh Blood Centre,Punjab,Shahid Bhagat Singh Nagar,Nawanshahar,30.974168,75.624152,Private
283227,Red Aid Blood Centre,Punjab,Ludhiana,Khanna,30.916789,75.854862,Private
27103,Johal Multispeciality Hospital,Punjab,Jalandhar,Jalandhar,31.321636,75.632472,Private
283743,Blood Centre Satyam Hospital,Punjab,Jalandhar,Jalandhar,31.314859,75.588206,Private
283500,Bhagwan Buddha Charitable Blood Centre,Punjab,Pathankot,Pathankot,32.320721,75.577886,Charitable
283586,Blood Centre Of Orthonova Hospital,Punjab,Jalandhar,Jalandhar,31.353268,75.580719,Private
27061,Sgl Charitable Hospital,Punjab,Jalandhar,Jalandhar,31.301186,75.597155,Charitable
283341,Kapisthal Blood Centre,Punjab,Patiala,Patiala,30.410039,76.478754,Charitable
27062,Patel Hospital Pvt. Ltd. Blood Centre Jalandhar,Punjab,Jalandhar,Jalandhar,31.330707,75.565197,Private
283581,Kaushal Hospital Blood Centre,Punjab,Sahibzada Ajit Singh Nagar,Kharar,30.724174,76.718849,Private
27060,Fortis Hospital Mohali,Punjab,Sahibzada Ajit Singh Nagar,Mohali,30.694086,76.730141,Private
284393,Sant Gurmail Singh Ji Memorial Hospital And Diagnostic Centre,Punjab,Shahid Bhagat Singh Nagar,Balachaur,30.92175,75.644566,Private
94138,Civil Hospital Kotkapura,Punjab,Faridkot,Faridkot,30.584713,74.820153,Government
94137,Civil Hospital Khanna,Punjab,Ludhiana,Ludhiana,30.703465,76.222834,Government
94136,Civil Hospital Kapurthala,Punjab,Kapurthala,Kapurthala,31.37571,75.381995,Government
94135,Indian Red Cross Regional Blood Bank LUDHIANA,Punjab,Ludhiana,Ludhiana,30.907375,75.841051,Trust
285104,Kashmiri Hospital Blood Centre,Punjab,Sangrur,Sunam,30.272531,75.869673,Private
94139,Blood Bank CH Malerkotla,Punjab,Malerkotla,Malerkotla,30.26952,75.809513,Government
94130,Civil Hospital Firozepur,Punjab,Firozpur,Ferozpur,30.952504,74.607649,Government
285107,Karan Singla Blood Centre Jagraon,Punjab,Ludhiana,jagraon,30.933618,75.830549,Private
94134,CIVIL HOSPITAL HOSHIARPUR,Punjab,Hoshiarpur,Hoshiarpur,31.530807,75.899503,Government
94133,Civil Hospital Gurdaspur,Punjab,Gurdaspur,Gurdaspur,32.040838,75.403333,Government
283619,Mittal Health Care Blood Centre,Punjab,Sangrur,Sangrur,30.239667,75.85952,Private
94131,Civil Hospital Fatehgarh sahib,Punjab,Fatehgarh Sahib,Fatehgarh Sahib,30.646899,76.390134,Government
27074,"Shri Krishna Hospital, Ludhiana",Punjab,Ludhiana,Ludhiana,30.888281,75.845858,Charitable
27078,INTERNATIONAL HOSPITAL LTD.,Punjab,Amritsar,Amritsar,31.661027,74.901373,Private
284424,New Kokila Hospital Blood Bank,Punjab,Ludhiana,Jagraon,30.906219,75.850922,Private
283575,Deep Blood Centre Faridkot,Punjab,Faridkot,Faridkot,30.593549,74.767035,Private
283572,Satyam Hospital Blood Centre,Punjab,Ludhiana,Ludhiana,30.889153,75.87541,Private
27072,Deepak Memorial Hospital,Punjab,Ludhiana,Ludhiana,30.892357,75.811069,Private
283571,Raj Hospital Blood Centre,Punjab,Pathankot,Pathankot,32.255026,75.672879,Private
283570,Guru Nanak Dev Charitable Hospital Blood Centre,Punjab,Bathinda,BATHINDA,31.649955,74.883616,Private
283690,Mehar Hospital A Unit Of Mehar Mediserve Llp,Punjab,Sahibzada Ajit Singh Nagar,Zirakpur,30.719231,76.731505,Private
284938,Pasricha Hospital,Punjab,Jalandhar,Jalandhar,31.329168,75.559575,Private
283329,Chhabra Hospital Blood Centre,Punjab,Jalandhar,Nakoda,31.315717,75.596567,Private
283569,"Kamal Multispeciality Blood Centre,",Punjab,Jalandhar,Jalandhar,31.321636,75.632472,Private
283689,Oxford Hospital Blood Centre,Punjab,Jalandhar,Jalandhar,31.331113,75.611417,Private
283600,Satnam Hospital Blood Centre,Punjab,Hoshiarpur,Hoshiarpur,31.531631,75.94873,Private
284810,Pragma Medical Institution,Punjab,Bathinda,Bathin,30.235805,74.936868,Private
283204,Alpha Blood Centre Rupnagar,Punjab,Rupnagar,Rupnagar,30.966052,76.52516,Private
27045,Sacred Heart Hospital,Punjab,Jalandhar,Jalandhar,31.363857,75.550527,Private
27046,Babbar Heart Care Center And General Hospital Blood Center,Punjab,Gurdaspur,Gurdaspur,31.925726,75.281469,Private
282597,M/S Smt. Paarvati Devi Hospital Unit-2 Blood Centre,Punjab,Amritsar,Amritsar,31.594653,74.835094,Private
283322,Knowledge Villa Integrated Education And Welfare Society Blood Center,Punjab,Amritsar,Amritsar,31.63359,74.884993,Private
284770,Patiala Hospital Blood Centre,Punjab,Malerkotla,Malerkotla,30.253292,75.838461,Private
27040,Tagore Heart Care And Research Centre Pvt. Ltd. Jalandhar,Punjab,Jalandhar,Jalandhar,31.337046,75.563262,Private
93104,JIS MEDICAL COLLEGE AND HOSPITAL BLOOD CENTRE,Punjab,Ludhiana,Ludhiana,30.949539,75.842842,Private
93103,Kohli hospital blood centre,Punjab,Rupnagar,Anandpur sahib,30.984701,76.565295,Private
94159,JBMM Civil Hospital amritsar,Punjab,Amritsar,Amritsar,31.616646,74.854996,Government
93102,Esic medical college and hospital,Punjab,Ludhiana,Ludhiana,30.866688,75.857725,Government
93101,Sarabsukh Blood Centre Gurdaspur,Punjab,Gurdaspur,BATALA,31.920961,75.315655,Private
93108,BATHINDA NEUROSPINE BLOOD CENTRE,Punjab,Bathinda,BATHINDA,30.239654,74.921898,Private
93107,Blood Centre of Guru Nanak Dev Charitable Healthcare Society Blood Centre,Punjab,Sangrur,Sangrur,30.233991,75.880473,Charitable
93106,Humanity Blood Centre gurdaspur,Punjab,Gurdaspur,Gurdaspur,31.949506,75.28701,Private
93105,Edison Hospital Blood Centre,Punjab,Sahibzada Ajit Singh Nagar,Mohali,30.647367,76.726391,Private
94152,Blood Bank Distt Hospital Mohali,Punjab,Sahibzada Ajit Singh Nagar,Mohali,30.694086,76.730141,Government
94151,Civil Hospital Samrala,Punjab,Ludhiana,Ludhiana,0.0,0.0,Government
280729,Garg Hospital Blood Centre,Punjab,Moga,Moga,30.820901,75.136704,Private
94150,Bhakrabeas Management Board,Punjab,Rupnagar,Nangal,30.986639,76.538903,Government
94156,Blood Bank Civil Hospital Barnala,Punjab,Barnala,Barnala,30.375616,75.544877,Government
280727,Neelam Hospital Blood Centre,Punjab,Patiala,Rajpura,30.395003,76.503076,Private
94155,Blood Bank Civil Hospital Tarn Taran,Punjab,Tarn Taran,Tarn Taran,31.458838,74.923433,Government
94154,Blood Centre Civil Hospital Rupnagar,Punjab,Rupnagar,Roopnagar,30.966052,76.52516,Government
94153,Civil Hospital Abohar,Punjab,Fazilka,Fazilka,30.141667,74.198522,Government
27054,Bhai Ghanaiyaji Charitable Blood Bank,Punjab,Hoshiarpur,Hoshiarpur,31.535364,75.901668,Charitable
27053,"Civil Hospital, Nakodar",Punjab,Jalandhar,Jalandhar,31.128006,75.47587,Government
27056,Adlakha Hospital,Punjab,Amritsar,Amritsar,31.662054,74.878386,Private
284127,"159 General Hospital Blood Center ,Ferozepur",Punjab,Firozpur,Firozpur,30.936229,74.594023,Government
27057,Indian Medical Association Blood Centre,Punjab,Hoshiarpur,Hoshiarpur,31.530798,75.90642,Private
283830,Emc Blood Centre,Punjab,Amritsar,Amritsar,31.644417,74.891366,Private
282585,Aykai Hospital Blood Centre,Punjab,Ludhiana,Ludhiana,30.92584,75.851271,Private
283433,Shrimann Blood Centre,Punjab,Jalandhar,JALANDHAR,31.330493,75.570701,Private
283399,Vardhman Mahaveer Healthcare Blood Centre,Punjab,Patiala,Patiala,30.402485,76.512384,Private
284883,Blood Centre of Shree Balaji Samaj Sewa Singh,Punjab,Faridkot,Kotkapura,30.566408,74.755358,Charitable
283431,Karan Hospital Multi Speciality Centre Samrala,Punjab,Ludhiana,Samrala,30.858408,75.864044,Private
284881,White Medical College,Punjab,Pathankot,Pathankot,32.271912,75.656091,Private
284089,Punjab Cancer Care And Multispeciality Hospital,Punjab,Bathinda,Bathinda,30.20796,75.022203,Private
27051,Dr. Kanwaljit Singh Grover Memorial Blood Centre,Punjab,Jalandhar,Jalandhar,31.3150872,75.5732243,Private
283670,Guru Kirpa Blood Centre,Punjab,Rupnagar,Rupnagar,30.959102,76.559183,Private
284120,Manav Kalyan Blood Center,Punjab,Fazilka,ABOHAR,30.154226,74.210536,Private
285133,Induss Medicity Hospital Blood Centre,Punjab,Ludhiana,Block B induss medicity hospital Barewal road,30.87837,75.831733,Private
282739,Blood Centre M/S Pulse Hospital ( A Unit Of Sohmed Care Private Limited,Punjab,Amritsar,Amritsar,31.630082,74.963878,Private
282736,Mittal Hospital Blood Centre,Punjab,Moga,Moga,30.842514,75.168855,Private
283825,Hardev Singh Sran Blood Centre,Punjab,Mansa,Mansa,29.997556,75.415497,Private
283667,Humanity Blood Centre,Punjab,Amritsar,Amritsar,31.628643,74.922296,Private
280310,Guru Nanak Dev Super-Specialty Hospital Tarn Taran,Punjab,Tarn Taran,Tarn Taran,31.446706,74.937133,Private
283666,Parkash Blood Centre,Punjab,Amritsar,Amritsar,31.620814,74.861521,Private
284511,The Corporate Hospital Blood Centre,Punjab,Amritsar,Amritsar,31.641267,74.910619,Private
284079,Ram Blood Centre,Punjab,Fatehgarh Sahib,KHAMANON,30.642866,76.362682,Private
281484,"M/S 9 Air Force Hospital Blood Centre, Halwara",Punjab,Ludhiana,Halwara,30.876477,75.843805,Government
283781,Indrani Blood Centre,Punjab,Bathinda,Bathinda,30.229699,74.929965,Private
283140,Prolife Hospitals Blood Centre,Punjab,Ludhiana,LUDHIANA,30.901855,75.829108,Private
284909,Being Human Blood Donation Society Blood Center,Punjab,Gurdaspur,1st floor shah gym building OPP guru Nanak college Jalandhar,31.942814,75.285621,Charitable
280829,Ivy Blood Centre Khanna,Punjab,Ludhiana,Khanna,30.703465,76.222834,Private
285307,Krishna Blood Centre,Punjab,Bathinda,Bathinda,30.888281,75.845858,Private
280309,Max Super Speciality Hospital Mohali,Punjab,Sahibzada Ajit Singh Nagar,MOHALI,30.192388,74.946979,Private
94177,AIIMS Bathinda Blood Centre,Punjab,Bathinda,Bathinda (Punjab),30.255962,74.969647,Government
280308,Indus International Hospital,Punjab,Sahibzada Ajit Singh Nagar,Sahibzada Ajit Singh Nagar,30.741868,76.691382,Private
27032,B.D.C Blood Centre Nawanshahr,Punjab,Shahid Bhagat Singh Nagar,NAWANSHAHR,30.911628,75.635914,Charitable
282602,Preet Multispecailty Hospital And Surgical Centre,Punjab,Ludhiana,Ludhiana,30.924861,75.834112,Private
27036,Kidney Hospital And Lifeline Medical Institutions,Punjab,Jalandhar,Jalandhar,31.304465,75.587635,Private
283655,Wadi Hospital Blood Centre,Punjab,Bathinda,Bathinda,30.25171,74.928206,Private
284863,M/S Rimt Medical College And Hospital Blood Centre,Punjab,Fatehgarh Sahib,Mandi Gobindgarh,30.674479,76.376989,Private
284346,Homi Bhabha Cancer Hospital And Research Centre,Punjab,Sahibzada Ajit Singh Nagar,New Chandigarh,30.680387,76.702248,Government
283770,Anil Baghi Hospital,Punjab,Firozpur,Ferozpur,30.965121,74.595556,Private
285313,Shekhawati Zanana Blood Centre,Rajasthan,Sikar,Sikar,27.60437,75.138229,Private
28055,National Institute Of Medical Sciences (Medical College And Hospital),Rajasthan,Jaipur,Jaipur,27.192337,75.954816,Private
28056,North Western Railway Hospital,Rajasthan,Ajmer,Ajmer,26.439622,74.639781,Government
282956,Chc Bhusawar Bsu,Rajasthan,Bharatpur,BHUSAWAR,13.622689,38.785232,Government
28053,Blood Centre Mahatma Gandhi Hospital,Rajasthan,Jaipur,Jaipur,25.347562,74.641874,Private
282953,Chc Kelwara,Rajasthan,Baran,KELWARA,-0.010542,-0.01572,Government
28058,Paras Blood Center Charitable Trust Jodhpur,Rajasthan,Jodhpur,Jodhpur,26.269415,73.007401,Charitable
283367,General Hospital Blood Centre Jalore,Rajasthan,Jalor,Jalore,25.235099,72.504023,Government
284575,Blood Centre Military Hospital,Rajasthan,Jodhpur,JODHPUR,26.310265,74.727086,Government
282397,Chc Kaithoon,Rajasthan,Kota,KAITHOON,25.188351,75.860078,Government
283363,Manipal Hospital Jaipur,Rajasthan,Jaipur,Jaipur,26.856547,75.800524,Private
283361,Dr. Rampal Blood Centre,Rajasthan,Jaipur,Jaipur,26.883186,75.784146,Charitable
283360,Rotary Blood Centre Jodhpur,Rajasthan,Jodhpur,Jodhpur,26.269415,73.007401,Charitable
28050,Seth Makhan Lal Mahawar Charitable Blood Centre,Rajasthan,Alwar,Alwar,27.550891,76.615215,Charitable
283914,Gurukripa Blood Centre Sikar,Rajasthan,Sikar,Sikar,27.589448,75.114721,Private
280404,Jaipur Blood Centre,Rajasthan,Jaipur,Jaipur,26.856547,75.800524,Private
28066,S.K. Soni Hospital,Rajasthan,Jaipur,Jaipur,26.968848,75.773365,Private
28067,"KRISHNA ROTARY BLOOD BANK, KOTA",Rajasthan,Kota,Kota,25.153422,75.851833,Charitable
280402,Barala Hospital And Research Centre,Rajasthan,Jaipur,jaipur,26.88687,75.83414,Private
28064,Sanjeevani Blood Center,Rajasthan,Bikaner,Bikaner,26.600776,75.727089,Private
28065,Govt Y.N.(Yagy Naryan) Hospital Kishangarh Ajmer,Rajasthan,Ajmer,Kishangarh,26.441862,74.643734,Government
280403,Ram Blood Centre,Rajasthan,Jaipur,CHOMU,26.917516,75.782735,Charitable
280400,Eternal Heart Care Centre And Research Institute Pvt Ltd,Rajasthan,Jaipur,jaipur,26.863267,75.805818,Private
284569,Rajdhani Blood Centre,Rajasthan,Dhaulpur,dhaulpur,26.667957,75.680339,Charitable
282389,Dh Ramganj Mandi,Rajasthan,Kota,RAMGANJ MANDI,25.15668,75.839416,Government
28068,Dist. Govt. Hosp. Blood Center,Rajasthan,Dausa,Dausa,26.683897,75.696496,Government
284205,Ism Blood Centre,Rajasthan,Jaipur,JAIPUR,26.901214,75.802899,Private
284326,Vande Blood Centre,Rajasthan,Jaipur,Jaipur,26.872526,75.820227,Charitable
28069,Hbs Trust Hospital And Medical Research Center Blood Center,Rajasthan,Phalodi,Phalodi,26.474396,74.612285,Charitable
284323,Nagaur Blood Centre,Rajasthan,Nagaur,Nagaur,29.59735,74.374582,Charitable
284563,Jiet Medical College And Hospital Blood Centeer,Rajasthan,Jodhpur,JODHPUR,26.276088,72.98684,Private
283595,Blood Centre Ms A.G.Hospital Govt. Pbm Hospital Bikaner,Rajasthan,Bikaner,Bikaner,26.735504,75.717756,Government
28062,Birla Sarvajanik Hospital,Rajasthan,Jhunjhunun,Pilani,28.358777,75.604018,Private
28063,Shri Munshi Ram Mittal Memorial Seva Samiti Blood Center,Rajasthan,Sikar,Sikar,27.612976,75.150611,Charitable
283471,Stuti Hospital Blood Centre,Rajasthan,Rajsamand,Deogarh,27.185022,75.931858,Private
28060,Ramsnehi Chikitsalaya Blood Centre,Rajasthan,Bhilwara,Bhilwara,26.914775,75.824649,Private
28061,Agrasen Blood Centre,Rajasthan,Jaipur,Jaipur,26.957297,75.777845,Charitable
285211,Chc Khandar,Rajasthan,Sawai Madhopur,Khandar,26.480756,76.737576,Government
28039,Sri Jawahir Hospital Jaisalmer,Rajasthan,Jaisalmer,Jaisalmer,26.656137,75.686784,Government
28033,Sh Haridev Joshi General Hospital Dungarpur,Rajasthan,Dungarpur,Dungarpur,23.858847,73.71089,Government
28034,Blood Centre Kota Blood Bank Society,Rajasthan,Kota,Kota,25.15205,75.835195,Charitable
28032,Monilek Hospital And Research Centre,Rajasthan,Jaipur,Jaipur,26.88687,75.83414,Charitable
284317,Ayushman Blood Center,Rajasthan,Jaipur,Jaipur,26.847963,75.793453,Charitable
28037,District Hospital Chittorgarh,Rajasthan,Chittaurgarh,Chittorgarh,26.480467,74.612236,Government
284438,Merta City Blood Center,Rajasthan,Nagaur,MERTA CITY NAGAUR,29.615862,74.270926,Charitable
28038,"District Hospital Blood Centre, Pratapgarh",Rajasthan,Pratapgarh,Pratapgarh,26.69094,75.722822,Government
284436,Rajdhani Blood Centre,Rajasthan,Jaipur,Jaipur,26.893008,75.840198,Charitable
28035,Jln Govt Hospital Nagaur,Rajasthan,Nagaur,Nagaur,29.653385,74.278326,Government
28036,Government S. K. Hospital Blood Centre Sikar,Rajasthan,Sikar,Sikar,26.241797,73.021563,Government
283344,B. Lal Blood Centre,Rajasthan,Jalor,Sanchore,25.268011,72.514521,Private
283584,Jan Kalyan Blood Centre,Rajasthan,Jaipur,Jaipur,26.92069,75.786398,Charitable
284430,Bhamashah Sushil Kumar Bihani Blood Center (Run By Seth Girdhari Lal Bihani Sanatan Dharm Shiksha,Rajasthan,Ganganagar,Sri Ganganagar,29.882105,73.817701,Private
283461,Life Line Blood Centre,Rajasthan,Nagaur,Nagaur,29.609166,74.297906,Charitable
285108,Didwana Blood Centre,Rajasthan,Didwana-Kuchaman,Didwana,26.641838,75.697522,Private
28044,Blood Centre Govt General Hospital Ratangarh Churu,Rajasthan,Churu,Ratangarh,28.07138,74.623013,Government
28045,District Hospital Hanumangarh,Rajasthan,Hanumangarh,Hanumangarh,29.613524,74.268275,Government
28042,Govt Hospital Barmer,Rajasthan,Barmer,Barmer,25.7505,71.396354,Government
284429,Jeevan Data Blood Centre,Rajasthan,Jaipur,kotputali,26.92043,75.820653,Charitable
28043,B.D.K. Hospital Jhunjhunu,Rajasthan,Jhunjhunun,Jhunjhunu,25.517501,75.659508,Government
28048,Raj Blood Centre Society,Rajasthan,Bharatpur,Bharatpur,0.0,0.0,Charitable
284427,Nohar Blood Centre,Rajasthan,Hanumangarh,NOHAR,29.557956,74.289712,Charitable
284547,Ashirwad Blood Center,Rajasthan,Kotputli-Behror,KOTUTLI,26.698862,75.691926,Private
28049,Bhagwan Mahaveer Cancer Hospital And Research Centre,Rajasthan,Jaipur,Jaipur,26.863267,75.805818,Charitable
28046,Blood Centre Purohit Charitable Laboratory Sansthan,Rajasthan,Ganganagar,Sriganganagar,29.889186,73.889438,Charitable
284423,Rajasthan Blood Centre,Rajasthan,Ajmer,Ajmer,26.455674,74.637528,Charitable
284300,Arawali Charitable Blood Centre,Rajasthan,Alwar,Alwar,27.708711,76.428214,Charitable
284784,Jeevan Dhara Blood Center,Rajasthan,Baran,BARAN,-0.032734,0.034076,Private
282361,Chc Hindoncity,Rajasthan,Karauli,HINDONCITY,26.492098,77.019575,Government
28040,District Hospital Baran,Rajasthan,Baran,Baran,0.0,0.0,Government
283450,Rotary International Global Hospital Blood Bank,Rajasthan,Sirohi,Sirohi,24.538286,72.801958,Charitable
285079,Jeevan Rekha Hospital And Research Centre,Rajasthan,Sikar,Neem ka thana,27.611508,75.149061,Private
28019,"Blood Center, Mgh",Rajasthan,Bhilwara,Bhilwara,26.906042,75.838561,Government
28018,Jln Hospital Ajmer,Rajasthan,Ajmer,Ajmer,26.455441,74.627406,Government
283607,Vidyapati Blood Center,Rajasthan,Ajmer,Ajmer,26.393082,74.663577,Charitable
28011,Govt Bangur Hospital Pali,Rajasthan,Pali,Pali,25.776368,73.332182,Government
283605,Arpan Karauli Blood Centre,Rajasthan,Karauli,karauli,26.500853,77.025833,Charitable
28012,General Hospital Alwar,Rajasthan,Alwar,Alwar,27.69818,76.477751,Government
282514,Sdh Rawatbhata,Rajasthan,Chittaurgarh,SDH Rawatbhata,26.4882,74.620836,Government
284935,Arya Blood Center,Rajasthan,Jaipur,Jaipur,26.487535,76.740236,Charitable
283603,Apna Blood Centre,Rajasthan,Kota,kota,25.170835,75.816765,Charitable
28010,Govt Amrit Kaur Hosp Beawar,Rajasthan,Ajmer,Beawar,26.080635,74.326431,Government
282512,Dh Nimbaheda,Rajasthan,Chittaurgarh,NIMBAHEDA,26.521135,74.620159,Government
28016,General Hospital Sirohi,Rajasthan,Sirohi,Sirohi,24.506856,72.814585,Government
28013,District Hospital Dholpur,Rajasthan,Dhaulpur,Dholpur,26.637876,75.704568,Government
28014,Raj Bahadur Memorial Hospital Bharatpur,Rajasthan,Bharatpur,Bharatpur,13.606352,38.762282,Government
284134,Raj Blood Centre,Rajasthan,Jodhpur,JODHPUR,26.255232,72.975851,Charitable
284494,Sdk Jai Blood Centre,Rajasthan,Beawar,BEAWAR,26.65575,75.720381,Private
284252,"Jeevan Raksha Blood Centre, Jhunjhunun",Rajasthan,Jhunjhunun,Jhunjhunun,25.51506,75.693733,Private
285086,Sudha Medical Collage Blood Centre,Rajasthan,Kota,KOTA,25.178348,75.849195,Private
285087,Universal Blood Centre,Rajasthan,Jaipur,jaipur,26.888117,75.802542,Charitable
28028,Triveni Blood Centre,Rajasthan,Ajmer,Ajmer,26.450174,74.662507,Charitable
283719,Rudhira Charitable Blood Center,Rajasthan,Ganganagar,Sri Ganganagar,29.860526,73.888455,Charitable
283716,Suman Blood Bank,Rajasthan,Jaipur,Jaipur,26.912504,75.807382,Charitable
284805,Smt. Lajwanti Memorial Hospital Blood Centre,Rajasthan,Ganganagar,ANUPGARH,29.909088,73.897599,Private
28022,Swasthya Kalyan Blood Centre And Thalesemia Research Center,Rajasthan,Jaipur,Jaipur,26.916784,75.829997,Charitable
28023,Saadat Hospital Tonk,Rajasthan,Tonk,Tonk,26.627702,75.675752,Government
283836,Blood Centre M/S Jodhpur Blood Centre,Rajasthan,Jodhpur,Jodhpur,26.269415,73.007401,Private
28020,"Govt D.B. Hospital,Associated With Pdu Medical College Churu",Rajasthan,Churu,Churu,28.05404,74.454785,Government
28026,Tapovan Blood Center,Rajasthan,Ganganagar,Sri Ganganagar,29.913206,73.881827,Charitable
283712,Rajnish Hospital Blood Centre,Rajasthan,Jaipur,Shahpura,26.939582,75.739877,Private
28027,District Hospital Sawaimadhopur,Rajasthan,Sawai Madhopur,Sawaimadhopur,26.499037,76.74546,Government
28024,M G Hospital Banswara,Rajasthan,Banswara,Banswara,26.648949,75.686451,Government
283831,Ckrdm Blood Center Jhunjhunu,Rajasthan,Jhunjhunun,Jhunjhunu,25.498717,75.69048,Private
284249,Blood Center Govt.Hospital Kuchaman City,Rajasthan,Nagaur,KUCHAMAN CITY,29.639526,74.315807,Government
284247,Janta Blood Centre,Rajasthan,Jaipur,Jaipur,26.949353,75.79064,Charitable
285092,Hida Royal Blood Centre,Rajasthan,Jaipur,Jaipur,26.923407,75.831246,Charitable
284365,Jan Sewa Blood Centre,Rajasthan,Bikaner,Bikaner,26.65469,75.683749,Charitable
284242,Re Life Blood Centre,Rajasthan,Jaipur,Jaipur,29.609166,74.297906,Charitable
284241,Monarch Blood Centre,Rajasthan,Alwar,Alwar,27.69747,76.451697,Charitable
284240,Bikana Blood Bank,Rajasthan,Bikaner,Bikaner,26.673557,75.73236,Charitable
285098,Sanjeevani Blood Centre Banswara Run By Human Care Foundation,Rajasthan,Banswara,Banswara,26.657156,75.694057,Charitable
283390,Shree Shyam Blood Centre,Rajasthan,Didwana-Kuchaman,Kuchaman city,26.644507,75.680989,Charitable
283707,Dusad Blood Bank,Rajasthan,Jaipur,CHOMU,26.896554,75.796722,Charitable
283703,Star Hospital,Rajasthan,Khairthal-Tijara,Bhiwadi,27.253978,77.491976,Private
283702,"Military Hospital, Nasirabad Blood Bank",Rajasthan,Ajmer,Nasirabad,26.310265,74.727086,Government
283944,Swastik Blood Centre Churu,Rajasthan,Churu,CHURU,29.91577,73.87975,Charitable
284912,Balvir Singh Tomar Institute Of Medical Sciences Research And Hospital Blood Centre,Rajasthan,Jaipur,jaipur,26.871808,75.777097,Private
280557,Pacific Institute Of Medicial Sciences,Rajasthan,Udaipur,Udaipur,27.192337,75.954816,Private
284911,Geetanjali Institute Of Medical Sciences Blood Bank,Rajasthan,Jaipur,jaipur,27.192337,75.954816,Charitable
283701,S.J.M Charitable Janseva Blood Centre,Rajasthan,Khairthal-Tijara,Bhiwadi,27.208487,77.501534,Charitable
282974,"Chc Mch Wing New Building Hospital Manrail Road,",Rajasthan,Karauli,Karauli,26.48535,77.025104,Government
284118,Samarpan Blood Center,Rajasthan,Jhunjhunun,VPO GIRSAL,25.52339,75.747351,Charitable
284238,Parth Blood Centre,Rajasthan,Jaipur,Jaipur,26.923588,75.795977,Private
282972,Sdh Toda Bhim,Rajasthan,Karauli,TODABHIM,26.518468,77.008741,Government
284237,Chittor Blood Center,Rajasthan,Chittaurgarh,chittorgarh,26.517152,74.600842,Charitable
283388,Raktima Blood Bank,Rajasthan,Jhalawar,BHAWANI MANDI,24.580682,76.164078,Charitable
283387,Rudhira Blood Centre,Rajasthan,Jhalawar,Jhalawar,24.561296,76.154784,Charitable
283386,Arogya Blood Center,Rajasthan,Kota,KOTA,25.154332,75.897448,Charitable
283385,Dr. S.S. Tantia Medical College Hospital And Research Center,Rajasthan,Ganganagar,Sriganganagar,26.916784,75.829997,Private
284594,Arpan Hanumangarh Blood Centre,Rajasthan,Hanumangarh,VILLAGE KOHALA TEHSIL DIST HANUMANGARH,29.632518,74.320265,Charitable
283382,Pratishtha Blood Centre,Rajasthan,Jaipur,Jaipur,26.907654,75.766427,Private
283381,B.D.Memorial Blood Centre,Rajasthan,Jaipur,Jaipur,26.938802,75.780923,Charitable
285300,Riya Hospital Blood Centre,Rajasthan,Sawai Madhopur,GANGAPUR CITY,26.487535,76.740236,Private
28008,"Mathura Das Mathur Hospital, Jodhpur",Rajasthan,Jodhpur,Jodhpur,26.266415,73.009226,Government
28009,Umaid Hospital,Rajasthan,Jodhpur,Jodhpur,26.284673,73.009906,Government
28006,Mg Hospital Jodhpur,Rajasthan,Jodhpur,Jodhpur,26.269415,73.007401,Government
285306,Monalisa charitable Blood Centre,Rajasthan,Hanumangarh,nohar,29.577322,74.332943,Charitable
28007,General Hospital Bundi,Rajasthan,Bundi,Bundi,25.441477,75.644144,Government
283938,Dalip Singh Memorial Blood Center,Rajasthan,Jhunjhunun,Chirawa,25.358359,74.645124,Private
28001,Maharana Bhupal Govt Hospital Blood Centre Udaipur,Rajasthan,Udaipur,Udaipur,24.589107,73.692338,Government
282966,Chc Udaipur Wati Bsu,Rajasthan,Jhunjhunun,UDAIPUR WATI,25.490348,75.718828,Government
28004,Government Mahila Chikitsalaya,Rajasthan,Jaipur,Jaipur,26.914775,75.824649,Government
28005,Zanana Hospital,Rajasthan,Jaipur,Jaipur,26.925927,75.806748,Government
28002,S M S Hospital Blood Centre,Rajasthan,Jaipur,Jaipur,26.968848,75.773365,Government
28003,Santokba Durlabhji Memorial Hospital Cum Medical Research Institute Campus,Rajasthan,Jaipur,Jaipur,26.893786,75.812174,Charitable
284226,Cbm Hospital Blood Centre,Rajasthan,Nagaur,Makrana,29.608841,74.300984,Private
284225,Bhataner Blood Centre,Rajasthan,Hanumangarh,Hanumangarh,29.621571,74.295148,Charitable
284224,Keshav Blood Centre,Rajasthan,Tonk,Deoli,26.67792,75.64391,Charitable
283376,JEEWAN RAKSHA BLOOD CENTRE DAUSA,Rajasthan,Dausa,Dausa,26.700094,75.690072,Charitable
284221,Vardhan Blood Centre,Rajasthan,Pali,Sumerpur,25.435258,73.213168,Charitable
283371,Shriji Blood Centre,Rajasthan,Kota,Kota,25.173931,75.828604,Private
283407,Red Drop Blood Centre Jaipur,Rajasthan,Jaipur,jaipur,26.882099,75.768067,Charitable
283769,Payal Hospital Blood Centre,Rajasthan,Jhunjhunun,CHIRAWA,25.531223,75.74722,Private
283647,Mamta Blood Centre,Rajasthan,Jaipur,Chomu,26.905335,75.762148,Charitable
283888,Metro City Blood Centre,Rajasthan,Jhunjhunun,Jhunjhunu,25.527895,75.741737,Private
284975,Pooja Blood Center,Rajasthan,Karauli,Hindaun City,26.482352,77.039601,Private
284854,Indra Charitable Blood Center,Rajasthan,Ganganagar,RAISINGH NAGAR,29.938769,73.842295,Charitable
283641,Bhardwaj Hospital Blood Centre,Rajasthan,Jaipur,BAGRU JAIPUR,26.943809,75.830534,Private
284179,S.S. Super Speciality Hospital,Rajasthan,Khairthal-Tijara,Bhiwadi,27.230266,77.477799,Private
282430,Sdh Laxmangarh,Rajasthan,Sikar,LAXMANGARH,27.563293,75.149315,Government
284175,Shekhawati Blood Centre,Rajasthan,Jaipur,Jaipur,26.881499,75.822728,Charitable
284171,Blood Centre State Cancer Institute Jaipur,Rajasthan,Jaipur,Jaipur,26.941571,75.768995,Government
285168,Shree Agrawal Blood Centre,Rajasthan,Kota,kota,25.144201,75.871302,Private
282429,BLOOD STORAGE CENTER GOVT.DISTRICT HOSPITAL NOKHA,Rajasthan,Bikaner,Nokha,26.666874,75.738236,Government
283517,Bhartiya Blood Centre (Bhartia Jan Seva Samitee Trust),Rajasthan,Banswara,Banswara,26.709705,75.707191,Charitable
28100,Jeevan Jyoti Blood Centre,Rajasthan,Bikaner,Bikaner,26.643391,75.718123,Private
283998,Life Suraksha Blood Centre,Rajasthan,Pratapgarh,PRATAPGARH,26.637926,75.726734,Private
283755,Pt Ddu Govt Hospital Blood Bank Sagwada,Rajasthan,Dungarpur,Sagwada,25.35392,74.759494,Government
283634,Mp Birla Hospital And Research Centre,Rajasthan,Chittaurgarh,Chittorgarh,26.474396,74.612285,Charitable
283633,Alwar Blood Bank,Rajasthan,Alwar,Alwar,27.733488,76.434856,Charitable
283632,Pink City Blood Centre,Rajasthan,Jaipur,Jaipur,26.886974,75.767688,Charitable
280240,Medipulse Hospital Jodhpur,Rajasthan,Jodhpur,Jodhpur,26.260176,73.004731,Private
280241,Govt. Medical College And Ag Hospitals Nayapura Kota,Rajasthan,Kota,Kota,25.125447,75.884783,Government
284287,Janhit Blood Centre,Rajasthan,Jaipur,Jaipur,26.898225,75.799396,Charitable
285054,Sanjeevani Blood Centre,Rajasthan,Dausa,MAHUA,26.669522,75.71714,Charitable
283072,"Blood Centre, Govt. Hospital Gangapur City",Rajasthan,Sawai Madhopur,Gangapur,26.483977,76.766338,Government
283071,Blood Bank Shri Goverdhan Govt. Hospital,Rajasthan,Rajsamand,Nathdwara,27.236793,76.020109,Government
283070,Govt. Bangar District Hospital Didwana Nagaur,Rajasthan,Didwana-Kuchaman,Didwana,26.660377,75.719953,Government
98107,Arpan Dholpur Blood Bank,Rajasthan,Dhaulpur,Dholpur,26.664021,75.721144,Charitable
98106,"Blood bank,civil hospital Ganganagar",Rajasthan,Ganganagar,Sriganganagar,29.945705,73.906398,Government
98103,Govt. RDBP Jaipuria Blood Bank,Rajasthan,Jaipur,Jaipur,26.856547,75.800524,Government
98104,"KRISHNA ROTARY BLOOD BANK, KOTA",Rajasthan,Kota,Kota,25.153422,75.851833,Charitable
283629,Lohagarh Blood Centre,Rajasthan,Bharatpur,Bharatpur,13.602839,38.741461,Charitable
280239,Govt Hospital Kekri,Rajasthan,Ajmer,Kekri,26.471234,74.638277,Government
283627,Singhal Hospital Blood Centre,Rajasthan,Bharatpur,Bharatpur,13.636285,38.754884,Private
282539,"Sir Padampat Mother And Child Health Institute,J.K. Loan Hospital",Rajasthan,Jaipur,Jaipur,26.896954,75.7662,Government
280237,M/S. Kshetrapal Multi Speciality And Research Centre Blood Centre,Rajasthan,Ajmer,Ajmer,26.441834,74.659037,Private
283626,Vivekanand Blood Center,Rajasthan,Hanumangarh,BHADRA,29.622391,74.280759,Charitable
284836,Jai Durga Blood Centre,Rajasthan,Jaipur,Jaipur,26.891504,75.804489,Charitable
284712,Navjeevan Blood Centre,Rajasthan,Jaipur,Jaipur,26.903609,75.834967,Private
283623,Ananta Institute Of Medical Science,Rajasthan,Rajsamand,NATHDWARA,27.192337,75.954816,Charitable
283621,Rigved Hospital Blood Centre Bharatpur,Rajasthan,Bharatpur,Bharatpur,13.62473,38.706765,Private
283620,Saharan Blood Bank,Rajasthan,Hanumangarh,HANUMANGARH,29.607354,74.239909,Private
282410,Sdh Bayana,Rajasthan,Bharatpur,Bayana,13.644994,38.715822,Government
284950,Kotri Shyam Blood Centre,Rajasthan,Bhilwara,Bhilwara,26.911769,75.806611,Charitable
283069,Blood Bank Govt Hospital Ladnun,Rajasthan,Nagaur,Ladnun,29.62846,74.277973,Government
285180,Soni Devi Blood Centre,Rajasthan,Alwar,Neemrana,27.75525,76.456068,Private
284157,Arjun Blood Center,Rajasthan,Jaipur,Jaipur,26.89227,75.810023,Charitable
283068,Govt. Hospital Phalodi Jodhpur,Rajasthan,Phalodi,Phalodi,26.43722,74.646824,Government
284397,Sikar Blood Centre,Rajasthan,Sikar,sikar,27.603625,75.124792,Charitable
284154,Parth Blood Centre,Rajasthan,Tonk,Tonk,26.615382,75.699766,Private
284152,Phulera Blood Centre,Rajasthan,Jaipur,Phulera,26.886391,75.831723,Charitable
283063,Haribaksh Kanwatia Hospital,Rajasthan,Jaipur,Jaipur,26.898279,75.772879,Government
284394,Sita Blood Centre,Rajasthan,Sikar,Neem Ka Thana,27.624881,75.115718,Charitable
285187,Bsc Zazana Hospital,Rajasthan,Bharatpur,BHARATPUR,13.621198,38.730467,Government
285189,Sdh Begun,Rajasthan,Chittaurgarh,BEGUN,26.432328,74.602996,Government
285068,Reengus Blood Centre,Rajasthan,Sikar,Reengus,27.619214,75.224616,Charitable
282408,Sdh Roopwas,Rajasthan,Bharatpur,ROOPWAS,13.662173,38.770903,Government
283618,Ranthambhor Blood Centre,Rajasthan,Sawai Madhopur,Sawai Madhopur,26.477717,76.712495,Charitable
283616,Suman Blood Centre,Rajasthan,Karauli,HINDAUN CITY,26.552399,76.985095,Private
282403,Sdh Nadbai,Rajasthan,Bharatpur,Nadbai,13.615574,38.738095,Government
283612,Nirodham Jankalyan Sewa Sansthan Blood Bank Njss Blood Bank,Rajasthan,Jhalawar,Aklera,24.56864,76.135948,Charitable
282520,DH Lalsot,Rajasthan,Dausa,LALSOT,26.678022,75.692024,Government
285071,Porwal Hospital Blood Centre,Rajasthan,Bhilwara,BHILWARA,26.95466,75.879473,Private
284263,Raath Blood Centre,Rajasthan,Alwar,Alwar,27.701219,76.445667,Charitable
284383,Satyam Blood Centre,Rajasthan,Jaipur,Jaipur,26.908075,75.808115,Charitable
283052,District Nahata Govt. Hospital Balotra,Rajasthan,Balotara,balotra,26.674888,75.687998,Government
285233,VARDAAN BLOOD CENTRE,Rajasthan,Alwar,NEEMRANA,27.719041,76.463031,Private
285234,Shree Charitable Blood Centre,Rajasthan,Ganganagar,Suratgarh,29.874424,73.877673,Charitable
285236,Blood Centre Government District Hospital Nawalgarh,Rajasthan,Jhunjhunun,Nawalgarh,25.6835288,81.9984388,Government
98121,Blood Centre Harish hospital,Rajasthan,Alwar,Alwar,27.88214,76.286106,Private
98122,Kamla Blood Centre,Rajasthan,Ganganagar,Anoopgarh,29.926083,73.897921,Charitable
28099,Bharat Vikas Parishad Blood Centre,Rajasthan,Kota,Kota,25.16239,75.831475,Charitable
284419,Maharaja Surajmal Blood Centre,Rajasthan,Bharatpur,BHARATPUR,13.649055,38.721444,Charitable
28097,Sudha Blood Centre,Rajasthan,Kota,Kota,25.150517,75.852151,Private
28098,Pushpa Devi Memorial Blood Centre (Run By Kothari Public Charitable Trust),Rajasthan,Jaipur,Jaipur,26.938802,75.780923,Charitable
284777,Jeevan Rekha Blood Centre,Rajasthan,Bundi,BUNDI,25.432313,75.633379,Charitable
283687,Monarch Blood Centre,Rajasthan,Jaipur,Jaipur,26.911039,75.842481,Charitable
28091,"New Hospital Medical College, Kota",Rajasthan,Kota,Kota,25.15205,75.835195,Government
28092,Pacific Medical College And Hospital,Rajasthan,Udaipur,Udaipur,24.668857,73.70231,Private
284895,Shree Blood Centre,Rajasthan,Pali,Sumerpur,25.459397,73.17417,Private
284410,Bharatpur Blood Centre,Rajasthan,Bharatpur,Bharatpur,13.620342,38.761761,Charitable
28090,Lokmitra Blood Bank And Thalassemia Research Centre,Rajasthan,Udaipur,Udaipur,24.581121,73.712858,Charitable
28095,Metro Blood Bank (A Unit Of Hilsun Pharma Pvt. Ltd.),Rajasthan,Jaipur,Jaipur,26.918399,75.748948,Private
283681,Blood Bank M/S Rukmani Birla Hospital,Rajasthan,Jaipur,Jaipur,26.925407,75.804139,Private
280294,"Blood Centre Trauma Center, Sms Hospital, Jaipur",Rajasthan,Jaipur,JAIPUR,26.847567,75.799509,Government
28096,Govt. Hospital Sojat City Pali,Rajasthan,Pali,Pali,25.443695,73.217769,Government
28093,Getwell Hospital Blood Centre (A Unit Of Getwell Health And Education Samiti),Rajasthan,Sikar,Sikar,27.58825,75.154556,Charitable
284890,Blood Centre- Dhayal Hospital And Research Centre,Rajasthan,Sikar,Reengus,27.611508,75.149061,Private
28094,Shri Ram Blood Centre,Rajasthan,Kota,Kota,25.144698,75.837722,Private
285241,Lalsot Blood Centre,Rajasthan,Dausa,Lalsot,26.666383,75.681983,Charitable
285246,Renwal Blood Centre,Rajasthan,Jaipur,jaipur,26.917739,75.823984,Charitable
98117,DR B S TOMAR INSTITUTE OF MEDICAL SCIENCES & BLOOD CENTRE,Rajasthan,Jaipur,JAIPUR,27.192337,75.954816,Private
285126,Dhanvantri Blood Centre,Rajasthan,Jaipur,Jaipur,26.879322,75.832104,Private
98119,Dungarpur charitable blood centre,Rajasthan,Dungarpur,Dungarpur,25.364453,74.772037,Charitable
98114,Sanchore hospital blood centre,Rajasthan,Jalor,Sanchore,25.269056,72.512415,Private
285128,Sachkhand Blood Centre,Rajasthan,Kotputli-Behror,Neemrana,26.631764,75.689063,Private
98113,Bansur Blood Centre Kotputli Behror,Rajasthan,Kotputli-Behror,Bansur,26.669305,75.71634,Private
98116,M/s PRINCE BLOOD CENTRE (A UNIT OF PRINCE MEDICAL COLLEGE & HOSPITAL),Rajasthan,Sikar,SIKAR,27.628918,75.158765,Private
98115,Shree Shyam Blood Centre Jhalawar,Rajasthan,Jhalawar,3rd floor Sanjeevani vyas hospital anusandhan kendra private limited NH 52 jhalrapatan road,24.603384,76.143846,Private
98110,TULSI HOSPITAL BLOOD CENTRE,Rajasthan,Bikaner,SHRI DUNGARGARH,26.636876,75.708303,Private
98112,M/s. ESIC Model Hospital & Medical College Jaipur,Rajasthan,Jaipur,Sodala,26.942611,75.801179,Government
98111,OM BLOOD CENTRE GANGANAGAR,Rajasthan,Ganganagar,Ganganagar,29.912709,73.859251,Private
284406,Vyas Blood Centre Super Speciality Hospital,Rajasthan,Jodhpur,Jodhpur,27.230266,77.477799,Private
283557,Tulsi Blood Center,Rajasthan,Pali,pali,25.446583,73.227428,Charitable
283556,Marudhara Blood Bank Bhinmal,Rajasthan,Jalor,Bhinmal,25.23418,72.506489,Charitable
284401,Balaji Blood Centre,Rajasthan,Dausa,DAUSA,26.656786,75.693497,Charitable
283675,Pratishtha Blood Center,Rajasthan,Tonk,TONK,26.676468,75.736342,Charitable
283674,S S Blood Centre,Rajasthan,Jaipur,JAIPUR,26.918006,75.770586,Charitable
283673,Swastik Blood Centre,Rajasthan,Jaipur,Jaipur,29.91577,73.87975,Charitable
283551,Gurukul Blood Bank,Rajasthan,Jaipur,Jaipur,26.909133,75.844196,Charitable
283790,M/S Esic Medical College And Hosplital Blood Bank,Rajasthan,Alwar,Alwar,27.709884,76.48386,Government
285253,shree balaji blood centre,Rajasthan,Sikar,rengus,27.614468,75.155596,Charitable
285134,Sanjeevani Blood Centre,Rajasthan,Churu,Churu,28.096625,74.476096,Private
284080,Rotary Charitable Blood Centre,Rajasthan,Alwar,Alwar,27.695726,76.447129,Charitable
28077,Jhalawar Medical College Hospital,Rajasthan,Jhalawar,Jhalawar,24.586774,76.160622,Government
28078,"Blood Bank R. K. Govt. Hospital, Rajsamand",Rajasthan,Rajsamand,Rajsamand,27.187206,75.97563,Government
283428,Zeel Multispeciality Hospital Blood Centre Sagwara,Rajasthan,Dungarpur,Sagwara,26.794932,75.824591,Private
28075,Saral Blood Centre,Rajasthan,Udaipur,Udaipur,24.594033,73.698544,Charitable
283669,Jeevandhara Blood Bank,Rajasthan,Alwar,Alwar,27.690389,76.454072,Charitable
28076,Fortis Hospital Ltd.,Rajasthan,Jaipur,Jaipur,26.846176,75.803437,Private
283668,Bhilwara Blood Center,Rajasthan,Bhilwara,BHILWARA,26.880825,75.749444,Charitable
284636,Shri Hari Hospital Blood Centre,Rajasthan,Jhunjhunun,Nawalgarh,25.144698,75.837722,Private
283425,Jeevan Jyoti Blood Centre,Rajasthan,Jaipur,Chomu,26.928064,75.756404,Charitable
28079,Govt Bdm Sat Hosp Kotputli,Rajasthan,Jaipur,Kotputli,26.920707,75.786161,Government
283424,Chirayu Hospital Blood Centre,Rajasthan,Jaipur,Jaipur,26.932922,75.772846,Private
280399,Jnu Blood Centre Jaipur,Rajasthan,Jaipur,Jaipur,26.856547,75.800524,Private
280396,Arihant Hospital And Research Sansthan,Rajasthan,Bhilwara,Bhilwara,26.929793,75.849093,Private
284873,Aarambh Bloodcentre,Rajasthan,Jaipur,Jaipur,26.900398,75.807824,Charitable
280397,Maitree Blood Centre,Rajasthan,Ganganagar,Suratgarh,29.918076,73.871547,Charitable
28070,Rajkiya Mahila Chikitsalaya Ajmer,Rajasthan,Ajmer,AJMER,26.52447481,74.66235606,Government
283662,Shekhawati Charitable Blood Centre,Rajasthan,Sikar,Sikar,27.649088,75.114028,Charitable
280395,Jindal Super Specialty Hospital,Rajasthan,Bharatpur,Bharatpur,27.230266,77.477799,Private
28073,Bhagwan Mahavir Hospital,Rajasthan,Pali,Sumerpur,25.132911,73.11258,Private
283660,Bansal Blood Centre,Rajasthan,Jaipur,Jaipur,26.909582,75.824944,Charitable
28074,Geetanjali Medical College And Hospital,Rajasthan,Udaipur,Udaipur,24.553352,73.731888,Private
284076,Shri Ambe Hospital And Blood Centre,Rajasthan,Jaipur,Jaipur,26.933743,75.813515,Private
28071,American International Institute Of Medical Sciences Bloodbank,Rajasthan,Udaipur,Udaipur,24.604274,73.682852,Private
28072,Mittal Hospital And Research Centre,Rajasthan,Ajmer,Ajmer,26.474396,74.612285,Private
28088,Apex Swasthya Kalyan Blood Bank,Rajasthan,Jaipur,Jaipur,26.854701,75.82519,Private
28089,Life Line Blood Centre,Rajasthan,Hanumangarh,Hanumangarh,29.609166,74.297906,Private
283659,Park Hospital Blood Centre ( A Unit Of Kailash Super Speciality Hospital Pvt. Ltd. ),Rajasthan,Alwar,Behror,27.720849,76.457826,Private
28086,Swastik Blood Centre,Rajasthan,Ganganagar,Sriganganagar,29.91577,73.87975,Charitable
283658,Shanti Blood Centre,Rajasthan,Jaipur,Jaipur,26.906837,75.806976,Charitable
28087,Narayana Hrudayalaya Pvt. Ltd.,Rajasthan,Jaipur,Jaipur,26.922901,75.817809,Private
28080,Ambika Blood Centre Jodhpur,Rajasthan,Jodhpur,Jodhpur,26.269415,73.007401,Private
283652,Cp Hospital Blood Centre,Rajasthan,Sawai Madhopur,Gangapur City,26.485699,76.761639,Private
28081,Lion Charitable Trust,Rajasthan,Churu,SUJANGARH,27.697179,74.471967,Charitable
283893,Soni Hospital Blood Centre,Rajasthan,Churu,SADULPUR,28.113656,74.447568,Private
283771,Nahar Blood Centre,Rajasthan,Jalor,jalor,25.267544,72.522258,Private
24001,"Central Blood Centre, Stnm Hospital",Sikkim,Gangtok,Gangtok,27.331167,88.614144,Government
24002,Namchi District Blood Centre,Sikkim,Namchi,Namchi,27.373757,88.668465,Government
283850,District Hospital Gayzing Blood Centre,Sikkim,Gyalshing,geyzing,27.382915,88.569386,Government
24003,Blood Centre Central Referral Hospital,Sikkim,Gangtok,Gangtok,27.316213,88.597237,Private
283829,District Hospital Singtam Blood Centre,Sikkim,Gangtok,Singtam,27.311763,88.607196,Government
30260,SRI RAMACHANDRA HOSPITAL BLOOD CENTRE,Tamil Nadu,Thiruvallur,Chennai,13.057173,79.902872,Private
282719,Government Hospital Blood Centre Sivakasi,Tamil Nadu,Virudhunagar,Sivaksai,9.838881,78.478259,Government
280659,Christian Medical College Hospital,Tamil Nadu,Vellore,Vellore,12.880728,79.335853,Charitable
282716,"Government Hospital, Maduranthagam",Tamil Nadu,Chengalpattu,Kanchipuram,12.50908,79.890064,Government
30266,Lords Blood Centre (Run By Lucphil Medical Educational and Charitable Trust),Tamil Nadu,Kanyakumari,Nagercoil,0.0,0.0,Charitable
282715,"Government Hospital, Coonoor",Tamil Nadu,The Nilgiris,Coonoor,10.779139,79.606921,Government
30024,Government Medical College Hospital Pudukottai,Tamil Nadu,Pudukkottai,Pudukottai,10.180049,79.000136,Government
30265,Child Jesus Hospital,Tamil Nadu,Tiruchirappalli,Trichy,10.805162,78.686566,Private
283924,Karur Volantary Blood Bank Laboratary Services Run By Karur Medical Service Trust,Tamil Nadu,Karur,Karur,5.507466,39.005946,Charitable
282714,"Government Raja Mirasudhar Hospital,Thanjavur",Tamil Nadu,Thanjavur,Thanajavur,10.785541,79.1366,Government
30268,Tagore Medical College Hospital,Tamil Nadu,Chengalpattu,Chennai,12.860204,80.291655,Private
30026,Government Kamaraj Hospital. Chidambaram,Tamil Nadu,Cuddalore,Chidambaram,11.394771,79.699614,Government
282713,"Government Head Quarters Hospital, Mettur Dam",Tamil Nadu,Salem,Mettur Dam,11.795825,77.798916,Government
282712,"Government District Head Quarters Hospital, Wallajah",Tamil Nadu,Ranipet,Walajapet,0.0,0.0,Government
30025,"Government Hospital, Virudhachalam",Tamil Nadu,Cuddalore,Virudhachalam,11.394771,79.699614,Government
30020,"Government Hospital, Tindivanam",Tamil Nadu,Viluppuram,Tindivanam,9.838881,78.478259,Government
30141,Vikram Blood Bank And Component Centre,Tamil Nadu,Theni,Theni,8.729758,77.719592,Charitable
283800,Government Hospital Blood Bank Kodaikanal,Tamil Nadu,Dindigul,Kodaikanal,11.394771,79.699614,Government
282711,GOVERNMENT DISTRICT HEAD QUARTERS HOSPITAL KOVILPATTI,Tamil Nadu,Thoothukkudi,Kovilpatti,0.0,0.0,Government
283920,Indian Voluntary Blood Bank Run By Maatrram Educational Charitable Trust,Tamil Nadu,Chennai,Chennai,13.118158,80.2515,Charitable
30022,"Government Headquarters Hospital, Kumbakonam",Tamil Nadu,Thanjavur,Kumbakonam,10.969246,79.385655,Government
30264,Muthukumaran Medical College Hospital And Research Institute,Tamil Nadu,Kanchipuram,Chennai,13.017931,80.108969,Charitable
30263,Annapoorana Medical College And Hospitals Blood Bank,Tamil Nadu,Salem,Salem,11.650745,78.15422,Private
30142,Sree Venkateswara Blood Bank,Tamil Nadu,Chennai,Chennai,13.109828,80.281945,Charitable
283489,Rotary Blood Bank,Tamil Nadu,Thanjavur,Kumbakonam,12.98107,80.195475,Charitable
30021,"Government Hospital, Palani",Tamil Nadu,Dindigul,Palani,10.448498,77.516908,Government
283366,Aathma Blood Centre,Tamil Nadu,Pudukkottai,Pudukkottai,-0.000999,0.010942,Charitable
30028,"Government Headquarters Hospital, Tenkasi",Tamil Nadu,Tenkasi,Tenkasi,9.363747,78.831928,Government
30149,Church Of South India Mission General Hospital,Tamil Nadu,Tiruchirappalli,Trichy,10.830302,78.67675,Charitable
284451,National Voluntary Blood Centre,Tamil Nadu,Chennai,Kolathur,13.052337,80.224844,Charitable
30027,"Government District Headquarters Hospital, Cuddalore",Tamil Nadu,Cuddalore,CUDDALORE,11.756684,79.759266,Government
30269,MGM Healthcare Private Limited Blood Centre Adyar,Tamil Nadu,Chennai,Chennai,13.082392,80.271811,Private
283240,Government Medical College And Hospital Dharmapuri,Tamil Nadu,Dharmapuri,DHARMAPURI,10.779139,79.606921,Government
283919,SKS Hospital Blood Centre,Tamil Nadu,Salem,SALEM,11.649537,78.16244,Private
282709,"BLOOD CENTRE GOVERMENT SIVAGANGAI MEDICAL COLLEGE AND HOSPITAL,SIVAGANGAI",Tamil Nadu,Sivaganga,Sivaganga,9.838881,78.478259,Government
283918,Tamilnadu Voluntary Blood Centre And Research Centre (Run By Cavery Charitable Trust ),Tamil Nadu,Erode,Erode,0.024537,-0.006967,Charitable
282708,"Government Head Quarters Hospital,Periyakulam",Tamil Nadu,Theni,Periyakulam,10.123029,77.53294,Government
282707,Government District Headquarters Hospital Pollachi,Tamil Nadu,Coimbatore,Pollachi,9.363747,78.831928,Government
283917,Melvin Jones Memorial Lions Blood Bank A Unit Of Melvin Jones Memorial Lions Charitable Trust,Tamil Nadu,Kanchipuram,Kanchipuram,12.895595,80.011208,Charitable
282705,Government Hospital Gopichettipalayam,Tamil Nadu,Erode,Gobi,0.01258,0.046397,Government
282704,Government Medical College Hospital Kanyakumari,Tamil Nadu,Kanyakumari,Nagercoil,11.394771,79.699614,Government
30013,Government Medical College Hospital Virudhunagar,Tamil Nadu,Virudhunagar,Virudhunagar,9.588385,77.961917,Government
283913,Medway Hospitals Blood Centre A Unit Of United Alliance Health Care Pvt Ltd,Tamil Nadu,Chennai,Chennai,12.898506,80.206289,Private
30254,DINDIGUL BLOOD CENTER,Tamil Nadu,Dindigul,Dindigul,10.366656,77.977708,Charitable
282703,"Government Head Quarters Hospital, Padmanabhapuram",Tamil Nadu,Kanyakumari,Padmanabhapuram,8.247696,77.313237,Government
30257,Shri Sathya Sai Medical College And Research Institute,Tamil Nadu,Kanchipuram,Chengalpattu,12.746312,80.132393,Private
282702,Government Esi Hospital Coimbatore,Tamil Nadu,Coimbatore,Coimbatore,11.014581,76.953349,Government
30015,Government Thoothukudi Medical College And Hospital,Tamil Nadu,Thoothukkudi,Thoothukudi,8.798061,78.136134,Government
282701,"Government Aringnar Anna Memorial Cancer Hospital,",Tamil Nadu,Kanchipuram,kanchipuram,12.86981,79.715799,Government
282700,Government Medical College And Hospital Ariyalur,Tamil Nadu,Ariyalur,Ariyalur,10.779139,79.606921,Government
30250,Gleneagles Health City Blood Centre,Tamil Nadu,Chennai,Chennai,13.022123,80.220735,Private
283358,S.Palaniandi Mudaliar Memorial Hospital Blood Centre,Tamil Nadu,Salem,Salem,11.661224,78.192156,Private
30253,Sardar Raja Mission Hospital,Tamil Nadu,Tirunelveli,Kavalkinaru,0.0,0.0,Charitable
30131,Meenakshi Mission Hospital And Research Centre,Tamil Nadu,Madurai,Madurai,9.947597,78.162318,Private
284325,Kanakesa Thevar Memorial Hospital Blood Centre,Tamil Nadu,Thanjavur,Pattukkottai,0.0,0.0,Private
30010,Government Coimbatore Medical College And Hospital,Tamil Nadu,Coimbatore,Coimbatore,10.779139,79.606921,Government
30252,Maruthi Blood Centre And Research Foundation,Tamil Nadu,Salem,Salem,0.0,0.0,Charitable
30259,Trichy Srm Medical College Hospital And Research Centre Blood Centre,Tamil Nadu,Tiruchirappalli,Tiruchirappalli,0.0,0.0,Private
30017,"Government Medical College And Hospital, Ramanathapuram",Tamil Nadu,Ramanathapuram,Ramanathapuram,11.992895,79.516782,Government
283472,M/S Bhaarath Medical College Hospital,Tamil Nadu,Chengalpattu,Selaiyur,10.819196,78.676748,Private
30137,Blood Centre Vadamalayan Hospitals Pvt Ltd,Tamil Nadu,Dindigul,Dindigul,10.35697,77.656262,Private
30258,Sivaramji Blood Centre (Unit Of Janaseva Trust),Tamil Nadu,Salem,Salem,0.0,0.0,Charitable
30016,Government Medical College Hospital Tiruvannamalai,Tamil Nadu,Tiruvannamalai,Tiruvannamalai,9.838881,78.478259,Government
30019,Government Villupuram Medical College And Hospital,Tamil Nadu,Viluppuram,Villupuram,11.992895,79.516782,Government
283908,Swami Vivekananda Blood Centre,Tamil Nadu,Coimbatore,COIMBATORE,0.0,0.0,Charitable
30244,Sree Mookambika Institute Medical Science Blood Centre,Tamil Nadu,Kanyakumari,Kanyakumari,8.361102,77.292365,Private
30002,Government Royapettah Hospital,Tamil Nadu,Chennai,Chennai,13.054709,80.265073,Government
30243,Sri Shellapha Blood Centre (Shri Sehllapha Hospital),Tamil Nadu,Salem,Salem,11.659832,78.154862,Private
30001,Government Stanley Medical College And Hospital,Tamil Nadu,Chennai,Chennai,13.105854,80.285439,Government
30246,"A.C.S. General Hospital Blood Centre, (Run By Dr.M.G.R. Educational Reaserch Institute)",Tamil Nadu,Chennai,Chennai,13.049297,80.218613,Private
30004,Government Thanjavur Medical College And Hospital,Tamil Nadu,Thanjavur,Thanjavur,10.779139,79.606921,Government
30245,Revathi Medical Centre Blood Centre,Tamil Nadu,Tiruppur,Tiruppur,11.120178,77.32933,Private
30242,Sri Narayani Hospital And Research Centre,Tamil Nadu,Vellore,Vellore,12.870762,79.089846,Charitable
30241,Life Line Blood Centre And Research Centre (Run By Subashtika Charitable Society),Tamil Nadu,Tirunelveli,Tirunelveli,8.729758,77.719592,Charitable
30120,Apollo Hospital Enterprises Ltd,Tamil Nadu,Chennai,Chennai,13.063084,80.251472,Private
284797,Vellore Blood Centre,Tamil Nadu,Vellore,Vellore,12.813712,79.310634,Charitable
284554,Sanjeevan Voluntary Blood Centre,Tamil Nadu,Chennai,Velachery,13.056185,80.215602,Charitable
30009,Government Tirunelveli Medical College And Hospital,Tamil Nadu,Tirunelveli,Tirunelveli,11.992895,79.516782,Government
284553,Dhanalakshmi Srinivasan Institute Of Medical Science And Hospital,Tamil Nadu,Perambalur,Perambalur,11.198683,78.872944,Charitable
283343,Rainbow Blood Centre,Tamil Nadu,Karur,Karur,5.541196,39.024093,Charitable
30248,Karpaga Vinayaga Institute Of Medical Science And Research Cent,Tamil Nadu,Kanchipuram,Kancheepuram,12.592392,79.911956,Charitable
30127,Virudhunagar Hindu Nadar V. Dhanasamy Parimala Devi Medical Trust,Tamil Nadu,Virudhunagar,Virudhunagar,0.0,0.0,Private
30247,Saveetha Medical College And Hospital (A Unit Of Saveetha Institute Of Medical And Technical Science,Tamil Nadu,Chennai,Chennai,0.0,0.0,Private
283340,Lions Club of Madras Egmore,Tamil Nadu,Chennai,Chennai,13.069705,80.260797,Charitable
30005,Government Rajaji Hospital,Tamil Nadu,Madurai,Madurai,9.926986,78.131758,Government
30008,Government Mahatma Gandhi Memorial Hospital,Tamil Nadu,Tiruchirappalli,Trichy,10.811588,78.677458,Government
30007,"Government Medical College And Hospital, Karur",Tamil Nadu,Karur,Karur,0.0,0.0,Government
285106,Apollo Proton Cancer Blood Centre,Tamil Nadu,Chennai,Chennai,13.055445,80.161308,Private
30232,Marthandam Voluntary Blood Centre,Tamil Nadu,Kanyakumari,Kanyakumari,0.0,0.0,Charitable
30111,Rotary Central Ttk - Vhs Blood Bank,Tamil Nadu,Chennai,Taramani,13.137176,80.221521,Charitable
30235,Salem Blood Centre,Tamil Nadu,Salem,Salem,11.659085,78.168204,Charitable
30230,Lions Club Of Erode Supreme Charitable Trust Blood Centre,Tamil Nadu,Erode,Erode,0.0,0.0,Charitable
30119,PSG Hospitals,Tamil Nadu,Coimbatore,Coimbatore,11.018303,76.960319,Private
284420,"M/S Annaii Medical College And Hospital,A Unit Of Sri Devi Karumariamman Education Trust",Tamil Nadu,Kanchipuram,Kancheepuram,12.97068,79.976376,Charitable
30116,"K. Govindasamy Naidu Memorial Trust, Kg. Hospital",Tamil Nadu,Coimbatore,Coimbatore,11.01277,76.980509,Private
283451,Vs Blood Centre,Tamil Nadu,Chennai,Chetpet,11.028425,77.134135,Private
30236,Kurinji Hospital Blood Centre,Tamil Nadu,Salem,Salem,11.677233,78.135322,Private
30239,St Joseph Hospital,Tamil Nadu,Viluppuram,Villupuram,10.370257,77.980644,Private
283293,Blood centre Apollo KH Hospital Melvisharam,Tamil Nadu,Ranipet,Melvisharam,-0.0028,0.024933,Charitable
30222,Vadamalayan Blood Centre,Tamil Nadu,Madurai,Madurai,9.942846,78.130616,Private
284937,Sri Meenakshi Blood Centre Madurai,Tamil Nadu,Madurai,Madurai,9.954588,78.142639,Charitable
30220,Muthu Blood Centre (Muthu Charitable Trust),Tamil Nadu,Perambalur,Perambalur,11.196691,78.853908,Charitable
30229,Sivan Blood Centre (Lakshmiammal Memorial Trust),Tamil Nadu,Madurai,MADURAI,9.923292,78.140268,Private
30226,Sivanthi Blood Centre,Tamil Nadu,Kanyakumari,Kankumari,8.195127,77.300202,Private
30105,Sri Gokulam Blood Centre,Tamil Nadu,Salem,Salem,11.672702,78.133827,Private
30225,Indian Blood Centre,Tamil Nadu,Dindigul,Dindigul,0.0,0.0,Private
30104,Erode Blood Centre And Clinical Laboratory,Tamil Nadu,Erode,ERODE,11.336191,77.718506,Private
30228,Chettinad Hospital Blood Centre,Tamil Nadu,Chengalpattu,CHENNAI,12.59076,79.874518,Private
30107,Sheela Hospitals (P) Ltd.,Tamil Nadu,Coimbatore,Coimbatore,11.018303,76.960319,Private
284493,Mathi Blood Centre,Tamil Nadu,Virudhunagar,Sivakasi,11.672426,78.136187,Private
30106,Kmc Speciality Hospitals (I) Ltd.,Tamil Nadu,Tiruchirappalli,Trichy,10.802301,78.680138,Private
284492,J R Medical College And Hospital,Tamil Nadu,Viluppuram,Villupuram,10.067637,78.244009,Charitable
284491,Crescent Blood And Research Centre,Tamil Nadu,Ramanathapuram,Ramanathapuram,13.064595,80.241688,Charitable
284490,Government Kalaignar Centernary Super Speciality Hospital,Tamil Nadu,Chennai,Guindy,13.032976,80.199991,Government
283839,Senthur Murugan Blood Bank,Tamil Nadu,Thanjavur,Thanjavur,10.848429,79.372969,Charitable
283958,Sri Venkateshwara Blood Centre,Tamil Nadu,Thiruvallur,Redhills,0.0,0.0,Charitable
280567,Sri Kaalli Blood Centre Nagapattinam,Tamil Nadu,Nagapattinam,MAYAVARAM,10.990596,78.14925,Charitable
30213,Apollo Speciality Hospitals,Tamil Nadu,Tiruchirappalli,Tiruchirappalli,0.0,0.0,Private
30212,Kongunadu Hospitals blood bank Pvt.Ltd.,Tamil Nadu,Coimbatore,Coimbatore,11.018303,76.960319,Private
280566,Sri Kaalli Blood Centre,Tamil Nadu,Thanjavur,Thanjavur,10.956521,79.37494,Charitable
283951,Alangulam Blood Centre And Blood Component Centre,Tamil Nadu,Tenkasi,Tenkasi,11.234489,79.550752,Private
284489,Nandha Medical College And Hospital Blood Centre,Tamil Nadu,Erode,Erode,13.004678,80.112061,Charitable
30219,Doctors Blood Centre And Research Centre (Run By Ddc Charitable Trust),Tamil Nadu,Tiruchirappalli,Trichy,0.0,0.0,Charitable
284486,Ajk Blood Centre,Tamil Nadu,Thanjavur,Thanjavur,10.877085,79.384642,Charitable
284484,Ms. Madurai Voluntary Blood Bank And Research Centre,Tamil Nadu,Madurai,Madurai,9.947597,78.162318,Charitable
30214,Ima Rotary Masonic Midtown Mahaveer Blood Centre,Tamil Nadu,Coimbatore,Coimbatore,11.005732,76.960893,Charitable
30217,Annai Blood Centre (Run By Annai Medical Trust),Tamil Nadu,Tenkasi,Tenkasi,11.222249,79.574303,Charitable
30216,Royal Blood Centre (Run By Royal Medical Trust),Tamil Nadu,Kanyakumari,Nagerkoil,0.0,0.0,Private
283392,Sugam Blood And Apheresis Centre,Tamil Nadu,Theni,Cumbum Road,10.059372,77.521208,Private
282737,Dr. Rela Institute And Medical Centre City - Chennai,Tamil Nadu,Chennai,Chennai,13.080616,80.258928,Private
30202,Sree Balaji Medical College And Hospital Blood Centre,Tamil Nadu,Kanchipuram,Chromepet,12.894834,80.023789,Private
30201,Karunya Hospital Blood Centre,Tamil Nadu,Krishnagiri,Krishnagiri,0.0,0.0,Private
283268,Kumaran Blood Centre,Tamil Nadu,Chennai,Tamil Nadu,0.0,0.0,Private
284478,Covai Regional Blood Centre,Tamil Nadu,Coimbatore,Coimbatore,10.974627,76.939318,Charitable
280430,Dr. Kamakshi Memorial Blood Bank And Blood Components Research Centre,Tamil Nadu,Chennai,CHENNAI,12.949232,80.209635,Private
30207,Christian Fellowship Hospital Blood Centre,Tamil Nadu,Dindigul,Oddanchatram,10.48803,77.751707,Charitable
284476,Southern Railway Hospital Blood Centre,Tamil Nadu,Tiruchirappalli,Trichirappalli,10.784568,78.725301,Government
284475,Lions District B Blood Bank,Tamil Nadu,Coimbatore,Coimbatore,11.041836,76.971087,Charitable
30209,St.Thomas Hospital Blood Bank And Leprosy Centre,Tamil Nadu,Tiruvannamalai,Chettupattu,12.466265,79.335994,Charitable
30204,K.S.M. Blood Centre (Run By Maruti Charitable Trust),Tamil Nadu,Salem,Salem,11.666537,78.143476,Charitable
283383,Government Nagapattinam Medical College And Hospital,Tamil Nadu,Nagapattinam,Nagapattinam,10.946041,78.158927,Government
282727,"Government Esi Hospital,Ayanavaram",Tamil Nadu,Chennai,Ayanavaram,0.0,0.0,Government
282726,"Government Hospital, Tambaram At Chrompet",Tamil Nadu,Chengalpattu,Tambaram,12.9456,80.134345,Government
282725,Government The Tamilnadu Dr. Mgr University Chennai,Tamil Nadu,Chennai,Chennai,13.009896,80.218188,Government
282724,Government Rajiv Gandhi Medical College Hospital,Tamil Nadu,Chennai,Chennai,13.081279,80.27678,Government
282720,"Government Hospital, Aranthangi",Tamil Nadu,Pudukkottai,Aranthangi,0.0,0.0,Government
283378,Panimalar Medical College Hospital And Research Institute Blood Centre,Tamil Nadu,Thiruvallur,Chennai,13.038833,80.143534,Charitable
282047,"Government Hospital, Cumbum",Tamil Nadu,Theni,Cumbum,11.304849,76.937118,Government
283255,Meenakshi Mission Hospital and research centre blood centre,Tamil Nadu,Madurai,madurai,9.947597,78.162318,Charitable
283374,Victory Blood Bank,Tamil Nadu,Chennai,Chennai,0.0,0.0,Charitable
282040,"Govt. Hospital, Omalur Bsu",Tamil Nadu,Salem,Omalur,11.647523,78.136889,Government
285157,Takshashila Medical College Hospital Blood Centre,Tamil Nadu,Viluppuram,ONGUR,10.08996,78.251496,Private
33130,Ashok Blood Centre and Clinical Laboratory,Tamil Nadu,Dharmapuri,Dharmapuri,12.132581,78.161182,Charitable
33131,Iswarya Blood centre,Tamil Nadu,Chennai,Chennai,13.049867,80.208392,Private
30301,Billroth Hospitals Blood Centre,Tamil Nadu,Chennai,Chennai,13.075671,80.227297,Private
284978,Athma Blood Centre Chengalpattu,Tamil Nadu,Chengalpattu,Chennai,12.677617,79.98029,Charitable
30300,Tcr Blood Centre (Run By Tcr Hospital And Charitable Trust),Tamil Nadu,Krishnagiri,Krishnagiri,12.5186,78.2137,Charitable
283403,Naruvi Hospitals Blood Bank,Tamil Nadu,Vellore,Vellore,13.078914,80.240581,Private
33132,RAAJ HOSPITAL BLOOD CENTRE,Tamil Nadu,Thiruvarur,MANNARGUDI,9.650743,77.258768,Private
283886,International Centre For Cardio Thoracic And Vascular Diseases,Tamil Nadu,Chennai,CHENNAI,13.076019,80.181451,Private
284973,Vgm Blood Centre,Tamil Nadu,Coimbatore,Coimbatore,11.021309,76.951601,Charitable
284057,Athma Blood Centre A Unit Of Trisoul Health And Educational Charitable Trust,Tamil Nadu,Tiruvannamalai,Tiruvannamalai,9.79484,78.506341,Charitable
30303,Landsteiner Lakshmi Memorial Research Foundation,Tamil Nadu,Chennai,Chennai,13.079435,80.257308,Charitable
284055,Sai Fertility Centre And Hospital Blood Centre,Tamil Nadu,Chengalpattu,Chengalpattu,12.559443,79.90964,Private
284054,Lions Blood Centre Hosur Sipcot Run By Lions Club Of Hosur Sipcot Blood Bank Charitable Trust,Tamil Nadu,Krishnagiri,Hosur,12.115319,77.956534,Charitable
284053,Kallakurichi Blood Bank Run By G.G. Educational And Charitable Trust,Tamil Nadu,Kallakurichi,Kallakurichi,0.0,0.0,Charitable
284173,Maruthi Blood Centre,Tamil Nadu,Krishnagiri,Krishnagiri,11.672426,78.136187,Charitable
30093,"Bharath Heavy Electricals Ltd. ( Main Hospital), Kailasapuram",Tamil Nadu,Tiruchirappalli,Tirchy,0.0,0.0,Government
30092,"Southern Railway Head Quarters Hospital, Ayanavaram",Tamil Nadu,Chennai,Chennai,13.101967,80.232996,Government
30095,Namakkal Bharath Blood Bank And Research Centre,Tamil Nadu,Namakkal,Namakkal,12.870762,79.089846,Charitable
30094,"Government Erode Medical College And Hospital, Perundurai",Tamil Nadu,Erode,Perundurai,0.0,0.0,Government
30091,Neyveli Lignite Corporation (Nlc Hi),Tamil Nadu,Cuddalore,Neyveli,11.537043,79.467181,Government
284726,Chennai Blood Centre,Tamil Nadu,Chennai,Chennai,13.085925,80.291757,Charitable
33125,Govt. Omandurar Medical College Hospital B Block,Tamil Nadu,Chennai,Chennai,13.031069,80.239034,Government
33126,Govt.Hospital Thiruthuraipoondi,Tamil Nadu,Thiruvarur,Thiruthuraipoondi,9.678049,77.22972,Government
33123,CHETTINAD BLOOD CENTRE,Tamil Nadu,Chengalpattu,THIRUKALUKUNDRAM,12.571216,79.897594,Private
33124,DANA RED CROSS BLOOD CENTRE,Tamil Nadu,Coimbatore,Coimbatore,11.030073,76.973943,Trust
284723,Mgm Health Care Pvt Ltd.,Tamil Nadu,Chennai,Chennai,13.050638,80.193446,Private
283997,Swamy Vivekanandha Medical College Hospital And Research Institute,Tamil Nadu,Namakkal,Tiruchengode,12.746312,80.132393,Private
33121,M/s ROTARY BLOOD CENTRE (RUN BY ROTARY CLUB OF CUDDALORE MIDTOWN TRUST),Tamil Nadu,Cuddalore,Cuddalore,11.424053,79.718128,Charitable
30099,Apollo Speciality Hospital Blood Centre,Tamil Nadu,Chennai,Chennai,13.033595,80.24507,Private
33122,Kanyakumari Medical Mission Research Centre and Hospitals(Run by St.Alphonsa Trust),Tamil Nadu,Kanyakumari,NAGERCOIL,8.186045,77.3036,Charitable
30098,Arunai Medical College And Hospital,Tamil Nadu,Tiruvannamalai,THENMATHUR,9.84759,78.509593,Private
283874,Aadhaar Blood Centre,Tamil Nadu,Tiruppur,Tiruppur,11.110364,77.315188,Private
283994,Maruthi Blood Bank With Component Centre,Tamil Nadu,Dharmapuri,Dharmapuri,10.74682,78.114399,Charitable
283992,Uyirthuli Blood Bank And Research Centre Run By Annai Medical And Educational Charitable Trust,Tamil Nadu,Kallakurichi,Kallakurichy,11.965495,79.550357,Charitable
283990,Royal Care Super Speciality Hospital Limited,Tamil Nadu,Coimbatore,Coimbatore,11.016858,76.951616,Private
285050,Blood Centre Government Hospital Ponneri,Tamil Nadu,Thiruvallur,Ponneri,13.095428,80.219317,Government
285052,Kr Blood Centre,Tamil Nadu,Coimbatore,Periyanaickenpalayam,10.987473,76.962568,Private
33129,Kauvery Hospital Blood Centre,Tamil Nadu,Salem,Salem,11.611143,78.159363,Private
30082,Government Theni Medical College And Hospital,Tamil Nadu,Theni,Theni,10.006927,77.553185,Government
33116,"Christian Medical College Vellore, Ranipet Campus Blood Centre",Tamil Nadu,Ranipet,Vellore,-0.035575,0.03126,Charitable
30089,"Salem Steel Authority Of India, Salem Steel Plant",Tamil Nadu,Salem,Salem,11.654349,78.025247,Government
33117,Lakshmi blood centre Tirunelveli,Tamil Nadu,Tirunelveli,NEAR RAM MUTHURAM CINEMAS UDAYARPATTI,8.711749,77.75082,Private
33114,SHANTHI BLOOD CENTRE MADURAI,Tamil Nadu,Madurai,70 feet Ellis Nagar road,9.911152,78.109259,Charitable
284715,Sankara Blood Centre Run By Shri Sankara Kripa Educational And Medical Trust,Tamil Nadu,Kanchipuram,Kanchipuram,12.856641,80.043091,Charitable
284714,Bestow Blood Centre Run By Raising Hands Charitable Trust,Tamil Nadu,Tiruchirappalli,Tiruchirappalli,10.712789,78.549735,Charitable
33115,kannappa blood center Chennai,Tamil Nadu,Chennai,basement floor,13.085925,80.291757,Private
283987,Manipal Hospital Blood Bank Manipal Health Enterprises Pvt Ltd,Tamil Nadu,Salem,Salem,11.657754,78.12793,Private
33112,"M/s GOVERNMNT DISTRICT HEADQUARTERS HOSPITAL, TIRUTTANI",Tamil Nadu,Thiruvallur,Tiruttani,13.127649,79.91098,Government
284713,Uyirtuli Blood Centre And Research Centre Run By Annai Medical And Educational Charitable Trust,Tamil Nadu,Tiruchirappalli,Tiruchirapalli,12.97068,79.976376,Charitable
30085,"Government Hospital, Gudalur",Tamil Nadu,The Nilgiris,The Nilgiris,9.676495,77.240608,Government
33113,SRIKAMATCHI MEDICAL CENTRE (A UNIT OF SRI VASUDEVAPERUMAL HELATHCARE PRIVATE LIMITED),Tamil Nadu,Thanjavur,THANJAVUR,10.858802,79.394675,Private
33110,Jeevan Blood Centre Coimbatore,Tamil Nadu,Coimbatore,UDAIYAMPALAYAM,10.994861,76.969577,Private
283984,Maga Blood Bank Run By Maga Health And Educational Trust,Tamil Nadu,Salem,Salem,0.0,0.0,Charitable
283983,Annai Theresa Blood Bank Apheresis Centre Run By Little Roses Trust,Tamil Nadu,Chennai,Chennai,13.08213,80.185435,Charitable
284037,Sir Ivan Stedeford Hospital,Tamil Nadu,Chennai,Chennai,13.073069,80.205536,Charitable
284036,Government District Head Quarters Hospital Pennagaram,Tamil Nadu,Dharmapuri,Pennagaram,0.0,0.0,Government
284034,Government District Head Quarters Hospital Cheyyar,Tamil Nadu,Tiruvannamalai,Cheyyar,0.0,0.0,Government
284276,M/S. Srinivasan Medical College And Hospital Blood Centre,Tamil Nadu,Tiruchirappalli,Samayapuram,11.198683,78.872944,Charitable
33118,PSP BLOOD CENTRERE,Tamil Nadu,Kanchipuram,Panrutti,12.867332,80.023959,Charitable
33119,RAINBOW BLOOD CENTRE TRICHY,Tamil Nadu,Tiruchirappalli,Trichy,10.664585,78.56626,Charitable
284030,Vels Medical College And Hospital,Tamil Nadu,Thiruvallur,Manjakaranai,13.027914,79.930522,Private
30192,Shifa Hospitals,Tamil Nadu,Tirunelveli,Tirunelveli,8.728161,77.710143,Private
30070,Government District Headquarters Hospitall Hosur,Tamil Nadu,Krishnagiri,Hosur,12.524837,78.220022,Government
30073,Government Periyar Hospital Mayiladuthurai,Tamil Nadu,Mayiladuthurai,Mayiladuthurai,10.977734,78.111443,Government
30194,Avm Hospital Blood Centre,Tamil Nadu,Thoothukkudi,Tuticorin,4.40972,38.903971,Private
30072,"Government Hospital, Sankarankoil",Tamil Nadu,Tenkasi,Sankarankoil,13.105854,80.285439,Government
30193,Udumalpet Indian Medical Association Rotary Blood Centre,Tamil Nadu,Tiruppur,Udumalpet,10.586364,77.255039,Private
283859,Kauvery Blood Centre,Tamil Nadu,Chennai,Chennai,13.047924,80.197942,Private
280228,Government Medical College Hospital Cuddalore Chidambaram,Tamil Nadu,Cuddalore,Chidambaram,11.438535,79.67737,Government
33105,Krishna Maternity Home and Paediatric centre Blood Center,Tamil Nadu,Tirunelveli,Palayamkottai,8.700664,77.694209,Private
30079,"Government Hospital, Thirupathur",Tamil Nadu,Tirupattur,Thirupathur,13.078315,80.243824,Government
30078,"Government Hospital, Ambasamudram",Tamil Nadu,Tirunelveli,Ambasamudram,0.0,0.0,Government
30199,Aarthi Hospital And Diagnostic Centre Blood Bank,Tamil Nadu,Tirunelveli,Tirunelveli,8.716055,77.749882,Private
33106,MS Kauvery Hospital Blood Centre Tirunelveli,Tamil Nadu,Tirunelveli,Vannarpettail,8.711749,77.75082,Private
280226,Government Medical College And Hospital Tiruppur,Tamil Nadu,Tiruppur,Tiruppur,11.992895,79.516782,Government
283856,Chennai Blood Centre,Tamil Nadu,Chennai,Annanagar,13.085925,80.291757,Charitable
283614,Srm Blood Centre,Tamil Nadu,Kanchipuram,Chengalpet,12.822849,80.048734,Private
33104,SRIRAM BLOOD CENTRE,Tamil Nadu,Erode,Gobichettipalayam,0.000127,-0.011099,Charitable
280224,Srm Institutes For Medical Science,Tamil Nadu,Chennai,Chennai,0.0,0.0,Private
283855,Kumaran Medical Center Blood Bank,Tamil Nadu,Coimbatore,coimbatore,11.042085,77.040324,Private
30075,Government Medical College And Hospital Tiruvallur,Tamil Nadu,Thiruvallur,Tiruvallur,11.992895,79.516782,Government
30196,W. Bro. V. Surendranath Reddy Memorial Trust (Masonic Blood Centre),Tamil Nadu,Vellore,Vellore,12.864671,79.30348,Charitable
30074,"Government District Head Quaters Hospital , Rasipuram",Tamil Nadu,Namakkal,Rasipuram,11.216752,78.168939,Government
33102,"The Head of Department, Indian Red Cross Society Blood Bank",Tamil Nadu,Chennai,Egmore,0.0,0.0,Trust
30195,Meenakshi Medical College Hospital And Research Institute,Tamil Nadu,Kanchipuram,Kancheepuram,12.872611,79.723864,Private
284941,Sruthi Speciality Hospital Blood Centre,Tamil Nadu,Tirupattur,Ambur,10.806765,79.641216,Private
30197,Madhura Blood Centre,Tamil Nadu,Madurai,Madurai,0.0,0.0,Charitable
284028,Preethi Hospitals Private Limited,Tamil Nadu,Madurai,Madurai,9.933967,78.109518,Private
284027,Kmch Specialty Hospital Blood Bank Unit Of Kovai Medical Centre And Hospital Ltd,Tamil Nadu,Erode,Erode,-0.006924,-0.008462,Private
280581,Athma Blood Centre,Tamil Nadu,Kanchipuram,Chennai,12.8776,80.060201,Charitable
283970,Esic Medical College And Hospital K.K Nagar Chennai,Tamil Nadu,Chennai,Chennai,13.069116,80.19034,Government
284024,Annai Velankanni Blood Centre And Component Centre,Tamil Nadu,Tirunelveli,Palayamkottai,8.729758,77.719592,Private
284265,Gvn Riverside Hospital Blood Center,Tamil Nadu,Tiruchirappalli,Tiruchirappalli,10.692641,78.544658,Private
33109,Aradhna Blood Centre Thiruvarur,Tamil Nadu,Thiruvarur,Thiruvarur,9.642827,77.248505,Private
282086,Government District Head Quarter Hospital Mannarkudi,Tamil Nadu,Thiruvarur,Mannarkudi,9.707854,77.246124,Government
33107,Kauvery Regional Blood Centre,Tamil Nadu,Chennai,Mylapore,13.089521,80.226953,Private
33108,Life Line Blood Centre Tiruchendur,Tamil Nadu,Thoothukkudi,Tiruchendur,4.412121,38.927785,Charitable
285113,Hosur Blood Centre,Tamil Nadu,Krishnagiri,HOSUR,12.105734,77.960569,Charitable
30180,Leonard Hospital,Tamil Nadu,Dindigul,Dindigul,10.165505,77.760672,Charitable
30062,Government Headquarter Hospital Karaikudi,Tamil Nadu,Sivaganga,Karaikudi,10.063948,78.777174,Government
30182,Ramana Gounder Medical Trust Blood Centre,Tamil Nadu,Coimbatore,Coimbatore,11.07054,76.942457,Charitable
30189,Ganga Medical Centre and Hospitals Private Ltd Blood Centre,Tamil Nadu,Coimbatore,Coimbatore,11.042085,77.040324,Private
30068,"Government Hospital, Dharapuram",Tamil Nadu,Tiruppur,Dharapuram,0.0,0.0,Government
30067,"Government Hospital, Ambur",Tamil Nadu,Tirupattur,Ambur,10.779139,79.606921,Government
30069,Government Hospital Mettupalayam,Tamil Nadu,Coimbatore,Mettupalayam,12.9456,80.134345,Government
30184,Kongu Blood Centre,Tamil Nadu,Erode,Erode,11.340634,77.715943,Private
30063,"Government Hospital, Attur",Tamil Nadu,Salem,Attur,11.59695,78.60139,Government
30066,"Government Hospital, Tiruchengodu",Tamil Nadu,Namakkal,Tiruchengode,0.0,0.0,Government
30186,Victory Blood Centre,Tamil Nadu,Tiruchirappalli,Trichy,0.0,0.0,Charitable
30065,Government Vellore Medical College And Hospital,Tamil Nadu,Vellore,Vellore,11.992895,79.516782,Government
285242,LAXMI BLOOD CENTER VIRUDHUNAGAR,Tamil Nadu,Virudhunagar,Aruppukottai,9.718083,78.039053,Private
30170,Thai Moogambigai Blood Centre And Clinical Laboratory,Tamil Nadu,Madurai,Madurai,0.0,0.0,Private
30291,Velammal Blood Centre,Tamil Nadu,Madurai,Madurai,9.924398,78.103624,Private
30290,Right Trust Blood Centre,Tamil Nadu,Chennai,CHENNAI,13.062018,80.168912,Private
30293,Meenakshi Hospital Blood Centre,Tamil Nadu,Thanjavur,Tanjore,10.745435,79.111902,Private
30172,Apollo Specialty Hospital Blood Centre Madurai,Tamil Nadu,Madurai,Madurai,9.927966,78.148775,Private
30171,Friends Blood Centre,Tamil Nadu,Tiruchirappalli,Trichy,0.0,0.0,Charitable
30050,Government Medical College And Hospital Udhagamandalam,Tamil Nadu,The Nilgiris,Udhagamandalam,11.656585,78.153948,Government
30178,Kasturba Hospital Blood Centre,Tamil Nadu,Dindigul,Dindugul,0.0,0.0,Charitable
30299,Gudalur Adivasi Hospital,Tamil Nadu,The Nilgiris,The Nilgiris,10.831949,78.147557,Private
30298,Ramnad Blood Centre (Run By C.Lakshmiammal Memorial Trust),Tamil Nadu,Ramanathapuram,Ramanathapuram,0.0,0.0,Private
30059,"Government Medical College And Hospital, Kallakurichi",Tamil Nadu,Kallakurichi,Kallakurichi,11.992895,79.516782,Government
30179,Melmaruvathur Adiparasakthi Institute Of Medical Sciences And Research,Tamil Nadu,Chengalpattu,Melmaruvathur,12.434226,79.81321,Charitable
30174,Hindu Mission Hospital,Tamil Nadu,Kanchipuram,Chennai,12.923848,80.113982,Private
30053,Government Medical College Hospital Blood Centre,Tamil Nadu,Krishnagiri,Krishnagiri,11.304849,76.937118,Government
30295,"Meenakshi Blood Centre, (Run By Ayyamperumal And K. Dakshinamoorthy Trust)",Tamil Nadu,Pudukkottai,Pudukottai,0.0,0.0,Charitable
30294,Apollo Hospitals (Run By Apollo Hospitals Educational Trust),Tamil Nadu,Thiruvallur,CHENNAI,13.04877,79.909939,Private
30052,"Government Hospital, Pattukottai",Tamil Nadu,Thanjavur,Pattukottai,13.078315,80.243824,Government
30173,Miot Hospital,Tamil Nadu,Chennai,Chennai,13.021971,80.186066,Private
30055,"Government District Head Quarters Hospital, Perambalur",Tamil Nadu,Perambalur,Perambalur,11.23657,78.860775,Government
30297,Arogya Blood Centre (A Unit Of Ms Kauvery Hospitals Medical Services Private Limited,Tamil Nadu,Krishnagiri,Hosur,12.728397,77.824389,Private
30296,Aarthi Blood Centre,Tamil Nadu,Thoothukkudi,Thoothukudi,9.174494,77.866384,Charitable
30054,Government Tiruvarur Medical College Hospital,Tamil Nadu,Thiruvarur,Tiruvarur,9.676495,77.240608,Government
30175,Vinayaka Missions Kirupananda Variyar Medical College And Hospital Blood Centre,Tamil Nadu,Salem,Salem,11.585415,78.06378,Private
284400,Jamuna Blood Centre,Tamil Nadu,Chennai,Chennai,13.100937,80.205447,Charitable
30280,Madha Medical College And Hospirtal Blood Centre,Tamil Nadu,Kanchipuram,Chennai,12.892347,80.011156,Charitable
30161,Kanyakumari Medical Mission C.S.I Hospital,Tamil Nadu,Kanyakumari,Neyoor,8.211518,77.302952,Private
30040,Government Rsrm Hospital,Tamil Nadu,Chennai,Chennai,13.108993,80.288403,Government
30281,Dhanvantri Charitable Trust Blood Bank,Tamil Nadu,Erode,Sathyamangalam,0.0,0.0,Charitable
30160,Cancer Institute (Wia) Chennai,Tamil Nadu,Chennai,Chennai,13.005335,80.239623,Charitable
30046,"Government Hospital, Rajapalayam",Tamil Nadu,Virudhunagar,Rajapalayam,9.926986,78.131758,Government
30045,"Government Hospital, Gudiyatham",Tamil Nadu,Vellore,Gudiyatham,12.845971,79.135775,Government
30166,Karur Blood Centre,Tamil Nadu,Karur,Karur,10.963696,78.069084,Charitable
30169,Dr. Jayasekaran Medical Trust And Nursing Home,Tamil Nadu,Kanyakumari,Nagercoil,8.184416,77.409869,Private
30048,"Government Hospital, Udumalpet",Tamil Nadu,Tiruppur,Udumalpet,11.076008,77.36898,Government
30168,Vijaya Blood centre,Tamil Nadu,Chennai,Chennai,13.049867,80.208392,Private
30289,Palani Blood Centre (Run By Annai Educational Trust),Tamil Nadu,Dindigul,Dindigul,0.0,0.0,Private
30163,Vivek Blood Centre,Tamil Nadu,Kanyakumari,Nagercoil,8.184559,77.410413,Private
30042,"Government Head Quarters Hospital, Kanchipuram",Tamil Nadu,Kanchipuram,Kanchipuram,12.832978,79.710277,Government
282699,"TAMILNADU GOVERNMENT MULTI SUPER SPECIALITY HOSPITAL,Omandurar(A block)",Tamil Nadu,Chennai,Triplicane,13.027325,80.202161,Government
30041,"Government District Headquarters Hospital, Erode",Tamil Nadu,Erode,ERODE,0.0,0.0,Government
30165,The Coimbatore Biomedical Services Blood Centre,Tamil Nadu,Coimbatore,Coimbatore,11.014581,76.953349,Charitable
282697,Government Hospital Arakkonam,Tamil Nadu,Ranipet,Arakkonam,0.0,0.0,Government
30286,G.N. Blood Centre (Run By G.G.Educational And Charitable Trust),Tamil Nadu,Viluppuram,Villupuram,0.0,0.0,Charitable
30044,Govt Head Quarters Hospital Blood Center Aruppukottai,Tamil Nadu,Virudhunagar,Aruppukottai,9.588385,77.961917,Government
282696,"Government Head Quarters Hospital, Usilampatti",Tamil Nadu,Madurai,Usilampatti,9.962367,77.788596,Government
282693,Government Hospital Tiruchendur,Tamil Nadu,Thoothukkudi,Tiruchendur,0.0,0.0,Government
282694,Government Hospital Ulunderpet,Tamil Nadu,Kallakurichi,Ulunderpet,13.054709,80.265073,Government
30049,"Government Medical College And Hospital, Namakkal",Tamil Nadu,Namakkal,Namakkal,10.779139,79.606921,Government
282692,Goverment District Headquarters Hospital Manapari,Tamil Nadu,Tiruchirappalli,Manaparrai,10.604228,78.437862,Government
282690,Goverment Hospital Vaniyambadi,Tamil Nadu,Tirupattur,Vaniyambadi,9.838881,78.478259,Government
285143,Tamilnadu Voluntary Blood Centre,Tamil Nadu,Dindigul,Dindigul,10.34204,77.665487,Charitable
30271,Kmr Blood Centre (Run By Kmr Charitable Trust),Tamil Nadu,Thanjavur,Thanjavaur,0.0,0.0,Charitable
30156,St Joseph Hospital,Tamil Nadu,Dindigul,Dindigul,10.370257,77.980644,Charitable
30035,Government Peripheral Hospital Blood Centre,Tamil Nadu,Chennai,Chennai,13.095428,80.219317,Government
30277,Sree Abirami Hospital (P) Ltd.,Tamil Nadu,Coimbatore,Coimbatore,10.952537,76.973216,Private
284507,Abirami Blood Centre,Tamil Nadu,Madurai,MADURAI,9.915247,78.119525,Charitable
30037,Government The Institute Of Child Health And Hospital For Children,Tamil Nadu,Chennai,Chennai,13.072798,80.258257,Government
30036,Government Kasturba Gandhi Hospital For Women And Children,Tamil Nadu,Chennai,Chennai,13.059296,80.278431,Government
30278,St. Thomas Blood Centre And Research Centre,Tamil Nadu,Kanchipuram,Chennai,13.012134,80.19625,Charitable
30157,Rajesh Tilak Blood Centre At Rajesh Tilak Hospital,Tamil Nadu,Thoothukkudi,Tuticorin,4.39771,38.904229,Private
30152,Kovai Medical Centre And Hospital Blood Centre,Tamil Nadu,Coimbatore,Coimbatore,11.042085,77.040324,Private
30273,Karpagam Hospital,Tamil Nadu,Coimbatore,Coimbatore,10.885007,77.008223,Charitable
30272,Shanthi Social Services Diagnostic Centre,Tamil Nadu,Coimbatore,Coimbatore,11.003734,77.038048,Charitable
30030,"Government Medical College Hospital, Dindigul",Tamil Nadu,Dindigul,Dindigul,10.448498,77.516908,Government
30275,Dhanalakshmi Srinivasan Medical College And Hospital Blood Centre,Tamil Nadu,Perambalur,Perambaulur,11.198683,78.872944,Charitable
30033,Government Chengalpattu Medical College And Hospital,Tamil Nadu,Chengalpattu,Chengalpattu,12.615929,79.956617,Government
30154,Sri Ramakrishna Hospital Blood Centre,Tamil Nadu,Coimbatore,Coimbatore,11.023686,76.976713,Charitable
30032,Government Mohankumaramangalam Medical College Hospital,Tamil Nadu,Salem,Salem,11.656585,78.153948,Government
30153,The Madras Medical Mission (A Registered Society),Tamil Nadu,Chennai,Chennai,13.06046,80.227508,Charitable
30039,Government Institute Of Obstetrics And Gynaecology Hospital For Women And Children,Tamil Nadu,Chennai,Chennai,13.073689,80.259207,Government
30159,Sri Kaalli Blood Centre Thanjavur,Tamil Nadu,Thanjavur,kumbakonam,10.956521,79.37494,Charitable
30038,Government Kilpauk Medical College Hospital,Tamil Nadu,Chennai,Chennai,13.078315,80.243824,Government
36120,NIMS Blood Bank,Telangana,Hyderabad,Hyderabad,17.376536,78.428523,Government
280417,Employees State Insurance Corporation Medical College Hospital Blood Centre,Telangana,Hyderabad,Hyderabad,17.447882,78.439955,Government
280418,Continental Hospital Blood Centre,Telangana,Rangareddy,Nankrramgura,17.417886,78.339922,Private
280657,Jeevandhara Voluntary Blood Centre,Telangana,Hyderabad,Secunderabad,17.407955,78.475204,Charitable
29023,Chiranjeevi Eye and Blood Centre,Telangana,Hyderabad,Hyderabad,17.428205,78.416539,Charitable
29144,V.R.K.Womens Medical College And General Hospital Blood Centre,Telangana,Rangareddy,Aziznagar,0.0,0.0,Private
29022,Chalmada Ananda Rao Institute Of Medical Sciences Blood Centre,Telangana,Karimnagar,Karimnagar,18.45324,79.165083,Private
29143,Usha Mullapudi Cardiac Centre Blood Centre,Telangana,Medchal Malkajgiri,Hyderabad,0.0,0.0,Private
29142,Trr General Hospital Blood Centre,Telangana,Sangareddy,Patancheru,0.0,0.0,Private
29149,Yashoda Hospital Blood Centre,Telangana,Hyderabad,Hyderabad,17.397675,78.47383,Private
29028,Durgabai Deshmukh Hospital And Research Centre Blood Centre,Telangana,Hyderabad,Vidhyanagar,0.0,0.0,Charitable
36125,Indian Red Cross Society Blood Bank Mancherial,Telangana,Mancherial,Mancherial,18.438555,79.128841,Trust
280652,Pranadhara Blood Center,Telangana,Nizamabad,Armoor,18.498536,78.233745,Charitable
36124,"Government General Hospital, Blood Centre, Rajanna Sircilla",Telangana,Rajanna Sircilla,Sircilla,17.418173,78.402739,Government
283004,District Bhupalpally Ggh Hospital Blood Bank,Telangana,Jayashankar Bhupalpally,Jayashankar Bhoopalpally,18.410613,79.821957,Government
29020,"Care Hospital Blood Centre, (Quality Care India Limited)",Telangana,Hyderabad,Hyderabad,0.0,0.0,Private
283242,Bharathi Children And Maternity Hospital Blood Centre,Telangana,Jagtial,Jagtial,17.398776,78.453218,Private
36112,AREA HOSPITAL BLOOD BANK BHADRACHALAM,Telangana,Bhadradri Kothagudem,Bhadrachalam,18.205883,80.020672,Government
36111,BLOOD CENTRE GOVERNMENT GENERAL HOSPITAL KHAMMAM,Telangana,Khammam,Khammam,17.584049,80.332784,Government
36110,"Govt. General Hospital, Blood Center, Karimnagar",Telangana,Karimnagar,Karimnagar,18.436341,79.144481,Government
280649,Citizens Hospital Blood Centre,Telangana,Rangareddy,Rangareddy,17.470667,78.311308,Private
280647,M/S.Century Hospitals Blood Centre,Telangana,Hyderabad,Hyderabad,17.41567,78.439477,Private
36118,"MAHATHMA GANDHI MEMORIAL HOSPITAL BLOOD CENTRE, Warangal",Telangana,Warangal,Warangal,17.990313,79.592843,Government
280644,Siri Blood Centre,Telangana,Khammam,Khammam,17.27957,80.123797,Private
36117,Govt.General Hospital Nizamabad,Telangana,Nizamabad,Nizamabad,18.514699,78.234654,Government
29032,Global Hospitals Blood Centre,Telangana,Hyderabad,Hyderabad,17.41567,78.439477,Private
280642,M/S.Surabhi General Hospital Blood Centre,Telangana,Siddipet,Mittapally Village,18.691151,78.064789,Private
280764,"Esi Hospital, Nacharam",Telangana,Medchal Malkajgiri,Hyderabad,17.479138,78.415837,Government
280643,Arundhathi Hospital Blood Center,Telangana,Medchal Malkajgiri,Hyderabad,17.465204,78.406836,Private
36115,Govt. General Hospital Blood Centre Siddipet,Telangana,Siddipet,Siddipet,18.680353,78.074218,Government
36114,GGH SANGAREDDY BLOODCENTER,Telangana,Sangareddy,Sangareddy,17.395304,78.39738,Government
36113,Government Blood Centre GGH Gadwal,Telangana,Jogulamba Gadwal,Gadwal,17.423355,78.452138,Government
283599,Msn Blood Centre,Telangana,Medchal Malkajgiri,UPPAL,17.41861,78.439311,Charitable
29036,Blood Center Government General Hospital Mahabubnagar,Telangana,Mahbubnagar,Mahaboobnagar,16.233055,77.772913,Government
280641,Dr Patnam Mahender Reddy Blood Centre,Telangana,Rangareddy,Chevella,17.399217,78.350438,Private
284321,Gadwal Blood Centre,Telangana,Jogulamba Gadwal,Gadwal,17.406966,78.44811,Private
284200,Srujana Telangana Thalassemia Society Blood Center,Telangana,Medchal Malkajgiri,Hyderabad,17.43201,78.403061,Private
29031,Genetic Products Charitable Association Blood Centre,Telangana,Hyderabad,Panjagutta,0.0,0.0,Charitable
29151,Yashoda Healthcare Services Limited Blood Center,Telangana,Hyderabad,Hyderabad,17.392587,78.479728,Private
29150,Yashoda Hospitals Blood Centre,Telangana,Hyderabad,Secunderabad,17.41567,78.439477,Private
283591,Cmr Institute Of Medical Sciences And Hospital,Telangana,Medchal Malkajgiri,Hyderabad,18.45324,79.165083,Private
29008,"Apollo Reach Hospitals, Blood Centre",Telangana,Karimnagar,Karimnagar,18.454907,79.13294,Private
29007,Apollo Hospitals,Telangana,Hyderabad,Secunderabad,18.454907,79.13294,Private
29002,Aditya Blood Centre,Telangana,Hyderabad,Hyderabad,17.390308,78.481143,Charitable
36109,"Blood CENTRE, GOVERNMENT GENERAL HOSPITAL JAGTIAL",Telangana,Jagtial,Jagtial,17.416747,78.490942,Government
29122,Singareni Collieries Company Limited,Telangana,Jayashankar Bhupalpally,Bhupalpally,18.400965,79.852782,Government
36108,"GOVERNMENT MATERNITY HOSPITAL, SULTHAN BAZAR,HYDERABAD",Telangana,Hyderabad,Hyderabad,17.385808,78.48723,Government
280636,M/S.Kims Hospital Blood Centre,Telangana,Rangareddy,Rangareddy,17.376888,78.396311,Charitable
29001,Aarohi Blood Centre,Telangana,Hyderabad,Hyderabad,17.411615,78.449834,Charitable
282813,Nsv Blood Centre Siddipet,Telangana,Siddipet,Siddipet,18.699548,78.071609,Charitable
36107,Mehdi Nawaz Jung Institute of Oncology & Regional Cancer Center,Telangana,Hyderabad,Hyderabad,17.398812,78.462087,Government
29120,"Shadan Institute Of Medical Sciences, Teaching Hospital And Research Centre Blood Centre",Telangana,Rangareddy,Hyderabad,0.0,0.0,Private
36106,NILOUFER HOSPITAL FOR WOMEN AND CHILDREN,Telangana,Hyderabad,Nampally,17.424453,78.403184,Government
280634,M/S.Virinchi Healthcare Private Limited,Telangana,Hyderabad,Hyderabad,17.418372,78.446741,Private
29006,Apollo Hospitals Enterprises Limited,Telangana,Hyderabad,Hyderabad,17.39928,78.479256,Private
36105,"GANDHI HOSPITAL BLOOD CENTRE, Musheerabad Secunderabad",Telangana,Hyderabad,Secunderabad,17.407076,78.439099,Government
280631,Palamooru Blood Centre,Telangana,Mahbubnagar,Mahabubnagar,16.245319,77.822556,Charitable
29005,Apollo Drdo Hospital Blood Centre,Telangana,Hyderabad,Hyderabad,17.415057,78.416515,Private
280632,Pranaam Blood Centre,Telangana,Rangareddy,Serilingampalle (M),17.516138,78.447736,Private
36104,"BLOOD BANK, OSMANIA GENERAL HOSPITAL",Telangana,Hyderabad,Afjalgunj,17.372522,78.473807,Government
36103,"Central Blood Bank , Institute of Preventive Medicine",Telangana,Hyderabad,Narayanguda,17.393915,78.490331,Government
29125,Sri Balaji Blood Centre,Telangana,Hyderabad,Hyderabad,17.396278,78.447226,Charitable
283589,Orugallu Voluntary Blood Centre,Telangana,Warangal,Hanamkonda,18.009581,79.539591,Charitable
283588,Aayush Blood Centre,Telangana,Medchal Malkajgiri,Hyderabad,17.421897,78.453295,Charitable
29124,South Central Railway Hospital,Telangana,Hyderabad,Secunderabad,0.0,0.0,Government
29003,Adrm Hospital Blood Centre,Telangana,Medchal Malkajgiri,Ramanthapur,17.410123,78.490047,Private
36102,Rajiv Gandhi Institute of Medical Sciences Blood Bank,Telangana,Adilabad,Adilabad,19.664144,78.524732,Government
284311,Mithra Blood Centre( A Unit Of Jeevanajyothi Seva Sangam),Telangana,Siddipet,Siddipet,18.665925,78.101848,Charitable
283583,Radnya Blood Centre,Telangana,Medchal Malkajgiri,Medchal Malkajgiri,17.482526,78.431457,Charitable
29019,Care Hospital Blood Centre (A Unit Of Quality Care India Limied),Telangana,Hyderabad,Hyderabad,0.0,0.0,Private
29018,Bhel General Hospital Blood Centre,Telangana,Sangareddy,RC Puram,17.445384,78.434951,Private
280629,M/S.Shri P.V.Narasimha Rao Memorial Charitable Trust Blood Centre,Telangana,Siddipet,Gajwel,18.674236,78.10156,Charitable
280627,Aditya Hospital Blood Centre,Telangana,Medchal Malkajgiri,Uppal,17.390308,78.481143,Private
29134,Svs Medical College Hospital Blood Centre (Svs Educational Society),Telangana,Mahbubnagar,Mahaboobnagar,16.25331,77.778555,Private
29012,Asian Institute Of Gastroenterology Private Limited Blood Centre,Telangana,Rangareddy,Serilingampally Mandal,0.0,0.0,Private
29131,St. Therasas Hospital Blood Centre,Telangana,Hyderabad,Sanathnagar,17.451375,78.436556,Charitable
280620,Aimsr Medical College,Telangana,Hyderabad,Hyderabad,17.374863,78.482718,Private
283338,Arogya Voluntary Blood Centre,Telangana,Karimnagar,Karimnagar,18.42163,79.098345,Charitable
29017,Bhaskar Medical College And General Hospital Blood Centre,Telangana,Rangareddy,RR,0.0,0.0,Private
280621,Apollo Hospitals Enterprise Ltd,Telangana,Hyderabad,HYDERABAD,17.39928,78.479256,Private
29016,Basavatarakam Indo American Cancer Institute And Research Centre Blood Centre,Telangana,Hyderabad,Banjara Hills,0.0,0.0,Charitable
29015,Ayaan Institute Of Medical Sciences Hospital Blood Centre,Telangana,Rangareddy,Moinabad,0.0,0.0,Private
283335,Jeevandhara Voluntary Blood Centre,Telangana,Kumaram Bheem Asifabad,Kagaznagar,17.395769,78.471632,Charitable
29135,Thalassemia And Sickle Cell Society Uppala Venkaiah Memorial Blood Centre,Telangana,Rangareddy,Rajendranagar,17.368886,78.480146,Charitable
284543,Raksha Blood Centre,Telangana,Nalgonda,Nalgonda,17.381461,78.480605,Charitable
283330,Govt Area Hospital Blood Centre Bhainsa,Telangana,Nirmal,Bhainsa,18.480469,79.104979,Government
29130,St. Ann Hospital Blood Centre,Telangana,Warangal,Warangal,17.981693,79.52627,Private
284381,Mother Theresa Voluntary Blood Centre,Telangana,Karimnagar,Karimnagar,18.4892,79.10728,Charitable
29106,Deccans Blood Centre,Telangana,Hyderabad,Ameerpet,17.390558,78.414125,Private
284816,Vkr Trust Blood Center,Telangana,Medchal Malkajgiri,Hyderabad,17.379952,78.425813,Charitable
283846,Aarushi Blood Centre,Telangana,Nagarkurnool,4th Floor,17.411615,78.449834,Charitable
29105,Aster Prime Hospital Blood Center,Telangana,Hyderabad,Hyderabad,0.0,0.0,Private
282996,Government Community Health Centre Blood Centre Narasampet,Telangana,Warangal,Narasampet,17.968485,79.509973,Government
284139,Government Maternity Hospital Blood Centre,Telangana,Hanumakonda,Hanumakonda,17.385808,78.48723,Government
282995,"District Hospital Bodhan,Nizamabad",Telangana,Nizamabad,Bodhan,18.515828,78.228445,Government
283842,Shree Pv Narsimha Rao Memorial Charibatal Trust Blood Centre,Telangana,Hyderabad,Hyderabad,17.379588,78.444828,Charitable
282993,Blood Center Chc Eturnagram,Telangana,Mulugu,Eturnagram,17.356655,78.465182,Government
282991,Blood Centre District Hospital Utnoor,Telangana,Adilabad,Adilabad,19.662652,78.475545,Government
283164,Aarogya Voluntary Blood Centre,Telangana,Medchal Malkajgiri,Dr A S RAO NAGAR,17.399632,78.443508,Charitable
29117,Sarala Voluntary Blood Centre,Telangana,Bhadradri Kothagudem,Kothaguram,17.556004,80.614396,Charitable
280327,BLOOD CENTRE GOVERNMENT GENERAL HOSPITAL KAMAREDDY,Telangana,Kamareddy,Kamareddy,17.44173,78.474903,Government
280328,Govt.Maternity Hospital Blood Centre Petlaburz,Telangana,Hyderabad,Hyderabad,17.385808,78.48723,Government
280688,TVVP BLOOD CENTRE,Telangana,Nizamabad,ARMOOR,18.501374,78.225036,Government
29116,Sanjeevini Blood Centre,Telangana,Hyderabad,Hyderabad,17.405787,78.499215,Private
280323,District Nirmal Ggh Hospital Blood Bank,Telangana,Nirmal,Nirmal,18.46194,79.134316,Government
280324,BLOOD CENTRE GOVT GENERAL HOSPITAL VIKARABAD,Telangana,Vikarabad,Vikarabad,18.4312,79.127051,Government
284006,Kamineni Health Services Pvt.Ltd Blood Center,Telangana,Hyderabad,Hyderabad,17.392587,78.479728,Private
29113,S.B.Voluntary Blood Centre,Telangana,Nizamabad,Nizamabad,18.673955,78.102653,Private
283159,Life Care Blood Centre,Telangana,Rangareddy,Lingojiguada,18.443293,79.12973,Charitable
280318,District Kothagudam Ggh Hospital Blood Bank,Telangana,Bhadradri Kothagudem,Kothagudem,18.197855,80.04844,Government
285301,M/S Siva Multy Speciality Hospital,Telangana,Khammam,khammam,17.2508,80.144151,Private
285303,Blood Centre Sccl Main Hospital,Telangana,Bhadradri Kothagudem,KOTHAGUDEM,18.18743,80.036868,Government
282605,GGH MABD Blood Centre,Telangana,Mahabubabad,Mahabubabad,17.381783,78.443226,Government
280788,District Yadadri Ggh Hospital Blood Bank,Telangana,Yadadri Bhuvanagiri,Bhongir,17.392557,78.447838,Government
280785,"District Hospital, Kingkoti",Telangana,Hyderabad,Hyderabad,17.43698,78.445536,Government
284107,Tarnaka Blood Centre,Telangana,Hyderabad,Secunderabad,17.342211,78.409175,Charitable
284348,Sri Dhanvantari Blood Centre,Telangana,Nirmal,NIRMAL,18.423978,79.151864,Charitable
284347,Shadnagar Blood Center,Telangana,Rangareddy,Shadnagar,17.368189,78.390202,Charitable
283136,Government District Hospital Blood Centre Kondapur,Telangana,Rangareddy,Kondapur,18.438555,79.128841,Government
280660,Rainbow Hospital Blood Centre,Telangana,Hyderabad,Hyderabad,17.445399,78.444655,Private
280661,Government District Hospital Blood Centre Tandur,Telangana,Vikarabad,Tandur,18.438555,79.128841,Government
284343,M/S Star Hospitals Blood Centre,Telangana,Rangareddy,HYDERABAD,17.41567,78.439477,Private
284341,M/S. Jeevan Raksha Blood Center,Telangana,Rangareddy,SHAMSHABAD,17.33741,78.415353,Charitable
283529,Lovely Voluntary Blood Bank,Telangana,Khammam,Sathupalli,17.282615,80.135624,Charitable
283525,Telangana Voluntary Blood Centre,Telangana,Warangal,satyam diabetic hospital,18.01446,79.547778,Charitable
283524,Srividya Blood Center,Telangana,Rangareddy,S,17.413369,78.342107,Private
283522,Suraksha Voluntary Blood Centre,Telangana,Warangal,Hanumakonda,17.381461,78.480605,Charitable
283643,Life Voluntary Blood Centre,Telangana,Sangareddy,Sangareddy,17.492862,78.39781,Charitable
283763,Sree Balaji Blood Centre,Telangana,Sangareddy,Sangareddy,17.428228,78.365836,Charitable
283521,Kaveri Voluntary Blood Centre,Telangana,Nirmal,Nirmal,18.419525,79.138592,Charitable
282792,Care Hospital Blood Centre,Telangana,Hyderabad,Hyderabad,17.412542,78.450258,Private
285282,Star Hospitals Blood Centre Hyderabad,Telangana,Hyderabad,Hyderabad,17.41567,78.439477,Private
283519,Abhaya Blood Centre,Telangana,Rangareddy,L B Nagar,17.383316,78.417738,Charitable
283518,Surya Blood Centre,Telangana,Hyderabad,Hyderabad,17.451748,78.476511,Charitable
284728,M/S Sindhu Hospitals Blood Center (Sai Sindhu Foundation),Telangana,Rangareddy,Hyderabad,17.387603,78.386886,Charitable
284960,Narayanpet Blood Centre A Unit Of Thalassemia Support Society,Telangana,Narayanpet,Narayanpet,17.374188,78.483461,Private
285295,Premier Voluntary Blood Centre,Telangana,Hyderabad,Hyderabad,17.391657,78.427008,Private
285297,Vivekananda Blood Centre,Telangana,Hyderabad,Hyderabad,17.372332,78.500163,Private
285179,Bhadradri Blood Centre,Telangana,Bhadradri Kothagudem,BHADRACHALAM,18.299345,80.061042,Charitable
284838,Save Life Blood Centre A Unit Of New Life To Save Lives Society,Telangana,Hyderabad,Hyderabad,17.423396,78.443757,Charitable
29089,Mnr Medical College And Hospital Blood Centre,Telangana,Sangareddy,Sangareddy,17.474091,78.418333,Private
283747,Nhm Dh-Peddapalli,Telangana,Peddapalli,PEDDAPALLI,19.047995,79.472183,Government
29087,"Military Hospital Blood Centre, Trimulghery",Telangana,Hyderabad,Secunderabad,0.0,0.0,Government
282655,Government general hospital Nagarkunool,Telangana,Nagarkurnool,Nagarkurnool,17.424658,78.423294,Government
280598,Medicover Hospital Blood Centre,Telangana,Rangareddy,Madhapur,17.374282,78.373658,Private
280599,Jeevandhara Voluntary Blood Centre,Telangana,Karimnagar,Karimnagar,18.491845,79.108753,Charitable
282653,Omni Hospital Blood Centre,Telangana,Medchal Malkajgiri,Hyderabad,17.407944,78.435216,Private
284039,Sri Anjaniputhra Blood Centre,Telangana,Medchal Malkajgiri,Medchal malkajgiri,17.389004,78.475832,Private
280597,Neha Shine Hospital Blood Centre,Telangana,Mahbubnagar,Mettu Gadda,16.202377,77.815322,Private
29082,Mahavir Institute Of Medical Sciences,Telangana,Rangareddy,Vikarabad,17.36107,78.549759,Charitable
280594,Jeevan Voluntary Blood Centre,Telangana,Warangal,HANAMKONDA,17.926243,79.580728,Charitable
29081,Mahavir Hospital And Research Centre Blood Centre,Telangana,Hyderabad,Hyderabad,0.0,0.0,Private
280595,Bbr Multi Speciality Hospital Blood Centre,Telangana,Medchal Malkajgiri,Hyderabad,17.464246,78.457112,Private
280592,Rvm Trust Hospital Blood Centre,Telangana,Siddipet,Mulugu,18.705806,78.119522,Charitable
280593,Prathima Institute Of Medical Sciences Blood Centre,Telangana,Karimnagar,Nagunur,18.498565,79.151148,Private
29084,Mamata Academy Of Medical Sciences,Telangana,Medchal Malkajgiri,Hyderabad,0.0,0.0,Charitable
29083,Maheshwara Medical College And Maheshwara Hospital (Alleti Shrunitha Educational Society),Telangana,Sangareddy,Medak,17.429237,78.356233,Private
284827,Thalassemia Rakshita Voluntary Blood Centre,Telangana,Hyderabad,Hyderabad,17.410784,78.443291,Charitable
280589,Ozone Institute Of Medical Sciences Hospital Blood Centre,Telangana,Hyderabad,L B Nagar,17.36107,78.549759,Private
29099,Owasi Hospital And Research Centre Blood Centre,Telangana,Hyderabad,Hyderabad,17.34132,78.506714,Private
282647,Health Care Hospital Blood Centre,Telangana,Rangareddy,L B Nagar,17.369693,78.386178,Private
280587,Sai Prasad Orthopedic Hospital Blood Centre,Telangana,Suryapet,Suryapet,17.135315,79.633367,Private
280588,Dr. Ronald Ross Health Society Blood Centre,Telangana,Medchal Malkajgiri,Hyderabad,17.415851,78.455783,Private
284029,Chandanagar New Life Blood Centre,Telangana,Rangareddy,Sherilingampally Mandal,17.407425,78.356813,Private
29093,Nelavelly Blood Centre (A Unit Of Nelavelly Laxma Rao Social Service Charitable Trust),Telangana,Jagtial,jagtial,17.401051,78.438284,Private
284268,Jeevandhara Voluntary Blood Centre,Telangana,Nizamabad,Nizamabad,18.442159,78.180276,Charitable
29090,Mother Vol,Telangana,Warangal,Warangal,18.000637,79.585628,Charitable
282880,Pace Hospitals Blood Centre,Telangana,Hyderabad,Madhapur,17.41567,78.439477,Private
29097,Ntr Memorial Trust Blood Centre,Telangana,Hyderabad,Hyderabad,17.399895,78.41837,Charitable
284264,Jeevandhaan Voluntary Blood Centre,Telangana,Nirmal,Bhainsa,18.458099,79.159468,Charitable
284021,Rajanna Sircilla Blood Centre,Telangana,Rajanna Sircilla,Sircilla,17.351024,78.412928,Private
285235,SR BLOOD CENTRE ( A UNIT OF JEEVANA JYOTHI SEVA SANGAM ),Telangana,Jangaon,JANGAON,17.412078,78.496697,Charitable
285114,Virchow Foundation Blood Centre,Telangana,Hyderabad,Secundrabad,17.410457,78.435854,Charitable
285239,SRI SAHASRA BLOOD CENTRE,Telangana,Medchal Malkajgiri,Hyderabad,17.415337,78.439878,Charitable
280617,Sri Vijaya Hospital Blood Centre,Telangana,Hyderabad,HYDERABAD,17.384383,78.475875,Charitable
280618,M/S Prathima Sai Blood Centre,Telangana,Hyderabad,Hyderabad,17.414489,78.409487,Private
280615,M/S Doctors Voluntary Blood Centre,Telangana,Khammam,KHAMMAM,17.220566,80.139673,Charitable
280616,Mythri Blood Centre,Telangana,Karimnagar,Karimnagar,18.495613,79.134425,Charitable
29068,Jyothi Hospital Blood Centre,Telangana,Nalgonda,Nalgonda,0.0,0.0,Private
280614,Sri Sai Balaji Health Care India Pvt Ltd.,Telangana,Hyderabad,Hyderabad,17.377657,78.485528,Private
280611,Sri Tirumala Hospital Blood Centre,Telangana,Suryapet,Suryapet,17.132473,79.656421,Private
280612,M/S Gleneagles Aware Hospital Blood Centre,Telangana,Rangareddy,Rangareddy,0.0,0.0,Private
29065,Janani Cancer and Thalessemia voluntary Blood Centre Voluntary Blood Centre Lakdipool,Telangana,Hyderabad,Hyderabad,17.406743,78.480271,Charitable
283328,District Ramagundam Ggh Hospital Blood Bank,Telangana,Peddapalli,GODAVARIKHANI RAMAGUNDAM,19.021174,79.541338,Government
283206,River Blood Centre,Telangana,Nalgonda,Nalgonda,8.668159,39.254378,Private
283327,Chc Community Health Centre Blood Centre Shadnagar,Telangana,Rangareddy,Shadnagar,17.371292,78.398575,Government
283326,Govt Community Health Centre Parkal,Telangana,Warangal,PARKAL,17.986118,79.466097,Government
280610,Mediciti Institute Of Medical Sciences Blood Centre,Telangana,Medchal Malkajgiri,Medchal Mandal,0.0,0.0,Private
283325,"Govt. Blood Centre Area Hospital, Banswada",Telangana,Kamareddy,BANSWADA,17.433071,78.473739,Government
29069,"Kakatiya Voluntary Blood Centre, (A Unit Of Life Care Medical And Educational Society)",Telangana,Hanumakonda,Hanamkonda,18.003153,79.579693,Charitable
284896,Prathima Cancer Institute Blood Centre,Telangana,Warangal,Warangal,17.989685,79.524053,Private
283443,Nandi Blood Centre,Telangana,Medchal Malkajgiri,Medchal Malkajgiri,17.42323,78.504138,Private
283201,Prasad Hospital Blood Centre,Telangana,Medchal Malkajgiri,secunderabad,17.464401,78.451199,Private
284531,Medicare Blood Centre,Telangana,Warangal,warangal,18.02384,79.514319,Private
283440,Radnya Blood Centre,Telangana,Jagtial,Jagtial,17.393938,78.434862,Charitable
283560,Rudhira Blood Centre,Telangana,Hyderabad,Secunderabad,17.406011,78.478212,Charitable
29063,Government General Hospital Blood Centre Jangaon,Telangana,Jangaon,Jangaon,17.389497,78.484937,Government
285124,Aarogya Blood Centre,Telangana,Mahbubnagar,MAHBUBNAGAR,16.244183,77.81061,Charitable
36156,ADITYA MADEENAGUDA BLOOD CENTRE,Telangana,Hyderabad,Hyderabad,17.405211,78.454172,Charitable
285249,Sree Nidhi Voluntary Blood Centre,Telangana,Hyderabad,Secunderabad,17.390867,78.454072,Charitable
36155,Blood Center KIMS Hospitals Gachibowli,Telangana,Rangareddy,Hyderabad,17.390008,78.400976,Private
285008,Rudra Blood Centre,Telangana,Nalgonda,Miryalaguda,17.406011,78.478212,Charitable
36154,KIMS SUNSHINE HOSPITALS. A UNIT OF SARVEJANA HEALTH CARE PVT LTD,Telangana,Hyderabad,Hyderabad,17.360946,78.420177,Private
280609,M/S Aparna Hospital Blood Centre,Telangana,Nalgonda,Nalgonda,8.706491,39.23834,Private
36153,Aayushmaan Blood Centre (A Unit of Aayushmaan Society),Telangana,Siddipet,Gajwel,18.671046,78.15311,Charitable
280606,Mallareddy Medical College And Mallareddy General Hospital Blood Centre,Telangana,Medchal Malkajgiri,Quthbullapur,17.545201,78.432739,Private
36152,"BLOOD CENTRE GOVERNMENT GENERAL HOSPITAL, MALKAJGIRI",Telangana,Medchal Malkajgiri,MALKAJGIRI,17.419939,78.442922,Government
280607,Ayush Blood Centre,Telangana,Karimnagar,Karimnagar,18.435978,79.136685,Charitable
36151,M/s SEVA BHARATHI DR HEDGEWAR BLOOD CENTRE (A UNIT OF SEVA BHARATHI),Telangana,Hyderabad,Hyderabad,17.437121,78.449443,Charitable
36150,CARES BLOOD CENTRE Khammam,Telangana,Khammam,Khammam,17.234698,80.163038,Charitable
280604,Mancherial Voluntary Blood Centre,Telangana,Mancherial,Mancherial,17.961847,78.719263,Charitable
280605,Slms Hospital Blood Centre,Telangana,Rangareddy,Nogole X roads,17.376463,78.557369,Private
280602,Janani Voluntary Blood Centre,Telangana,Mancherial,Mancherial,17.491139,78.398166,Charitable
280603,New Life Blood Centre Wanaparthy,Telangana,Wanaparthy,WANAPARTHY,16.34404,78.060072,Private
29077,"Lions Club Of Hyderabad (East), Bhanji Kheraj Blood Centre",Telangana,Hyderabad,HYDERABAD,17.520718,78.440959,Charitable
280600,Mgr Voluntary Blood Centre,Telangana,Karimnagar,Karimnagar,18.464155,79.149966,Charitable
280722,Aayush Blood Centre,Telangana,Nizamabad,Khaleelwadi,18.515289,78.243762,Private
280601,CARE Hospital Blood Centre,Telangana,Rangareddy,Hyderabad,17.412542,78.450258,Private
284889,Suryapet Blood Center,Telangana,Nalgonda,Suryapet,8.6919,39.241333,Private
36159,RAINBOW VOLUNTARY BLOOD CENTRE,Telangana,Kamareddy,KAMAREDDY,17.392449,78.485567,Charitable
282587,Sangam Blood Centre,Telangana,Rangareddy,Hyderabad,17.356088,78.364326,Charitable
284887,Ms Janani Voluntary Blood Centre Kompally,Telangana,Medchal Malkajgiri,Kompally,17.415457,78.445837,Charitable
36158,Rudhira Voluntary Blood centre,Telangana,Hyderabad,Hyderabad,17.406011,78.478212,Charitable
284886,Indur Blood Centre,Telangana,Nizamabad,Nizamabad,18.520061,78.250242,Charitable
283555,Aayush Blood Centre,Telangana,Vikarabad,Rangareddy city,18.410532,79.116312,Charitable
36157,Yadadri Thalassemia Blood Centre,Telangana,Yadadri Bhuvanagiri,Bhongir,17.376104,78.44158,Charitable
284885,Life Blood Centre,Telangana,Rangareddy,Hyderabad,17.492862,78.39781,Charitable
283554,Pride Voluntary Blood Center,Telangana,Rangareddy,Shamshabad,0.0,0.0,Charitable
283552,Navajeevan Blood Center,Telangana,Rangareddy,HYDERABAD,17.448966,78.35992,Charitable
283550,Kamineni Hospitals Blood Center,Telangana,Hyderabad,Hyderabad,17.41567,78.439477,Private
29074,Krishna Institute Of Medical Sciences,Telangana,Hyderabad,Secunderabad,17.437572,78.482096,Private
29072,Kamineni Institute Of Medical Sciences Hospital,Telangana,Nalgonda,Nalgonda,0.0,0.0,Private
36145,Govt Blood Centre Medak,Telangana,Medak,Medak,17.381005,78.43412,Government
36144,Mallareddy Narayana Multispeciality Hospital Blood Centre,Telangana,Medchal Malkajgiri,Hyderabad,17.405547,78.437171,Private
36142,Helping Hands Blood Centre,Telangana,Rangareddy,Hyderabad,17.394095,78.408034,Private
36141,Indian Red Cross Society Blood Centre Hanumakonda,Telangana,Hanumakonda,Hanamkonda,18.87247,79.444699,Trust
36140,Government Blood Centre GGH Hospital Asifabad,Telangana,Kumaram Bheem Asifabad,Asifabad,17.408312,78.425138,Government
29046,District Suryapet Ggh Hospital Blood Bank,Telangana,Suryapet,Suryapet,17.132205,79.600112,Government
284518,Spandana Blood Centre,Telangana,Karimnagar,Jammikunta,18.470978,79.125956,Charitable
283429,Community Health Center Blood Bank Ghatkesar,Telangana,Medchal Malkajgiri,Ghatkesar,17.458503,78.425839,Government
283549,Rbm Blood Centre,Telangana,Medchal Malkajgiri,BODUPPAL,17.414138,78.48297,Private
283548,Nigl Blood Centre,Telangana,Hyderabad,Hyderabad,17.424247,78.453662,Private
36149,MAHADEVA VOLUNTARY BLOOD CENTRE,Telangana,Warangal,Hanumakonda,17.993933,79.517632,Charitable
283547,Relief Hospitals Blood Centre,Telangana,Warangal,WARANGAL (URBAN),17.41567,78.439477,Private
36148,IMA Telangana State Mrs.Shachi D Bhanushali Blood Centre,Telangana,Hyderabad,Koti,17.433108,78.453663,Charitable
283546,Kbs Kamareddy Blood Centre,Telangana,Kamareddy,Kamareddy,17.420716,78.464518,Charitable
36147,Blood Centre Military Hospital Golconda,Telangana,Hyderabad,Hyderabad,0.0,0.0,Private
283545,Olive Hospital Blood Centre,Telangana,Hyderabad,Hyderabad,17.455316,78.453063,Private
283787,Princess Esra Hospital Blood Centre,Telangana,Hyderabad,Hyderabad,17.356461,78.474211,Private
283544,Praja Blood Centre,Telangana,Karimnagar,Karimnagar,18.457652,79.125813,Charitable
283423,GGH Mulugu Blood Centre,Telangana,Mulugu,Mulugu,17.424099,78.528283,Government
36146,RAJA RAJESHWARI HOSPITAL BLOOD CENTRE SANGAREDDY,Telangana,Sangareddy,hyderabad,17.432622,78.355907,Private
283543,Armoor Voluntary Blood Centre,Telangana,Nizamabad,Nizamabad,18.475353,78.203047,Private
283542,Aayushmaan Blood Centre,Telangana,Medak,Medak,17.403438,78.391289,Private
29042,Health Agriculture Rural Development Society Blood Centre,Telangana,Hyderabad,Hyderabad,17.396159,78.463155,Private
284199,Mithra Blood Centre,Telangana,Hyderabad,Hyderabad,17.399563,78.43059,Charitable
284197,Life Care Blood Centre,Telangana,Nirmal,Nirmal,18.443293,79.12973,Charitable
284196,Sanjeevani Blood Centre,Telangana,Hanumakonda,Hanumakonda,17.405787,78.499215,Charitable
285142,Neelima Hospital Blood Centre Sponsored By Gayathri Educational And Cultural Trust,Telangana,Medchal Malkajgiri,Ghatkesar,17.434808,78.437438,Private
284195,Life Care Blood Centre,Telangana,Karimnagar,Karimnagar,18.443293,79.12973,Charitable
284192,Yashoda Hospital Blood Centre,Telangana,Rangareddy,Hyderabad,17.397187,78.352943,Private
284191,Tx Hospitals Blood Centre (A Unit O Ftx Hospitals Pvt Ltd),Telangana,Hyderabad,Hyderabad,17.372829,78.461914,Private
284190,Omega Hospital Blood Centre,Telangana,Rangareddy,Sherlingampally(Gachibowli),17.39561,78.366912,Private
36134,"Indian Red Cross Society District Branch, Mahabubnagar",Telangana,Mahbubnagar,Mahaboobnagar,16.233659,77.808136,Trust
36133,BLOOD CENTRE GOVT GENERAL HOSPITAL NRPT,Telangana,Narayanpet,Narayanpet,17.401329,78.489271,Government
36132,district hospital wanaparthy,Telangana,Wanaparthy,WANAPARTHY,16.362312,78.062182,Government
36130,SINGARENI COLLIERIES CO. LTD. AREA HOSPITAL,Telangana,Peddapalli,Godavari khani,19.063129,79.487441,Private
280705,New Suchitra Blood Centre,Telangana,Medchal Malkajgiri,Hyderabad,17.384709,78.44201,Private
280701,Mamata General Hospital Blood Centre,Telangana,Khammam,Khammam,0.0,0.0,Private
283539,Siri Voluntary Blood Centre,Telangana,Bhadradri Kothagudem,KOTHAGUDEM,18.256468,80.028479,Private
284869,Amor Janani Blood Centre,Telangana,Medchal Malkajgiri,Hyderabad,17.491139,78.398166,Charitable
283538,Vidura Voluntary Blood Centre,Telangana,Khammam,Khammam,17.242489,80.124537,Private
283537,Kalavathi Voluntary Blood Centre,Telangana,Adilabad,Adilabad,19.60386,78.542262,Private
36139,Red Cross Blood Centre Of Indian Red Cross Society,Telangana,Hyderabad,Hyderabad,17.405048,78.508731,Trust
282688,Nova Care Blood Centre,Telangana,Khammam,Khammam,17.292745,80.120377,Charitable
284866,Vikarabad Blood Centre,Telangana,Vikarabad,Hyderabad,18.440404,79.167467,Charitable
283535,Akshaya Blood Centre,Telangana,Medchal Malkajgiri,Hyderabad,17.429713,78.425063,Charitable
36137,Indian Red Cross Society Blood Bank Bhadrachalam,Telangana,Bhadradri Kothagudem,Bhadrachalam,18.87247,79.444699,Trust
283534,Aaraadhya Blood Centre,Telangana,Medchal Malkajgiri,Hyderabad,17.396416,78.425594,Private
36136,"Indian Red Cross Blood Bank, Nizamabad",Telangana,Nizamabad,Nizamabad,18.322975,78.337899,Trust
284502,Jagruthi Blood Centre,Telangana,Hyderabad,HYDERABAD,17.395667,78.435454,Charitable
283533,Chandrasri Voluntary Blood Bank,Telangana,Mahabubabad,Mahabubabad,17.436663,78.441712,Private
36135,"Indian Red Cross Blood Bank, Karimnagar",Telangana,Karimnagar,Karimnagar,18.438555,79.128841,Trust
283532,Amruth Voluntary Blood Centre,Telangana,Mancherial,Mancherial,17.956016,78.783536,Charitable
283531,Hyderabad Blood Bank,Telangana,Hyderabad,Hyderabad,17.397459,78.431269,Charitable
283530,Seva Voluntary Blood Center,Telangana,Khammam,Sathupally,17.231609,80.151459,Private
284189,Nizamabad Blood Centre,Telangana,Nizamabad,Nizamabad,18.501379,78.251261,Private
285270,Rithanya Voluntary Blood Centre,Telangana,Khammam,KHAMMAM,17.229754,80.127458,Charitable
284188,Tvvp Chc Manthani,Telangana,Peddapalli,Manthani,19.136767,79.460489,Government
284186,"District Hyderabad Area Hospital ,Nampally",Telangana,Hyderabad,Hyderabad,17.41947,78.444117,Government
16163,ILS hospital G.P.T healthcare Limited,Tripura,West Tripura,Agartala,23.849526,91.296196,Private
25006,"District Hospital North, Blood Centre",Tripura,North Tripura,Dharmanagar,23.554399,91.455532,Government
25008,"Ils Hospitals, Agartala (Non- Govt.)",Tripura,West Tripura,Agartala,23.798435,91.286973,Private
25007,"District Hospital Gomati, Blood Centre",Tripura,Gomati,Udaipur,23.554399,91.455532,Government
280624,"Belonia Sub-Div. Hospital, Blood Centre",Tripura,South Tripura,Belonia,23.552936,91.401813,Government
280666,"Bishalgarh Sub-Div. Hospital, Blood Centre",Tripura,Sepahijala,Bishalgarh,23.562736,91.443024,Government
280656,"Khowai District Hospital, Blood Centre",Tripura,Khowai,Khowai,23.554399,91.455532,Government
280675,"Bsm Sub-Div. Hospital, Blood Centre",Tripura,Dhalai,Kamalpur,23.534409,91.481015,Government
280676,"Blood Centre Cente, Unakoti District Hospital",Tripura,Unakoti,Kailashahar,23.547966,91.491888,Government
280665,"District Hospital South Santirbazar, Blood Centre",Tripura,South Tripura,Santirbazar,23.551101,91.46804,Government
25002,Indira Gandhi Memorial (Igm) Hospital,Tripura,West Tripura,Agartala,23.8311,91.276015,Government
280663,"District Hospital, Dhalai, Kulai, Blood Centre",Tripura,Dhalai,Kulai,23.505322,91.492845,Government
25001,BLOOD CENTRE AGMC AND GBP HOSPITAL,Tripura,West Tripura,Agartala,23.831012,91.262541,Government
283870,"Blood Centre, Teliamura Sd Hospital",Tripura,Khowai,TELIAMURA,23.583078,91.455186,Government
284183,Graphic Era Hospital Blood Centre,Uttarakhand,Dehradun,Dehradun,30.320703,78.004625,Private
285315,Uttarakhand Blood Centre,Uttarakhand,Dehradun,Dehradun,30.334225,78.017667,Charitable
95133,Pulse Blood Center Dehradun UK,Uttarakhand,Dehradun,Dehradun,30.293122,78.048087,Charitable
95134,Bhumanand Jeevan Rakshak Blood Centre,Uttarakhand,Haridwar,Haridwar,29.881103,78.178565,Charitable
280815,Civil Hospital Khatima Blood Bank,Uttarakhand,Udham Singh Nagar,Khatima,29.245229,78.965321,Government
280419,Shree Krishna Blood Centre,Uttarakhand,Udham Singh Nagar,kashipur,29.202852,78.966366,Private
280697,Lt.Sh. Bal Kishan Devki Joshi Charitable Blood Centre,Uttarakhand,Nainital,Haldwani,29.220129,79.516726,Charitable
284655,Prime Blood Center,Uttarakhand,Udham Singh Nagar,KASHIPUR,29.190603,78.967212,Private
284533,Manya Charitable Blood Centre,Uttarakhand,Dehradun,Dehradun,30.316374,78.04968,Charitable
285081,Bhagwan Buddha Charitable Blood Centre,Uttarakhand,Dehradun,Selaqui,30.341353,78.011144,Charitable
284211,S.Udham Singh Memorial Blood Centre,Uttarakhand,Udham Singh Nagar,Rudrapur,29.201794,78.972031,Charitable
283163,Kvr Hospital,Uttarakhand,Udham Singh Nagar,kashipur,29.216121,78.985532,Private
285325,Haridwar Charitable Blood Centre,Uttarakhand,Haridwar,Haridwar,29.836798,78.15675,Charitable
285326,Ms TRANSFUSION MEDICINE AND BLOOD CENTRE AIIMS GHY,Uttarakhand,Haridwar,Roorkee,29.811867,78.151144,Government
95121,Blood Bank Distt Hospital Rudraprayag,Uttarakhand,Rudraprayag,Rudraprayag,29.923887,78.293271,Government
26006,"Sainik (Military Hospital) Hospital, Dehradun",Uttarakhand,Dehradun,Dehradun,30.316493,78.032191,Government
95120,"Doon Medical College, Dehradun",Uttarakhand,Dehradun,Dehradun,30.35575,77.990083,Government
26001,"Sainik Hospital, Roorkee",Uttarakhand,Haridwar,Roorkee,29.854008,77.886842,Government
283315,Sitarganj Blood Bank,Uttarakhand,Udham Singh Nagar,Sitarganj,29.193052,78.925807,Private
283314,Jaspur Blood Centre,Uttarakhand,Udham Singh Nagar,Jaspur,29.199647,79.009033,Charitable
284766,Dehradun Charitable Blood Centre,Uttarakhand,Dehradun,Dehradun,30.324225,78.029626,Charitable
284566,Dev Bhoomi Blood Bank,Uttarakhand,Dehradun,Dehradun,30.360727,78.045072,Charitable
280760,Hans Foundation Blood Centre,Uttarakhand,Pauri Garhwal,Satpuli,30.130722,78.534782,Charitable
285330,City heart blood centre,Uttarakhand,Dehradun,Dehradun,30.317511,78.043814,Private
95119,Blood Centre Bageshwar,Uttarakhand,Bageshwar,Bageshwar,29.919398,78.298181,Government
95114,District Hospital Blood Bank Pauri,Uttarakhand,Pauri Garhwal,PAURI,30.150844,78.773687,Government
95115,Soban Singh Jeena Base Hospital Haldawni,Uttarakhand,Nainital,Haldwani,29.215833,79.52931,Government
285335,SANDEEP PATIL BLOOD CENTRE,Uttarakhand,Dehradun,248001.,30.333514,78.06664,Private
26015,Shri Mahant Indiresh Hospital Smi,Uttarakhand,Dehradun,Dehradun,30.304956,78.021322,Private
95111,KOTDWARA BLOOD BANK,Uttarakhand,Pauri Garhwal,Pauri Garhwal,30.126274,78.510921,Government
285218,Chandan Hospital Blood Centre,Uttarakhand,Nainital,Haldwani,29.218723,78.96485,Private
280718,New Life Line Charitable Blood Centre,Uttarakhand,Udham Singh Nagar,Khatima,29.246793,78.964546,Charitable
95113,BLOOD BANK NEW TEHRI,Uttarakhand,Tehri Garhwal,Baurari,29.916054,78.284606,Government
26017,IMA Blood Center of Uttarakhand,Uttarakhand,Dehradun,Dehradun,30.334225,78.017667,Charitable
280316,Kashi Charitable Blood Centre,Uttarakhand,Udham Singh Nagar,Kashipur,29.228707,78.988751,Charitable
26010,Swami Rama Himalayan University (Srhu),Uttarakhand,Dehradun,Dehradun,30.340071,77.975164,Private
280314,Sewa Charitable Bajpur,Uttarakhand,Udham Singh Nagar,BAZPUR,29.191688,79.007349,Charitable
282613,City Blood Centre,Uttarakhand,Dehradun,Dehradun,30.307307,78.017684,Private
284637,Gmc Almora Blood Bank,Uttarakhand,Almora,Almora,29.946524,78.321521,Government
280115,Gm Hms Bhel Hospital,Uttarakhand,Haridwar,haridwar,29.869702,78.131697,Private
284314,Rudrapur Blood Centre,Uttarakhand,Udham Singh Nagar,Rudrapur,29.220381,78.955361,Charitable
283301,Haldwani City Blood Centre,Uttarakhand,Nainital,Haldwani,29.176868,79.521375,Charitable
283223,Maa Gange Blood Centre,Uttarakhand,Haridwar,Raja Garden,29.864778,78.161257,Private
284158,Kfb Blood Centre,Uttarakhand,Udham Singh Nagar,Bazpur,29.262002,78.94243,Charitable
284232,Herbertpur Christian Hospital Blood Centre,Uttarakhand,Dehradun,Vikash Nagar Dehradun,30.366279,77.973225,Private
95108,L D Bhatt Govt. Hospital,Uttarakhand,Udham Singh Nagar,Kashipur,29.218682,78.963999,Government
95109,ROORKEE BLOOD BANK HARIDWAR,Uttarakhand,Haridwar,Roorkee,29.840678,78.217068,Charitable
95103,Government Blood Bank Srinagar,Uttarakhand,Pauri Garhwal,Srinagar,30.108705,78.295839,Government
95104,Distt.H.M.G HOSPITAL HARIDWAR,Uttarakhand,Haridwar,Haridwar,29.951147,78.161657,Government
95105,JLN Distt. Rudrapur,Uttarakhand,Udham Singh Nagar,Rudrapur,29.218924,78.954161,Government
95106,B D Pandey District Hospital Pithoragarh,Uttarakhand,Pithoragarh,Pithoragarh,29.587434,80.211347,Government
280709,Aarogyam Blood Centre,Uttarakhand,Haridwar,Roorkee,29.858988,78.179909,Charitable
95101,Roorkee Blood Bank,Uttarakhand,Haridwar,Roorkee,29.828364,78.200705,Government
280708,Mother Teresa Blood Centre,Uttarakhand,Haridwar,Roorkee,29.885257,78.176113,Charitable
95102,Dr. Shusheela Tiwari Govt. Hospital Blood Bank,Uttarakhand,Nainital,Haldwani,29.204322,79.515729,Government
280549,Blood Centre.Dr.K.K.B.Memorial Subharti Hospital,Uttarakhand,Dehradun,PREM NAGAR,30.338512,78.043106,Charitable
280748,Medicity Blood Bank Rudrapur,Uttarakhand,Udham Singh Nagar,Rudrapur,29.231645,78.924341,Private
284309,Parivartan Blood Bank,Uttarakhand,Dehradun,Rishikesh,30.311564,78.010055,Charitable
280422,Kailash Hospital,Uttarakhand,Dehradun,Dehradun,30.290564,78.064748,Private
283536,City Charitable Blood Centre,Uttarakhand,Haridwar,Roorkee,29.866426,78.185601,Charitable
26023,Ujala Blood Centre,Uttarakhand,Udham Singh Nagar,Kashipur,29.211015,78.959515,Private
280420,Aiims Blood Centre,Uttarakhand,Dehradun,Rishikesh,30.329888,78.049111,Government
26024,Max Super Speciality Hospital,Uttarakhand,Dehradun,Dehradun,30.373737,78.074684,Private
283252,Jeevan Rakshak Blood Centre,Uttarakhand,Haridwar,Haridwar,29.238855,78.965199,Charitable
99137,Blood Bank District Combined Hospital Chitrakoot,Uttar Pradesh,Chitrakoot,Chitrakoot,25.196167,80.914609,Government
99136,P. L. SHARMA DISTT. HOSPITAL MEERUT,Uttar Pradesh,Meerut,Meerut,28.98213,77.699779,Government
285317,Neelkanth hospital & Blood Centre,Uttar Pradesh,Bareilly,Bareilly,28.343524,79.438971,Private
99139,MAHARANA PRATAP DISTRICT COMBIND HOSPITAL BAREILLY,Uttar Pradesh,Bareilly,Bareilly,28.388239,79.427319,Government
99138,District Hospital Lakhimpur Kheri,Uttar Pradesh,Lakhimpur Kheri,Lakhimpur,26.806619,77.998489,Government
99133,Distt Level Blood Bank Mahoba,Uttar Pradesh,Mahoba,Mahoba,26.760828,78.032427,Government
99135,Blood bank District Hospital lalitpur,Uttar Pradesh,Lalitpur,Lalitpur,24.696225,78.412323,Government
99134,Autonomous State Medical College & SNM Hospital Firozabad,Uttar Pradesh,Firozabad,Firozabad,27.221777,78.220412,Government
99130,Sarojini Naidu Medical College Agra,Uttar Pradesh,Agra,Agra,27.23918,77.982174,Government
284219,Banarash Charitable Blood Center,Uttar Pradesh,Varanasi,Varanasi,25.331086,80.474491,Charitable
284458,Apna Charitable Blood Center,Uttar Pradesh,Gorakhpur,Gorakhpur,26.819464,83.378985,Charitable
284456,Bhagwan Buddha Charitable Blood Centre,Uttar Pradesh,Varanasi,Varanasi,0.0,0.0,Charitable
284576,Life Line Charitable Blood Center Basti,Uttar Pradesh,Basti,Basti,28.33669,79.420104,Charitable
284696,Amritasha Blood Center,Uttar Pradesh,Varanasi,Varanasi,0.0,0.0,Private
284453,Ram Prakash Gupta Mother And Child State Referral Hospital,Uttar Pradesh,Lucknow,Lucknow,26.848556,80.924697,Government
284210,Sks Medical Hospital Blood Centre,Uttar Pradesh,Mathura,Mathura,0.010925,0.003758,Private
283241,Allahabad Nursing Home Association Charitable Blood Centre,Uttar Pradesh,Prayagraj,Prayagraj,25.468205,81.844042,Charitable
284450,Padrauna Charitable Blood Centre,Uttar Pradesh,Kushinagar,Padrauna,13.55305,38.978071,Charitable
284570,Vada Charitable Blood Center,Uttar Pradesh,Kanpur Nagar,Kanpur,28.961817,77.755222,Charitable
99129,UHM Distt Hospital Kanpur,Uttar Pradesh,Kanpur Nagar,Kanpur,26.474045,80.346099,Government
99126,Major Blood Bank District Hospital Sitapur,Uttar Pradesh,Sitapur,Sitapur,0.0,0.0,Government
99246,Kanpur City Blood Centre,Uttar Pradesh,Kanpur Nagar,Kanpur Nagar,26.478502,79.871937,Private
99128,Pt. Deen Dayal Upadhyay Govt. Hospital Varanasi,Uttar Pradesh,Varanasi,VARANASI,28.628047,77.112399,Government
285208,Ayushman Charitable Blood & Component Centre Prayagraj,Uttar Pradesh,Prayagraj,Mansoorabad,25.501657,78.730979,Charitable
99127,Blood Bank Combined District Hospital Shrawasti,Uttar Pradesh,Shravasti,Bhinga,0.0,0.0,Government
99122,Amar Saheed Umanath Singh District Hospital Jaunpur,Uttar Pradesh,Jaunpur,Jaunpur,25.759262,82.661798,Government
99242,Yashwanti Charitable Blood Centre,Uttar Pradesh,Bijnor,Bijnor,26.755715,77.988354,Charitable
99124,District Hospital Fatehpur,Uttar Pradesh,Fatehpur,Fatehpur,25.936333,80.813799,Government
99123,MAHAMAYA RAJKIYA ALLOPATHIC MEDICAL COLLEGE,Uttar Pradesh,Ambedkar Nagar,Ambedkar Nagar,26.509125,82.6139,Government
99120,Blood Bank Govt Medical College ORAI,Uttar Pradesh,Jalaun,Jalaun,26.779298,77.995778,Government
99240,SIKANDRABAD CHARITABLE BLOOD CENTRE,Uttar Pradesh,Bulandshahr,Sikandrabad,26.801065,78.035259,Charitable
284207,Nidhi Samarpan Charitable Blood Center,Uttar Pradesh,Agra,Agra,27.19704,77.997713,Charitable
284328,Kanha Charitable Blood Center,Uttar Pradesh,Kushinagar,PADRAUNA,13.555849,39.017301,Charitable
284447,Blood Centre Aiims Gorakhpur,Uttar Pradesh,Gorakhpur,Gorakhpur,26.769962,83.387008,Government
284204,"Suman Charitable Blood Centre, Bareilly",Uttar Pradesh,Bareilly,BAREILLY,28.328312,79.472536,Charitable
283598,Bapu Blood Centre,Uttar Pradesh,Aligarh,Aligarh,0.014538,0.008371,Private
284202,Sudhar Jankalyan Charitable Blood Centre,Uttar Pradesh,Saharanpur,Deoband,0.023452,-0.010756,Charitable
284201,Dr. B.S. Kushwah Institute Of Medical Sciences Blood Centre,Uttar Pradesh,Kanpur Nagar,Lakhanpur,26.906812,81.122637,Private
284442,Aastha Charitable Blood Center,Uttar Pradesh,Agra,Agra,27.210058,78.047715,Charitable
284441,Hind Charitable Blood Centre,Uttar Pradesh,Kannauj,Kannauj,27.44738,82.192395,Charitable
285216,Shree Raam Madhav Charitable Blood,Uttar Pradesh,Prayagraj,Prayagraj,25.485297,78.746052,Charitable
99159,Blood Bank Hathras,Uttar Pradesh,Hathras,Hathras,26.769903,78.045557,Government
99154,"S.B.D. DISTT. HOSPITAL, SAHARANPUR",Uttar Pradesh,Saharanpur,Saharanpur,-0.019912,0.021481,Government
99156,District Hospital Basti,Uttar Pradesh,Basti,Basti,26.800773,82.759197,Government
99151,Maharani Laxmi Bai Medical College Jhansi,Uttar Pradesh,Jhansi,Jhansi,25.499542,78.562812,Government
99150,DISTRICT HOSPITAL MORADABAD,Uttar Pradesh,Moradabad,Moradabad,29.955375,77.559465,Government
99153,"BLOOD CENTRE, Maharshi Devraha Baba Autonomous State Medical College, Deoria",Uttar Pradesh,Deoria,Deoria,26.799514,78.063952,Government
284439,Apollo City Charitable Blood Center,Uttar Pradesh,Lucknow,Lucknow,26.85572,80.898932,Charitable
99152,District Combined Hospital Baghpat,Uttar Pradesh,Baghpat,Baghpat,27.599857,78.049858,Government
284437,Sm Component Blood Centre,Uttar Pradesh,Farrukhabad,Fatehgarh,0.016843,0.001266,Private
283226,Durga Charitable Bood Centre Muzaffarnagar,Uttar Pradesh,Muzaffarnagar,Muzaffarnagar,29.372403,77.706668,Charitable
284434,Vitals Charitable Blood And Component Centre,Uttar Pradesh,Lucknow,Lucknow,26.758493,83.364814,Charitable
284313,Mawana Charitable Blood Center,Uttar Pradesh,Meerut,Mawana,28.508728,77.674587,Charitable
280199,Yatharth Super Speciality Hospital,Uttar Pradesh,Gautam Buddha Nagar,Greater Noida,28.532064,77.384568,Private
280196,Blood Centre Dev Nandani Hospital,Uttar Pradesh,Hapur,Ghaziabad,28.728814,77.792219,Private
283585,Budaun Charitable Blood Centre,Uttar Pradesh,Budaun,Budaun,25.955678,79.451493,Charitable
284310,Abha Blood Center,Uttar Pradesh,Fatehpur,Fatehpur,0.0,0.0,Private
284431,Nobel Charitable Blood Centre,Uttar Pradesh,Lucknow,Lucknow,26.808926,80.896344,Charitable
284550,Combined District Hospital Blood Center Auraiya,Uttar Pradesh,Auraiya,Auraiya,27.599857,78.049858,Government
283460,Radhey Shyam Satya Prakash Hospital And Trauma Center,Uttar Pradesh,Amethi,Jagdishpur,26.237213,81.800308,Charitable
280192,Sds Global Super Speciality Hospital Blood Centre,Uttar Pradesh,Meerut,Meerut,0.0,0.0,Private
280193,Ghaziabad Blood Centre,Uttar Pradesh,Ghaziabad,Ghaziabad,26.418915,77.387105,Charitable
280191,Blood Centre Hind Hospital,Uttar Pradesh,Sitapur,Sitapur,13.73736,40.399278,Private
285101,Sultanpur Charitable Blood Centre,Uttar Pradesh,Sultanpur,Sultanpur,28.745163,77.640561,Charitable
285102,Star Charitable Blood Center Bareilly,Uttar Pradesh,Bareilly,Bareilly,28.359837,79.43845,Charitable
285224,Budha Blood Centre A Unit Of Agrawal Multispecialty Hospital And Trauma Center,Uttar Pradesh,Siddharthnagar,Siddharthnagar,26.732373,83.348017,Private
285103,Crest Hospital Blood Centre A Unit Of R.G. Healthcare Projects,Uttar Pradesh,Moradabad,Moradabad,28.83306,77.645644,Private
99147,MOTI LAL NEHRU DIVISIONAL HOSPITAL,Uttar Pradesh,Prayagraj,Allahabad,25.439232,81.8286,Government
99149,Autonomous State Medical College Blood Center,Uttar Pradesh,Shahjahanpur,Shahjahanpur,0.021381,0.047375,Government
99144,Combined District Hospital Ambedkarnagar,Uttar Pradesh,Ambedkar Nagar,AKBARPUR,27.599857,78.049858,Government
99143,DIST HOSPITAL BLOOD BANK MAU,Uttar Pradesh,Mau,Mau,0.0,0.0,Government
99146,DISTRICT COMBIND HOSPITAL BLOOD BANK AMROHA,Uttar Pradesh,Amroha,Amroha,0.0,0.0,Government
99140,Combined District Hospital Bijnor Blood Bank,Uttar Pradesh,Bijnor,Bijnor,0.0,0.0,Government
284308,Happy Life Blood Center,Uttar Pradesh,Jhansi,Jhansi,25.484886,78.565083,Private
99141,DISTRICT COMBINED HOSPITAL MAHARAJGANJ,Uttar Pradesh,Maharajganj,Maharajaganj,0.0,0.0,Government
284307,Shri Krishna Charitable Blood Centre,Uttar Pradesh,Firozabad,SHIKOHABAD,28.460872,77.532452,Charitable
283218,Gomti Hospital And Research Centre Pvt Ltd Blood Centre,Uttar Pradesh,Sultanpur,Sultanpur,28.69787,77.607979,Private
283217,I.M.A. Charitable Blood Centre,Uttar Pradesh,Jaunpur,Jaunpur,25.758564,82.660218,Charitable
284546,Jay Nandini Voluntary Blood Centre,Uttar Pradesh,Amroha,Amroha,13.599127,39.199716,Charitable
284788,Tejas Hospital Blood Centre,Uttar Pradesh,Moradabad,Thakurdwara,28.839404,77.629999,Private
284304,Pulse Foundation Charitable Blood Centre,Uttar Pradesh,Gautam Buddha Nagar,Greater Noida,28.493103,77.363174,Charitable
280189,Prasad Institute Of Medical Sciences (Blood Centre),Uttar Pradesh,Lucknow,Lucknow,0.0,0.0,Private
283215,Naraina Blood Centre Kanpur Nagar,Uttar Pradesh,Kanpur Nagar,Kanpur,26.486462,79.950152,Private
283578,Maa Maharani Charitable Blood Centre,Uttar Pradesh,Mathura,Kosikalan,-0.004467,0.048197,Charitable
283577,Shri Krishna Charitable Blood Center,Uttar Pradesh,Meerut,Meerut,28.460872,77.532452,Charitable
284545,Lucknow Hospitals And Medical Charitable Blood Center,Uttar Pradesh,Lucknow,Lucknow,26.91716,80.907878,Charitable
284787,Haseena Begum Hospital Blood Centre.,Uttar Pradesh,Sambhal,Sambhal,-0.008313,-0.041694,Private
283214,Reeta Blood Centre,Uttar Pradesh,Meerut,Meerut,28.454025,77.71175,Private
284786,Ojaswi Charitable Blood Center Bareilly,Uttar Pradesh,Bareilly,BAREILLY,28.380767,79.398549,Charitable
280187,Charak Hospital And Research Center Blood Centre,Uttar Pradesh,Lucknow,Lucknow,26.872555,80.871172,Private
283213,Ayodhya Charitable Blood Centre,Uttar Pradesh,Ayodhya,Ayodhya,26.814167,77.994201,Charitable
701,Blood Centre Mariampur Hospital,Uttar Pradesh,Kanpur Nagar,Kanpur,26.465207,80.305556,Charitable
284422,Sarvodaya Hospital Blood Centre,Uttar Pradesh,Gautam Buddha Nagar,Greater Noida,28.474444,77.4827,Private
702,Blood Centre Kailash Hospital And Heart Institute,Uttar Pradesh,Gautam Buddha Nagar,Noida,28.577472,77.331603,Private
283212,Bharat Sewa Charitable Blood Centre,Uttar Pradesh,Ghaziabad,Ghaziabad,26.463029,77.412118,Charitable
280188,Dr. Shakuntala Misra Blood Bank,Uttar Pradesh,Lucknow,Lucknow,0.0,0.0,Private
703,Tarawati Nursing Home Pvt. Ltd. Blood Centre,Uttar Pradesh,Saharanpur,Saharanpur,29.95683,77.557192,Private
704,Life Line Blood Centre,Uttar Pradesh,Kanpur Nagar,Kanpur,28.33669,79.420104,Private
283694,Astha Hospital Blood Centre,Uttar Pradesh,Bara Banki,Nawabganj,26.736011,81.116869,Private
283573,Vardhman Charitable Blood Centre,Uttar Pradesh,Rampur,Rampur,26.832607,80.249115,Charitable
284540,Chandrani Hospital Blood Andcomponent Centre,Uttar Pradesh,Lakhimpur Kheri,lakhimpur,26.783148,78.019304,Private
280183,The Care Hospital Blood Bank,Uttar Pradesh,Farrukhabad,Farrukhabad,0.0,0.0,Private
705,Regency Hospital Ltd.,Uttar Pradesh,Kanpur Nagar,Kanpur,26.479223,80.316263,Private
280181,Blood Centre Madhulok Hospital,Uttar Pradesh,Kanpur Nagar,Kanpur Nagar,0.0,0.0,Private
707,Department Of Transfusion Medicine Sgpgims Lucknow,Uttar Pradesh,Lucknow,Lucknow,26.813906,80.88758,Government
280182,B.S.Hospital And Heart Centre Blood Centre,Uttar Pradesh,Sambhal,chandausi,0.0,0.0,Private
284261,"Bhartiya Charitable Blood And Component Centre, Mawana, Meerut",Uttar Pradesh,Meerut,Meerut,28.450573,77.693903,Charitable
284380,Bombay Charitable Blood Centre,Uttar Pradesh,Lucknow,Lucknow,26.856448,80.908378,Charitable
99176,Blood Centre District Hospital,Uttar Pradesh,Azamgarh,Azamgarh,27.17064,78.010456,Government
99179,MAA LAXMI CHARITABLE BLOOD CENTRE,Uttar Pradesh,Uttar Pradesh,Ghaziabad,-0.000341,-0.042977,Charitable
99173,State Blood Bank Ayodhya,Uttar Pradesh,Ayodhya,Ayodhya,26.786015,77.986862,Government
99172,T B Sapru Govt Blood Bank,Uttar Pradesh,Prayagraj,Allahabad,25.47578,78.742372,Government
99175,VPL Blood Centre and Component Centre,Uttar Pradesh,Siddharthnagar,Siddharthnagar,26.758493,83.364814,Private
99174,MAHAMANA PANDIT MADAN MOHAN MALAVIYA CANCER CENTRE BLOOD CENTRE Varanasi,Uttar Pradesh,Varanasi,Varanasi,25.302382,80.519604,Government
99171,District Combined Hospital Sonbhadra,Uttar Pradesh,Sonbhadra,Sonbhadra,26.380489,26.380489,Government
99170,"Blood Bank ,divisional hospital,mirzapur",Uttar Pradesh,Mirzapur,Mirzapur,26.763781,78.048247,Government
284137,Poornima Charitable Blood Centre,Uttar Pradesh,Mathura,Mathura,-0.008192,0.043225,Charitable
284378,Jeevandan Charitable Blood Center Merrut,Uttar Pradesh,Meerut,Meerut,28.422385,77.726716,Charitable
713,Blood Centre Narendra Mohan Hospital,Uttar Pradesh,Ghaziabad,Ghaziabad,26.487432,77.335617,Private
284377,Sankalp Charitable Blood Centre,Uttar Pradesh,Aligarh,Aligarh,0.020876,-0.046426,Charitable
284376,Wellsun Medicity Hospital Blood Centre,Uttar Pradesh,Lucknow,Lucknow,26.875353,80.878568,Private
284497,Vardan Charitable Blood Center (Run By Indus Care Foundation),Uttar Pradesh,Bulandshahr,Bulandshahr,26.790721,77.976406,Charitable
715,Blood Centre Heritage Hospital,Uttar Pradesh,Varanasi,Varanasi,25.279165,83.003404,Private
284133,Yatharth wellness Hospital and trauma centre Blood Bank,Uttar Pradesh,Gautam Buddha Nagar,Greater Noida,28.532064,77.384568,Private
284375,Lakshmi Hospital Blood Centre,Uttar Pradesh,Bulandshahr,Bulandshahr,26.779187,77.961227,Private
284253,J.P.Memorial Hospital Blood And Component Centre,Uttar Pradesh,Prayagraj,Prayagraj,25.489829,78.756253,Private
284132,Relax Charitable Blood Centre,Uttar Pradesh,Bahraich,Bahraich,27.577409,81.57978,Charitable
284495,Raktadaan Sewa Charitable Blood Centre,Uttar Pradesh,Bijnor,BIJNOR,26.773978,77.996797,Charitable
284374,Apna Charitable Blood And Component Centre,Uttar Pradesh,Prayagraj,Jhunsi,25.476997,78.710867,Charitable
284131,Kushinagar Charitable Blood Centre,Uttar Pradesh,Kushinagar,Kushinagar,13.581859,38.991287,Charitable
718,Shri Ram Singh Multi Speciality Hospital (A Unit Of M/S Shri Ram Healthcare),Uttar Pradesh,Gautam Buddha Nagar,NOIDA,28.511986,77.41647,Private
283041,Medanta Lucknow,Uttar Pradesh,Lucknow,lucknow,26.810611,80.932482,Private
284130,Suman Charitable Blood Centre (Run By Suman Foundation),Uttar Pradesh,Maharajganj,Maharajganj,0.010875,-0.012269,Charitable
284250,Lucknow Charitable Blood And Component Centre,Uttar Pradesh,Lucknow,Lucknow,0.0,0.0,Charitable
99165,Blood Centre Combined District Hospital Kanpur Dehat,Uttar Pradesh,Kanpur Dehat,Kanpur Dehat,26.380489,26.380489,Government
99167,Panchsheel Blood Centre Sonbhadra,Uttar Pradesh,Sonbhadra,Sonbhadra,26.371808,80.320517,Private
99162,L.P.S. Institute Of Cardiology Blood Bank Kanpur,Uttar Pradesh,Kanpur Nagar,Kanpur,26.481154,80.303811,Government
99161,Maharishi Dayanand Sarabwati Jila Mathura,Uttar Pradesh,Mathura,Mathura,-0.00802,-0.002593,Government
284009,Maa Ganga Charitable Blood Centre,Uttar Pradesh,Amroha,Gajraula,13.559999,39.188257,Charitable
720,Blood Centre District Hospital Raebareli,Uttar Pradesh,Raebareli,Raebareli,26.222751,81.23944,Government
721,Indian Medical Association Banaras,Uttar Pradesh,Varanasi,varanasi,30.334183,78.017785,Charitable
723,Blood Centre Vivekanand Hospital,Uttar Pradesh,Moradabad,Moradabad,27.874974,79.915468,Charitable
284005,Samarpan Charitable Blood Centre,Uttar Pradesh,Raebareli,Raebareli,27.19704,77.997713,Charitable
724,Blood Centre Jawahar Lal Nehru Medical College And Hospitalamu Aligarh,Uttar Pradesh,Aligarh,Aligarh,0.026344,0.01139,Government
726,Samarpan Blood Bank,Uttar Pradesh,Agra,Agra,27.19704,77.997713,Charitable
284243,Sks Laboratory And Blood Centre,Uttar Pradesh,Bijnor,Bijnor,26.773642,77.973596,Private
284485,New Shri Hari Charitable Blood Centre,Uttar Pradesh,Lucknow,Lucknow,26.79082,80.890956,Charitable
727,Amrit Charitable Blood Centre,Uttar Pradesh,Agra,Agra,0.0,0.0,Charitable
284363,Maa Sharda Hospital Blood And Component Centre,Uttar Pradesh,Prayagraj,nari-bari,26.758493,83.364814,Private
728,"Blood Centre, District Hospital",Uttar Pradesh,Agra,Agra,27.17064,78.010456,Government
99199,Maheshnath Hospital Blood Centre Bareilly,Uttar Pradesh,Bareilly,bareilly,28.384082,79.447723,Private
99195,MOHAN CHARITABLE BLOOD CENTRE,Uttar Pradesh,Sambhal,CHANDAUSI,0.050002,-0.002735,Charitable
99194,Relief Hospital Blood & Component Centre,Uttar Pradesh,Lucknow,1st &2nd floor Plot no 380 madapur mandir near shivgarh resort raibareli road lucknow,26.758493,83.364814,Private
99197,Life Care Charitable Blood Centre Bahraich,Uttar Pradesh,Bahraich,Kaisargunj,27.592801,81.603649,Charitable
99196,Rajdhani Charitable Blood Centre Lucknow,Uttar Pradesh,Lucknow,Lucknow,26.837769,80.872008,Charitable
99191,Nagina Charitable Blood Centre,Uttar Pradesh,Uttar Pradesh,Bijnor,-0.000346,0.017015,Charitable
731,Sneh Pathology X Ray Blood Centre And Blood Component,Uttar Pradesh,Kanpur Nagar,Kanpur,26.439394,80.33679,Private
99190,Harshil Blood Centre Bareilly,Uttar Pradesh,Bareilly,bareilly,28.388928,79.420161,Private
732,Blood Centre Sanjay Gandhi Hospital Amethi,Uttar Pradesh,Amethi,Amethi,26.210663,81.807126,Private
99193,"Jeevan Dhara Charitable Blood Centre ,KANPUR",Uttar Pradesh,Kanpur Nagar,KANPUR,27.160557,78.398609,Charitable
99192,R.G Charitable Blood Centre Hathras,Uttar Pradesh,Uttar Pradesh,Hathras,-0.040479,0.040747,Charitable
284357,Swami Vivekanand Charitable Blood Centre,Uttar Pradesh,Bhadohi,Bhadohi,27.874974,79.915468,Charitable
284114,Little Star Charitable Blood Centre,Uttar Pradesh,Lucknow,Lucknow,26.841868,80.872757,Charitable
284356,Jai Maa Vaishno Charitable Blood Centre ( Run By Rashmi Memorial Charitable Trust ),Uttar Pradesh,Etawah,Etawah,13.39263,39.491984,Charitable
283145,Prayagraj Charitable Blood Centre,Uttar Pradesh,Prayagraj,Prayagraj,25.453005,78.735146,Charitable
284113,Navjeevan Blood Centre,Uttar Pradesh,Jhansi,Jhansi,28.477615,77.518568,Private
284355,Manav Seva Charitable Blood Center,Uttar Pradesh,Etawah,Etawah,0.0,0.0,Charitable
283144,Sai Hospital Blood Center,Uttar Pradesh,Sonbhadra,Sonbhadra,26.433311,80.322243,Private
738,Durgawati Blood Centre,Uttar Pradesh,Gorakhpur,Barhalganj,26.732241,83.363053,Private
284473,Swami Harshankaranand Ji Blood And Component Centre,Uttar Pradesh,Varanasi,Varanasi,25.313871,80.516377,Private
284231,Naaz Hospital Blood And Component Centre,Uttar Pradesh,Prayagraj,Prayagraj,0.0,0.0,Private
283384,Rjd Charitable Blood Centre,Uttar Pradesh,Lakhimpur Kheri,Lakhimpuri Kheri,26.794316,77.999035,Charitable
284352,Sangam City Charitable Blood Centre,Uttar Pradesh,Prayagraj,PRAYAGRAJ,25.45134,78.758208,Charitable
283262,Siddh Hospital,Uttar Pradesh,Moradabad,Moradabad,28.819576,77.676112,Private
284351,Lok Bandhu Raj Narayan Combined Hospital(Blood Centre) Lucknow,Uttar Pradesh,Lucknow,Lucknow,26.85587,80.879576,Government
99188,SIDDHI CHARITABLE BLOOD CENTRE SAHARANPUR,Uttar Pradesh,Saharanpur,SAHARANPUR,0.010842,-0.025798,Charitable
99187,KING BLOOD CENTRE SAHARANPUR,Uttar Pradesh,Saharanpur,Saharanpur,-0.008131,0.01886,Private
99189,Dr Lokesh Charitable Blood Centre,Uttar Pradesh,Uttar Pradesh,Bulandshahr,0.026311,0.019609,Charitable
99184,Gonda Charitable Blood Centre,Uttar Pradesh,Gonda,GONDA,27.163085,78.024276,Charitable
99185,BHARAT HUMANITY CHARITABLE BLOOD CENTRE,Uttar Pradesh,Uttar Pradesh,Budaun,0.022216,0.020932,Charitable
99180,Aadya Blood Centre Sitapur,Uttar Pradesh,Uttar Pradesh,Sitapur,0.042302,-0.050425,Private
284108,J.D. Blood Center,Uttar Pradesh,Aligarh,Aligarh,-0.035809,0.011552,Private
742,St. Judes Blood Centre,Uttar Pradesh,Jhansi,Jhansi,25.462874,78.547451,Private
99182,Midland Healthcare & Research Centre (Blood Centre),Uttar Pradesh,Lucknow,Lucknow,26.872555,80.871172,Private
284106,Manya Charitable Blood Centre,Uttar Pradesh,Gorakhpur,Barhalganj,26.757976,83.382575,Charitable
99181,JEEVAN SUERAKSHA CHARITABLE BLOOD CENTRE,Uttar Pradesh,Uttar Pradesh,Sambhal,0.0,0.0,Charitable
283137,Shri Sai Blood Centre,Uttar Pradesh,Lucknow,Lucknow,28.840201,78.752813,Private
284105,Hind Charitable Blood Centre,Uttar Pradesh,Ghaziabad,Vijay nagar,26.465377,77.367716,Charitable
284104,Bijnor Charitable Blood Center,Uttar Pradesh,Bijnor,Bijnor,26.727699,77.992968,Charitable
284103,Jai Hind Charitable Blood Center,Uttar Pradesh,Agra,Agra,27.21984,78.024649,Charitable
746,Blood Centre District Hospital Rampur,Uttar Pradesh,Rampur,Rampur,28.807443,79.014396,Government
283256,Reaebareli Charitable Blood Centre,Uttar Pradesh,Raebareli,Raebareli,26.936552,78.915961,Charitable
284102,Brij Charitable Blood Centre,Uttar Pradesh,Mathura,Mathura,0.0034,0.001885,Charitable
747,Ramkrishna Mission Sewa Aashram Blood Centre,Uttar Pradesh,Lucknow,Lucknow,27.571999,77.694371,Private
284464,Bhagwan Buddha Charitable Blood Centre,Uttar Pradesh,Ghaziabad,vasundhara,0.0,0.0,Charitable
283254,Sarthak Charitable Blood Centre,Uttar Pradesh,Lucknow,Lucknow,26.850106,81.023867,Charitable
283496,City Blood Centre Deoband,Uttar Pradesh,Saharanpur,Deoband,-0.008399,-0.014806,Private
284342,Ashirvad Multi Speciality Hospital Blood Centre,Uttar Pradesh,Varanasi,VARANASI,28.576565,77.33745,Private
284462,Darshi Charitable Blood Centre,Uttar Pradesh,Jalaun,Orai,26.806077,78.003088,Charitable
284461,Divya Charitable Blood Centre,Uttar Pradesh,Varanasi,Varanasi,25.256202,80.451319,Charitable
285154,Samadhan Blood Centre (A unit of Tathastu Hospital),Uttar Pradesh,Lucknow,Lucknow,26.856989,80.916931,Private
284182,Krishna Multi-Speciality Hospital Blood And Component Centre,Uttar Pradesh,Prayagraj,Soraon,28.894018,78.729084,Private
284181,Loni Charitable Blood Centre,Uttar Pradesh,Ghaziabad,Loni,26.477498,77.361824,Charitable
750,Amrapali Hospital And Trauma Centre,Uttar Pradesh,Lucknow,Lucknow,27.435244,77.701066,Private
751,Apna Blood Center,Uttar Pradesh,Jhansi,Jhansi,25.460364,78.548144,Private
753,Blood Centre Santosh Medical College,Uttar Pradesh,Ghaziabad,Ghaziabad,26.439454,77.376526,Private
284176,Sarvodaya Hospital And Institute Of Medical Sciences (Blood Centre),Uttar Pradesh,Baghpat,Baghpat,0.0,0.0,Private
284297,Shree Hospital And Blood Component Center,Uttar Pradesh,Gorakhpur,Gorakhpur,26.758493,83.364814,Private
284052,I.M.A. Charitable Blood Centre,Uttar Pradesh,Lucknow,Lucknow,26.857936,80.921041,Charitable
285046,Shree Balaji Charitable Blood Centre,Uttar Pradesh,Agra,Agra,27.188061,78.000475,Charitable
760,Blood Centre Uma Shankar Dixit District Hospital Unnao,Uttar Pradesh,Unnao,Unnao,26.606281,81.795819,Government
762,District Hospital Gorakhpur,Uttar Pradesh,Gorakhpur,Gorakhpur,0.0,0.0,Government
763,Veeragana Avantibai Lodhi Autonomous State Medical College Associated District Hospital Blood Center,Uttar Pradesh,Etah,Etah,26.769477,77.950684,Government
767,Blood Bank District Hospital Bahraich,Uttar Pradesh,Bahraich,Bahraich,27.572408,81.605903,Government
768,Blood Centre District Hospital Barabanki,Uttar Pradesh,Bara Banki,Barabanki,26.729011,81.128072,Government
285170,Pandit Ramswaroop Memorial Charitable Blood Centre,Uttar Pradesh,Raebareli,Bachawaran,26.974638,78.939564,Private
285171,Suryoday Charitable Blood Centre,Uttar Pradesh,Saharanpur,Saharanpur,-0.02664,-0.033426,Charitable
285051,Skb Aarogyam Blood Centre (A Unit Of Skb Aarogyam Multi Speciality Healthcare,Uttar Pradesh,Muzaffarnagar,MUZAFFARNAGAR,28.938666,77.638226,Private
284286,Shine Charitable Blood Centre,Uttar Pradesh,Meerut,Meerut,28.439369,77.697271,Charitable
284163,D Stairs Charitable Blood Centre,Uttar Pradesh,Kanpur Nagar,Kanpur Nagar,26.474646,79.848253,Charitable
285053,Shama Charitable Blood Centre,Uttar Pradesh,Muzaffarnagar,Budhana,28.474444,77.4827,Charitable
285175,Phoenix Blood Centre,Uttar Pradesh,Lucknow,Lucknow,26.870688,80.91576,Private
284162,Ayushman Charitable Blood Centre,Uttar Pradesh,Aligarh,Aligarh,0.037216,-0.000325,Charitable
284282,Pushpanjali Charitable Blood Andcomponent Centre,Uttar Pradesh,Kanpur Nagar,Kanpur,26.491754,79.862117,Charitable
284161,Apollomedics Super Speciality Hospital ( Blood Centre ),Uttar Pradesh,Lucknow,Lucknow,0.0,0.0,Private
285055,"Shri Siddhi Vinayak Blood Centre (A Unit Of Shri Siddhi Vinayak Medical College And Hospital, Sambha",Uttar Pradesh,Sambhal,Sambhal,0.019961,-0.030234,Private
285176,Dr Tushar Charitable Blood Center,Uttar Pradesh,Muzaffarnagar,Muzaffarnagar,28.955882,77.582915,Charitable
284160,Alaknanda Charitable Blood And Component Center,Uttar Pradesh,Muzaffarnagar,Muzaffarnagar,28.938859,77.621395,Charitable
770,Blood Centre Metro Hospital,Uttar Pradesh,Gautam Buddha Nagar,Noida,28.529822,77.4026,Private
771,Blood Centre Brd Medical College,Uttar Pradesh,Gorakhpur,Gorakhpur,26.76899,83.310622,Government
772,United Blood Centre,Uttar Pradesh,Jhansi,Jhansi,25.436611,78.567216,Private
774,Sri Sai Hospital And Blood Centre,Uttar Pradesh,Moradabad,Moradabad,28.840201,78.752813,Private
777,Blood Centre Medison Hospital,Uttar Pradesh,Lucknow,Lucknow,26.870803,80.869597,Private
284159,National Charitable Blood Centre,Uttar Pradesh,Kanpur Nagar,Kalyanpur,26.48,79.893152,Charitable
778,Allahabad Medical Association Blood Centre,Uttar Pradesh,Prayagraj,Allahabad,25.468205,81.844042,Charitable
284398,Katiyar Blood And Component Centre,Uttar Pradesh,Hardoi,Hardoi,26.758493,83.364814,Private
284395,Ds Charitable Blood Centre,Uttar Pradesh,Ghaziabad,Ghaziabad,26.45319,77.374023,Charitable
284153,City Charitable Blood Bank,Uttar Pradesh,Unnao,Unnao,26.753844,83.364532,Charitable
285064,Future Care Charitable Blood Centre,Uttar Pradesh,Balrampur,Utraula,0.0,0.0,Charitable
284392,Bhagwan Buddha Charitable Blood Centre Kushinagar,Uttar Pradesh,Kushinagar,kasia,0.0,0.0,Charitable
782,Blood Centre Yashoda Hospital Nehru Nagar Ghaziabad,Uttar Pradesh,Ghaziabad,Ghaziabad,26.474429,77.371413,Private
783,Shri Ram Murti Smarak Institute Of Medical Sciences Blood Centre,Uttar Pradesh,Bareilly,Bareilly,28.481101,79.443201,Private
784,Blood Centre Era Medical College,Uttar Pradesh,Lucknow,Lucknow,26.861687,80.888885,Private
785,Life Line Blood Centre,Uttar Pradesh,Ghaziabad,Ghaziabad,28.33669,79.420104,Charitable
786,Shekhar Blood Centre And Component Centre,Uttar Pradesh,Lucknow,Lucknow,26.758493,83.364814,Private
787,Blood Center Prayag Hospital,Uttar Pradesh,Gautam Buddha Nagar,Noida,28.58564,77.34952,Private
284149,Life Care Charitable Blood And Component Centre,Uttar Pradesh,Lucknow,Lucknow,26.861091,80.897339,Charitable
788,Nidan Diagnostic Centre And Blood Centre,Uttar Pradesh,Lucknow,Lucknow,26.854084,80.995132,Private
789,Subharti Blood Centre,Uttar Pradesh,Meerut,Meerut,28.961414,77.638197,Private
284269,Shri Krishna Charitable Blood Center Kasganj,Uttar Pradesh,Kasganj,Kasganj,27.14807,78.324311,Charitable
284389,Leelawati Charitable Blood Centre,Uttar Pradesh,Aligarh,Aligarh,0.010503,0.007468,Charitable
284388,Jeevansh Charitable Blood Centre,Uttar Pradesh,Meerut,Meerut,28.972402,77.687042,Charitable
285191,Oncocare Blood Centre,Uttar Pradesh,Amroha,Amroha,13.557049,39.18072,Private
284267,Lph(Lokpriya) Blood Centre Meerut,Uttar Pradesh,Meerut,Meerut,28.465423,77.729746,Private
285070,Sanjeevani Hospital Blood Centre,Uttar Pradesh,Bhadohi,Suriyawan bhadohi,27.204177,78.003361,Private
284266,Gautam Budh Nagar Charitable Blood Centre,Uttar Pradesh,Gautam Buddha Nagar,Greater Noida,28.541081,77.37724,Charitable
284143,Blood Centre Referral Hospital,Uttar Pradesh,Gautam Buddha Nagar,Greater Noida,28.52322,77.414997,Government
283296,Shri Ram Memorial Blood And Component Centre,Uttar Pradesh,Jaunpur,Bakarabad,25.726427,82.726463,Private
284384,S.G.S Charitable Blood Center,Uttar Pradesh,Prayagraj,Phaphamau,0.0,0.0,Charitable
99218,HARDEV TEWARI CHARTITABLE BLOOD CENTRE KAUSHAMBI,Uttar Pradesh,Kaushambi,KAUSHAMBI,27.179671,78.009608,Charitable
99217,SINGH CHARITABLE BLOOD CENTRE,Uttar Pradesh,Sambhal,Chandausi,0.007231,-0.035784,Charitable
285115,Kalindi Charitable Blood Center,Uttar Pradesh,Varanasi,Varanasi,25.268576,80.435664,Charitable
99219,NEW BAPU BLOOD CENTRE,Uttar Pradesh,Aligarh,ALIGARH,0.001028,-0.021649,Private
285237,Farrukhabad charitable Blood centre,Uttar Pradesh,Farrukhabad,Farrukhabad,-0.009648,0.0486,Charitable
285117,National Charitable Blood Centre,Uttar Pradesh,Budaun,Budaun,26.019801,79.442323,Charitable
99214,mainpuri Charitable Blood Centre,Uttar Pradesh,Mainpuri,mainpuri,0.015209,0.006181,Charitable
99213,DHARAMNANDA CHARITABLE BLOOD CENTRE (Run by Bright Care Foundation ),Uttar Pradesh,Bijnor,SEOHARA,26.776906,77.968082,Charitable
99216,Jeevan Charitable Blood Centre Amroha,Uttar Pradesh,Amroha,Hasanpur,27.160557,78.398609,Charitable
285119,Hardoi Blood & Component Centre,Uttar Pradesh,Hardoi,Hardoi,26.758493,83.364814,Private
99215,Anubhav Charitable Blood Center,Uttar Pradesh,Lakhimpur Kheri,Gola Gokarnnath,26.789534,77.995096,Charitable
99210,Sneha Charitable Blood Centre,Uttar Pradesh,Lucknow,Lucknow,26.833678,80.90556,Charitable
99212,LIFELINE BLOOD CENTRE INSIDE LIFELINE HOSPITAL,Uttar Pradesh,Bijnor,NAJIBABAD,26.734634,78.041918,Private
99211,Mainpuri City Charitable Blood Centre,Uttar Pradesh,Mainpuri,Mainpuri,0.004834,-0.004836,Charitable
792,Blood Centre Ramkrishna Mission Seva Ashram,Uttar Pradesh,Mathura,Mathura,27.571999,77.694371,Charitable
280734,City Blood Centre,Uttar Pradesh,Farrukhabad,Farrukhabad,26.753844,83.364532,Private
793,Blood Centre Yashoda Hospital Kaushambi Ghaziabad,Uttar Pradesh,Ghaziabad,Ghaziabad,26.393608,77.354343,Private
794,Fortis Hospitals Limited Blood Centre,Uttar Pradesh,Gautam Buddha Nagar,Noida,28.531834,77.426616,Private
795,Sanjeevani Blood Centre,Uttar Pradesh,Meerut,Meerut,27.204177,78.003361,Charitable
796,Blood Centre Guru Sri Gorakhnath,Uttar Pradesh,Gorakhpur,Gorakhpur,26.776322,83.357794,Private
280731,Yagya Charitable Blood Centre,Uttar Pradesh,Lucknow,Lucknow,26.859055,80.888634,Charitable
797,Blood Centre Ruhelkhand Medical College,Uttar Pradesh,Bareilly,Bareilly,28.380191,79.462087,Private
799,Blood Centre St. Joshep Hospital,Uttar Pradesh,Lucknow,Lucknow,26.854293,80.991967,Private
284098,Aryavat Hospital Blood Centre,Uttar Pradesh,Meerut,Meerut,28.453812,77.725195,Private
284096,Kaushambi Charitable Blood Centre,Uttar Pradesh,Kaushambi,Kaushambi,27.191293,78.00754,Charitable
285123,Hapur Charitable Blood Centre,Uttar Pradesh,Hapur,Hapur,28.666957,77.670628,Charitable
99207,Baba Charitable Blood Centre,Uttar Pradesh,Muzaffarnagar,Muzaffarnagar,0.0,0.0,Charitable
285245,New Jeevan Charitable Blood Center,Uttar Pradesh,Gorakhpur,Gorakhpur,0.0,0.0,Charitable
285125,M/S Handia Charitable Blood Center,Uttar Pradesh,Prayagraj,Handia,25.456534,78.673423,Charitable
99206,Vanshika charitable blood centre,Uttar Pradesh,Kannauj,Chhibramau,27.433831,82.165258,Charitable
284091,Vinayak Charitable Blood Centre Agra,Uttar Pradesh,Agra,Agra,27.179146,78.002405,Charitable
285247,Jeevan Charitable Blood Centre,Uttar Pradesh,Hapur,Hapur,27.204177,78.003361,Charitable
285005,Ms. S R Charitable Blood Centre,Uttar Pradesh,Sitapur,Sita Pur,13.734508,40.3845,Charitable
99209,Chandro Devi Hospital Blood Centre,Uttar Pradesh,Baghpat,Baghpat,13.806194,39.01758,Private
99208,AROGYA BLOOD CENTRE GORAKHPUR,Uttar Pradesh,Gorakhpur,Gorakhpur,26.732702,83.380027,Private
285006,Clearmedi Dmh Hospital Blood Centre,Uttar Pradesh,Chandauli,MUGHALSARAI,26.797425,78.028129,Private
99203,Raktdhara charitable blood and component centre (A Unit of Samarpan Foundation),Uttar Pradesh,Lucknow,Lucknow,26.848781,80.889481,Charitable
285007,Sanjeevani Charitable Blood Centre,Uttar Pradesh,Bijnor,NAJIBABAD,27.204177,78.003361,Charitable
99202,INDUS CHARITABLE BLOOD CANTRE HASANPUR,Uttar Pradesh,Amroha,HASANPUR,13.593872,39.174089,Charitable
99205,Yashoda Medicity Blood Centre Indirapuram,Uttar Pradesh,Ghaziabad,Indirapuram,26.457323,77.385639,Private
99204,World human organization charitable blood centre Prayagraj,Uttar Pradesh,Prayagraj,Prayagraj,25.470031,78.704598,Charitable
99201,APEX HOSPITAL BLOOD CENTRE,Uttar Pradesh,Moradabad,MORADABAD,28.83015,77.60935,Private
280726,Om Charitable Blood Centre,Uttar Pradesh,Gautam Buddha Nagar,Noida,0.0,0.0,Charitable
99200,LIONS CHARITABLE BLOOD CENTRE BAREILLY,Uttar Pradesh,Bareilly,Bareilly,28.402537,79.450902,Charitable
284088,Shivay Charitable Blood Centre,Uttar Pradesh,Baghpat,Baraut,13.840151,39.043526,Charitable
285250,Jeevansh Charitable Blood Centre Muzaffarnagar,Uttar Pradesh,Muzaffarnagar,Muzaffarnagar,29.372403,77.706668,Charitable
284085,Kalindi Charitable Blood Centre,Uttar Pradesh,Lucknow,Lucknow,26.88789,80.877794,Charitable
285252,Rampur Charitable Blood Centre,Uttar Pradesh,Rampur,Rampur,26.856601,80.926431,Charitable
99239,Sarvoday charitable blood Center kairana,Uttar Pradesh,Shamli,kairana,-0.026359,0.013019,Charitable
99118,Sant Kabir Nagar,Uttar Pradesh,Sant Kabir Nagar,Sant Kabir Nagar,26.757886,78.017156,Government
285137,Adyant Component And Blood Centre,Uttar Pradesh,Lucknow,Lucknow,26.846343,80.913145,Private
285138,M/S Chandauli City Charitable Blood Center (Run By Fatima Welfare Society),Uttar Pradesh,Chandauli,Chandauli,26.773695,77.983866,Charitable
285139,New Apna Charitable Blood Centre,Uttar Pradesh,Prayagraj,George Town,25.460543,78.728497,Charitable
99236,Fatehpur Charitable Blood Centre,Uttar Pradesh,Fatehpur,Fatehpur,25.908253,80.825869,Charitable
99115,Dr Bhimrao Ambedkar Multispecility Govt Hospital Noida,Uttar Pradesh,Gautam Buddha Nagar,Noida,28.576565,77.33745,Government
99114,Blood Bank District Hospital Banda,Uttar Pradesh,Banda,Banda,25.48931,80.334888,Government
99238,LIFE SOURCE BLOOD CENTRE,Uttar Pradesh,Lucknow,Lucknow,26.885416,80.877023,Private
99117,Blood Bank District Hospital Pilibhit (U.P.),Uttar Pradesh,Pilibhit,Pilibhit,-0.040633,-0.000758,Government
99237,SR CHARITABLE BLOOD CENTRE,Uttar Pradesh,Lakhimpur Kheri,Lakhimpur Kheri,26.839465,77.989513,Charitable
99116,Apex Hospital Component Blood Bank,Uttar Pradesh,Varanasi,Varanasi,25.283163,82.968511,Private
99232,Jeevandan Charitable Blood Centre Sambhal,Uttar Pradesh,Sambhal,Sambhal Behjoi,-0.00298,-0.033377,Charitable
99111,Blood CENTER M.M.G.HOSPITAL,Uttar Pradesh,Ghaziabad,Ghaziabad,26.453787,77.338597,Government
99110,District Hospital Blood Bank Muzaffarnagar,Uttar Pradesh,Muzaffarnagar,Muzaffarnagar,29.372403,77.706668,Government
99231,Maharajganj Charitable Blood Centre,Uttar Pradesh,Maharajganj,Maharajganj,0.000185,0.026231,Charitable
99234,Universal Charitable Blood Centre,Uttar Pradesh,Muzaffarnagar,Khatauli,28.915059,77.582244,Charitable
99113,Blood Bank Dist Hospital Hamirpur,Uttar Pradesh,Hamirpur,Hamirpur,26.749196,78.004408,Government
99233,SS Charitable Blood Centre,Uttar Pradesh,Moradabad,Moradabad,28.812769,77.62959,Charitable
99112,Blood Bank Balrampur,Uttar Pradesh,Balrampur,Balrampur,26.856601,80.926431,Government
99230,New KK Charitable Blood Centre,Uttar Pradesh,Gonda,Gonda,27.192487,78.010854,Charitable
284198,Kalyan Singh Super Speciality Cancer Institute Blood Centre,Uttar Pradesh,Lucknow,Lucknow,26.863317,80.87863,Government
285263,Triveni Blood Center,Uttar Pradesh,Prayagraj,Prayagraj,25.464787,78.709231,Private
284194,Savitri Hospital Blood Centre,Uttar Pradesh,Deoria,Deoria,26.762818,78.001306,Private
285264,Hardoi Charitable Blood Center,Uttar Pradesh,Hardoi,Hardoi,26.76778,83.363917,Charitable
285144,Radha Govind Hospital Blood Bank,Uttar Pradesh,Meerut,Meerut,0.0,0.0,Private
284193,V Care Blood Centre,Uttar Pradesh,Ghaziabad,Ghaziabad,0.0,0.0,Private
99229,BABA CHARITABLE BLOOD CENTRE BAGHPAT,Uttar Pradesh,Baghpat,BARAUT,13.806951,39.042336,Charitable
285146,M/S Medanta Hospital Noida(Global Health Limited),Uttar Pradesh,Gautam Buddha Nagar,Noida,28.526716,77.376171,Private
99108,District Hospital Jhansi,Uttar Pradesh,Jhansi,Jhansi,25.457843,78.57868,Government
99228,Barabanki Charitable Blood Centre Run by Shree ji Charitable Trust,Uttar Pradesh,Bara Banki,Barabanki,26.734512,81.110981,Charitable
99107,Moti Lal Nehru Medical College & Swaroop Rani Nehru Hospital Prayagraj,Uttar Pradesh,Prayagraj,Allahabad,25.481419,78.69361,Government
99109,"Shri Shiv Prasad Gupt Divisional District Hospital, Varanasi",Uttar Pradesh,Varanasi,Varanasi,25.31984,83.008853,Government
99104,"SARDAR VALLAV BHAI PATEL HOSPITAL,LALA LAJPAT RAI MEMORIAL MEDICAL COLLEGE",Uttar Pradesh,Meerut,Meerut,28.486255,77.719249,Government
99225,Ramaa charitable blood centre,Uttar Pradesh,Lucknow,Lucknow,26.861863,80.909669,Charitable
99224,Rudauli Charitable Blood Centre Run by Shree ji Charitable Trust,Uttar Pradesh,Ayodhya,Rudauli,26.794943,78.016709,Charitable
99103,Dr. Ram Manohar Lohia Institute of Medical Science Lucknow,Uttar Pradesh,Lucknow,Lucknow,26.86889,80.999691,Government
99227,Sanjivani Blood Center,Uttar Pradesh,Kaushambi,Kaushmabi,27.204177,78.003361,Private
99105,Dr. Shyama Prasad Mukherji (Civil) Hospital Lucknow,Uttar Pradesh,Lucknow,Lucknow,26.844593,80.948999,Government
99226,Abhishek charitable blood centre Ghazipur,Uttar Pradesh,Ghazipur,Ghazipur,25.589575,83.603988,Charitable
99221,Aradhya Blood Centre,Uttar Pradesh,Jhansi,Jhansi,25.458336,78.616978,Private
99220,Jan Sewa Charitable Blood Centre,Uttar Pradesh,Aligarh,Aligarh,0.010484,0.018639,Charitable
99223,Pakwara Charitable Blood Centre Run By Shree Bala Ji Foundation,Uttar Pradesh,Moradabad,Pakwara,28.822134,77.621955,Charitable
99222,Dibai Charitable Blood Centre,Uttar Pradesh,Bulandshahr,Dibai,26.789084,78.021211,Charitable
280704,Ima Charitable Blood Centre,Uttar Pradesh,Kanpur Nagar,Kanpur,28.346917,79.424735,Charitable
280702,Dr. Sachin Saxena Charitable Blood Centre,Uttar Pradesh,Sambhal,Sambhal,0.0,0.0,Charitable
285150,Shree Charitable Blood &Component Centre,Uttar Pradesh,Lucknow,Lucknow,26.758493,83.364814,Charitable
285152,Jeevan Charitable Blood Centre,Uttar Pradesh,Ghaziabad,Muradnagar,27.204177,78.003361,Charitable
283929,Select Hospital And Blood Centar,Uttar Pradesh,Moradabad,Mordabad,28.855847,77.670069,Private
283804,Avadh Blood And Component Centre,Uttar Pradesh,Lucknow,Lucknow,26.881181,80.891094,Private
280779,Manav Seva Charitable Blood Center,Uttar Pradesh,Mainpuri,Mainpuri,0.0,0.0,Charitable
283801,Satya Hospital And Blood Center,Uttar Pradesh,Bareilly,Bareilly,28.396703,79.428535,Private
280530,Cns Blood Centre And Component Center,Uttar Pradesh,Lucknow,Lucknow,0.0,0.0,Private
280531,Vardan Multi Specialty Hospital,Uttar Pradesh,Ghaziabad,Ghaziabad,26.470934,77.358159,Private
280527,National Capital Region Institute Of Medical Sciences Blood Centre,Uttar Pradesh,Meerut,Meerut,25.278956,83.002917,Private
280525,Pulkit Memorial Hospital Blood Centre,Uttar Pradesh,Bijnor,Bijnor,26.766302,77.997994,Private
280524,Shubhamsarvam Charitable Blood Centre,Uttar Pradesh,Bijnor,Bijnor,26.774064,78.047219,Charitable
280521,Amba Charitable Blood Centre Shamli,Uttar Pradesh,Shamli,Shamli,0.0,0.0,Charitable
280522,Jai Ma Kaila Devi Charitable Blood Centre,Uttar Pradesh,Hathras,Hathras,26.79014,78.000514,Charitable
283901,Saraswati Hospital And Research Centre,Uttar Pradesh,Unnao,unnao,26.501131,80.257486,Private
280510,Bulandshahr Charitable Blood Centre,Uttar Pradesh,Bulandshahr,Bulandshahr,26.772279,77.983399,Charitable
280511,Narayan Hospital And Trauma Centre,Uttar Pradesh,Rampur,Rampur,26.501131,80.257486,Private
280509,Sangam Charitable Blood Centre,Uttar Pradesh,Ghaziabad,GHAZIABAD,26.410341,77.372966,Charitable
280507,Mangala Authentic Charitable Blood Centre,Uttar Pradesh,Kanpur Nagar,Kanpur Nagar,26.484281,79.869677,Charitable
280508,Goel Hospital,Uttar Pradesh,Lucknow,Lucknow,26.853223,80.893263,Private
285078,Paras Healthcare Limited Blood Centre,Uttar Pradesh,Kanpur Nagar,Khanpur Nagar,26.498706,79.815926,Private
284819,Asha Charitable Blood Centre,Uttar Pradesh,Pratapgarh,Pratapgarh,27.165112,78.001719,Charitable
283729,Gorakhpur Chairitable Blood Centre,Uttar Pradesh,Gorakhpur,Gorakhpur,26.748451,83.405767,Charitable
284818,Blood Bank Health City Vistar Blood Centre,Uttar Pradesh,Lucknow,Lucknow,26.861268,80.908988,Private
282638,Maxwell Blood Centre(A Unit Of Maxwellsuper Multi Speciality Hospital Pvt.Ltd.,Uttar Pradesh,Varanasi,Varansi,25.329314,80.517338,Private
284815,Nahid Star Charitable,Uttar Pradesh,Deoria,Deoria,26.77199,78.030454,Charitable
284934,Rajendra Blood Centre,Uttar Pradesh,Jhansi,Jhansi,25.479005,78.579919,Private
283723,R.K.Charitable Blood Centre,Uttar Pradesh,Ghaziabad,MODINAGAR,26.482965,77.372298,Charitable
284932,Shaeed Bhagat Singh Charitable Blood Centre,Uttar Pradesh,Saharanpur,Saharanpur,-0.010221,-0.00881,Charitable
283722,Shri Hari Charitable Blood Center,Uttar Pradesh,Ambedkar Nagar,AKBARPUR,27.085264,80.339803,Charitable
283843,Government Institute Of Medical Sciences (Blood Bank),Uttar Pradesh,Gautam Buddha Nagar,Gautam budh nagar,25.278956,83.002917,Government
284931,Janpriya Blood Centre,Uttar Pradesh,Meerut,Meerut,28.968374,77.730585,Private
280211,Blood Centre Jeevan Deep Hospital,Uttar Pradesh,Bhadohi,Bhadohi,26.270327,78.957816,Private
283721,Indra Hospital Component Blood Centre,Uttar Pradesh,Varanasi,Varanasi,25.283163,82.968511,Private
283841,Brightstar Hospital Blood Centre,Uttar Pradesh,Moradabad,MORADABAD,28.833379,77.63867,Private
283720,Singh Life Care Blood Bank Ghazipur,Uttar Pradesh,Ghazipur,Ghazipur,25.617293,83.595579,Private
283961,Shalimar Garden Charitable Blood Center,Uttar Pradesh,Ghaziabad,Ghaziabad,26.486511,77.378701,Charitable
280210,Shaikh-Ul-Hind Maulana Mahmood Hasan Medical College,Uttar Pradesh,Saharanpur,Saharanpur,0.0,0.0,Government
280570,Varun Trauma And Burn Center Pvt Ltd Blood Centre,Uttar Pradesh,Aligarh,RAMGHAT,-0.002172,-0.02771,Private
285082,K K Charitable Blood Centre,Uttar Pradesh,Balrampur,BALRAMPUR,13.46388,40.476421,Charitable
285084,Ms Sahara Am Blood Centre A Unit Of Sahara Anantu Memorial Hospital,Uttar Pradesh,Bhadohi,Bhadoni,26.262063,78.96291,Private
283718,Government Medical College Blood Center,Uttar Pradesh,Budaun,Budaun,25.999845,79.473401,Government
284807,Jeevan Jyoti Charitable Blood Centre,Uttar Pradesh,Shahjahanpur,Shahjahanpur,0.0,0.0,Charitable
280208,Popular Medicare Limited Hospital Blood Centre,Uttar Pradesh,Varanasi,Varansi,0.0,0.0,Private
284806,"Rashtriya Charitable Blood Centre, Run By Rashtriyaswashthyasangthan",Uttar Pradesh,Bahraich,Bahraich,27.598408,81.601248,Charitable
280209,Blood Centre Krishna Hospital,Uttar Pradesh,Jaunpur,Jaunpur,25.758648,82.693887,Private
283959,Ganga Sewa Sadan Blood Centre,Uttar Pradesh,Varanasi,Varanasi,25.264999,80.529496,Private
280569,Sharda Narayan Hospital Blood Centre,Uttar Pradesh,Mau,MAU,26.50394,80.191682,Private
280206,Blood Centre Vanketswara Institute,Uttar Pradesh,Amroha,Amroha,13.542497,39.226734,Private
1701,Jan Kalyan Charitable Blood Centre,Uttar Pradesh,Agra,Agra,27.201939,78.006735,Charitable
283837,Neelam Charitable Blood Centre,Uttar Pradesh,Bulandshahr,BULANDSHAHR,26.773805,78.008944,Charitable
280207,Heritage Institute Of Medical Sciences Blood Centre,Uttar Pradesh,Varanasi,Varanasi,25.278956,83.002917,Private
284804,Rakshaa Charitable Blood Centre,Uttar Pradesh,Prayagraj,Prayagraj,28.58564,77.34952,Charitable
283714,Rama Blood Centre And Component Centre,Uttar Pradesh,Azamgarh,Azamgarh,26.758493,83.364814,Private
283834,Rajarshi Dashrath Autonomous State Medical College Hospital Blood Centre,Uttar Pradesh,Ayodhya,Ahodhya,26.79162,78.039392,Government
280568,Javitri Hospital Blood Centre,Uttar Pradesh,Lucknow,Lucknow,26.893374,80.864427,Private
280205,Sahu Rameshwar Saran Kothiwal Hospital And Heart Care Centre (Blood Centre),Uttar Pradesh,Moradabad,Moradabad,0.0,0.0,Private
284922,Arnav Charitable Blood Centre,Uttar Pradesh,Ambedkar Nagar,Akbarpur,27.019819,80.357341,Charitable
284801,Noble Charitable Blood Centre,Uttar Pradesh,Meerut,Meerut,28.478254,77.680578,Charitable
283833,Blood Centre Of Dr Kns Memorial Institute Of Medical Sciences Fifth Floor Barabanki Up,Uttar Pradesh,Bara Banki,Barabanki,26.786943,81.163021,Private
284800,Blood Bank Unique Charitable Blood Center,Uttar Pradesh,Meerut,Meerut,28.473651,77.639052,Charitable
283952,Aligarh Charitable Blood Center,Uttar Pradesh,Aligarh,Aligarh,-0.011987,0.001943,Charitable
280201,Shri Krishna Life Line Hospital Blood Centre,Uttar Pradesh,Gautam Buddha Nagar,GREATER NOIDA,28.460872,77.532452,Private
1709,Blood Centre Hind Institute Of Medical Sciences,Uttar Pradesh,Bara Banki,Barabanki,26.906812,81.122637,Private
1708,Lucknow Nursing Home Association Blood And Component Centre,Uttar Pradesh,Lucknow,Lucknow,26.878474,80.938496,Charitable
1706,Blood Centre Anand Hospital,Uttar Pradesh,Meerut,Meerut,28.96181,77.746366,Private
1705,Sharda Hospital And Blood Centre,Uttar Pradesh,Gautam Buddha Nagar,Gautam Budh Nagar,28.474444,77.4827,Private
285094,Saroj Charitable Blood Centre,Uttar Pradesh,Sitapur,Sitapur,13.770973,40.376357,Charitable
285095,R A S Lifecare Blood Centre,Uttar Pradesh,Bahraich,Bhopatpur,27.553079,81.628574,Private
1704,Blood Centre Kamna Medical Center,Uttar Pradesh,Meerut,Meerut,0.0,0.0,Private
1703,Pushpanjali Blood Centre,Uttar Pradesh,Agra,Agra,27.205304,78.034284,Private
285096,Cantonment General Hospital Blood Centre,Uttar Pradesh,Prayagraj,Prayagraj,25.451037,78.763006,Government
282619,Balaji Charitable Blood Centre Saharanpur,Uttar Pradesh,Saharanpur,Saharanpur,0.017147,-0.010656,Charitable
283949,Lighting Lamp Charitable Blood Centre,Uttar Pradesh,Rampur,Rampur,26.875231,80.240199,Charitable
1712,Prakash Hospital Blood Centre,Uttar Pradesh,Gautam Buddha Nagar,Noida,28.58564,77.34952,Private
282615,Swastik Charitable Blood Centre,Uttar Pradesh,Bulandshahr,Khurja,26.7997,78.01775,Charitable
1711,Blood Centre Muzzaffar Nagar Medical College,Uttar Pradesh,Muzaffarnagar,Muzaffarnagar,29.372403,77.706668,Private
1710,"Teerathkar Mahavir Hospital And Research Centre, Blood Centre",Uttar Pradesh,Moradabad,Moradabad,28.822812,78.65787,Private
283824,Scpm Hospital Pvt.Ltd Blood Centre,Uttar Pradesh,Gonda,Gird Gonda (Ct),27.203806,77.982299,Private
283823,Basti Trauma Centre Blood Centre,Uttar Pradesh,Basti,Basti,26.790848,82.766462,Private
280553,Sarvodaya Hospital Blood Centre,Uttar Pradesh,Ghaziabad,Ghaziabad,26.485986,77.379581,Private
1718,Blood Centre Fatima Hospital,Uttar Pradesh,Mau,Mau,26.787217,83.400142,Charitable
1717,Blood Centre Naveen Hospital,Uttar Pradesh,Gautam Buddha Nagar,Gautambudh Nagar,28.477615,77.518568,Private
1716,Blood Centre Jasvant Rai Hospital,Uttar Pradesh,Meerut,MEERUT,28.991297,77.72323,Private
1714,Parakh Volunatry Blood Centre,Uttar Pradesh,Jhansi,Jhansi,25.445065,78.544291,Charitable
1713,Sanjeevani Charitable Blood Centre,Uttar Pradesh,Agra,Agra,27.204177,78.003361,Charitable
283819,Jeevan Asha Charitable Blood Centre,Uttar Pradesh,Lucknow,Lucknow,27.160557,78.398609,Charitable
282608,One Beat Dasmesh Charitable Hospital Blood Centre,Uttar Pradesh,Lakhimpur Kheri,Lakhimpur Kheri,26.771871,78.025293,Private
282729,Awadh Cheritable Blood Centre ( Lucknow ),Uttar Pradesh,Lucknow,Lucknow,26.852165,80.882601,Charitable
283818,Ayushman Blood Centre,Uttar Pradesh,Bijnor,Dhampur,26.738636,77.984132,Private
280429,M/S Kailash Hospital ( A Unit Of Kailash Healthcare Ltd.),Uttar Pradesh,Bulandshahr,KHurja,26.788022,78.063704,Private
283816,Shabad Blood Centre Of Ms Surya Hospital,Uttar Pradesh,Amethi,Jagdishpur,26.227295,81.780487,Private
1723,Blood Centre Astha Hospital,Uttar Pradesh,Baghpat,Baghpat,13.767078,38.998324,Private
1722,Lokhitam Charitable Blood Center,Uttar Pradesh,Agra,Agra,27.215043,78.02117,Charitable
1721,Blood Bank Saraswathi Institute Of Medical Sciences,Uttar Pradesh,Hapur,Hapur,28.713701,77.692994,Private
1720,Max Super Speciality Hospital Blood Centre,Uttar Pradesh,Ghaziabad,Ghaziabad,26.448475,80.344084,Private
282723,Life Line Charitable Blood Centre,Uttar Pradesh,Gorakhpur,Gorakhpur,28.33669,79.420104,Charitable
283812,Chandan Hospital Blood Centre,Uttar Pradesh,Lucknow,Lucknow,26.875045,80.893036,Private
280543,Mayanjali Charitable Blood Centre,Uttar Pradesh,Kanpur Nagar,kanpur,0.0,0.0,Charitable
283811,Jauhari Nursing Home Blood Center,Uttar Pradesh,Budaun,Badaun,26.025684,79.495144,Private
1729,Blood Centre Divine Heart Hospital And Research Center,Uttar Pradesh,Lucknow,Lucknow,26.859198,81.023215,Private
1728,Isha Hospital Blood Centre,Uttar Pradesh,Jaunpur,Jaunpur,25.733137,82.672548,Private
1727,Anita Charitable Blood Centre,Uttar Pradesh,Sitapur,Sitapur,13.789515,40.371828,Charitable
1726,Shanti Gopal Hospital Blood Centre,Uttar Pradesh,Ghaziabad,Ghaziabad,28.641918,77.379325,Private
282679,Dr B R Ambedkar Combined Hospital Male Etawah,Uttar Pradesh,Etawah,Etawah,26.787903,79.005523,Government
283648,Rsd Hospital And Research Centre Blood Centre,Uttar Pradesh,Moradabad,Moradabad,28.69787,77.607979,Private
1732,Blood Centre Bcm Hospital,Uttar Pradesh,Sitapur,Sitapur,27.530523,80.745172,Private
1731,Blood Centre District Hospital,Uttar Pradesh,Kushinagar,Kushinagar,27.17064,78.010456,Government
283887,Universal Blood Centre (Inside R.B. Hospital),Uttar Pradesh,Hardoi,SANDILA,26.717303,83.347636,Private
284976,Etahchari Table Blood Centre,Uttar Pradesh,Etah,Etah,26.791635,77.973778,Charitable
283885,Kailash Hospital And Neuro Institute,Uttar Pradesh,Gautam Buddha Nagar,Noida,28.577472,77.331603,Private
283400,Homi Bhabha Cancer Hospital Blood Centre,Uttar Pradesh,Varanasi,Varanasi,25.258898,80.447163,Government
284730,Jeevan Daan Charitable Blood Centre,Uttar Pradesh,Prayagraj,Prayagraj,27.160557,78.398609,Charitable
282794,Anita Hospital And Blood Centre Jaunpur,Uttar Pradesh,Jaunpur,Shahganj,25.686722,82.716216,Private
2709,Jeevan Rekha Charitable Blood Centre,Uttar Pradesh,Pilibhit,Pilibhit,0.0,0.0,Charitable
284850,Brijwasi Charitable Blood Center Blood Bank,Uttar Pradesh,Mathura,Mathura,-0.004469,0.00087,Charitable
2708,Life Line Charitable Blood Centre,Uttar Pradesh,Agra,Agra,28.33669,79.420104,Charitable
1739,G R Blood Centre And Component Agra,Uttar Pradesh,Agra,Agra,27.203435,78.046861,Private
1738,"Nova Hospital, Ltd. (Blood Centre)",Uttar Pradesh,Lucknow,Lucknow,26.846972,80.872239,Private
1737,Rotary Noida Blood Centre,Uttar Pradesh,Gautam Buddha Nagar,Noida,28.566212,77.394855,Charitable
2705,Kailashi Hospital Blood Centre,Uttar Pradesh,Meerut,Meerut,28.394398,77.67781,Private
1736,Kailash Hospital Blood Centre Greater Noida,Uttar Pradesh,Gautam Buddha Nagar,Greater Noida,28.515659,77.365692,Private
2704,Ganga Sheel Charitable Trust Blood Bank Bank,Uttar Pradesh,Bareilly,Bareilly,28.347944,79.426794,Charitable
2713,Blood Centre Fatima Hospital,Uttar Pradesh,Gorakhpur,Gorakhpur,26.787217,83.400142,Private
284727,Bachcha Hospital Blood Centre,Uttar Pradesh,Sambhal,Sambhal,0.007578,-0.013393,Private
1744,Hindalco Hospital Blood Centre,Uttar Pradesh,Sonbhadra,Sonbhadra,24.212959,83.036739,Private
284969,Riddhi Charitable Blood Centre,Uttar Pradesh,Saharanpur,Saharanpur,-0.009903,-0.003772,Charitable
284847,Manjhanpur Charitable Blood Center Manjhanpur,Uttar Pradesh,Kaushambi,Manjhanpur,27.237713,78.002814,Charitable
1743,Clara Swain Mission Hospital Blood Centre,Uttar Pradesh,Bareilly,Bareilly,28.349627,79.415881,Private
284725,Sarthak Charitable Blood Centre,Uttar Pradesh,Sultanpur,Sultanpur,28.70478,77.635414,Charitable
2710,Sarvodya Blood And Component Centre Charitable,Uttar Pradesh,Bijnor,Dhampur,26.758493,83.364814,Charitable
284846,Buland Charitable Blood Centre,Uttar Pradesh,Bulandshahr,Bulandshahr,26.765461,78.001725,Charitable
1742,Mvasmc Associated Opec Hospital Blood Center,Uttar Pradesh,Basti,Basti,26.822435,82.735912,Government
283757,Saket Charitable Blood Centre,Uttar Pradesh,Agra,Agra,27.208319,78.000374,Charitable
28103,"All India Institute of Medical Sciences, Raebareli",Uttar Pradesh,Raebareli,Raebareli,26.96145,78.962055,Government
284724,Blood Bank Lakhimpur Charitable Blood Centre (Run By. Jeevan Dhara Kalyan Samiti),Uttar Pradesh,Lakhimpur Kheri,Lakhimpur khiree,26.75639,78.028153,Charitable
283996,Panacea Blood Centre,Uttar Pradesh,Amroha,AMROHA,13.597915,39.180419,Private
283753,Samadhan Charitable Blood Centre,Uttar Pradesh,Lucknow,Lucknow,27.19704,77.997713,Charitable
283752,"Suman Charitable Blood Center,Pilibhit,Up",Uttar Pradesh,Pilibhit,Pilibhit,-0.00331,-0.026713,Charitable
283630,Vishal Charitable Blood Center,Uttar Pradesh,Agra,Agra,27.20071,78.004484,Charitable
2719,Sewa Blood Centre,Uttar Pradesh,Basti,Basti,26.7800781,82.76441135,Charitable
1747,Blood Center Maharaja Chetsingh District Hospital Gyanpur Bhadohi,Uttar Pradesh,Bhadohi,Gyanpur,25.358723,82.464122,Government
2715,Swami Vivekanand Charitable Blood Centre,Uttar Pradesh,Shahjahanpur,Shahjahanpur,27.874974,79.915468,Charitable
1746,Swastik Charitable Blood Centre,Uttar Pradesh,Lucknow,Lucknow,26.833553,80.891725,Charitable
2714,Blood Centre Rama Medical College,Uttar Pradesh,Kanpur Nagar,Kanpur,0.0,0.0,Private
1756,Blood Centre K D Medical College,Uttar Pradesh,Mathura,Mathura,-0.00437,-0.011871,Private
2723,Jeevan Jyoti Blood Centre,Uttar Pradesh,Aligarh,Aligarh,0.0,0.0,Private
284716,Jivan Pukaar Charitable Blood Center Sardhana,Uttar Pradesh,Meerut,Meerut,28.459542,77.656019,Charitable
1755,"Cosmos Hospital, Blood Centre",Uttar Pradesh,Moradabad,Moradabad,28.856277,77.662145,Private
1754,Blood Centre Fatima Hospital,Uttar Pradesh,Lucknow,Lucknow,26.787217,83.400142,Private
1753,Jeevan Sanjeevan Blood Centre,Uttar Pradesh,Aligarh,Aligarh,27.882584,78.082163,Private
2720,Neelam Hospital Blood Component Centre Chandausi,Uttar Pradesh,Sambhal,Chandausi,0.000399,-0.009993,Private
284954,Kailashi Charitable Blood Centre,Uttar Pradesh,Deoria,Deoria,26.783026,78.012826,Charitable
1751,Rama Medical College Hopsital And Research Centre Blood Centre,Uttar Pradesh,Hapur,Pilkhuwa,28.69787,77.607979,Private
284832,Hind Charitable Blood Centre,Uttar Pradesh,Bijnor,Bijnor,26.73879,77.951948,Charitable
283864,Laxmi Charitable Blood Center,Uttar Pradesh,Mainpuri,Mainpuri,0.035594,-0.03668,Charitable
284710,Shri Shyam Charitable Blood Centre,Uttar Pradesh,Agra,Agra,27.223149,78.035719,Charitable
283742,Shri Bankey Bihari Charitable Blood Centre Charitable,Uttar Pradesh,Etah,ETAH,26.750991,78.017353,Charitable
282654,Blood Centre And Component Center,Uttar Pradesh,Shamli,Shamli,0.0,0.0,Charitable
283741,Kamiya Charitable Blood Centre Agra,Uttar Pradesh,Agra,Agra,27.179146,78.002405,Charitable
284830,Radha Krishna Memorial Charitable Blood Centre,Uttar Pradesh,Etawah,Etawah,13.355289,39.492589,Charitable
284951,Sarvodya Charitable Blood Centre,Uttar Pradesh,Muzaffarnagar,Muzaffarnagar,28.474444,77.4827,Charitable
283861,R.R. Healthcare Blood Centre,Uttar Pradesh,Moradabad,Moradabad,28.779832,77.60041,Private
2729,Blood Centre Dr. B.N. Behl,Uttar Pradesh,Shahjahanpur,Shahjahanpur,0.0,0.0,Private
1759,Career Institute Of Medical Sciences And Hospital Blood Centre,Uttar Pradesh,Lucknow,Lucknow,26.91543,80.909715,Private
1758,S.D Medical Institute And Research Centre Blood Centre Muzaffarnagar,Uttar Pradesh,Muzaffarnagar,Muzaffarnagar,0.0,0.0,Private
2726,"District Hospital, Kashganj",Uttar Pradesh,Kasganj,Kanshi Ram Nagar,27.157627,78.389439,Government
1757,Janta Blood Centre,Uttar Pradesh,Moradabad,Moradabad,28.837574,77.652471,Private
1770,Blood Centre Spm Hospital,Uttar Pradesh,Kanpur Nagar,Kanpur,26.423301,79.834303,Private
284708,Shree Dhanvantari Charitable Blood Centre,Uttar Pradesh,Lucknow,Lucknow,26.82759,80.908281,Charitable
283739,Shri Ram Charitable Blood Centre,Uttar Pradesh,Agra,AGRA,0.0,0.0,Charitable
282648,Popular Blood Centre Mirzapur,Uttar Pradesh,Mirzapur,Mirzapur,26.814897,77.981692,Private
282649,Jeevandhara Charitable Blood Centre Bulandshahr,Uttar Pradesh,Bulandshahr,Bulandshar,26.803562,78.043133,Charitable
1766,Blood Centre Medical College,Uttar Pradesh,Kannauj,Kannauj,27.387684,82.213422,Government
2734,Sadbhawna Charitable Blood Centre,Uttar Pradesh,Mathura,Mathura,0.0,0.0,Charitable
284826,Sardar Patel Charitable Blood Centre,Uttar Pradesh,Sonbhadra,Sonbhadra,26.397605,80.327916,Charitable
1765,Janta Charitable Centre,Uttar Pradesh,Bijnor,Noorpur,26.774487,77.994013,Charitable
2733,Shyam Nursing Home And Blood Centre,Uttar Pradesh,Fatehpur,Fatehpur,25.930647,80.800955,Private
1764,Shri Jagdamba Charitable Blood Centre,Uttar Pradesh,Agra,Agra,27.203435,78.046861,Charitable
284824,Pratap Blood Centre A Unit Of Kamla Hospital,Uttar Pradesh,Jhansi,Jhasi,25.452744,78.56813,Private
1763,Yatharth Wellness Super Speciality Hospital Blood Centre,Uttar Pradesh,Gautam Buddha Nagar,Noida,28.532064,77.384568,Private
2731,Blood Centre Op Chaudhary,Uttar Pradesh,Lucknow,Lucknow,26.785201,80.973148,Private
282644,Global Charitable Blood Centre,Uttar Pradesh,Firozabad,Firozabad,27.228638,78.200325,Charitable
284822,Lbs Hospital Blood And Component Centre,Uttar Pradesh,Bara Banki,Barabanki,26.758493,83.364814,Private
2730,Shubham Hospital Component Blood Center Varanasi,Uttar Pradesh,Varanasi,Varanasi,25.263743,80.457711,Private
1762,Integral Institute Of Medical Sciences And Research Blood Bank,Uttar Pradesh,Lucknow,Lucknow,26.957942,81.002588,Private
282642,"Ima Meerut Blood Centre, Meerut",Uttar Pradesh,Meerut,meerut,28.481945,77.733223,Charitable
283732,Meerut Blood Centre,Uttar Pradesh,Meerut,Meerut,28.392475,77.758033,Private
1761,Pushpa Maa Samaj Charitable Blood Centre,Uttar Pradesh,Agra,Agra,27.21103,77.989507,Charitable
284820,City Super Speciality Hospital,Uttar Pradesh,Bara Banki,Baraabanki,26.448475,80.344084,Private
283731,Apana Blood Bank,Uttar Pradesh,Etawah,Etawah,13.417672,39.535545,Private
282643,M/S Life Care Charitable Blood Centre,Uttar Pradesh,Mathura,mathura,-0.053209,0.006199,Charitable
284940,Abhishek Charitable Blood Centre,Uttar Pradesh,Mau,Mau,26.520488,80.262959,Charitable
283851,Idst Mayo Hospital And Blood Centre,Uttar Pradesh,Ghaziabad,Ghaziabad,0.0,0.0,Private
2738,Shamli Charitable Blood Centre (Run By Jan Jeevan Kalyan Samity),Uttar Pradesh,Shamli,Shamli,-0.034802,0.003599,Charitable
2737,Manav Sewa Charitable Blood Centre,Uttar Pradesh,Agra,Agra,0.0,0.0,Charitable
1768,Blood Centre Max Hospital,Uttar Pradesh,Gautam Buddha Nagar,Noida,28.532368,77.408563,Private
2736,Rotary Blood Centre,Uttar Pradesh,Mathura,Mathura,5.7e-05,0.0333,Charitable
1778,Sant Blood Centre,Uttar Pradesh,Jhansi,Jhansi,25.44063,78.532173,Private
284418,Dr Rajeev Charitable Blood Centre,Uttar Pradesh,Meerut,Meerut,28.513297,77.686679,Charitable
1776,Ramnayan Life Line Charitable Blood Bank,Uttar Pradesh,Gorakhpur,Gorakhpur,0.0,0.0,Charitable
284659,Bharat Charitable Blood Center,Uttar Pradesh,Moradabad,Moradabad,28.961414,77.638197,Charitable
284537,Ram Ratan Hospital Blood Centre (A Unit Of Rr Life Sciences Pvt.Ltd)( Operated By Fortis Hospital),Uttar Pradesh,Gautam Buddha Nagar,GREATER NOIDA,28.543356,77.361448,Private
284416,Esic Medical College and hospital Blood Centre Noida,Uttar Pradesh,Gautam Buddha Nagar,Noida,28.534411,77.395006,Government
1774,Radhey Shyam Gupta Ima Blood Centre,Uttar Pradesh,Bareilly,Bareilly,28.421561,79.410473,Charitable
283205,Najibabad Charitable Blood Centre,Uttar Pradesh,Bijnor,Kotdwar,26.76552,77.979566,Charitable
1773,Krishna Super Speciality Hospital Blood Centre,Uttar Pradesh,Kanpur Nagar,Kanpur,26.448475,80.344084,Private
2741,Sevarth Sansthan Blood Centre,Uttar Pradesh,Firozabad,Firozabad,27.23053,78.21226,Private
284415,Orai Charitable Blood Centre,Uttar Pradesh,Jalaun,Orai,26.777902,78.031759,Charitable
284536,District Combined Hospital Blood Centre Asaidapur Gauriganj Amethi,Uttar Pradesh,Amethi,GAURIGANJ,26.188695,81.833366,Government
284656,Shri Balaji Charitable Blood Centre Gorakhpur,Uttar Pradesh,Gorakhpur,Gorakhpur,26.776322,83.357794,Charitable
280178,Savitri Blood Centre And Component Center,Uttar Pradesh,Gorakhpur,Gorakhpur,26.758493,83.364814,Private
2740,Blood Centre F H Hospital,Uttar Pradesh,Firozabad,Firozabad,27.230412,78.212065,Private
284535,Numed Blood Centre,Uttar Pradesh,Gautam Buddha Nagar,Greater Noida,28.519184,77.371406,Private
280179,Rashtriya Charitable Blood Centre,Uttar Pradesh,Gautam Buddha Nagar,Noida,28.500331,77.374168,Charitable
284413,Khs Charitable Blood Centre,Uttar Pradesh,Lucknow,Lucknow,26.81979,80.822838,Charitable
283323,Bharat Charitable Blood Centre,Uttar Pradesh,Agra,Agra,28.961414,77.638197,Charitable
284775,Ujala Hospital Blood Centre,Uttar Pradesh,Jaunpur,Jaunpur,25.724686,82.701486,Private
280176,RAJSHREE MEDICAL RESEARCH INSTITUTE BLOOD BANK BLOOD BANK,Uttar Pradesh,Bareilly,Bareilly,28.48308,79.285312,Private
284412,Life Line Charitable Blood Centre,Uttar Pradesh,Meerut,Meerut,28.33669,79.420104,Charitable
283686,Krishna Hospital And Blood Centre,Uttar Pradesh,Mirzapur,Mirzapur,26.777549,77.997986,Private
284774,"Blood Centre, Max Super Speciality Hospital Lucknow",Uttar Pradesh,Lucknow,Lucknow,26.448475,80.344084,Private
280177,Blood Centre Rohilkhand Hospital,Uttar Pradesh,Shahjahanpur,Shahjahanpur,0.0,0.0,Private
284653,Life Charitable Blood Centre,Uttar Pradesh,Deoria,Deoria,26.805049,78.025019,Charitable
283200,Baraut Charitable Blood Centre,Uttar Pradesh,Baghpat,Baraut,13.769722,39.034568,Charitable
283684,Shanti Nursing Home Blood Bank / Centre,Uttar Pradesh,Aligarh,Aligarh,0.0,0.0,Private
280174,Life Care Charitable Blood Centre,Uttar Pradesh,Aligarh,Aligarh,0.0,0.0,Charitable
284652,Pacific Charitable Blood Centre,Uttar Pradesh,Balrampur,TULSIPUR,13.43205,40.518931,Charitable
284530,Surajpur Charitable Blood Centre,Uttar Pradesh,Gautam Buddha Nagar,G.b Nagar,28.546366,77.369304,Charitable
284772,Manas Charitable Blood Center Fatehpur ( U.P),Uttar Pradesh,Fatehpur,FATEHPUR,25.923566,80.842383,Charitable
284650,Parth Blood Centre,Uttar Pradesh,Sambhal,CHANDAUSI,25.458336,78.616978,Private
280173,SHEKHAR SARRAF MEMORIAL BLOOD CENTRE,Uttar Pradesh,Aligarh,Aligarh,-0.003831,0.027792,Private
280170,Om Charitable Blood Centre,Uttar Pradesh,Agra,Agra,0.0,0.0,Charitable
280171,Blood Centre Krishna Mohan Medical College,Uttar Pradesh,Mathura,Mathura,0.0,0.0,Private
1792,District Hospital Male Badaun,Uttar Pradesh,Budaun,Badaun,26.019414,79.505093,Government
1791,Blood Centre District Hospital,Uttar Pradesh,Pratapgarh,Pratapgarh,27.17064,78.010456,Government
284407,Avani Paridhi Blood Center,Uttar Pradesh,Banda,Banda,25.513993,80.342916,Private
284769,Sidharth Charitable Blood Centre,Uttar Pradesh,Siddharthnagar,Sidharth Nagar,26.736623,83.359565,Charitable
284648,Ajay Sangaal Institute Of Medical Sciences And Research And Ayushmaan Hospital Blood Centre,Uttar Pradesh,Shamli,JHINJHANA,26.96145,78.962055,Private
284527,Narayana Charitable Blood And Component Centre Lucknow,Uttar Pradesh,Lucknow,Lucknow,26.823088,80.882646,Charitable
1785,Har Prasad Blood Bank,Uttar Pradesh,Aligarh,Aligarh,0.0,0.0,Private
284647,Bareilly Charitable Blood Center,Uttar Pradesh,Bareilly,Bareilly,28.367938,79.454983,Charitable
284405,Sangam Charitable Blood And Component Center,Uttar Pradesh,Bhadohi,Gopiganj,0.0,0.0,Private
284525,Etawah City Charitable Blood Centre Run By Sahar Foundation,Uttar Pradesh,Etawah,Etawah,13.348901,39.512627,Charitable
284524,Sk Charitable Blood Centre,Uttar Pradesh,Sambhal,CHANDAUSI,-0.021665,0.000201,Private
284644,Shivansh Blood Center,Uttar Pradesh,Jaunpur,Jaunpur,25.766165,82.719396,Private
284523,Yashoda Superspeciality Hospital And Cancer Institutes Sanjay Nagar Ghaziabad,Uttar Pradesh,Ghaziabad,Ghaziabad,26.454256,77.325355,Private
282588,Ford Blood Centre,Uttar Pradesh,Varanasi,Varansi,25.300189,80.50218,Private
283313,Lucknow Healthcity Trauma Centre And Super Speciality Hospital,Uttar Pradesh,Lucknow,Lucknow,26.874906,80.906266,Private
284402,Hardev Tewari Charitable Blood Centre,Uttar Pradesh,Prayagraj,PRAYAGRAJ,25.473224,78.697605,Charitable
284522,Lalit Blood Bank Center,Uttar Pradesh,Jalaun,Orai,26.812394,78.028034,Private
284521,Dhanvantari Charitable Blood Centre,Uttar Pradesh,Lucknow,Lucknow,26.828323,80.889729,Charitable
284520,Anubhav Blood Center,Uttar Pradesh,Farrukhabad,farrukhabad,-0.011385,-0.015047,Private
284640,Ashoka Charitable Blood Centre,Uttar Pradesh,Lucknow,Lucknow,26.867558,80.894643,Charitable
282584,Nutema Blood Centre,Uttar Pradesh,Meerut,Meerut,28.475983,77.642376,Private
283672,"United Medicity Blood Bank,Prayagraj.",Uttar Pradesh,Prayagraj,Prayagraj,25.432362,78.710481,Private
283671,City Lions Blood Bank,Uttar Pradesh,Saharanpur,Saharanpur,0.0,0.0,Charitable
283309,Tender Palm Hospital Blood Centre,Uttar Pradesh,Lucknow,Lucknow,26.859487,80.898651,Private
284519,Charak Hospital Blood And Component Centre Barabanki,Uttar Pradesh,Bara Banki,Barabanki,26.73222,81.126865,Private
1799,Blood Centre District Hospital Ghazipur,Uttar Pradesh,Ghazipur,Ghazipur,25.582008,83.582114,Government
1798,Autonomous State Medical College,Uttar Pradesh,Sultanpur,Sultanpur,28.676082,77.618443,Government
284517,Moradabad Charitable Blood Centre,Uttar Pradesh,Moradabad,Moradabad,28.820475,77.648869,Charitable
284759,Dr.Darshan Blood Centre,Uttar Pradesh,Meerut,mail sent for required details on User i,28.472418,77.718795,Private
1797,Blood Centre District Hospital,Uttar Pradesh,Gonda,Gonda,27.17064,78.010456,Government
283426,Indian Medical Charitable Blood Centre Raebareli,Uttar Pradesh,Raebareli,RAEBARELI,26.91459,78.973896,Charitable
284515,Dr Lal Singh Memorial Hospital And Blood Centre,Uttar Pradesh,Moradabad,Moradabad,28.760098,77.653149,Private
284757,Sunrise Blood Centre,Uttar Pradesh,Bareilly,Bareily,28.371702,79.42236,Private
280279,Rama Devi Medical Centre Pvt Ltd Blood Bank,Uttar Pradesh,Kanpur Nagar,KANPUR,26.475728,79.822172,Private
1794,A.K.Charitable Blood Centre,Uttar Pradesh,Bijnor,Bijnor,26.762682,78.046181,Charitable
284875,Prem Raghu Hospital Blood Centre,Uttar Pradesh,Hathras,Hathras,26.765556,78.031712,Private
283665,Prakash Hospital And Trauma Centre (Blood Centre),Uttar Pradesh,Mau,MAU,26.501131,80.257486,Private
284754,Agra Charitable Blood Center,Uttar Pradesh,Agra,Agra,27.179146,78.002405,Charitable
284874,Ballia City Charitable Blood Center (Run By Fatima Welfare Society),Uttar Pradesh,Ballia,Balia,26.789099,78.006125,Charitable
283785,Little Start Charitable Blood Centre,Uttar Pradesh,Meerut,Meerut,28.434199,77.695307,Charitable
282574,Noida International Institute Of Medical Science,Uttar Pradesh,Gautam Buddha Nagar,Greater Noida,26.909607,81.141778,Private
283421,R.K.Hospital Blood And Component Centre Jaunpur,Uttar Pradesh,Jaunpur,Jaunpur,25.758076,82.734371,Private
283784,Vinayak Medicare Blood Centre,Uttar Pradesh,Lucknow,Lucknow,26.800899,80.930353,Private
283300,Sgs Charitable Blood Center,Uttar Pradesh,Pratapgarh,Pratapgarh,27.175226,77.968964,Charitable
284631,Kiran Blood Centre,Uttar Pradesh,Saharanpur,Saharanpur,-0.047976,0.014122,Private
280273,Shree Ji Charitable Blood Centre,Uttar Pradesh,Ayodhya,Ayodhya,26.788279,77.998338,Charitable
284871,Ashirwad Blood Centre,Uttar Pradesh,Moradabad,MORADABAD,28.843013,77.664208,Private
283780,United Blood Centre Unnao,Uttar Pradesh,Unnao,Unnao,26.597169,81.856742,Private
284506,Basti Charitable Blood Centre,Uttar Pradesh,Basti,Basti,26.760627,82.791703,Charitable
284747,Geetanjali Charitable Blood Center,Uttar Pradesh,Sant Kabir Nagar,khalilabad,26.820653,78.02158,Charitable
283777,Manas Charitable Blood Center Kanpur,Uttar Pradesh,Kanpur Nagar,Kanpur Nagar,26.437462,79.824458,Charitable
284745,Surya Blood Centre,Uttar Pradesh,Bhadohi,BHADOHI,26.291826,78.993841,Private
283776,Siddhi Vinayak Blood Centre,Uttar Pradesh,Jhansi,Jhansi,25.467662,78.566336,Private
284865,Sarthi Charitable Blood Centre,Uttar Pradesh,Lucknow,Lucknow,28.961414,77.638197,Charitable
284501,Maya Component Blood Centre,Uttar Pradesh,Varanasi,Varanasi,25.283163,82.968511,Private
283653,S.M.Blood Centre,Uttar Pradesh,Meerut,Meerut,28.461616,77.690845,Private
280264,Dr. Ram Manohar Lohiya Hospital,Uttar Pradesh,Farrukhabad,Farrukhabad,0.0,0.0,Government
284500,Sanjivini Hospital And Research Centre,Uttar Pradesh,Lucknow,Lucknow,26.872555,80.871172,Private
282685,M/S Felix Hospital(Blood Centre),Uttar Pradesh,Gautam Buddha Nagar,Gautam Buddha Nagar,28.556282,77.393625,Private
284740,Vital Charitable Blood Centre,Uttar Pradesh,Meerut,Meerut,28.471509,77.714092,Charitable
280384,G S Medical College And Hospital Blood Centre,Uttar Pradesh,Hapur,PILKUWA,0.0,0.0,Private
284981,Nai Umeed Charitable Blood Center,Uttar Pradesh,Moradabad,Rampur Doraha,28.831667,77.640433,Charitable
282680,Combined District Hospital,Uttar Pradesh,Kannauj,Kannauj,27.409812,82.192775,Government
284980,Guru Nanak Dev Charitable Blood Centre,Uttar Pradesh,Bijnor,Najibabad,26.735612,78.023897,Charitable
472,Saroj Gupta Cancer And Research Institute Blood Centre,West Bengal,Kolkata,Kolkata,22.4591971,88.3196724,Private
474,"Terai Lions Charitable Trust Blod Centre, Siliguri",West Bengal,Darjeeling,Darjeeling,26.740331,88.439515,Charitable
284299,Anandalok Blood Centre,West Bengal,Paschim Bardhaman,RANIGANJ,23.547072,87.376294,Charitable
284298,Netaji Subhas Chandra Bose Cancer Hospital Blood Centre,West Bengal,Kolkata,Kolkata,22.522675,88.370287,Private
284295,Neotia Getwel Blood Centre,West Bengal,Darjeeling,Siliguri,26.724939,88.442045,Private
284294,Santiniketanmedicalcollege Blood Centre,West Bengal,Birbhum,Bolpur,22.515305,88.360163,Private
284293,Health World Hospitals Bloodbank(A Unitof Parashmani Pvt Limited),West Bengal,Paschim Bardhaman,Durgapur,23.558738,87.345029,Private
284292,Indian Institute Of Liver And Digestive Sciences Blood Centre,West Bengal,South Twenty Four Parganas,Kolkata,22.535862,88.351248,Private
284291,Chittaranjan Advance Medical Refferal Institute Blood Centre,West Bengal,Purba Bardhaman,Burdwan,22.526268,88.347256,Private
480,Paul P Harris Siliguri Rotary Blood Centre,West Bengal,Darjeeling,Siliguri,26.7304824,88.4166094,Charitable
487,"Blood Centre, Esic Hospital And Odc (E.Z.) Joka, Kolkata-104",West Bengal,Kolkata,Kolkata,22.453064,88.302505,Government
489,Fortis Hospital Ltd.,West Bengal,Kolkata,Kolkata,22.556595,88.381056,Private
402,B.M. Birla Heart Research Centre Blood Centre,West Bengal,Kolkata,KOLKATA,22.53269,88.328346,Private
407,Belle Vue Clinic Blood Centre,West Bengal,Kolkata,Kolkata,22.542571,88.355055,Private
490,Tata Medical Centre Trust,West Bengal,Kolkata,Kolkata,22.577236,88.479461,Private
491,Institute Of Child Health Blood Centre,West Bengal,Kolkata,Kolkata,22.5387081,88.3719339,Private
492,M/S Medica Super Specialty Hospital Blood Centre,West Bengal,Kolkata,Kolkata,22.494356,88.400972,Private
493,Vivekananda Hospital Pvt. Ltd.,West Bengal,Paschim Bardhaman,Durgapur,23.547496,87.327381,Private
494,Sanjiban Hospital,West Bengal,Howrah,Howrah,22.4807481,88.1152976,Private
283904,Nehru Memorial Techno Global Hospital Blood Centre,West Bengal,North Twenty Four Parganas,Barrackpore,22.554953,88.350448,Private
495,Iq City Medical College And Hospital Blood Centre,West Bengal,Paschim Bardhaman,Durgapur,23.543881,87.339972,Private
282814,Om Blood Centre,West Bengal,Kolkata,Kolkata,22.57276,88.361241,Charitable
280512,Sri Ramkrishna Institute Of Medical Sciences And Sanaka Hospitals,West Bengal,Purba Bardhaman,Durgapur,22.899932,88.09128,Private
410,Bhoruka Research Centre For Haematology And Blood Transfusion,West Bengal,Kolkata,Kolkata,22.555075,88.357116,Charitable
499,Manipal Hospitals (East) India Private Limited Blood Centre,West Bengal,Kolkata,Kolkata,22.549891,88.370811,Private
284316,"Blood Centre,Kpc Medical College And Hospital",West Bengal,Kolkata,Kolkata,22.4938363,88.3731117,Private
412,Peerless Hospitex Hospital And Research Center Limited,West Bengal,Kolkata,Kolkata,22.480926,88.39381,Private
414,Apollo Multispeciality Hospitals Ltd Blood Centre,West Bengal,Kolkata,Kolkata,22.531068,88.353145,Private
415,Barasat Cancer Research And Welfare Centre,West Bengal,Kolkata,Barasat,22.7240431,88.4887791,Charitable
284274,Narayana Super Speciality Hospital Blood Centre,West Bengal,Hooghly,Howrah,22.494356,88.400972,Private
284273,Maharaja Agrasen Lions Magnum Blood Centre ( A Unit Of Lions Club Of Siliguri Magnum Sewa Trust ),West Bengal,Jalpaiguri,Siliguri,22.483246,88.411722,Charitable
284272,Teresa Om Blood Centre(A Unit Of Sudha Medical Relif And Research Foundations),West Bengal,Purba Bardhaman,PURBA BARDHAMAN,22.925139,88.08731,Charitable
285227,Charak Square Hospitech Blood Centre,West Bengal,Murshidabad,Berhampore,22.572908,88.367184,Private
284303,Belur Sramajibi Swasthya Prakalpa Samity Blood Centre,West Bengal,Hooghly,Barobelu,22.505756,88.381109,Private
280465,Kothari Medical Center Blood Centre,West Bengal,Kolkata,Kolkata,22.577236,88.479461,Private
284302,Life Care Medical Foundation Blood Centre,West Bengal,North Twenty Four Parganas,Kolkata,22.492285,88.332818,Charitable
284301,Maheswari Foundation Blood Centre,West Bengal,Howrah,Uluberia,22.47653,88.119518,Charitable
285072,Manorama Hospitex Blood Centre,West Bengal,Nadia,Ranaghat,23.622709,87.973077,Private
285110,Jeevan Rekha Hospital Blood Centre,West Bengal,Uttar Dinajpur,Raiganj,22.5397,88.350777,Private
19143,UPASAM OMBLOOD CENTRE AUNITOFSUDHA MEDICALRELIF ANDRESEARCH FOUNDATIONS,West Bengal,Uttar Dinajpur,RAIGANJ,22.524909,88.417,Charitable
30060,Nadia District Hospital Blood Centre,West Bengal,Nadia,Krishnanagar,23.915783,87.516918,Government
19140,Asansol Healthworld Pvt Ltd Blood Centre,West Bengal,Paschim Bardhaman,Asansol,23.541344,87.39203,Private
19142,RANIGANJ BLOOD CENTRE NGO,West Bengal,Paschim Bardhaman,RANIGANJ,23.50011,87.361854,Private
282919,Mal Super Speciality Hospital Blood Centre,West Bengal,Jalpaiguri,Malbazar,22.494356,88.400972,Government
19141,ISPAT COOPERATIVE HOSPITAL BLOOD CENTRE,West Bengal,South Twenty Four Parganas,SONARPUR,22.529464,88.351578,Private
435,Indian Association Of Blood Centre Cancer And Allied Diseases,West Bengal,Kolkata,Kolkata,22.5718203,88.3924006,Private
284534,Krishnanagar Institute Of Medical Science Blood Centre,West Bengal,Nadia,Krishnanagar,23.405437,88.49109,Private
439,Lions District 322b1 Blood Centre,West Bengal,Kolkata,Kolkata,22.5675717,88.3510506,Charitable
1416,"Blood Centre, The Mission Hospital ( A Unit Of Durgapur Medical Centre Pvt. Ltd.",West Bengal,Paschim Bardhaman,Durgapur,23.5201833,87.3554804,Private
285248,SWASTIK CLINIC AND SEVA SADAN PRIVATE LIMITED BLOOD CENTRE,West Bengal,Birbhum,Suri,22.555947,88.321818,Private
284408,"Blood Center,Aiims,Kalyani",West Bengal,Nadia,kalyani,23.619451,88.002684,Government
283956,Lions Club Of Calcutta South Welfare Trust Blood Centre,West Bengal,Kolkata,barisha,22.509873,88.366248,Charitable
444,"The Indian Iron And Steel Company, Burnpur Hospital",West Bengal,Purba Bardhaman,Asansol,22.889306,88.072755,Government
447,Marwari Relief Society Blood Centre,West Bengal,Kolkata,Kolkata,22.5828594,88.3574931,Charitable
283950,Jagannath Gupta Institute Of Medical Sciences And Hospital Blood Center,West Bengal,South Twenty Four Parganas,Kolkata,22.562676,88.365901,Private
448,Life Care Medical Foundation Blood Centre,West Bengal,Kolkata,Kolkata,22.554776,88.385095,Charitable
285254,Hope and Heal Cancer Hospital and Research Center Private Limited Blood Centre,West Bengal,Jalpaiguri,Fulbari,22.438913,88.363683,Private
285257,Bengal Hospital Blood Centre,West Bengal,Paschim Bardhaman,Durgapur,23.530141,87.350306,Private
19120,Chittaranjan National Cancer Institute Blood Bank,West Bengal,Kolkata,Kolkata,22.526268,88.347256,Government
455,Peoples Blood Centre,West Bengal,Kolkata,Kolkata,22.525654,88.346302,Charitable
457,Rabindranath Tagore International Institute Of Cardiac Sciences Blood Centre,West Bengal,Kolkata,Kolkata,22.534345,88.402303,Private
459,Ramkrishna Mission Seva Prathisthan Blood Centre,West Bengal,Kolkata,Kolkata,22.5233814,88.351709,Charitable
284474,Ruby General Hospital Pvt Ltd Blood Centre,West Bengal,South Twenty Four Parganas,KOLKATA,22.521382,88.38395,Private
19137,Chittaranjan National Cancer Institute 2nd Campus,West Bengal,North Twenty Four Parganas,Newtown,22.526268,88.347256,Government
19136,Bengal Faith Hospital Blood Centre A Unit of Bengal Faith Healthcare,West Bengal,Purba Bardhaman,KH No : 5715,22.856379,88.043625,Private
19138,Desun Hospital and Heart Institute Blood Centre,West Bengal,Kolkata,Kolkata,22.5387081,88.3719339,Private
19133,HMC ROTARY BLOOD CENTRE Howrah,West Bengal,Howrah,Howrah,22.51911,88.170695,Private
19134,SHARANYA BLOOD CENTRE PURBA BARDHAMAN,West Bengal,Purba Bardhaman,PURBA BARDHAMAN,22.902001,88.054428,Private
19131,"Dr. Bidhan Chandra Roy Hospital Blood Centre,Haldia (A Unit Of ICARE)",West Bengal,Purba Medinipur,Haldia,22.0639805,88.0360249,Private
461,Rashmi Blood Centre,West Bengal,Purba Bardhaman,Barddhaman,23.254108,87.853364,Charitable
463,South Eastern Railway Main Hospital Blood Centre,West Bengal,Paschim Medinipur,Kharagpur,22.3343711,87.3149694,Government
466,Gouri Devi Institute Of Medical Sciences And Hospital Blood Centre,West Bengal,Paschim Bardhaman,DURGAPUR,23.493429,87.345388,Private
