equipment_id,bank_id,equipment_type,manufacturer,model,timestamp,health_score,status
EQ-280695-PIA-01,280695,Platelet incubator with agitator,Remi,RPA-100,2026-08-21T00:00:00,88.7,OK
EQ-31003-PIA-01,31003,Platelet incubator with agitator,Labtop,LPI-12,2026-08-21T00:00:00,91.5,OK
EQ-281675-PIA-01,281675,Platelet incubator with agitator,Terumo BCT,Trima Storage Console,2026-08-21T00:00:00,87.4,OK
EQ-281681-PIA-01,281681,Platelet incubator with agitator,Thermo Fisher,Forma 3911,2026-08-21T00:00:00,85.1,OK
EQ-281691-PIA-01,281691,Platelet incubator with agitator,Helmer,PC2200i,2026-08-21T00:00:00,91.1,OK
EQ-284578-PIA-01,284578,Platelet incubator with agitator,Remi,RPA-100,2026-08-21T00:00:00,85.6,OK
EQ-285058-PIA-01,285058,Platelet incubator with agitator,Labtop,LPI-12,2026-08-21T00:00:00,89.8,OK
EQ-2811-PIA-01,2811,Platelet incubator with agitator,Terumo BCT,Trima Storage Console,2026-08-21T00:00:00,93.4,OK
EQ-281656-PIA-01,281656,Platelet incubator with agitator,Thermo Fisher,Forma 3911,2026-08-21T00:00:00,88.2,OK
EQ-281661-PIA-01,281661,Platelet incubator with agitator,Helmer,PC2200i,2026-08-21T00:00:00,91.4,OK
EQ-283773-PIA-01,283773,Platelet incubator with agitator,Remi,RPA-100,2026-08-21T00:00:00,88.7,OK
EQ-284580-PIA-01,284580,Platelet incubator with agitator,Labtop,LPI-12,2026-08-21T00:00:00,90.6,OK
EQ-284581-PIA-01,284581,Platelet incubator with agitator,Terumo BCT,Trima Storage Console,2026-08-21T00:00:00,90.1,OK
EQ-285223-PIA-01,285223,Platelet incubator with agitator,Thermo Fisher,Forma 3911,2026-08-21T00:00:00,88.4,OK
EQ-285331-PIA-01,285331,Platelet incubator with agitator,Helmer,PC2200i,2026-08-21T00:00:00,90.3,OK
EQ-280920-PIA-01,280920,Platelet incubator with agitator,Remi,RPA-100,2026-08-21T00:00:00,90.2,OK
EQ-281306-PIA-01,281306,Platelet incubator with agitator,Labtop,LPI-12,2026-08-21T00:00:00,85.3,OK
EQ-281308-PIA-01,281308,Platelet incubator with agitator,Terumo BCT,Trima Storage Console,2026-08-21T00:00:00,89.3,OK
EQ-281309-PIA-01,281309,Platelet incubator with agitator,Thermo Fisher,Forma 3911,2026-08-21T00:00:00,87.6,OK
EQ-281312-PIA-01,281312,Platelet incubator with agitator,Helmer,PC2200i,2026-08-21T00:00:00,87.1,OK
EQ-28149-PIA-01,28149,Platelet incubator with agitator,Remi,RPA-100,2026-08-21T00:00:00,88.7,OK
EQ-282620-PIA-01,282620,Platelet incubator with agitator,Labtop,LPI-12,2026-08-21T00:00:00,93.0,OK
EQ-282646-PIA-01,282646,Platelet incubator with agitator,Terumo BCT,Trima Storage Console,2026-08-21T00:00:00,88.1,OK
EQ-282824-PIA-01,282824,Platelet incubator with agitator,Thermo Fisher,Forma 3911,2026-08-21T00:00:00,87.7,OK
EQ-283503-PIA-01,283503,Platelet incubator with agitator,Helmer,PC2200i,2026-08-21T00:00:00,86.8,OK
EQ-283515-PIA-01,283515,Platelet incubator with agitator,Remi,RPA-100,2026-08-21T00:00:00,86.8,OK
EQ-2842-PIA-01,2842,Platelet incubator with agitator,Labtop,LPI-12,2026-08-21T00:00:00,86.9,OK
EQ-284558-PIA-01,284558,Platelet incubator with agitator,Terumo BCT,Trima Storage Console,2026-08-21T00:00:00,86.6,OK
EQ-284661-PIA-01,284661,Platelet incubator with agitator,Thermo Fisher,Forma 3911,2026-08-21T00:00:00,90.5,OK
EQ-280924-PIA-01,280924,Platelet incubator with agitator,Helmer,PC2200i,2026-08-21T00:00:00,89.0,OK
EQ-281771-PIA-01,281771,Platelet incubator with agitator,Remi,RPA-100,2026-08-21T00:00:00,90.0,OK
EQ-281772-PIA-01,281772,Platelet incubator with agitator,Labtop,LPI-12,2026-08-21T00:00:00,89.2,OK
EQ-283342-PIA-01,283342,Platelet incubator with agitator,Terumo BCT,Trima Storage Console,2026-08-21T00:00:00,91.5,OK
EQ-283353-PIA-01,283353,Platelet incubator with agitator,Thermo Fisher,Forma 3911,2026-08-21T00:00:00,91.6,OK
EQ-283814-PIA-01,283814,Platelet incubator with agitator,Helmer,PC2200i,2026-08-21T00:00:00,85.9,OK
EQ-284662-PIA-01,284662,Platelet incubator with agitator,Remi,RPA-100,2026-08-21T00:00:00,88.2,OK
EQ-280932-PIA-01,280932,Platelet incubator with agitator,Labtop,LPI-12,2026-08-21T00:00:00,88.7,OK
EQ-28116-PIA-01,28116,Platelet incubator with agitator,Terumo BCT,Trima Storage Console,2026-08-21T00:00:00,92.7,OK
EQ-28147-PIA-01,28147,Platelet incubator with agitator,Thermo Fisher,Forma 3911,2026-08-21T00:00:00,85.1,OK
EQ-281518-PIA-01,281518,Platelet incubator with agitator,Helmer,PC2200i,2026-08-21T00:00:00,91.2,OK
EQ-283867-PIA-01,283867,Platelet incubator with agitator,Remi,RPA-100,2026-08-21T00:00:00,86.8,OK
EQ-284582-PIA-01,284582,Platelet incubator with agitator,Labtop,LPI-12,2026-08-21T00:00:00,94.7,OK
EQ-284663-PIA-01,284663,Platelet incubator with agitator,Terumo BCT,Trima Storage Console,2026-08-21T00:00:00,94.6,OK
EQ-285056-PIA-01,285056,Platelet incubator with agitator,Thermo Fisher,Forma 3911,2026-08-21T00:00:00,87.2,OK
EQ-285221-PIA-01,285221,Platelet incubator with agitator,Helmer,PC2200i,2026-08-21T00:00:00,89.7,OK
EQ-285229-PIA-01,285229,Platelet incubator with agitator,Remi,RPA-100,2026-08-21T00:00:00,92.2,OK
EQ-285309-PIA-01,285309,Platelet incubator with agitator,Labtop,LPI-12,2026-08-21T00:00:00,90.9,OK
EQ-285319-PIA-01,285319,Platelet incubator with agitator,Terumo BCT,Trima Storage Console,2026-08-21T00:00:00,88.1,OK
EQ-280921-PIA-01,280921,Platelet incubator with agitator,Thermo Fisher,Forma 3911,2026-08-21T00:00:00,85.9,OK
EQ-281313-PIA-01,281313,Platelet incubator with agitator,Helmer,PC2200i,2026-08-21T00:00:00,91.0,OK
EQ-281314-PIA-01,281314,Platelet incubator with agitator,Remi,RPA-100,2026-08-21T00:00:00,85.4,OK
EQ-281315-PIA-01,281315,Platelet incubator with agitator,Labtop,LPI-12,2026-08-21T00:00:00,87.5,OK
EQ-281316-PIA-01,281316,Platelet incubator with agitator,Terumo BCT,Trima Storage Console,2026-08-21T00:00:00,92.4,OK
EQ-28142-PIA-01,28142,Platelet incubator with agitator,Thermo Fisher,Forma 3911,2026-08-21T00:00:00,88.8,OK
EQ-2829-PIA-01,2829,Platelet incubator with agitator,Helmer,PC2200i,2026-08-21T00:00:00,90.7,OK
EQ-284591-PIA-01,284591,Platelet incubator with agitator,Remi,RPA-100,2026-08-21T00:00:00,93.9,OK
EQ-2901-PIA-01,2901,Platelet incubator with agitator,Labtop,LPI-12,2026-08-21T00:00:00,85.4,OK
EQ-280902-PIA-01,280902,Platelet incubator with agitator,Terumo BCT,Trima Storage Console,2026-08-21T00:00:00,86.4,OK
EQ-280926-PIA-01,280926,Platelet incubator with agitator,Thermo Fisher,Forma 3911,2026-08-21T00:00:00,89.1,OK
EQ-280929-PIA-01,280929,Platelet incubator with agitator,Helmer,PC2200i,2026-08-21T00:00:00,93.1,OK
EQ-283444-PIA-01,283444,Platelet incubator with agitator,Remi,RPA-100,2026-08-21T00:00:00,89.9,OK
EQ-283789-PIA-01,283789,Platelet incubator with agitator,Labtop,LPI-12,2026-08-21T00:00:00,90.8,OK
EQ-284399-PIA-01,284399,Platelet incubator with agitator,Terumo BCT,Trima Storage Console,2026-08-21T00:00:00,90.0,OK
EQ-284586-PIA-01,284586,Platelet incubator with agitator,Thermo Fisher,Forma 3911,2026-08-21T00:00:00,92.0,OK
EQ-284598-PIA-01,284598,Platelet incubator with agitator,Helmer,PC2200i,2026-08-21T00:00:00,87.0,OK
EQ-284669-PIA-01,284669,Platelet incubator with agitator,Remi,RPA-100,2026-08-21T00:00:00,93.8,OK
EQ-284670-PIA-01,284670,Platelet incubator with agitator,Labtop,LPI-12,2026-08-21T00:00:00,86.8,OK
EQ-284672-PIA-01,284672,Platelet incubator with agitator,Terumo BCT,Trima Storage Console,2026-08-21T00:00:00,89.3,OK
EQ-284963-PIA-01,284963,Platelet incubator with agitator,Thermo Fisher,Forma 3911,2026-08-21T00:00:00,94.1,OK
EQ-2881-PIA-01,2881,Platelet incubator with agitator,Helmer,PC2200i,2026-08-21T00:00:00,92.6,OK
EQ-28106-PIA-01,28106,Platelet incubator with agitator,Remi,RPA-100,2026-08-21T00:00:00,90.5,OK
EQ-281755-PIA-01,281755,Platelet incubator with agitator,Labtop,LPI-12,2026-08-21T00:00:00,84.7,Watch
EQ-2831-PIA-01,2831,Platelet incubator with agitator,Terumo BCT,Trima Storage Console,2026-08-21T00:00:00,88.1,OK
EQ-283394-PIA-01,283394,Platelet incubator with agitator,Thermo Fisher,Forma 3911,2026-08-21T00:00:00,87.5,OK
EQ-283774-PIA-01,283774,Platelet incubator with agitator,Helmer,PC2200i,2026-08-21T00:00:00,93.6,OK
EQ-283889-PIA-01,283889,Platelet incubator with agitator,Remi,RPA-100,2026-08-21T00:00:00,89.0,OK
EQ-284583-PIA-01,284583,Platelet incubator with agitator,Labtop,LPI-12,2026-08-21T00:00:00,91.5,OK
EQ-284592-PIA-01,284592,Platelet incubator with agitator,Terumo BCT,Trima Storage Console,2026-08-21T00:00:00,85.7,OK
EQ-284665-PIA-01,284665,Platelet incubator with agitator,Thermo Fisher,Forma 3911,2026-08-21T00:00:00,88.6,OK
EQ-284666-PIA-01,284666,Platelet incubator with agitator,Helmer,PC2200i,2026-08-21T00:00:00,93.1,OK
EQ-284667-PIA-01,284667,Platelet incubator with agitator,Remi,RPA-100,2026-08-21T00:00:00,88.0,OK
EQ-284671-PIA-01,284671,Platelet incubator with agitator,Labtop,LPI-12,2026-08-21T00:00:00,92.8,OK
EQ-284732-PIA-01,284732,Platelet incubator with agitator,Terumo BCT,Trima Storage Console,2026-08-21T00:00:00,88.7,OK
EQ-2851-PIA-01,2851,Platelet incubator with agitator,Thermo Fisher,Forma 3911,2026-08-21T00:00:00,88.7,OK
EQ-2930-PIA-01,2930,Platelet incubator with agitator,Helmer,PC2200i,2026-08-21T00:00:00,86.8,OK
EQ-2934-PIA-01,2934,Platelet incubator with agitator,Remi,RPA-100,2026-08-21T00:00:00,87.6,OK
EQ-2803-PIA-01,2803,Platelet incubator with agitator,Labtop,LPI-12,2026-08-21T00:00:00,86.0,OK
EQ-280913-PIA-01,280913,Platelet incubator with agitator,Terumo BCT,Trima Storage Console,2026-08-21T00:00:00,90.6,OK
EQ-280937-PIA-01,280937,Platelet incubator with agitator,Thermo Fisher,Forma 3911,2026-08-21T00:00:00,89.5,OK
EQ-281328-PIA-01,281328,Platelet incubator with agitator,Helmer,PC2200i,2026-08-21T00:00:00,89.5,OK
EQ-28141-PIA-01,28141,Platelet incubator with agitator,Remi,RPA-100,2026-08-21T00:00:00,92.3,OK
EQ-281752-PIA-01,281752,Platelet incubator with agitator,Labtop,LPI-12,2026-08-21T00:00:00,85.9,OK
EQ-281768-PIA-01,281768,Platelet incubator with agitator,Terumo BCT,Trima Storage Console,2026-08-21T00:00:00,94.6,OK
EQ-282639-PIA-01,282639,Platelet incubator with agitator,Thermo Fisher,Forma 3911,2026-08-21T00:00:00,89.8,OK
EQ-282640-PIA-01,282640,Platelet incubator with agitator,Helmer,PC2200i,2026-08-21T00:00:00,91.2,OK
EQ-282825-PIA-01,282825,Platelet incubator with agitator,Remi,RPA-100,2026-08-21T00:00:00,87.5,OK
EQ-2837-PIA-01,2837,Platelet incubator with agitator,Labtop,LPI-12,2026-08-21T00:00:00,92.4,OK
EQ-2845-PIA-01,2845,Platelet incubator with agitator,Terumo BCT,Trima Storage Console,2026-08-21T00:00:00,87.6,OK
EQ-284926-PIA-01,284926,Platelet incubator with agitator,Thermo Fisher,Forma 3911,2026-08-21T00:00:00,89.3,OK
EQ-285220-PIA-01,285220,Platelet incubator with agitator,Helmer,PC2200i,2026-08-21T00:00:00,94.6,OK
EQ-2810-PIA-01,2810,Platelet incubator with agitator,Remi,RPA-100,2026-08-21T00:00:00,88.4,OK
EQ-28139-PIA-01,28139,Platelet incubator with agitator,Labtop,LPI-12,2026-08-21T00:00:00,86.1,OK
EQ-282622-PIA-01,282622,Platelet incubator with agitator,Terumo BCT,Trima Storage Console,2026-08-21T00:00:00,88.1,OK
EQ-282626-PIA-01,282626,Platelet incubator with agitator,Thermo Fisher,Forma 3911,2026-08-21T00:00:00,90.1,OK
EQ-283243-PIA-01,283243,Platelet incubator with agitator,Helmer,PC2200i,2026-08-21T00:00:00,90.6,OK
EQ-283563-PIA-01,283563,Platelet incubator with agitator,Remi,RPA-100,2026-08-21T00:00:00,88.5,OK
EQ-283873-PIA-01,283873,Platelet incubator with agitator,Labtop,LPI-12,2026-08-21T00:00:00,85.9,OK
EQ-284017-PIA-01,284017,Platelet incubator with agitator,Terumo BCT,Trima Storage Console,2026-08-21T00:00:00,88.3,OK
EQ-2843-PIA-01,2843,Platelet incubator with agitator,Thermo Fisher,Forma 3911,2026-08-21T00:00:00,88.9,OK
EQ-284561-PIA-01,284561,Platelet incubator with agitator,Helmer,PC2200i,2026-08-21T00:00:00,89.3,OK
EQ-284596-PIA-01,284596,Platelet incubator with agitator,Remi,RPA-100,2026-08-21T00:00:00,88.4,OK
EQ-2879-PIA-01,2879,Platelet incubator with agitator,Labtop,LPI-12,2026-08-21T00:00:00,88.9,OK
EQ-2885-PIA-01,2885,Platelet incubator with agitator,Terumo BCT,Trima Storage Console,2026-08-21T00:00:00,85.4,OK
EQ-2889-PIA-01,2889,Platelet incubator with agitator,Thermo Fisher,Forma 3911,2026-08-21T00:00:00,92.2,OK
EQ-2893-PIA-01,2893,Platelet incubator with agitator,Helmer,PC2200i,2026-08-21T00:00:00,87.8,OK
EQ-2895-PIA-01,2895,Platelet incubator with agitator,Remi,RPA-100,2026-08-21T00:00:00,84.5,Watch
EQ-2927-PIA-01,2927,Platelet incubator with agitator,Labtop,LPI-12,2026-08-21T00:00:00,88.2,OK
EQ-280928-PIA-01,280928,Platelet incubator with agitator,Terumo BCT,Trima Storage Console,2026-08-21T00:00:00,89.5,OK
EQ-28104-PIA-01,28104,Platelet incubator with agitator,Thermo Fisher,Forma 3911,2026-08-21T00:00:00,87.1,OK
EQ-28105-PIA-01,28105,Platelet incubator with agitator,Helmer,PC2200i,2026-08-21T00:00:00,87.5,OK
EQ-281318-PIA-01,281318,Platelet incubator with agitator,Remi,RPA-100,2026-08-21T00:00:00,85.3,OK
EQ-281319-PIA-01,281319,Platelet incubator with agitator,Labtop,LPI-12,2026-08-21T00:00:00,94.3,OK
EQ-283772-PIA-01,283772,Platelet incubator with agitator,Terumo BCT,Trima Storage Console,2026-08-21T00:00:00,87.2,OK
EQ-283808-PIA-01,283808,Platelet incubator with agitator,Thermo Fisher,Forma 3911,2026-08-21T00:00:00,91.7,OK
EQ-284023-PIA-01,284023,Platelet incubator with agitator,Helmer,PC2200i,2026-08-21T00:00:00,93.7,OK
EQ-284097-PIA-01,284097,Platelet incubator with agitator,Remi,RPA-100,2026-08-21T00:00:00,87.7,OK
EQ-284212-PIA-01,284212,Platelet incubator with agitator,Labtop,LPI-12,2026-08-21T00:00:00,89.7,OK
EQ-284404-PIA-01,284404,Platelet incubator with agitator,Terumo BCT,Trima Storage Console,2026-08-21T00:00:00,90.2,OK
EQ-284584-PIA-01,284584,Platelet incubator with agitator,Thermo Fisher,Forma 3911,2026-08-21T00:00:00,92.8,OK
EQ-284585-PIA-01,284585,Platelet incubator with agitator,Helmer,PC2200i,2026-08-21T00:00:00,91.5,OK
EQ-2848-PIA-01,2848,Platelet incubator with agitator,Remi,RPA-100,2026-08-21T00:00:00,87.6,OK
EQ-285324-PIA-01,285324,Platelet incubator with agitator,Labtop,LPI-12,2026-08-21T00:00:00,86.9,OK
EQ-285332-PIA-01,285332,Platelet incubator with agitator,Terumo BCT,Trima Storage Console,2026-08-21T00:00:00,89.1,OK
EQ-2871-PIA-01,2871,Platelet incubator with agitator,Thermo Fisher,Forma 3911,2026-08-21T00:00:00,87.8,OK
EQ-2907-PIA-01,2907,Platelet incubator with agitator,Helmer,PC2200i,2026-08-21T00:00:00,87.1,OK
EQ-280936-PIA-01,280936,Platelet incubator with agitator,Remi,RPA-100,2026-08-21T00:00:00,91.9,OK
EQ-28127-PIA-01,28127,Platelet incubator with agitator,Labtop,LPI-12,2026-08-21T00:00:00,89.5,OK
EQ-28128-PIA-01,28128,Platelet incubator with agitator,Terumo BCT,Trima Storage Console,2026-08-21T00:00:00,91.0,OK
EQ-28129-PIA-01,28129,Platelet incubator with agitator,Thermo Fisher,Forma 3911,2026-08-21T00:00:00,92.8,OK
EQ-28130-PIA-01,28130,Platelet incubator with agitator,Helmer,PC2200i,2026-08-21T00:00:00,90.3,OK
EQ-2828-PIA-01,2828,Platelet incubator with agitator,Remi,RPA-100,2026-08-21T00:00:00,88.0,OK
EQ-282819-PIA-01,282819,Platelet incubator with agitator,Labtop,LPI-12,2026-08-21T00:00:00,86.7,OK
EQ-283485-PIA-01,283485,Platelet incubator with agitator,Terumo BCT,Trima Storage Console,2026-08-21T00:00:00,92.9,OK
EQ-284373-PIA-01,284373,Platelet incubator with agitator,Thermo Fisher,Forma 3911,2026-08-21T00:00:00,90.8,OK
EQ-284587-PIA-01,284587,Platelet incubator with agitator,Helmer,PC2200i,2026-08-21T00:00:00,91.3,OK
EQ-284758-PIA-01,284758,Platelet incubator with agitator,Remi,RPA-100,2026-08-21T00:00:00,85.3,OK
EQ-284964-PIA-01,284964,Platelet incubator with agitator,Labtop,LPI-12,2026-08-21T00:00:00,92.4,OK
EQ-285333-PIA-01,285333,Platelet incubator with agitator,Terumo BCT,Trima Storage Console,2026-08-21T00:00:00,87.3,OK
EQ-285334-PIA-01,285334,Platelet incubator with agitator,Thermo Fisher,Forma 3911,2026-08-21T00:00:00,87.3,OK
EQ-2891-PIA-01,2891,Platelet incubator with agitator,Helmer,PC2200i,2026-08-21T00:00:00,89.2,OK
EQ-280916-PIA-01,280916,Platelet incubator with agitator,Remi,RPA-100,2026-08-21T00:00:00,89.2,OK
EQ-28133-PIA-01,28133,Platelet incubator with agitator,Labtop,LPI-12,2026-08-21T00:00:00,87.0,OK
EQ-28136-PIA-01,28136,Platelet incubator with agitator,Terumo BCT,Trima Storage Console,2026-08-21T00:00:00,94.6,OK
EQ-281486-PIA-01,281486,Platelet incubator with agitator,Thermo Fisher,Forma 3911,2026-08-21T00:00:00,87.8,OK
EQ-281493-PIA-01,281493,Platelet incubator with agitator,Helmer,PC2200i,2026-08-21T00:00:00,86.3,OK
EQ-281502-PIA-01,281502,Platelet incubator with agitator,Remi,RPA-100,2026-08-21T00:00:00,94.6,OK
EQ-281506-PIA-01,281506,Platelet incubator with agitator,Labtop,LPI-12,2026-08-21T00:00:00,90.9,OK
EQ-282656-PIA-01,282656,Platelet incubator with agitator,Terumo BCT,Trima Storage Console,2026-08-21T00:00:00,91.7,OK
EQ-283379-PIA-01,283379,Platelet incubator with agitator,Thermo Fisher,Forma 3911,2026-08-21T00:00:00,91.5,OK
EQ-283520-PIA-01,283520,Platelet incubator with agitator,Helmer,PC2200i,2026-08-21T00:00:00,91.1,OK
EQ-283845-PIA-01,283845,Platelet incubator with agitator,Remi,RPA-100,2026-08-21T00:00:00,91.8,OK
EQ-283954-PIA-01,283954,Platelet incubator with agitator,Labtop,LPI-12,2026-08-21T00:00:00,88.5,OK
EQ-284214-PIA-01,284214,Platelet incubator with agitator,Terumo BCT,Trima Storage Console,2026-08-21T00:00:00,92.7,OK
EQ-284315-PIA-01,284315,Platelet incubator with agitator,Thermo Fisher,Forma 3911,2026-08-21T00:00:00,86.2,OK
EQ-284457-PIA-01,284457,Platelet incubator with agitator,Helmer,PC2200i,2026-08-21T00:00:00,93.9,OK
EQ-284674-PIA-01,284674,Platelet incubator with agitator,Remi,RPA-100,2026-08-21T00:00:00,91.0,OK
EQ-284675-PIA-01,284675,Platelet incubator with agitator,Labtop,LPI-12,2026-08-21T00:00:00,90.4,OK
EQ-284680-PIA-01,284680,Platelet incubator with agitator,Terumo BCT,Trima Storage Console,2026-08-21T00:00:00,89.3,OK
EQ-285314-PIA-01,285314,Platelet incubator with agitator,Thermo Fisher,Forma 3911,2026-08-21T00:00:00,93.2,OK
EQ-2903-PIA-01,2903,Platelet incubator with agitator,Helmer,PC2200i,2026-08-21T00:00:00,94.5,OK
EQ-2937-PIA-01,2937,Platelet incubator with agitator,Remi,RPA-100,2026-08-21T00:00:00,85.0,OK
EQ-2938-PIA-01,2938,Platelet incubator with agitator,Labtop,LPI-12,2026-08-21T00:00:00,90.4,OK
EQ-284879-PIA-01,284879,Platelet incubator with agitator,Terumo BCT,Trima Storage Console,2026-08-21T00:00:00,91.8,OK
EQ-285322-PIA-01,285322,Platelet incubator with agitator,Thermo Fisher,Forma 3911,2026-08-21T00:00:00,89.1,OK
EQ-2858-PIA-01,2858,Platelet incubator with agitator,Helmer,PC2200i,2026-08-21T00:00:00,89.8,OK
EQ-280938-PIA-01,280938,Platelet incubator with agitator,Remi,RPA-100,2026-08-21T00:00:00,87.0,OK
EQ-28124-PIA-01,28124,Platelet incubator with agitator,Labtop,LPI-12,2026-08-21T00:00:00,93.2,OK
EQ-28126-PIA-01,28126,Platelet incubator with agitator,Terumo BCT,Trima Storage Console,2026-08-21T00:00:00,89.4,OK
EQ-28131-PIA-01,28131,Platelet incubator with agitator,Thermo Fisher,Forma 3911,2026-08-21T00:00:00,84.7,Watch
EQ-28132-PIA-01,28132,Platelet incubator with agitator,Helmer,PC2200i,2026-08-21T00:00:00,89.5,OK
EQ-281332-PIA-01,281332,Platelet incubator with agitator,Remi,RPA-100,2026-08-21T00:00:00,90.0,OK
EQ-281336-PIA-01,281336,Platelet incubator with agitator,Labtop,LPI-12,2026-08-21T00:00:00,86.5,OK
EQ-281338-PIA-01,281338,Platelet incubator with agitator,Terumo BCT,Trima Storage Console,2026-08-21T00:00:00,92.6,OK
EQ-2825-PIA-01,2825,Platelet incubator with agitator,Thermo Fisher,Forma 3911,2026-08-21T00:00:00,94.6,OK
EQ-282628-PIA-01,282628,Platelet incubator with agitator,Helmer,PC2200i,2026-08-21T00:00:00,91.8,OK
EQ-283466-PIA-01,283466,Platelet incubator with agitator,Remi,RPA-100,2026-08-21T00:00:00,93.3,OK
EQ-283484-PIA-01,283484,Platelet incubator with agitator,Labtop,LPI-12,2026-08-21T00:00:00,93.5,OK
EQ-283516-PIA-01,283516,Platelet incubator with agitator,Terumo BCT,Trima Storage Console,2026-08-21T00:00:00,91.2,OK
EQ-283863-PIA-01,283863,Platelet incubator with agitator,Thermo Fisher,Forma 3911,2026-08-21T00:00:00,86.6,OK
EQ-283962-PIA-01,283962,Platelet incubator with agitator,Helmer,PC2200i,2026-08-21T00:00:00,87.2,OK
EQ-283963-PIA-01,283963,Platelet incubator with agitator,Remi,RPA-100,2026-08-21T00:00:00,91.1,OK
EQ-283968-PIA-01,283968,Platelet incubator with agitator,Labtop,LPI-12,2026-08-21T00:00:00,90.0,OK
EQ-284213-PIA-01,284213,Platelet incubator with agitator,Terumo BCT,Trima Storage Console,2026-08-21T00:00:00,90.2,OK
EQ-284336-PIA-01,284336,Platelet incubator with agitator,Thermo Fisher,Forma 3911,2026-08-21T00:00:00,94.5,OK
EQ-284673-PIA-01,284673,Platelet incubator with agitator,Helmer,PC2200i,2026-08-21T00:00:00,91.2,OK
EQ-284692-PIA-01,284692,Platelet incubator with agitator,Remi,RPA-100,2026-08-21T00:00:00,90.9,OK
EQ-284694-PIA-01,284694,Platelet incubator with agitator,Labtop,LPI-12,2026-08-21T00:00:00,93.0,OK
EQ-285097-PIA-01,285097,Platelet incubator with agitator,Terumo BCT,Trima Storage Console,2026-08-21T00:00:00,91.9,OK
EQ-285308-PIA-01,285308,Platelet incubator with agitator,Thermo Fisher,Forma 3911,2026-08-21T00:00:00,89.5,OK
EQ-2894-PIA-01,2894,Platelet incubator with agitator,Helmer,PC2200i,2026-08-21T00:00:00,92.7,OK
EQ-2909-PIA-01,2909,Platelet incubator with agitator,Remi,RPA-100,2026-08-21T00:00:00,88.7,OK
EQ-281344-PIA-01,281344,Platelet incubator with agitator,Labtop,LPI-12,2026-08-21T00:00:00,89.9,OK
EQ-281462-PIA-01,281462,Platelet incubator with agitator,Terumo BCT,Trima Storage Console,2026-08-21T00:00:00,88.9,OK
EQ-281471-PIA-01,281471,Platelet incubator with agitator,Thermo Fisher,Forma 3911,2026-08-21T00:00:00,92.4,OK
EQ-281474-PIA-01,281474,Platelet incubator with agitator,Helmer,PC2200i,2026-08-21T00:00:00,90.7,OK
EQ-281477-PIA-01,281477,Platelet incubator with agitator,Remi,RPA-100,2026-08-21T00:00:00,91.4,OK
EQ-281496-PIA-01,281496,Platelet incubator with agitator,Labtop,LPI-12,2026-08-21T00:00:00,91.1,OK
EQ-282636-PIA-01,282636,Platelet incubator with agitator,Terumo BCT,Trima Storage Console,2026-08-21T00:00:00,91.2,OK
EQ-284011-PIA-01,284011,Platelet incubator with agitator,Thermo Fisher,Forma 3911,2026-08-21T00:00:00,87.1,OK
EQ-284020-PIA-01,284020,Platelet incubator with agitator,Helmer,PC2200i,2026-08-21T00:00:00,92.1,OK
EQ-2841-PIA-01,2841,Platelet incubator with agitator,Remi,RPA-100,2026-08-21T00:00:00,91.4,OK
EQ-284676-PIA-01,284676,Platelet incubator with agitator,Labtop,LPI-12,2026-08-21T00:00:00,87.1,OK
EQ-284677-PIA-01,284677,Platelet incubator with agitator,Terumo BCT,Trima Storage Console,2026-08-21T00:00:00,88.0,OK
EQ-284678-PIA-01,284678,Platelet incubator with agitator,Thermo Fisher,Forma 3911,2026-08-21T00:00:00,89.4,OK
EQ-284679-PIA-01,284679,Platelet incubator with agitator,Helmer,PC2200i,2026-08-21T00:00:00,86.9,OK
EQ-2913-PIA-01,2913,Platelet incubator with agitator,Remi,RPA-100,2026-08-21T00:00:00,89.4,OK
EQ-280931-PIA-01,280931,Platelet incubator with agitator,Labtop,LPI-12,2026-08-21T00:00:00,89.7,OK
EQ-280934-PIA-01,280934,Platelet incubator with agitator,Terumo BCT,Trima Storage Console,2026-08-21T00:00:00,93.7,OK
EQ-281322-PIA-01,281322,Platelet incubator with agitator,Thermo Fisher,Forma 3911,2026-08-21T00:00:00,89.5,OK
EQ-281323-PIA-01,281323,Platelet incubator with agitator,Helmer,PC2200i,2026-08-21T00:00:00,89.7,OK
EQ-282624-PIA-01,282624,Platelet incubator with agitator,Remi,RPA-100,2026-08-21T00:00:00,91.8,OK
EQ-283783-PIA-01,283783,Platelet incubator with agitator,Labtop,LPI-12,2026-08-21T00:00:00,88.7,OK
EQ-284215-PIA-01,284215,Platelet incubator with agitator,Terumo BCT,Trima Storage Console,2026-08-21T00:00:00,91.4,OK
EQ-284216-PIA-01,284216,Platelet incubator with agitator,Thermo Fisher,Forma 3911,2026-08-21T00:00:00,92.6,OK
EQ-284217-PIA-01,284217,Platelet incubator with agitator,Helmer,PC2200i,2026-08-21T00:00:00,91.4,OK
EQ-284559-PIA-01,284559,Platelet incubator with agitator,Remi,RPA-100,2026-08-21T00:00:00,87.6,OK
EQ-284593-PIA-01,284593,Platelet incubator with agitator,Labtop,LPI-12,2026-08-21T00:00:00,89.0,OK
EQ-284595-PIA-01,284595,Platelet incubator with agitator,Terumo BCT,Trima Storage Console,2026-08-21T00:00:00,87.7,OK
EQ-284697-PIA-01,284697,Platelet incubator with agitator,Thermo Fisher,Forma 3911,2026-08-21T00:00:00,92.1,OK
EQ-284734-PIA-01,284734,Platelet incubator with agitator,Helmer,PC2200i,2026-08-21T00:00:00,88.7,OK
EQ-2859-PIA-01,2859,Platelet incubator with agitator,Remi,RPA-100,2026-08-21T00:00:00,92.1,OK
EQ-281537-PIA-01,281537,Platelet incubator with agitator,Labtop,LPI-12,2026-08-21T00:00:00,91.2,OK
EQ-281738-PIA-01,281738,Platelet incubator with agitator,Terumo BCT,Trima Storage Console,2026-08-21T00:00:00,89.8,OK
EQ-281745-PIA-01,281745,Platelet incubator with agitator,Thermo Fisher,Forma 3911,2026-08-21T00:00:00,89.8,OK
EQ-284577-PIA-01,284577,Platelet incubator with agitator,Helmer,PC2200i,2026-08-21T00:00:00,84.9,Watch
EQ-284698-PIA-01,284698,Platelet incubator with agitator,Remi,RPA-100,2026-08-21T00:00:00,89.5,OK
EQ-2869-PIA-01,2869,Platelet incubator with agitator,Labtop,LPI-12,2026-08-21T00:00:00,90.8,OK
EQ-280901-PIA-01,280901,Platelet incubator with agitator,Terumo BCT,Trima Storage Console,2026-08-21T00:00:00,86.0,OK
EQ-281320-PIA-01,281320,Platelet incubator with agitator,Thermo Fisher,Forma 3911,2026-08-21T00:00:00,89.4,OK
EQ-284588-PIA-01,284588,Platelet incubator with agitator,Helmer,PC2200i,2026-08-21T00:00:00,89.7,OK
EQ-284664-PIA-01,284664,Platelet incubator with agitator,Remi,RPA-100,2026-08-21T00:00:00,87.4,OK
EQ-280763-PIA-01,280763,Platelet incubator with agitator,Labtop,LPI-12,2026-08-21T00:00:00,94.0,OK
EQ-28109-PIA-01,28109,Platelet incubator with agitator,Terumo BCT,Trima Storage Console,2026-08-21T00:00:00,87.9,OK
EQ-28112-PIA-01,28112,Platelet incubator with agitator,Thermo Fisher,Forma 3911,2026-08-21T00:00:00,90.7,OK
EQ-28113-PIA-01,28113,Platelet incubator with agitator,Helmer,PC2200i,2026-08-21T00:00:00,92.1,OK
EQ-281516-PIA-01,281516,Platelet incubator with agitator,Remi,RPA-100,2026-08-21T00:00:00,90.9,OK
EQ-281517-PIA-01,281517,Platelet incubator with agitator,Labtop,LPI-12,2026-08-21T00:00:00,92.9,OK
EQ-281521-PIA-01,281521,Platelet incubator with agitator,Terumo BCT,Trima Storage Console,2026-08-21T00:00:00,87.7,OK
EQ-281524-PIA-01,281524,Platelet incubator with agitator,Thermo Fisher,Forma 3911,2026-08-21T00:00:00,92.1,OK
EQ-281530-PIA-01,281530,Platelet incubator with agitator,Helmer,PC2200i,2026-08-21T00:00:00,87.0,OK
EQ-281536-PIA-01,281536,Platelet incubator with agitator,Remi,RPA-100,2026-08-21T00:00:00,90.5,OK
EQ-283736-PIA-01,283736,Platelet incubator with agitator,Labtop,LPI-12,2026-08-21T00:00:00,92.0,OK
EQ-284218-PIA-01,284218,Platelet incubator with agitator,Terumo BCT,Trima Storage Console,2026-08-21T00:00:00,89.0,OK
EQ-284220-PIA-01,284220,Platelet incubator with agitator,Thermo Fisher,Forma 3911,2026-08-21T00:00:00,93.1,OK
EQ-284690-PIA-01,284690,Platelet incubator with agitator,Helmer,PC2200i,2026-08-21T00:00:00,90.9,OK
EQ-284699-PIA-01,284699,Platelet incubator with agitator,Remi,RPA-100,2026-08-21T00:00:00,88.1,OK
EQ-284760-PIA-01,284760,Platelet incubator with agitator,Labtop,LPI-12,2026-08-21T00:00:00,93.8,OK
EQ-285219-PIA-01,285219,Platelet incubator with agitator,Terumo BCT,Trima Storage Console,2026-08-21T00:00:00,91.6,OK
EQ-285323-PIA-01,285323,Platelet incubator with agitator,Thermo Fisher,Forma 3911,2026-08-21T00:00:00,88.9,OK
EQ-2801-PIA-01,2801,Platelet incubator with agitator,Helmer,PC2200i,2026-08-21T00:00:00,86.1,OK
EQ-280623-PIA-01,280623,Platelet incubator with agitator,Remi,RPA-100,2026-08-21T00:00:00,90.8,OK
EQ-2808-PIA-01,2808,Platelet incubator with agitator,Labtop,LPI-12,2026-08-21T00:00:00,88.0,OK
EQ-281595-PIA-01,281595,Platelet incubator with agitator,Terumo BCT,Trima Storage Console,2026-08-21T00:00:00,94.3,OK
EQ-282630-PIA-01,282630,Platelet incubator with agitator,Thermo Fisher,Forma 3911,2026-08-21T00:00:00,90.7,OK
EQ-282820-PIA-01,282820,Platelet incubator with agitator,Helmer,PC2200i,2026-08-21T00:00:00,90.9,OK
EQ-2834-PIA-01,2834,Platelet incubator with agitator,Remi,RPA-100,2026-08-21T00:00:00,92.0,OK
EQ-284681-PIA-01,284681,Platelet incubator with agitator,Labtop,LPI-12,2026-08-21T00:00:00,91.4,OK
EQ-284682-PIA-01,284682,Platelet incubator with agitator,Terumo BCT,Trima Storage Console,2026-08-21T00:00:00,93.4,OK
EQ-284683-PIA-01,284683,Platelet incubator with agitator,Thermo Fisher,Forma 3911,2026-08-21T00:00:00,85.3,OK
EQ-284684-PIA-01,284684,Platelet incubator with agitator,Helmer,PC2200i,2026-08-21T00:00:00,89.1,OK
EQ-284685-PIA-01,284685,Platelet incubator with agitator,Remi,RPA-100,2026-08-21T00:00:00,84.7,Watch
EQ-284686-PIA-01,284686,Platelet incubator with agitator,Labtop,LPI-12,2026-08-21T00:00:00,85.0,OK
EQ-284687-PIA-01,284687,Platelet incubator with agitator,Terumo BCT,Trima Storage Console,2026-08-21T00:00:00,88.3,OK
EQ-284688-PIA-01,284688,Platelet incubator with agitator,Thermo Fisher,Forma 3911,2026-08-21T00:00:00,84.9,Watch
EQ-284689-PIA-01,284689,Platelet incubator with agitator,Helmer,PC2200i,2026-08-21T00:00:00,89.4,OK
EQ-284736-PIA-01,284736,Platelet incubator with agitator,Remi,RPA-100,2026-08-21T00:00:00,87.3,OK
EQ-285328-PIA-01,285328,Platelet incubator with agitator,Labtop,LPI-12,2026-08-21T00:00:00,90.1,OK
EQ-2867-PIA-01,2867,Platelet incubator with agitator,Terumo BCT,Trima Storage Console,2026-08-21T00:00:00,91.3,OK
EQ-2877-PIA-01,2877,Platelet incubator with agitator,Thermo Fisher,Forma 3911,2026-08-21T00:00:00,88.7,OK
EQ-2892-PIA-01,2892,Platelet incubator with agitator,Helmer,PC2200i,2026-08-21T00:00:00,88.3,OK
EQ-281307-PIA-01,281307,Platelet incubator with agitator,Remi,RPA-100,2026-08-21T00:00:00,87.5,OK
EQ-281310-PIA-01,281310,Platelet incubator with agitator,Labtop,LPI-12,2026-08-21T00:00:00,92.3,OK
EQ-281311-PIA-01,281311,Platelet incubator with agitator,Terumo BCT,Trima Storage Console,2026-08-21T00:00:00,93.1,OK
EQ-282645-PIA-01,282645,Platelet incubator with agitator,Thermo Fisher,Forma 3911,2026-08-21T00:00:00,88.7,OK
EQ-283794-PIA-01,283794,Platelet incubator with agitator,Helmer,PC2200i,2026-08-21T00:00:00,89.5,OK
EQ-284556-PIA-01,284556,Platelet incubator with agitator,Remi,RPA-100,2026-08-21T00:00:00,88.0,OK
EQ-2872-PIA-01,2872,Platelet incubator with agitator,Labtop,LPI-12,2026-08-21T00:00:00,91.6,OK
EQ-2922-PIA-01,2922,Platelet incubator with agitator,Terumo BCT,Trima Storage Console,2026-08-21T00:00:00,88.9,OK
EQ-28144-PIA-01,28144,Platelet incubator with agitator,Thermo Fisher,Forma 3911,2026-08-21T00:00:00,91.3,OK
EQ-281541-PIA-01,281541,Platelet incubator with agitator,Helmer,PC2200i,2026-08-21T00:00:00,84.8,Watch
EQ-281545-PIA-01,281545,Platelet incubator with agitator,Remi,RPA-100,2026-08-21T00:00:00,90.3,OK
EQ-281552-PIA-01,281552,Platelet incubator with agitator,Labtop,LPI-12,2026-08-21T00:00:00,90.4,OK
EQ-281573-PIA-01,281573,Platelet incubator with agitator,Terumo BCT,Trima Storage Console,2026-08-21T00:00:00,94.0,OK
EQ-281577-PIA-01,281577,Platelet incubator with agitator,Thermo Fisher,Forma 3911,2026-08-21T00:00:00,91.5,OK
EQ-282631-PIA-01,282631,Platelet incubator with agitator,Helmer,PC2200i,2026-08-21T00:00:00,93.9,OK
EQ-282632-PIA-01,282632,Platelet incubator with agitator,Remi,RPA-100,2026-08-21T00:00:00,89.0,OK
EQ-282821-PIA-01,282821,Platelet incubator with agitator,Labtop,LPI-12,2026-08-21T00:00:00,92.3,OK
EQ-282823-PIA-01,282823,Platelet incubator with agitator,Terumo BCT,Trima Storage Console,2026-08-21T00:00:00,91.6,OK
EQ-284099-PIA-01,284099,Platelet incubator with agitator,Thermo Fisher,Forma 3911,2026-08-21T00:00:00,88.1,OK
EQ-284327-PIA-01,284327,Platelet incubator with agitator,Helmer,PC2200i,2026-08-21T00:00:00,89.2,OK
EQ-284353-PIA-01,284353,Platelet incubator with agitator,Remi,RPA-100,2026-08-21T00:00:00,85.8,OK
EQ-284445-PIA-01,284445,Platelet incubator with agitator,Labtop,LPI-12,2026-08-21T00:00:00,92.6,OK
EQ-284700-PIA-01,284700,Platelet incubator with agitator,Terumo BCT,Trima Storage Console,2026-08-21T00:00:00,87.4,OK
EQ-284966-PIA-01,284966,Platelet incubator with agitator,Thermo Fisher,Forma 3911,2026-08-21T00:00:00,88.1,OK
EQ-2850-PIA-01,2850,Platelet incubator with agitator,Helmer,PC2200i,2026-08-21T00:00:00,86.8,OK
EQ-285057-PIA-01,285057,Platelet incubator with agitator,Remi,RPA-100,2026-08-21T00:00:00,90.2,OK
EQ-2904-PIA-01,2904,Platelet incubator with agitator,Labtop,LPI-12,2026-08-21T00:00:00,86.1,OK
EQ-280923-PIA-01,280923,Platelet incubator with agitator,Terumo BCT,Trima Storage Console,2026-08-21T00:00:00,87.2,OK
EQ-281317-PIA-01,281317,Platelet incubator with agitator,Thermo Fisher,Forma 3911,2026-08-21T00:00:00,87.4,OK
EQ-281588-PIA-01,281588,Platelet incubator with agitator,Helmer,PC2200i,2026-08-21T00:00:00,90.9,OK
EQ-281604-PIA-01,281604,Platelet incubator with agitator,Remi,RPA-100,2026-08-21T00:00:00,91.5,OK
EQ-281640-PIA-01,281640,Platelet incubator with agitator,Labtop,LPI-12,2026-08-21T00:00:00,92.1,OK
EQ-2817-PIA-01,2817,Platelet incubator with agitator,Terumo BCT,Trima Storage Console,2026-08-21T00:00:00,88.7,OK
EQ-283481-PIA-01,283481,Platelet incubator with agitator,Thermo Fisher,Forma 3911,2026-08-21T00:00:00,90.9,OK
EQ-283601-PIA-01,283601,Platelet incubator with agitator,Helmer,PC2200i,2026-08-21T00:00:00,88.9,OK
EQ-283726-PIA-01,283726,Platelet incubator with agitator,Remi,RPA-100,2026-08-21T00:00:00,91.2,OK
EQ-284590-PIA-01,284590,Platelet incubator with agitator,Labtop,LPI-12,2026-08-21T00:00:00,90.1,OK
EQ-284597-PIA-01,284597,Platelet incubator with agitator,Terumo BCT,Trima Storage Console,2026-08-21T00:00:00,87.1,OK
EQ-2846-PIA-01,2846,Platelet incubator with agitator,Thermo Fisher,Forma 3911,2026-08-21T00:00:00,88.9,OK
EQ-284691-PIA-01,284691,Platelet incubator with agitator,Helmer,PC2200i,2026-08-21T00:00:00,91.3,OK
EQ-284701-PIA-01,284701,Platelet incubator with agitator,Remi,RPA-100,2026-08-21T00:00:00,87.2,OK
EQ-284733-PIA-01,284733,Platelet incubator with agitator,Labtop,LPI-12,2026-08-21T00:00:00,91.4,OK
EQ-284793-PIA-01,284793,Platelet incubator with agitator,Terumo BCT,Trima Storage Console,2026-08-21T00:00:00,91.9,OK
EQ-285327-PIA-01,285327,Platelet incubator with agitator,Thermo Fisher,Forma 3911,2026-08-21T00:00:00,87.1,OK
EQ-2923-PIA-01,2923,Platelet incubator with agitator,Helmer,PC2200i,2026-08-21T00:00:00,86.6,OK
EQ-2924-PIA-01,2924,Platelet incubator with agitator,Remi,RPA-100,2026-08-21T00:00:00,88.5,OK
EQ-2929-PIA-01,2929,Platelet incubator with agitator,Labtop,LPI-12,2026-08-21T00:00:00,87.7,OK
EQ-2931-PIA-01,2931,Platelet incubator with agitator,Terumo BCT,Trima Storage Console,2026-08-21T00:00:00,88.5,OK
EQ-2804-PIA-01,2804,Platelet incubator with agitator,Thermo Fisher,Forma 3911,2026-08-21T00:00:00,87.8,OK
EQ-280437-PIA-01,280437,Platelet incubator with agitator,Helmer,PC2200i,2026-08-21T00:00:00,91.3,OK
EQ-280458-PIA-01,280458,Platelet incubator with agitator,Remi,RPA-100,2026-08-21T00:00:00,84.6,Watch
EQ-280626-PIA-01,280626,Platelet incubator with agitator,Labtop,LPI-12,2026-08-21T00:00:00,88.4,OK
EQ-28108-PIA-01,28108,Platelet incubator with agitator,Terumo BCT,Trima Storage Console,2026-08-21T00:00:00,86.0,OK
EQ-28148-PIA-01,28148,Platelet incubator with agitator,Thermo Fisher,Forma 3911,2026-08-21T00:00:00,86.8,OK
EQ-2815-PIA-01,2815,Platelet incubator with agitator,Helmer,PC2200i,2026-08-21T00:00:00,87.6,OK
EQ-281696-PIA-01,281696,Platelet incubator with agitator,Remi,RPA-100,2026-08-21T00:00:00,89.2,OK
EQ-282633-PIA-01,282633,Platelet incubator with agitator,Labtop,LPI-12,2026-08-21T00:00:00,90.1,OK
EQ-282634-PIA-01,282634,Platelet incubator with agitator,Terumo BCT,Trima Storage Console,2026-08-21T00:00:00,90.4,OK
EQ-282635-PIA-01,282635,Platelet incubator with agitator,Thermo Fisher,Forma 3911,2026-08-21T00:00:00,91.2,OK
EQ-283750-PIA-01,283750,Platelet incubator with agitator,Helmer,PC2200i,2026-08-21T00:00:00,91.7,OK
EQ-283782-PIA-01,283782,Platelet incubator with agitator,Remi,RPA-100,2026-08-21T00:00:00,85.1,OK
EQ-283802-PIA-01,283802,Platelet incubator with agitator,Labtop,LPI-12,2026-08-21T00:00:00,88.6,OK
EQ-283869-PIA-01,283869,Platelet incubator with agitator,Terumo BCT,Trima Storage Console,2026-08-21T00:00:00,89.3,OK
EQ-283940-PIA-01,283940,Platelet incubator with agitator,Thermo Fisher,Forma 3911,2026-08-21T00:00:00,89.4,OK
EQ-284227-PIA-01,284227,Platelet incubator with agitator,Helmer,PC2200i,2026-08-21T00:00:00,90.2,OK
EQ-284233-PIA-01,284233,Platelet incubator with agitator,Remi,RPA-100,2026-08-21T00:00:00,91.1,OK
EQ-284414-PIA-01,284414,Platelet incubator with agitator,Labtop,LPI-12,2026-08-21T00:00:00,91.4,OK
EQ-284557-PIA-01,284557,Platelet incubator with agitator,Terumo BCT,Trima Storage Console,2026-08-21T00:00:00,90.8,OK
EQ-2847-PIA-01,2847,Platelet incubator with agitator,Thermo Fisher,Forma 3911,2026-08-21T00:00:00,93.4,OK
EQ-284702-PIA-01,284702,Platelet incubator with agitator,Helmer,PC2200i,2026-08-21T00:00:00,85.9,OK
EQ-284703-PIA-01,284703,Platelet incubator with agitator,Remi,RPA-100,2026-08-21T00:00:00,89.9,OK
EQ-284705-PIA-01,284705,Platelet incubator with agitator,Labtop,LPI-12,2026-08-21T00:00:00,88.1,OK
EQ-284767-PIA-01,284767,Platelet incubator with agitator,Terumo BCT,Trima Storage Console,2026-08-21T00:00:00,85.1,OK
EQ-284939-PIA-01,284939,Platelet incubator with agitator,Thermo Fisher,Forma 3911,2026-08-21T00:00:00,94.8,OK
EQ-2880-PIA-01,2880,Platelet incubator with agitator,Helmer,PC2200i,2026-08-21T00:00:00,92.4,OK
EQ-2884-PIA-01,2884,Platelet incubator with agitator,Remi,RPA-100,2026-08-21T00:00:00,88.8,OK
EQ-2887-PIA-01,2887,Platelet incubator with agitator,Labtop,LPI-12,2026-08-21T00:00:00,92.4,OK
EQ-2897-PIA-01,2897,Platelet incubator with agitator,Terumo BCT,Trima Storage Console,2026-08-21T00:00:00,87.8,OK
EQ-2914-PIA-01,2914,Platelet incubator with agitator,Thermo Fisher,Forma 3911,2026-08-21T00:00:00,89.6,OK
EQ-2935-PIA-01,2935,Platelet incubator with agitator,Helmer,PC2200i,2026-08-21T00:00:00,86.9,OK
EQ-280747-PIA-01,280747,Platelet incubator with agitator,Remi,RPA-100,2026-08-21T00:00:00,90.0,OK
EQ-28118-PIA-01,28118,Platelet incubator with agitator,Labtop,LPI-12,2026-08-21T00:00:00,89.9,OK
EQ-28119-PIA-01,28119,Platelet incubator with agitator,Terumo BCT,Trima Storage Console,2026-08-21T00:00:00,86.6,OK
EQ-28121-PIA-01,28121,Platelet incubator with agitator,Thermo Fisher,Forma 3911,2026-08-21T00:00:00,92.2,OK
EQ-281565-PIA-01,281565,Platelet incubator with agitator,Helmer,PC2200i,2026-08-21T00:00:00,88.6,OK
EQ-281704-PIA-01,281704,Platelet incubator with agitator,Remi,RPA-100,2026-08-21T00:00:00,88.2,OK
EQ-281707-PIA-01,281707,Platelet incubator with agitator,Labtop,LPI-12,2026-08-21T00:00:00,91.0,OK
EQ-281710-PIA-01,281710,Platelet incubator with agitator,Terumo BCT,Trima Storage Console,2026-08-21T00:00:00,86.0,OK
EQ-281715-PIA-01,281715,Platelet incubator with agitator,Thermo Fisher,Forma 3911,2026-08-21T00:00:00,92.1,OK
EQ-281719-PIA-01,281719,Platelet incubator with agitator,Helmer,PC2200i,2026-08-21T00:00:00,88.2,OK
EQ-281742-PIA-01,281742,Platelet incubator with agitator,Remi,RPA-100,2026-08-21T00:00:00,87.1,OK
EQ-283320-PIA-01,283320,Platelet incubator with agitator,Labtop,LPI-12,2026-08-21T00:00:00,91.1,OK
EQ-283364-PIA-01,283364,Platelet incubator with agitator,Terumo BCT,Trima Storage Console,2026-08-21T00:00:00,90.1,OK
EQ-2836-PIA-01,2836,Platelet incubator with agitator,Thermo Fisher,Forma 3911,2026-08-21T00:00:00,92.0,OK
EQ-284038-PIA-01,284038,Platelet incubator with agitator,Helmer,PC2200i,2026-08-21T00:00:00,85.7,OK
EQ-285222-PIA-01,285222,Platelet incubator with agitator,Remi,RPA-100,2026-08-21T00:00:00,89.8,OK
EQ-2910-PIA-01,2910,Platelet incubator with agitator,Labtop,LPI-12,2026-08-21T00:00:00,89.7,OK
EQ-2802-PIA-01,2802,Platelet incubator with agitator,Terumo BCT,Trima Storage Console,2026-08-21T00:00:00,85.7,OK
EQ-28145-PIA-01,28145,Platelet incubator with agitator,Thermo Fisher,Forma 3911,2026-08-21T00:00:00,89.4,OK
EQ-281759-PIA-01,281759,Platelet incubator with agitator,Helmer,PC2200i,2026-08-21T00:00:00,88.4,OK
EQ-281766-PIA-01,281766,Platelet incubator with agitator,Remi,RPA-100,2026-08-21T00:00:00,90.3,OK
EQ-281769-PIA-01,281769,Platelet incubator with agitator,Labtop,LPI-12,2026-08-21T00:00:00,90.2,OK
EQ-282637-PIA-01,282637,Platelet incubator with agitator,Terumo BCT,Trima Storage Console,2026-08-21T00:00:00,93.3,OK
EQ-284337-PIA-01,284337,Platelet incubator with agitator,Thermo Fisher,Forma 3911,2026-08-21T00:00:00,88.3,OK
EQ-284440-PIA-01,284440,Platelet incubator with agitator,Helmer,PC2200i,2026-08-21T00:00:00,88.8,OK
EQ-284573-PIA-01,284573,Platelet incubator with agitator,Remi,RPA-100,2026-08-21T00:00:00,86.5,OK
EQ-284605-PIA-01,284605,Platelet incubator with agitator,Labtop,LPI-12,2026-08-21T00:00:00,90.5,OK
EQ-284704-PIA-01,284704,Platelet incubator with agitator,Terumo BCT,Trima Storage Console,2026-08-21T00:00:00,91.2,OK
EQ-284735-PIA-01,284735,Platelet incubator with agitator,Thermo Fisher,Forma 3911,2026-08-21T00:00:00,86.4,OK
EQ-285085-PIA-01,285085,Platelet incubator with agitator,Helmer,PC2200i,2026-08-21T00:00:00,89.3,OK
EQ-285100-PIA-01,285100,Platelet incubator with agitator,Remi,RPA-100,2026-08-21T00:00:00,94.1,OK
EQ-2900-PIA-01,2900,Platelet incubator with agitator,Labtop,LPI-12,2026-08-21T00:00:00,90.8,OK
EQ-2919-PIA-01,2919,Platelet incubator with agitator,Terumo BCT,Trima Storage Console,2026-08-21T00:00:00,86.5,OK
EQ-2932-PIA-01,2932,Platelet incubator with agitator,Thermo Fisher,Forma 3911,2026-08-21T00:00:00,87.8,OK
EQ-2806-PIA-01,2806,Platelet incubator with agitator,Helmer,PC2200i,2026-08-21T00:00:00,88.9,OK
EQ-2807-PIA-01,2807,Platelet incubator with agitator,Remi,RPA-100,2026-08-21T00:00:00,87.4,OK
EQ-28140-PIA-01,28140,Platelet incubator with agitator,Labtop,LPI-12,2026-08-21T00:00:00,90.6,OK
EQ-281770-PIA-01,281770,Platelet incubator with agitator,Terumo BCT,Trima Storage Console,2026-08-21T00:00:00,94.6,OK
EQ-281773-PIA-01,281773,Platelet incubator with agitator,Thermo Fisher,Forma 3911,2026-08-21T00:00:00,90.8,OK
EQ-281774-PIA-01,281774,Platelet incubator with agitator,Helmer,PC2200i,2026-08-21T00:00:00,85.9,OK
EQ-2824-PIA-01,2824,Platelet incubator with agitator,Remi,RPA-100,2026-08-21T00:00:00,85.0,OK
EQ-283362-PIA-01,283362,Platelet incubator with agitator,Labtop,LPI-12,2026-08-21T00:00:00,85.6,OK
EQ-2835-PIA-01,2835,Platelet incubator with agitator,Terumo BCT,Trima Storage Console,2026-08-21T00:00:00,86.7,OK
EQ-284165-PIA-01,284165,Platelet incubator with agitator,Thermo Fisher,Forma 3911,2026-08-21T00:00:00,89.7,OK
EQ-284668-PIA-01,284668,Platelet incubator with agitator,Helmer,PC2200i,2026-08-21T00:00:00,94.2,OK
EQ-284768-PIA-01,284768,Platelet incubator with agitator,Remi,RPA-100,2026-08-21T00:00:00,91.1,OK
EQ-2906-PIA-01,2906,Platelet incubator with agitator,Labtop,LPI-12,2026-08-21T00:00:00,93.1,OK
EQ-3007-PIA-01,3007,Platelet incubator with agitator,Terumo BCT,Trima Storage Console,2026-08-21T00:00:00,91.4,OK
EQ-284487-PIA-01,284487,Platelet incubator with agitator,Thermo Fisher,Forma 3911,2026-08-21T00:00:00,87.8,OK
EQ-3002-PIA-01,3002,Platelet incubator with agitator,Helmer,PC2200i,2026-08-21T00:00:00,90.1,OK
EQ-3005-PIA-01,3005,Platelet incubator with agitator,Remi,RPA-100,2026-08-21T00:00:00,89.5,OK
EQ-284528-PIA-01,284528,Platelet incubator with agitator,Labtop,LPI-12,2026-08-21T00:00:00,92.9,OK
EQ-3006-PIA-01,3006,Platelet incubator with agitator,Terumo BCT,Trima Storage Console,2026-08-21T00:00:00,90.9,OK
EQ-12102-PIA-01,12102,Platelet incubator with agitator,Thermo Fisher,Forma 3911,2026-08-21T00:00:00,88.1,OK
EQ-12104-PIA-01,12104,Platelet incubator with agitator,Helmer,PC2200i,2026-08-21T00:00:00,86.7,OK
EQ-3003-PIA-01,3003,Platelet incubator with agitator,Remi,RPA-100,2026-08-21T00:00:00,89.0,OK
EQ-3010-PIA-01,3010,Platelet incubator with agitator,Labtop,LPI-12,2026-08-21T00:00:00,91.9,OK
EQ-3013-PIA-01,3013,Platelet incubator with agitator,Terumo BCT,Trima Storage Console,2026-08-21T00:00:00,90.0,OK
EQ-3012-PIA-01,3012,Platelet incubator with agitator,Thermo Fisher,Forma 3911,2026-08-21T00:00:00,91.3,OK
EQ-3008-PIA-01,3008,Platelet incubator with agitator,Helmer,PC2200i,2026-08-21T00:00:00,87.9,OK
EQ-12105-PIA-01,12105,Platelet incubator with agitator,Remi,RPA-100,2026-08-21T00:00:00,85.8,OK
EQ-283359-PIA-01,283359,Platelet incubator with agitator,Labtop,LPI-12,2026-08-21T00:00:00,89.3,OK
EQ-284403-PIA-01,284403,Platelet incubator with agitator,Terumo BCT,Trima Storage Console,2026-08-21T00:00:00,89.5,OK
EQ-4068-PIA-01,4068,Platelet incubator with agitator,Thermo Fisher,Forma 3911,2026-08-21T00:00:00,91.8,OK
EQ-282460-PIA-01,282460,Platelet incubator with agitator,Helmer,PC2200i,2026-08-21T00:00:00,89.5,OK
EQ-283357-PIA-01,283357,Platelet incubator with agitator,Remi,RPA-100,2026-08-21T00:00:00,86.3,OK
EQ-4001-PIA-01,4001,Platelet incubator with agitator,Labtop,LPI-12,2026-08-21T00:00:00,88.7,OK
EQ-4031-PIA-01,4031,Platelet incubator with agitator,Terumo BCT,Trima Storage Console,2026-08-21T00:00:00,87.8,OK
EQ-18298-PIA-01,18298,Platelet incubator with agitator,Thermo Fisher,Forma 3911,2026-08-21T00:00:00,88.2,OK
EQ-283000-PIA-01,283000,Platelet incubator with agitator,Helmer,PC2200i,2026-08-21T00:00:00,93.1,OK
EQ-283470-PIA-01,283470,Platelet incubator with agitator,Remi,RPA-100,2026-08-21T00:00:00,89.4,OK
EQ-283858-PIA-01,283858,Platelet incubator with agitator,Labtop,LPI-12,2026-08-21T00:00:00,90.0,OK
EQ-4002-PIA-01,4002,Platelet incubator with agitator,Terumo BCT,Trima Storage Console,2026-08-21T00:00:00,90.6,OK
EQ-4032-PIA-01,4032,Platelet incubator with agitator,Thermo Fisher,Forma 3911,2026-08-21T00:00:00,92.1,OK
EQ-285269-PIA-01,285269,Platelet incubator with agitator,Helmer,PC2200i,2026-08-21T00:00:00,90.3,OK
EQ-4005-PIA-01,4005,Platelet incubator with agitator,Remi,RPA-100,2026-08-21T00:00:00,87.6,OK
EQ-4006-PIA-01,4006,Platelet incubator with agitator,Labtop,LPI-12,2026-08-21T00:00:00,89.5,OK
EQ-4010-PIA-01,4010,Platelet incubator with agitator,Terumo BCT,Trima Storage Console,2026-08-21T00:00:00,92.2,OK
EQ-283559-PIA-01,283559,Platelet incubator with agitator,Thermo Fisher,Forma 3911,2026-08-21T00:00:00,90.2,OK
EQ-284258-PIA-01,284258,Platelet incubator with agitator,Helmer,PC2200i,2026-08-21T00:00:00,87.1,OK
EQ-284262-PIA-01,284262,Platelet incubator with agitator,Remi,RPA-100,2026-08-21T00:00:00,90.5,OK
EQ-284552-PIA-01,284552,Platelet incubator with agitator,Labtop,LPI-12,2026-08-21T00:00:00,87.0,OK
EQ-4007-PIA-01,4007,Platelet incubator with agitator,Terumo BCT,Trima Storage Console,2026-08-21T00:00:00,91.6,OK
EQ-4009-PIA-01,4009,Platelet incubator with agitator,Thermo Fisher,Forma 3911,2026-08-21T00:00:00,85.4,OK
EQ-4035-PIA-01,4035,Platelet incubator with agitator,Helmer,PC2200i,2026-08-21T00:00:00,90.7,OK
EQ-4024-PIA-01,4024,Platelet incubator with agitator,Remi,RPA-100,2026-08-21T00:00:00,88.8,OK
EQ-4011-PIA-01,4011,Platelet incubator with agitator,Labtop,LPI-12,2026-08-21T00:00:00,88.9,OK
EQ-4039-PIA-01,4039,Platelet incubator with agitator,Terumo BCT,Trima Storage Console,2026-08-21T00:00:00,89.2,OK
EQ-4012-PIA-01,4012,Platelet incubator with agitator,Thermo Fisher,Forma 3911,2026-08-21T00:00:00,89.7,OK
EQ-4040-PIA-01,4040,Platelet incubator with agitator,Helmer,PC2200i,2026-08-21T00:00:00,88.1,OK
EQ-4013-PIA-01,4013,Platelet incubator with agitator,Remi,RPA-100,2026-08-21T00:00:00,86.6,OK
EQ-285228-PIA-01,285228,Platelet incubator with agitator,Labtop,LPI-12,2026-08-21T00:00:00,91.2,OK
EQ-4056-PIA-01,4056,Platelet incubator with agitator,Terumo BCT,Trima Storage Console,2026-08-21T00:00:00,93.8,OK
EQ-4042-PIA-01,4042,Platelet incubator with agitator,Thermo Fisher,Forma 3911,2026-08-21T00:00:00,88.6,OK
EQ-4043-PIA-01,4043,Platelet incubator with agitator,Helmer,PC2200i,2026-08-21T00:00:00,88.0,OK
EQ-4066-PIA-01,4066,Platelet incubator with agitator,Remi,RPA-100,2026-08-21T00:00:00,88.7,OK
EQ-18300-PIA-01,18300,Platelet incubator with agitator,Labtop,LPI-12,2026-08-21T00:00:00,90.9,OK
EQ-282607-PIA-01,282607,Platelet incubator with agitator,Terumo BCT,Trima Storage Console,2026-08-21T00:00:00,85.8,OK
EQ-283879-PIA-01,283879,Platelet incubator with agitator,Thermo Fisher,Forma 3911,2026-08-21T00:00:00,93.0,OK
EQ-285278-PIA-01,285278,Platelet incubator with agitator,Helmer,PC2200i,2026-08-21T00:00:00,88.0,OK
EQ-4046-PIA-01,4046,Platelet incubator with agitator,Remi,RPA-100,2026-08-21T00:00:00,87.2,OK
EQ-4051-PIA-01,4051,Platelet incubator with agitator,Labtop,LPI-12,2026-08-21T00:00:00,87.8,OK
EQ-4055-PIA-01,4055,Platelet incubator with agitator,Terumo BCT,Trima Storage Console,2026-08-21T00:00:00,86.4,OK
EQ-4067-PIA-01,4067,Platelet incubator with agitator,Thermo Fisher,Forma 3911,2026-08-21T00:00:00,88.9,OK
EQ-4075-PIA-01,4075,Platelet incubator with agitator,Helmer,PC2200i,2026-08-21T00:00:00,92.3,OK
EQ-283473-PIA-01,283473,Platelet incubator with agitator,Remi,RPA-100,2026-08-21T00:00:00,93.1,OK
EQ-283474-PIA-01,283474,Platelet incubator with agitator,Labtop,LPI-12,2026-08-21T00:00:00,90.0,OK
EQ-283974-PIA-01,283974,Platelet incubator with agitator,Terumo BCT,Trima Storage Console,2026-08-21T00:00:00,89.3,OK
EQ-283976-PIA-01,283976,Platelet incubator with agitator,Thermo Fisher,Forma 3911,2026-08-21T00:00:00,92.0,OK
EQ-283982-PIA-01,283982,Platelet incubator with agitator,Helmer,PC2200i,2026-08-21T00:00:00,89.7,OK
EQ-285091-PIA-01,285091,Platelet incubator with agitator,Remi,RPA-100,2026-08-21T00:00:00,86.0,OK
EQ-4014-PIA-01,4014,Platelet incubator with agitator,Labtop,LPI-12,2026-08-21T00:00:00,89.0,OK
EQ-4015-PIA-01,4015,Platelet incubator with agitator,Terumo BCT,Trima Storage Console,2026-08-21T00:00:00,88.2,OK
EQ-4044-PIA-01,4044,Platelet incubator with agitator,Thermo Fisher,Forma 3911,2026-08-21T00:00:00,90.6,OK
EQ-4050-PIA-01,4050,Platelet incubator with agitator,Helmer,PC2200i,2026-08-21T00:00:00,92.1,OK
EQ-4053-PIA-01,4053,Platelet incubator with agitator,Remi,RPA-100,2026-08-21T00:00:00,85.3,OK
EQ-4069-PIA-01,4069,Platelet incubator with agitator,Labtop,LPI-12,2026-08-21T00:00:00,88.2,OK
EQ-4076-PIA-01,4076,Platelet incubator with agitator,Terumo BCT,Trima Storage Console,2026-08-21T00:00:00,90.9,OK
EQ-4017-PIA-01,4017,Platelet incubator with agitator,Thermo Fisher,Forma 3911,2026-08-21T00:00:00,91.1,OK
EQ-4018-PIA-01,4018,Platelet incubator with agitator,Helmer,PC2200i,2026-08-21T00:00:00,91.0,OK
EQ-284930-PIA-01,284930,Platelet incubator with agitator,Remi,RPA-100,2026-08-21T00:00:00,89.0,OK
EQ-4019-PIA-01,4019,Platelet incubator with agitator,Labtop,LPI-12,2026-08-21T00:00:00,86.1,OK
EQ-283565-PIA-01,283565,Platelet incubator with agitator,Terumo BCT,Trima Storage Console,2026-08-21T00:00:00,89.8,OK
EQ-282468-PIA-01,282468,Platelet incubator with agitator,Thermo Fisher,Forma 3911,2026-08-21T00:00:00,89.6,OK
EQ-4021-PIA-01,4021,Platelet incubator with agitator,Helmer,PC2200i,2026-08-21T00:00:00,87.8,OK
EQ-285267-PIA-01,285267,Platelet incubator with agitator,Remi,RPA-100,2026-08-21T00:00:00,90.4,OK
EQ-285336-PIA-01,285336,Platelet incubator with agitator,Labtop,LPI-12,2026-08-21T00:00:00,90.7,OK
EQ-4022-PIA-01,4022,Platelet incubator with agitator,Terumo BCT,Trima Storage Console,2026-08-21T00:00:00,88.8,OK
EQ-4057-PIA-01,4057,Platelet incubator with agitator,Thermo Fisher,Forma 3911,2026-08-21T00:00:00,89.3,OK
EQ-284741-PIA-01,284741,Platelet incubator with agitator,Helmer,PC2200i,2026-08-21T00:00:00,88.9,OK
EQ-4023-PIA-01,4023,Platelet incubator with agitator,Remi,RPA-100,2026-08-21T00:00:00,89.0,OK
EQ-4059-PIA-01,4059,Platelet incubator with agitator,Labtop,LPI-12,2026-08-21T00:00:00,87.6,OK
EQ-285310-PIA-01,285310,Platelet incubator with agitator,Terumo BCT,Trima Storage Console,2026-08-21T00:00:00,92.9,OK
EQ-4025-PIA-01,4025,Platelet incubator with agitator,Thermo Fisher,Forma 3911,2026-08-21T00:00:00,87.6,OK
EQ-283646-PIA-01,283646,Platelet incubator with agitator,Helmer,PC2200i,2026-08-21T00:00:00,88.8,OK
EQ-4027-PIA-01,4027,Platelet incubator with agitator,Remi,RPA-100,2026-08-21T00:00:00,89.9,OK
EQ-4063-PIA-01,4063,Platelet incubator with agitator,Labtop,LPI-12,2026-08-21T00:00:00,88.4,OK
EQ-18299-PIA-01,18299,Platelet incubator with agitator,Terumo BCT,Trima Storage Console,2026-08-21T00:00:00,92.2,OK
EQ-4028-PIA-01,4028,Platelet incubator with agitator,Thermo Fisher,Forma 3911,2026-08-21T00:00:00,90.0,OK
EQ-283002-PIA-01,283002,Platelet incubator with agitator,Helmer,PC2200i,2026-08-21T00:00:00,91.8,OK
EQ-10140-PIA-01,10140,Platelet incubator with agitator,Remi,RPA-100,2026-08-21T00:00:00,94.1,OK
EQ-284908-PIA-01,284908,Platelet incubator with agitator,Labtop,LPI-12,2026-08-21T00:00:00,86.2,OK
EQ-10143-PIA-01,10143,Platelet incubator with agitator,Terumo BCT,Trima Storage Console,2026-08-21T00:00:00,89.9,OK
EQ-10104-PIA-01,10104,Platelet incubator with agitator,Thermo Fisher,Forma 3911,2026-08-21T00:00:00,90.6,OK
EQ-10141-PIA-01,10141,Platelet incubator with agitator,Helmer,PC2200i,2026-08-21T00:00:00,90.3,OK
EQ-10105-PIA-01,10105,Platelet incubator with agitator,Remi,RPA-100,2026-08-21T00:00:00,89.7,OK
EQ-10154-PIA-01,10154,Platelet incubator with agitator,Labtop,LPI-12,2026-08-21T00:00:00,93.8,OK
EQ-280155-PIA-01,280155,Platelet incubator with agitator,Terumo BCT,Trima Storage Console,2026-08-21T00:00:00,90.9,OK
EQ-280156-PIA-01,280156,Platelet incubator with agitator,Thermo Fisher,Forma 3911,2026-08-21T00:00:00,92.3,OK
EQ-10102-PIA-01,10102,Platelet incubator with agitator,Helmer,PC2200i,2026-08-21T00:00:00,94.0,OK
EQ-10142-PIA-01,10142,Platelet incubator with agitator,Remi,RPA-100,2026-08-21T00:00:00,86.5,OK
EQ-282812-PIA-01,282812,Platelet incubator with agitator,Labtop,LPI-12,2026-08-21T00:00:00,88.0,OK
EQ-283179-PIA-01,283179,Platelet incubator with agitator,Terumo BCT,Trima Storage Console,2026-08-21T00:00:00,86.4,OK
EQ-10106-PIA-01,10106,Platelet incubator with agitator,Thermo Fisher,Forma 3911,2026-08-21T00:00:00,92.1,OK
EQ-10168-PIA-01,10168,Platelet incubator with agitator,Helmer,PC2200i,2026-08-21T00:00:00,91.1,OK
EQ-280157-PIA-01,280157,Platelet incubator with agitator,Remi,RPA-100,2026-08-21T00:00:00,94.4,OK
EQ-280689-PIA-01,280689,Platelet incubator with agitator,Labtop,LPI-12,2026-08-21T00:00:00,91.2,OK
EQ-10108-PIA-01,10108,Platelet incubator with agitator,Terumo BCT,Trima Storage Console,2026-08-21T00:00:00,84.2,Watch
EQ-10160-PIA-01,10160,Platelet incubator with agitator,Thermo Fisher,Forma 3911,2026-08-21T00:00:00,86.6,OK
EQ-10107-PIA-01,10107,Platelet incubator with agitator,Helmer,PC2200i,2026-08-21T00:00:00,90.8,OK
EQ-10146-PIA-01,10146,Platelet incubator with agitator,Remi,RPA-100,2026-08-21T00:00:00,91.7,OK
EQ-10153-PIA-01,10153,Platelet incubator with agitator,Labtop,LPI-12,2026-08-21T00:00:00,91.7,OK
EQ-10155-PIA-01,10155,Platelet incubator with agitator,Terumo BCT,Trima Storage Console,2026-08-21T00:00:00,88.3,OK
EQ-283188-PIA-01,283188,Platelet incubator with agitator,Thermo Fisher,Forma 3911,2026-08-21T00:00:00,90.6,OK
EQ-283354-PIA-01,283354,Platelet incubator with agitator,Helmer,PC2200i,2026-08-21T00:00:00,93.9,OK
EQ-10109-PIA-01,10109,Platelet incubator with agitator,Remi,RPA-100,2026-08-21T00:00:00,88.0,OK
EQ-10148-PIA-01,10148,Platelet incubator with agitator,Labtop,LPI-12,2026-08-21T00:00:00,88.5,OK
EQ-10151-PIA-01,10151,Platelet incubator with agitator,Terumo BCT,Trima Storage Console,2026-08-21T00:00:00,86.7,OK
EQ-10152-PIA-01,10152,Platelet incubator with agitator,Thermo Fisher,Forma 3911,2026-08-21T00:00:00,89.5,OK
EQ-280161-PIA-01,280161,Platelet incubator with agitator,Helmer,PC2200i,2026-08-21T00:00:00,88.2,OK
EQ-10110-PIA-01,10110,Platelet incubator with agitator,Remi,RPA-100,2026-08-21T00:00:00,85.4,OK
EQ-283178-PIA-01,283178,Platelet incubator with agitator,Labtop,LPI-12,2026-08-21T00:00:00,89.1,OK
EQ-283352-PIA-01,283352,Platelet incubator with agitator,Terumo BCT,Trima Storage Console,2026-08-21T00:00:00,88.2,OK
EQ-10111-PIA-01,10111,Platelet incubator with agitator,Thermo Fisher,Forma 3911,2026-08-21T00:00:00,89.7,OK
EQ-10112-PIA-01,10112,Platelet incubator with agitator,Helmer,PC2200i,2026-08-21T00:00:00,92.1,OK
EQ-10158-PIA-01,10158,Platelet incubator with agitator,Remi,RPA-100,2026-08-21T00:00:00,90.6,OK
EQ-10113-PIA-01,10113,Platelet incubator with agitator,Labtop,LPI-12,2026-08-21T00:00:00,91.6,OK
EQ-10114-PIA-01,10114,Platelet incubator with agitator,Terumo BCT,Trima Storage Console,2026-08-21T00:00:00,87.2,OK
EQ-280162-PIA-01,280162,Platelet incubator with agitator,Thermo Fisher,Forma 3911,2026-08-21T00:00:00,92.9,OK
EQ-10115-PIA-01,10115,Platelet incubator with agitator,Helmer,PC2200i,2026-08-21T00:00:00,92.5,OK
EQ-10169-PIA-01,10169,Platelet incubator with agitator,Remi,RPA-100,2026-08-21T00:00:00,94.4,OK
EQ-10116-PIA-01,10116,Platelet incubator with agitator,Labtop,LPI-12,2026-08-21T00:00:00,90.0,OK
EQ-280163-PIA-01,280163,Platelet incubator with agitator,Terumo BCT,Trima Storage Console,2026-08-21T00:00:00,88.4,OK
EQ-10117-PIA-01,10117,Platelet incubator with agitator,Thermo Fisher,Forma 3911,2026-08-21T00:00:00,91.3,OK
EQ-10118-PIA-01,10118,Platelet incubator with agitator,Helmer,PC2200i,2026-08-21T00:00:00,92.6,OK
EQ-10145-PIA-01,10145,Platelet incubator with agitator,Remi,RPA-100,2026-08-21T00:00:00,89.4,OK
EQ-10119-PIA-01,10119,Platelet incubator with agitator,Labtop,LPI-12,2026-08-21T00:00:00,90.5,OK
EQ-283181-PIA-01,283181,Platelet incubator with agitator,Terumo BCT,Trima Storage Console,2026-08-21T00:00:00,86.9,OK
EQ-10120-PIA-01,10120,Platelet incubator with agitator,Thermo Fisher,Forma 3911,2026-08-21T00:00:00,92.1,OK
EQ-10121-PIA-01,10121,Platelet incubator with agitator,Helmer,PC2200i,2026-08-21T00:00:00,85.7,OK
EQ-10122-PIA-01,10122,Platelet incubator with agitator,Remi,RPA-100,2026-08-21T00:00:00,93.9,OK
EQ-280165-PIA-01,280165,Platelet incubator with agitator,Labtop,LPI-12,2026-08-21T00:00:00,87.4,OK
EQ-283190-PIA-01,283190,Platelet incubator with agitator,Terumo BCT,Trima Storage Console,2026-08-21T00:00:00,93.2,OK
EQ-283191-PIA-01,283191,Platelet incubator with agitator,Thermo Fisher,Forma 3911,2026-08-21T00:00:00,87.4,OK
EQ-284334-PIA-01,284334,Platelet incubator with agitator,Helmer,PC2200i,2026-08-21T00:00:00,90.0,OK
EQ-284538-PIA-01,284538,Platelet incubator with agitator,Remi,RPA-100,2026-08-21T00:00:00,92.6,OK
EQ-10123-PIA-01,10123,Platelet incubator with agitator,Labtop,LPI-12,2026-08-21T00:00:00,90.2,OK
EQ-10139-PIA-01,10139,Platelet incubator with agitator,Terumo BCT,Trima Storage Console,2026-08-21T00:00:00,89.8,OK
EQ-10167-PIA-01,10167,Platelet incubator with agitator,Thermo Fisher,Forma 3911,2026-08-21T00:00:00,92.7,OK
EQ-283257-PIA-01,283257,Platelet incubator with agitator,Helmer,PC2200i,2026-08-21T00:00:00,91.3,OK
EQ-10124-PIA-01,10124,Platelet incubator with agitator,Remi,RPA-100,2026-08-21T00:00:00,92.1,OK
EQ-10173-PIA-01,10173,Platelet incubator with agitator,Labtop,LPI-12,2026-08-21T00:00:00,90.4,OK
EQ-283355-PIA-01,283355,Platelet incubator with agitator,Terumo BCT,Trima Storage Console,2026-08-21T00:00:00,86.5,OK
EQ-10127-PIA-01,10127,Platelet incubator with agitator,Thermo Fisher,Forma 3911,2026-08-21T00:00:00,91.4,OK
EQ-10163-PIA-01,10163,Platelet incubator with agitator,Helmer,PC2200i,2026-08-21T00:00:00,88.4,OK
EQ-10129-PIA-01,10129,Platelet incubator with agitator,Remi,RPA-100,2026-08-21T00:00:00,86.0,OK
EQ-10130-PIA-01,10130,Platelet incubator with agitator,Labtop,LPI-12,2026-08-21T00:00:00,84.8,Watch
EQ-10131-PIA-01,10131,Platelet incubator with agitator,Terumo BCT,Trima Storage Console,2026-08-21T00:00:00,89.5,OK
EQ-10149-PIA-01,10149,Platelet incubator with agitator,Thermo Fisher,Forma 3911,2026-08-21T00:00:00,88.8,OK
EQ-10156-PIA-01,10156,Platelet incubator with agitator,Helmer,PC2200i,2026-08-21T00:00:00,91.7,OK
EQ-10164-PIA-01,10164,Platelet incubator with agitator,Remi,RPA-100,2026-08-21T00:00:00,91.8,OK
EQ-280561-PIA-01,280561,Platelet incubator with agitator,Labtop,LPI-12,2026-08-21T00:00:00,87.8,OK
EQ-283176-PIA-01,283176,Platelet incubator with agitator,Terumo BCT,Trima Storage Console,2026-08-21T00:00:00,92.4,OK
EQ-283183-PIA-01,283183,Platelet incubator with agitator,Thermo Fisher,Forma 3911,2026-08-21T00:00:00,88.8,OK
EQ-283184-PIA-01,283184,Platelet incubator with agitator,Helmer,PC2200i,2026-08-21T00:00:00,94.1,OK
EQ-283193-PIA-01,283193,Platelet incubator with agitator,Remi,RPA-100,2026-08-21T00:00:00,85.9,OK
EQ-283349-PIA-01,283349,Platelet incubator with agitator,Labtop,LPI-12,2026-08-21T00:00:00,91.3,OK
EQ-283351-PIA-01,283351,Platelet incubator with agitator,Terumo BCT,Trima Storage Console,2026-08-21T00:00:00,86.3,OK
EQ-283356-PIA-01,283356,Platelet incubator with agitator,Thermo Fisher,Forma 3911,2026-08-21T00:00:00,86.2,OK
EQ-284164-PIA-01,284164,Platelet incubator with agitator,Helmer,PC2200i,2026-08-21T00:00:00,86.0,OK
EQ-284382-PIA-01,284382,Platelet incubator with agitator,Remi,RPA-100,2026-08-21T00:00:00,91.3,OK
EQ-284512-PIA-01,284512,Platelet incubator with agitator,Labtop,LPI-12,2026-08-21T00:00:00,87.4,OK
EQ-284920-PIA-01,284920,Platelet incubator with agitator,Terumo BCT,Trima Storage Console,2026-08-21T00:00:00,90.7,OK
EQ-285260-PIA-01,285260,Platelet incubator with agitator,Thermo Fisher,Forma 3911,2026-08-21T00:00:00,89.0,OK
EQ-5009-PIA-01,5009,Platelet incubator with agitator,Helmer,PC2200i,2026-08-21T00:00:00,90.9,OK
EQ-5011-PIA-01,5011,Platelet incubator with agitator,Remi,RPA-100,2026-08-21T00:00:00,92.0,OK
EQ-5013-PIA-01,5013,Platelet incubator with agitator,Labtop,LPI-12,2026-08-21T00:00:00,91.8,OK
EQ-5014-PIA-01,5014,Platelet incubator with agitator,Terumo BCT,Trima Storage Console,2026-08-21T00:00:00,92.5,OK
EQ-5028-PIA-01,5028,Platelet incubator with agitator,Thermo Fisher,Forma 3911,2026-08-21T00:00:00,90.1,OK
EQ-5037-PIA-01,5037,Platelet incubator with agitator,Helmer,PC2200i,2026-08-21T00:00:00,88.9,OK
EQ-5040-PIA-01,5040,Platelet incubator with agitator,Remi,RPA-100,2026-08-21T00:00:00,90.6,OK
EQ-5047-PIA-01,5047,Platelet incubator with agitator,Labtop,LPI-12,2026-08-21T00:00:00,90.6,OK
EQ-5049-PIA-01,5049,Platelet incubator with agitator,Terumo BCT,Trima Storage Console,2026-08-21T00:00:00,90.4,OK
EQ-5067-PIA-01,5067,Platelet incubator with agitator,Thermo Fisher,Forma 3911,2026-08-21T00:00:00,87.2,OK
EQ-5072-PIA-01,5072,Platelet incubator with agitator,Helmer,PC2200i,2026-08-21T00:00:00,88.2,OK
EQ-5073-PIA-01,5073,Platelet incubator with agitator,Remi,RPA-100,2026-08-21T00:00:00,90.3,OK
EQ-5076-PIA-01,5076,Platelet incubator with agitator,Labtop,LPI-12,2026-08-21T00:00:00,89.1,OK
EQ-10147-PIA-01,10147,Platelet incubator with agitator,Terumo BCT,Trima Storage Console,2026-08-21T00:00:00,90.8,OK
EQ-10161-PIA-01,10161,Platelet incubator with agitator,Thermo Fisher,Forma 3911,2026-08-21T00:00:00,89.2,OK
EQ-10162-PIA-01,10162,Platelet incubator with agitator,Helmer,PC2200i,2026-08-21T00:00:00,93.7,OK
EQ-10170-PIA-01,10170,Platelet incubator with agitator,Remi,RPA-100,2026-08-21T00:00:00,89.0,OK
EQ-283182-PIA-01,283182,Platelet incubator with agitator,Labtop,LPI-12,2026-08-21T00:00:00,89.8,OK
EQ-5034-PIA-01,5034,Platelet incubator with agitator,Terumo BCT,Trima Storage Console,2026-08-21T00:00:00,90.8,OK
EQ-5036-PIA-01,5036,Platelet incubator with agitator,Thermo Fisher,Forma 3911,2026-08-21T00:00:00,89.4,OK
EQ-10125-PIA-01,10125,Platelet incubator with agitator,Helmer,PC2200i,2026-08-21T00:00:00,94.5,OK
EQ-10166-PIA-01,10166,Platelet incubator with agitator,Remi,RPA-100,2026-08-21T00:00:00,89.7,OK
EQ-280151-PIA-01,280151,Platelet incubator with agitator,Labtop,LPI-12,2026-08-21T00:00:00,89.2,OK
EQ-280152-PIA-01,280152,Platelet incubator with agitator,Terumo BCT,Trima Storage Console,2026-08-21T00:00:00,93.2,OK
EQ-283180-PIA-01,283180,Platelet incubator with agitator,Thermo Fisher,Forma 3911,2026-08-21T00:00:00,84.4,Watch
EQ-285258-PIA-01,285258,Platelet incubator with agitator,Helmer,PC2200i,2026-08-21T00:00:00,90.5,OK
EQ-10126-PIA-01,10126,Platelet incubator with agitator,Remi,RPA-100,2026-08-21T00:00:00,86.1,OK
EQ-280153-PIA-01,280153,Platelet incubator with agitator,Labtop,LPI-12,2026-08-21T00:00:00,92.0,OK
EQ-280154-PIA-01,280154,Platelet incubator with agitator,Terumo BCT,Trima Storage Console,2026-08-21T00:00:00,87.5,OK
EQ-283168-PIA-01,283168,Platelet incubator with agitator,Thermo Fisher,Forma 3911,2026-08-21T00:00:00,89.4,OK
EQ-5048-PIA-01,5048,Platelet incubator with agitator,Helmer,PC2200i,2026-08-21T00:00:00,89.8,OK
EQ-10132-PIA-01,10132,Platelet incubator with agitator,Remi,RPA-100,2026-08-21T00:00:00,86.2,OK
EQ-283185-PIA-01,283185,Platelet incubator with agitator,Labtop,LPI-12,2026-08-21T00:00:00,88.4,OK
EQ-283187-PIA-01,283187,Platelet incubator with agitator,Terumo BCT,Trima Storage Console,2026-08-21T00:00:00,85.7,OK
EQ-283258-PIA-01,283258,Platelet incubator with agitator,Thermo Fisher,Forma 3911,2026-08-21T00:00:00,92.0,OK
EQ-10133-PIA-01,10133,Platelet incubator with agitator,Helmer,PC2200i,2026-08-21T00:00:00,90.2,OK
EQ-10159-PIA-01,10159,Platelet incubator with agitator,Remi,RPA-100,2026-08-21T00:00:00,89.9,OK
EQ-10134-PIA-01,10134,Platelet incubator with agitator,Labtop,LPI-12,2026-08-21T00:00:00,89.5,OK
EQ-284812-PIA-01,284812,Platelet incubator with agitator,Terumo BCT,Trima Storage Console,2026-08-21T00:00:00,88.9,OK
EQ-10144-PIA-01,10144,Platelet incubator with agitator,Thermo Fisher,Forma 3911,2026-08-21T00:00:00,86.3,OK
EQ-10136-PIA-01,10136,Platelet incubator with agitator,Helmer,PC2200i,2026-08-21T00:00:00,87.5,OK
EQ-283177-PIA-01,283177,Platelet incubator with agitator,Remi,RPA-100,2026-08-21T00:00:00,89.4,OK
EQ-10137-PIA-01,10137,Platelet incubator with agitator,Labtop,LPI-12,2026-08-21T00:00:00,85.2,OK
EQ-10157-PIA-01,10157,Platelet incubator with agitator,Terumo BCT,Trima Storage Console,2026-08-21T00:00:00,88.6,OK
EQ-285259-PIA-01,285259,Platelet incubator with agitator,Thermo Fisher,Forma 3911,2026-08-21T00:00:00,86.6,OK
EQ-284332-PIA-01,284332,Platelet incubator with agitator,Helmer,PC2200i,2026-08-21T00:00:00,87.4,OK
EQ-10138-PIA-01,10138,Platelet incubator with agitator,Remi,RPA-100,2026-08-21T00:00:00,90.4,OK
EQ-10165-PIA-01,10165,Platelet incubator with agitator,Labtop,LPI-12,2026-08-21T00:00:00,92.1,OK
EQ-285320-PIA-01,285320,Platelet incubator with agitator,Terumo BCT,Trima Storage Console,2026-08-21T00:00:00,85.2,OK
EQ-6001-PIA-01,6001,Platelet incubator with agitator,Thermo Fisher,Forma 3911,2026-08-21T00:00:00,89.0,OK
EQ-6003-PIA-01,6003,Platelet incubator with agitator,Helmer,PC2200i,2026-08-21T00:00:00,87.1,OK
EQ-6004-PIA-01,6004,Platelet incubator with agitator,Remi,RPA-100,2026-08-21T00:00:00,91.3,OK
EQ-94101-PIA-01,94101,Platelet incubator with agitator,Labtop,LPI-12,2026-08-21T00:00:00,92.8,OK
EQ-22119-PIA-01,22119,Platelet incubator with agitator,Terumo BCT,Trima Storage Console,2026-08-21T00:00:00,90.0,OK
EQ-283695-PIA-01,283695,Platelet incubator with agitator,Thermo Fisher,Forma 3911,2026-08-21T00:00:00,85.0,OK
EQ-285135-PIA-01,285135,Platelet incubator with agitator,Helmer,PC2200i,2026-08-21T00:00:00,91.1,OK
EQ-280475-PIA-01,280475,Platelet incubator with agitator,Remi,RPA-100,2026-08-21T00:00:00,84.7,Watch
EQ-283796-PIA-01,283796,Platelet incubator with agitator,Labtop,LPI-12,2026-08-21T00:00:00,86.1,OK
EQ-284230-PIA-01,284230,Platelet incubator with agitator,Terumo BCT,Trima Storage Console,2026-08-21T00:00:00,90.7,OK
EQ-22153-PIA-01,22153,Platelet incubator with agitator,Thermo Fisher,Forma 3911,2026-08-21T00:00:00,93.9,OK
EQ-282740-PIA-01,282740,Platelet incubator with agitator,Helmer,PC2200i,2026-08-21T00:00:00,88.1,OK
EQ-284320-PIA-01,284320,Platelet incubator with agitator,Remi,RPA-100,2026-08-21T00:00:00,94.0,OK
EQ-7044-PIA-01,7044,Platelet incubator with agitator,Labtop,LPI-12,2026-08-21T00:00:00,92.0,OK
EQ-22128-PIA-01,22128,Platelet incubator with agitator,Terumo BCT,Trima Storage Console,2026-08-21T00:00:00,89.9,OK
EQ-22121-PIA-01,22121,Platelet incubator with agitator,Thermo Fisher,Forma 3911,2026-08-21T00:00:00,91.0,OK
EQ-22150-PIA-01,22150,Platelet incubator with agitator,Helmer,PC2200i,2026-08-21T00:00:00,89.8,OK
EQ-283230-PIA-01,283230,Platelet incubator with agitator,Remi,RPA-100,2026-08-21T00:00:00,84.9,Watch
EQ-22108-PIA-01,22108,Platelet incubator with agitator,Labtop,LPI-12,2026-08-21T00:00:00,87.0,OK
EQ-22115-PIA-01,22115,Platelet incubator with agitator,Terumo BCT,Trima Storage Console,2026-08-21T00:00:00,90.0,OK
EQ-22139-PIA-01,22139,Platelet incubator with agitator,Thermo Fisher,Forma 3911,2026-08-21T00:00:00,91.0,OK
EQ-22162-PIA-01,22162,Platelet incubator with agitator,Helmer,PC2200i,2026-08-21T00:00:00,90.1,OK
EQ-22167-PIA-01,22167,Platelet incubator with agitator,Remi,RPA-100,2026-08-21T00:00:00,86.5,OK
EQ-283317-PIA-01,283317,Platelet incubator with agitator,Labtop,LPI-12,2026-08-21T00:00:00,88.0,OK
EQ-283337-PIA-01,283337,Platelet incubator with agitator,Terumo BCT,Trima Storage Console,2026-08-21T00:00:00,86.8,OK
EQ-283613-PIA-01,283613,Platelet incubator with agitator,Thermo Fisher,Forma 3911,2026-08-21T00:00:00,87.7,OK
EQ-284324-PIA-01,284324,Platelet incubator with agitator,Helmer,PC2200i,2026-08-21T00:00:00,91.1,OK
EQ-7007-PIA-01,7007,Platelet incubator with agitator,Remi,RPA-100,2026-08-21T00:00:00,92.8,OK
EQ-7013-PIA-01,7013,Platelet incubator with agitator,Labtop,LPI-12,2026-08-21T00:00:00,91.8,OK
EQ-7025-PIA-01,7025,Platelet incubator with agitator,Terumo BCT,Trima Storage Console,2026-08-21T00:00:00,86.4,OK
EQ-22131-PIA-01,22131,Platelet incubator with agitator,Thermo Fisher,Forma 3911,2026-08-21T00:00:00,84.4,Watch
EQ-7030-PIA-01,7030,Platelet incubator with agitator,Helmer,PC2200i,2026-08-21T00:00:00,91.8,OK
EQ-7033-PIA-01,7033,Platelet incubator with agitator,Remi,RPA-100,2026-08-21T00:00:00,89.2,OK
EQ-22133-PIA-01,22133,Platelet incubator with agitator,Labtop,LPI-12,2026-08-21T00:00:00,88.3,OK
EQ-280728-PIA-01,280728,Platelet incubator with agitator,Terumo BCT,Trima Storage Console,2026-08-21T00:00:00,85.4,OK
EQ-284795-PIA-01,284795,Platelet incubator with agitator,Thermo Fisher,Forma 3911,2026-08-21T00:00:00,88.5,OK
EQ-22126-PIA-01,22126,Platelet incubator with agitator,Helmer,PC2200i,2026-08-21T00:00:00,89.3,OK
EQ-22157-PIA-01,22157,Platelet incubator with agitator,Remi,RPA-100,2026-08-21T00:00:00,90.9,OK
EQ-280551-PIA-01,280551,Platelet incubator with agitator,Labtop,LPI-12,2026-08-21T00:00:00,87.7,OK
EQ-280725-PIA-01,280725,Platelet incubator with agitator,Terumo BCT,Trima Storage Console,2026-08-21T00:00:00,87.5,OK
EQ-282706-PIA-01,282706,Platelet incubator with agitator,Thermo Fisher,Forma 3911,2026-08-21T00:00:00,86.6,OK
EQ-283710-PIA-01,283710,Platelet incubator with agitator,Helmer,PC2200i,2026-08-21T00:00:00,90.2,OK
EQ-283895-PIA-01,283895,Platelet incubator with agitator,Remi,RPA-100,2026-08-21T00:00:00,90.7,OK
EQ-284435-PIA-01,284435,Platelet incubator with agitator,Labtop,LPI-12,2026-08-21T00:00:00,86.2,OK
EQ-284548-PIA-01,284548,Platelet incubator with agitator,Terumo BCT,Trima Storage Console,2026-08-21T00:00:00,90.9,OK
EQ-7011-PIA-01,7011,Platelet incubator with agitator,Thermo Fisher,Forma 3911,2026-08-21T00:00:00,88.4,OK
EQ-7032-PIA-01,7032,Platelet incubator with agitator,Helmer,PC2200i,2026-08-21T00:00:00,92.2,OK
EQ-22127-PIA-01,22127,Platelet incubator with agitator,Remi,RPA-100,2026-08-21T00:00:00,87.5,OK
EQ-284460-PIA-01,284460,Platelet incubator with agitator,Labtop,LPI-12,2026-08-21T00:00:00,89.8,OK
EQ-22106-PIA-01,22106,Platelet incubator with agitator,Terumo BCT,Trima Storage Console,2026-08-21T00:00:00,88.1,OK
EQ-283628-PIA-01,283628,Platelet incubator with agitator,Thermo Fisher,Forma 3911,2026-08-21T00:00:00,92.2,OK
EQ-283756-PIA-01,283756,Platelet incubator with agitator,Helmer,PC2200i,2026-08-21T00:00:00,86.4,OK
EQ-284811-PIA-01,284811,Platelet incubator with agitator,Remi,RPA-100,2026-08-21T00:00:00,92.1,OK
EQ-284813-PIA-01,284813,Platelet incubator with agitator,Labtop,LPI-12,2026-08-21T00:00:00,94.4,OK
EQ-22149-PIA-01,22149,Platelet incubator with agitator,Terumo BCT,Trima Storage Console,2026-08-21T00:00:00,88.0,OK
EQ-22163-PIA-01,22163,Platelet incubator with agitator,Thermo Fisher,Forma 3911,2026-08-21T00:00:00,94.5,OK
EQ-22122-PIA-01,22122,Platelet incubator with agitator,Helmer,PC2200i,2026-08-21T00:00:00,92.9,OK
EQ-283698-PIA-01,283698,Platelet incubator with agitator,Remi,RPA-100,2026-08-21T00:00:00,88.8,OK
EQ-285136-PIA-01,285136,Platelet incubator with agitator,Labtop,LPI-12,2026-08-21T00:00:00,88.0,OK
EQ-22134-PIA-01,22134,Platelet incubator with agitator,Terumo BCT,Trima Storage Console,2026-08-21T00:00:00,89.4,OK
EQ-22161-PIA-01,22161,Platelet incubator with agitator,Thermo Fisher,Forma 3911,2026-08-21T00:00:00,92.4,OK
EQ-283232-PIA-01,283232,Platelet incubator with agitator,Helmer,PC2200i,2026-08-21T00:00:00,94.0,OK
EQ-283877-PIA-01,283877,Platelet incubator with agitator,Remi,RPA-100,2026-08-21T00:00:00,84.3,Watch
EQ-22102-PIA-01,22102,Platelet incubator with agitator,Labtop,LPI-12,2026-08-21T00:00:00,87.1,OK
EQ-22146-PIA-01,22146,Platelet incubator with agitator,Terumo BCT,Trima Storage Console,2026-08-21T00:00:00,89.1,OK
EQ-282682-PIA-01,282682,Platelet incubator with agitator,Thermo Fisher,Forma 3911,2026-08-21T00:00:00,89.3,OK
EQ-283228-PIA-01,283228,Platelet incubator with agitator,Helmer,PC2200i,2026-08-21T00:00:00,90.2,OK
EQ-284809-PIA-01,284809,Platelet incubator with agitator,Remi,RPA-100,2026-08-21T00:00:00,87.6,OK
EQ-7015-PIA-01,7015,Platelet incubator with agitator,Labtop,LPI-12,2026-08-21T00:00:00,89.0,OK
EQ-7031-PIA-01,7031,Platelet incubator with agitator,Terumo BCT,Trima Storage Console,2026-08-21T00:00:00,86.6,OK
EQ-283308-PIA-01,283308,Platelet incubator with agitator,Thermo Fisher,Forma 3911,2026-08-21T00:00:00,91.9,OK
EQ-283663-PIA-01,283663,Platelet incubator with agitator,Helmer,PC2200i,2026-08-21T00:00:00,90.9,OK
EQ-7047-PIA-01,7047,Platelet incubator with agitator,Remi,RPA-100,2026-08-21T00:00:00,92.4,OK
EQ-7048-PIA-01,7048,Platelet incubator with agitator,Labtop,LPI-12,2026-08-21T00:00:00,86.7,OK
EQ-22103-PIA-01,22103,Platelet incubator with agitator,Terumo BCT,Trima Storage Console,2026-08-21T00:00:00,89.2,OK
EQ-22140-PIA-01,22140,Platelet incubator with agitator,Thermo Fisher,Forma 3911,2026-08-21T00:00:00,85.0,OK
EQ-22143-PIA-01,22143,Platelet incubator with agitator,Helmer,PC2200i,2026-08-21T00:00:00,86.4,OK
EQ-22159-PIA-01,22159,Platelet incubator with agitator,Remi,RPA-100,2026-08-21T00:00:00,87.5,OK
EQ-280502-PIA-01,280502,Platelet incubator with agitator,Labtop,LPI-12,2026-08-21T00:00:00,88.9,OK
EQ-283624-PIA-01,283624,Platelet incubator with agitator,Terumo BCT,Trima Storage Console,2026-08-21T00:00:00,90.6,OK
EQ-22165-PIA-01,22165,Platelet incubator with agitator,Thermo Fisher,Forma 3911,2026-08-21T00:00:00,90.0,OK
EQ-280777-PIA-01,280777,Platelet incubator with agitator,Helmer,PC2200i,2026-08-21T00:00:00,92.6,OK
EQ-283231-PIA-01,283231,Platelet incubator with agitator,Remi,RPA-100,2026-08-21T00:00:00,86.0,OK
EQ-22132-PIA-01,22132,Platelet incubator with agitator,Labtop,LPI-12,2026-08-21T00:00:00,85.3,OK
EQ-7018-PIA-01,7018,Platelet incubator with agitator,Terumo BCT,Trima Storage Console,2026-08-21T00:00:00,84.5,Watch
EQ-22137-PIA-01,22137,Platelet incubator with agitator,Thermo Fisher,Forma 3911,2026-08-21T00:00:00,87.5,OK
EQ-22138-PIA-01,22138,Platelet incubator with agitator,Helmer,PC2200i,2026-08-21T00:00:00,87.4,OK
EQ-22152-PIA-01,22152,Platelet incubator with agitator,Remi,RPA-100,2026-08-21T00:00:00,93.3,OK
EQ-283229-PIA-01,283229,Platelet incubator with agitator,Labtop,LPI-12,2026-08-21T00:00:00,92.9,OK
EQ-283639-PIA-01,283639,Platelet incubator with agitator,Terumo BCT,Trima Storage Console,2026-08-21T00:00:00,89.1,OK
EQ-283953-PIA-01,283953,Platelet incubator with agitator,Thermo Fisher,Forma 3911,2026-08-21T00:00:00,87.3,OK
EQ-284466-PIA-01,284466,Platelet incubator with agitator,Helmer,PC2200i,2026-08-21T00:00:00,88.2,OK
EQ-285200-PIA-01,285200,Platelet incubator with agitator,Remi,RPA-100,2026-08-21T00:00:00,87.7,OK
EQ-7021-PIA-01,7021,Platelet incubator with agitator,Labtop,LPI-12,2026-08-21T00:00:00,89.9,OK
EQ-7028-PIA-01,7028,Platelet incubator with agitator,Terumo BCT,Trima Storage Console,2026-08-21T00:00:00,89.0,OK
EQ-22118-PIA-01,22118,Platelet incubator with agitator,Thermo Fisher,Forma 3911,2026-08-21T00:00:00,89.7,OK
EQ-22120-PIA-01,22120,Platelet incubator with agitator,Helmer,PC2200i,2026-08-21T00:00:00,82.6,Watch
EQ-22144-PIA-01,22144,Platelet incubator with agitator,Remi,RPA-100,2026-08-21T00:00:00,84.6,Watch
EQ-22154-PIA-01,22154,Platelet incubator with agitator,Labtop,LPI-12,2026-08-21T00:00:00,94.0,OK
EQ-22155-PIA-01,22155,Platelet incubator with agitator,Terumo BCT,Trima Storage Console,2026-08-21T00:00:00,84.9,Watch
EQ-22156-PIA-01,22156,Platelet incubator with agitator,Thermo Fisher,Forma 3911,2026-08-21T00:00:00,88.9,OK
EQ-22164-PIA-01,22164,Platelet incubator with agitator,Helmer,PC2200i,2026-08-21T00:00:00,88.6,OK
EQ-280435-PIA-01,280435,Platelet incubator with agitator,Remi,RPA-100,2026-08-21T00:00:00,89.7,OK
EQ-280436-PIA-01,280436,Platelet incubator with agitator,Labtop,LPI-12,2026-08-21T00:00:00,89.3,OK
EQ-280499-PIA-01,280499,Platelet incubator with agitator,Terumo BCT,Trima Storage Console,2026-08-21T00:00:00,88.2,OK
EQ-280500-PIA-01,280500,Platelet incubator with agitator,Thermo Fisher,Forma 3911,2026-08-21T00:00:00,88.4,OK
EQ-280724-PIA-01,280724,Platelet incubator with agitator,Helmer,PC2200i,2026-08-21T00:00:00,87.9,OK
EQ-280755-PIA-01,280755,Platelet incubator with agitator,Remi,RPA-100,2026-08-21T00:00:00,88.1,OK
EQ-283220-PIA-01,283220,Platelet incubator with agitator,Labtop,LPI-12,2026-08-21T00:00:00,88.6,OK
EQ-283692-PIA-01,283692,Platelet incubator with agitator,Terumo BCT,Trima Storage Console,2026-08-21T00:00:00,88.7,OK
EQ-283706-PIA-01,283706,Platelet incubator with agitator,Thermo Fisher,Forma 3911,2026-08-21T00:00:00,92.3,OK
EQ-283820-PIA-01,283820,Platelet incubator with agitator,Helmer,PC2200i,2026-08-21T00:00:00,86.8,OK
EQ-284007-PIA-01,284007,Platelet incubator with agitator,Remi,RPA-100,2026-08-21T00:00:00,88.1,OK
EQ-284180-PIA-01,284180,Platelet incubator with agitator,Labtop,LPI-12,2026-08-21T00:00:00,89.8,OK
EQ-284319-PIA-01,284319,Platelet incubator with agitator,Terumo BCT,Trima Storage Console,2026-08-21T00:00:00,89.7,OK
EQ-284729-PIA-01,284729,Platelet incubator with agitator,Thermo Fisher,Forma 3911,2026-08-21T00:00:00,93.2,OK
EQ-285069-PIA-01,285069,Platelet incubator with agitator,Helmer,PC2200i,2026-08-21T00:00:00,94.0,OK
EQ-285172-PIA-01,285172,Platelet incubator with agitator,Remi,RPA-100,2026-08-21T00:00:00,88.0,OK
EQ-285173-PIA-01,285173,Platelet incubator with agitator,Labtop,LPI-12,2026-08-21T00:00:00,89.8,OK
EQ-285256-PIA-01,285256,Platelet incubator with agitator,Terumo BCT,Trima Storage Console,2026-08-21T00:00:00,88.7,OK
EQ-7004-PIA-01,7004,Platelet incubator with agitator,Thermo Fisher,Forma 3911,2026-08-21T00:00:00,92.0,OK
EQ-7010-PIA-01,7010,Platelet incubator with agitator,Helmer,PC2200i,2026-08-21T00:00:00,91.7,OK
EQ-7012-PIA-01,7012,Platelet incubator with agitator,Remi,RPA-100,2026-08-21T00:00:00,84.3,Watch
EQ-7014-PIA-01,7014,Platelet incubator with agitator,Labtop,LPI-12,2026-08-21T00:00:00,91.5,OK
EQ-7020-PIA-01,7020,Platelet incubator with agitator,Terumo BCT,Trima Storage Console,2026-08-21T00:00:00,90.4,OK
EQ-7022-PIA-01,7022,Platelet incubator with agitator,Thermo Fisher,Forma 3911,2026-08-21T00:00:00,90.4,OK
EQ-7023-PIA-01,7023,Platelet incubator with agitator,Helmer,PC2200i,2026-08-21T00:00:00,88.2,OK
EQ-7029-PIA-01,7029,Platelet incubator with agitator,Remi,RPA-100,2026-08-21T00:00:00,88.3,OK
EQ-7034-PIA-01,7034,Platelet incubator with agitator,Labtop,LPI-12,2026-08-21T00:00:00,88.6,OK
EQ-22113-PIA-01,22113,Platelet incubator with agitator,Terumo BCT,Trima Storage Console,2026-08-21T00:00:00,86.8,OK
EQ-22147-PIA-01,22147,Platelet incubator with agitator,Thermo Fisher,Forma 3911,2026-08-21T00:00:00,89.7,OK
EQ-280271-PIA-01,280271,Platelet incubator with agitator,Helmer,PC2200i,2026-08-21T00:00:00,88.4,OK
EQ-280425-PIA-01,280425,Platelet incubator with agitator,Remi,RPA-100,2026-08-21T00:00:00,89.9,OK
EQ-280505-PIA-01,280505,Platelet incubator with agitator,Labtop,LPI-12,2026-08-21T00:00:00,94.8,OK
EQ-283677-PIA-01,283677,Platelet incubator with agitator,Terumo BCT,Trima Storage Console,2026-08-21T00:00:00,88.3,OK
EQ-283985-PIA-01,283985,Platelet incubator with agitator,Thermo Fisher,Forma 3911,2026-08-21T00:00:00,92.5,OK
EQ-22123-PIA-01,22123,Platelet incubator with agitator,Helmer,PC2200i,2026-08-21T00:00:00,90.9,OK
EQ-22145-PIA-01,22145,Platelet incubator with agitator,Remi,RPA-100,2026-08-21T00:00:00,92.7,OK
EQ-22148-PIA-01,22148,Platelet incubator with agitator,Labtop,LPI-12,2026-08-21T00:00:00,93.9,OK
EQ-285217-PIA-01,285217,Platelet incubator with agitator,Terumo BCT,Trima Storage Console,2026-08-21T00:00:00,87.6,OK
EQ-7005-PIA-01,7005,Platelet incubator with agitator,Thermo Fisher,Forma 3911,2026-08-21T00:00:00,91.2,OK
EQ-7016-PIA-01,7016,Platelet incubator with agitator,Helmer,PC2200i,2026-08-21T00:00:00,85.7,OK
EQ-7037-PIA-01,7037,Platelet incubator with agitator,Remi,RPA-100,2026-08-21T00:00:00,92.1,OK
EQ-7040-PIA-01,7040,Platelet incubator with agitator,Labtop,LPI-12,2026-08-21T00:00:00,92.0,OK
EQ-8001-PIA-01,8001,Platelet incubator with agitator,Terumo BCT,Trima Storage Console,2026-08-21T00:00:00,89.1,OK
EQ-9001-PIA-01,9001,Platelet incubator with agitator,Thermo Fisher,Forma 3911,2026-08-21T00:00:00,92.3,OK
EQ-280306-PIA-01,280306,Platelet incubator with agitator,Helmer,PC2200i,2026-08-21T00:00:00,88.9,OK
EQ-608-PIA-01,608,Platelet incubator with agitator,Remi,RPA-100,2026-08-21T00:00:00,83.9,Watch
EQ-620-PIA-01,620,Platelet incubator with agitator,Labtop,LPI-12,2026-08-21T00:00:00,92.4,OK
EQ-634-PIA-01,634,Platelet incubator with agitator,Terumo BCT,Trima Storage Console,2026-08-21T00:00:00,90.3,OK
EQ-664-PIA-01,664,Platelet incubator with agitator,Thermo Fisher,Forma 3911,2026-08-21T00:00:00,90.2,OK
EQ-97134-PIA-01,97134,Platelet incubator with agitator,Helmer,PC2200i,2026-08-21T00:00:00,91.4,OK
EQ-283040-PIA-01,283040,Platelet incubator with agitator,Remi,RPA-100,2026-08-21T00:00:00,89.2,OK
EQ-284128-PIA-01,284128,Platelet incubator with agitator,Labtop,LPI-12,2026-08-21T00:00:00,86.7,OK
EQ-284477-PIA-01,284477,Platelet incubator with agitator,Terumo BCT,Trima Storage Console,2026-08-21T00:00:00,90.1,OK
EQ-614-PIA-01,614,Platelet incubator with agitator,Thermo Fisher,Forma 3911,2026-08-21T00:00:00,87.1,OK
EQ-616-PIA-01,616,Platelet incubator with agitator,Helmer,PC2200i,2026-08-21T00:00:00,91.2,OK
EQ-635-PIA-01,635,Platelet incubator with agitator,Remi,RPA-100,2026-08-21T00:00:00,85.7,OK
EQ-647-PIA-01,647,Platelet incubator with agitator,Labtop,LPI-12,2026-08-21T00:00:00,92.4,OK
EQ-280440-PIA-01,280440,Platelet incubator with agitator,Terumo BCT,Trima Storage Console,2026-08-21T00:00:00,89.7,OK
EQ-283295-PIA-01,283295,Platelet incubator with agitator,Thermo Fisher,Forma 3911,2026-08-21T00:00:00,89.6,OK
EQ-283498-PIA-01,283498,Platelet incubator with agitator,Helmer,PC2200i,2026-08-21T00:00:00,87.1,OK
EQ-284119-PIA-01,284119,Platelet incubator with agitator,Remi,RPA-100,2026-08-21T00:00:00,85.9,OK
EQ-604-PIA-01,604,Platelet incubator with agitator,Labtop,LPI-12,2026-08-21T00:00:00,86.8,OK
EQ-644-PIA-01,644,Platelet incubator with agitator,Terumo BCT,Trima Storage Console,2026-08-21T00:00:00,89.7,OK
EQ-97101-PIA-01,97101,Platelet incubator with agitator,Thermo Fisher,Forma 3911,2026-08-21T00:00:00,86.2,OK
EQ-97111-PIA-01,97111,Platelet incubator with agitator,Helmer,PC2200i,2026-08-21T00:00:00,88.8,OK
EQ-97128-PIA-01,97128,Platelet incubator with agitator,Remi,RPA-100,2026-08-21T00:00:00,89.9,OK
EQ-97135-PIA-01,97135,Platelet incubator with agitator,Labtop,LPI-12,2026-08-21T00:00:00,92.3,OK
EQ-280730-PIA-01,280730,Platelet incubator with agitator,Terumo BCT,Trima Storage Console,2026-08-21T00:00:00,88.6,OK
EQ-285199-PIA-01,285199,Platelet incubator with agitator,Thermo Fisher,Forma 3911,2026-08-21T00:00:00,86.4,OK
EQ-618-PIA-01,618,Platelet incubator with agitator,Helmer,PC2200i,2026-08-21T00:00:00,84.8,Watch
EQ-629-PIA-01,629,Platelet incubator with agitator,Remi,RPA-100,2026-08-21T00:00:00,89.0,OK
EQ-283294-PIA-01,283294,Platelet incubator with agitator,Labtop,LPI-12,2026-08-21T00:00:00,93.1,OK
EQ-283477-PIA-01,283477,Platelet incubator with agitator,Terumo BCT,Trima Storage Console,2026-08-21T00:00:00,90.2,OK
EQ-284742-PIA-01,284742,Platelet incubator with agitator,Thermo Fisher,Forma 3911,2026-08-21T00:00:00,89.4,OK
EQ-619-PIA-01,619,Platelet incubator with agitator,Helmer,PC2200i,2026-08-21T00:00:00,88.9,OK
EQ-280451-PIA-01,280451,Platelet incubator with agitator,Remi,RPA-100,2026-08-21T00:00:00,85.6,OK
EQ-284802-PIA-01,284802,Platelet incubator with agitator,Labtop,LPI-12,2026-08-21T00:00:00,91.7,OK
EQ-612-PIA-01,612,Platelet incubator with agitator,Terumo BCT,Trima Storage Console,2026-08-21T00:00:00,91.5,OK
EQ-613-PIA-01,613,Platelet incubator with agitator,Thermo Fisher,Forma 3911,2026-08-21T00:00:00,90.2,OK
EQ-623-PIA-01,623,Platelet incubator with agitator,Helmer,PC2200i,2026-08-21T00:00:00,91.9,OK
EQ-624-PIA-01,624,Platelet incubator with agitator,Remi,RPA-100,2026-08-21T00:00:00,92.6,OK
EQ-625-PIA-01,625,Platelet incubator with agitator,Labtop,LPI-12,2026-08-21T00:00:00,94.3,OK
EQ-639-PIA-01,639,Platelet incubator with agitator,Terumo BCT,Trima Storage Console,2026-08-21T00:00:00,91.4,OK
EQ-650-PIA-01,650,Platelet incubator with agitator,Thermo Fisher,Forma 3911,2026-08-21T00:00:00,94.8,OK
EQ-656-PIA-01,656,Platelet incubator with agitator,Helmer,PC2200i,2026-08-21T00:00:00,89.3,OK
EQ-658-PIA-01,658,Platelet incubator with agitator,Remi,RPA-100,2026-08-21T00:00:00,89.5,OK
EQ-97127-PIA-01,97127,Platelet incubator with agitator,Labtop,LPI-12,2026-08-21T00:00:00,90.3,OK
EQ-97131-PIA-01,97131,Platelet incubator with agitator,Terumo BCT,Trima Storage Console,2026-08-21T00:00:00,91.1,OK
EQ-97133-PIA-01,97133,Platelet incubator with agitator,Thermo Fisher,Forma 3911,2026-08-21T00:00:00,86.2,OK
EQ-610-PIA-01,610,Platelet incubator with agitator,Helmer,PC2200i,2026-08-21T00:00:00,89.6,OK
EQ-284870-PIA-01,284870,Platelet incubator with agitator,Remi,RPA-100,2026-08-21T00:00:00,89.4,OK
EQ-284958-PIA-01,284958,Platelet incubator with agitator,Labtop,LPI-12,2026-08-21T00:00:00,90.2,OK
EQ-622-PIA-01,622,Platelet incubator with agitator,Terumo BCT,Trima Storage Console,2026-08-21T00:00:00,90.8,OK
EQ-630-PIA-01,630,Platelet incubator with agitator,Thermo Fisher,Forma 3911,2026-08-21T00:00:00,86.7,OK
EQ-631-PIA-01,631,Platelet incubator with agitator,Helmer,PC2200i,2026-08-21T00:00:00,93.1,OK
EQ-632-PIA-01,632,Platelet incubator with agitator,Remi,RPA-100,2026-08-21T00:00:00,89.9,OK
EQ-641-PIA-01,641,Platelet incubator with agitator,Labtop,LPI-12,2026-08-21T00:00:00,87.6,OK
EQ-648-PIA-01,648,Platelet incubator with agitator,Terumo BCT,Trima Storage Console,2026-08-21T00:00:00,91.0,OK
EQ-659-PIA-01,659,Platelet incubator with agitator,Thermo Fisher,Forma 3911,2026-08-21T00:00:00,89.5,OK
EQ-663-PIA-01,663,Platelet incubator with agitator,Helmer,PC2200i,2026-08-21T00:00:00,90.8,OK
EQ-666-PIA-01,666,Platelet incubator with agitator,Remi,RPA-100,2026-08-21T00:00:00,89.6,OK
EQ-672-PIA-01,672,Platelet incubator with agitator,Labtop,LPI-12,2026-08-21T00:00:00,94.0,OK
EQ-97132-PIA-01,97132,Platelet incubator with agitator,Terumo BCT,Trima Storage Console,2026-08-21T00:00:00,93.6,OK
EQ-284129-PIA-01,284129,Platelet incubator with agitator,Thermo Fisher,Forma 3911,2026-08-21T00:00:00,87.7,OK
EQ-636-PIA-01,636,Platelet incubator with agitator,Helmer,PC2200i,2026-08-21T00:00:00,90.2,OK
EQ-637-PIA-01,637,Platelet incubator with agitator,Remi,RPA-100,2026-08-21T00:00:00,88.4,OK
EQ-280737-PIA-01,280737,Platelet incubator with agitator,Labtop,LPI-12,2026-08-21T00:00:00,84.6,Watch
EQ-280752-PIA-01,280752,Platelet incubator with agitator,Terumo BCT,Trima Storage Console,2026-08-21T00:00:00,91.9,OK
EQ-280762-PIA-01,280762,Platelet incubator with agitator,Thermo Fisher,Forma 3911,2026-08-21T00:00:00,88.6,OK
EQ-283297-PIA-01,283297,Platelet incubator with agitator,Helmer,PC2200i,2026-08-21T00:00:00,88.2,OK
EQ-283318-PIA-01,283318,Platelet incubator with agitator,Remi,RPA-100,2026-08-21T00:00:00,86.0,OK
EQ-615-PIA-01,615,Platelet incubator with agitator,Labtop,LPI-12,2026-08-21T00:00:00,89.4,OK
EQ-651-PIA-01,651,Platelet incubator with agitator,Terumo BCT,Trima Storage Console,2026-08-21T00:00:00,87.3,OK
EQ-657-PIA-01,657,Platelet incubator with agitator,Thermo Fisher,Forma 3911,2026-08-21T00:00:00,87.7,OK
EQ-660-PIA-01,660,Platelet incubator with agitator,Helmer,PC2200i,2026-08-21T00:00:00,89.8,OK
EQ-97104-PIA-01,97104,Platelet incubator with agitator,Remi,RPA-100,2026-08-21T00:00:00,85.7,OK
EQ-97105-PIA-01,97105,Platelet incubator with agitator,Labtop,LPI-12,2026-08-21T00:00:00,83.7,Watch
EQ-283827-PIA-01,283827,Platelet incubator with agitator,Terumo BCT,Trima Storage Console,2026-08-21T00:00:00,87.6,OK
EQ-285066-PIA-01,285066,Platelet incubator with agitator,Thermo Fisher,Forma 3911,2026-08-21T00:00:00,86.3,OK
EQ-606-PIA-01,606,Platelet incubator with agitator,Helmer,PC2200i,2026-08-21T00:00:00,91.0,OK
EQ-609-PIA-01,609,Platelet incubator with agitator,Remi,RPA-100,2026-08-21T00:00:00,91.5,OK
EQ-640-PIA-01,640,Platelet incubator with agitator,Labtop,LPI-12,2026-08-21T00:00:00,86.9,OK
EQ-642-PIA-01,642,Platelet incubator with agitator,Terumo BCT,Trima Storage Console,2026-08-21T00:00:00,88.1,OK
EQ-643-PIA-01,643,Platelet incubator with agitator,Thermo Fisher,Forma 3911,2026-08-21T00:00:00,88.7,OK
EQ-646-PIA-01,646,Platelet incubator with agitator,Helmer,PC2200i,2026-08-21T00:00:00,86.4,OK
EQ-653-PIA-01,653,Platelet incubator with agitator,Remi,RPA-100,2026-08-21T00:00:00,91.7,OK
EQ-654-PIA-01,654,Platelet incubator with agitator,Labtop,LPI-12,2026-08-21T00:00:00,88.5,OK
EQ-655-PIA-01,655,Platelet incubator with agitator,Terumo BCT,Trima Storage Console,2026-08-21T00:00:00,87.6,OK
EQ-10001-PIA-01,10001,Platelet incubator with agitator,Thermo Fisher,Forma 3911,2026-08-21T00:00:00,86.5,OK
EQ-10005-PIA-01,10005,Platelet incubator with agitator,Helmer,PC2200i,2026-08-21T00:00:00,87.4,OK
EQ-280167-PIA-01,280167,Platelet incubator with agitator,Remi,RPA-100,2026-08-21T00:00:00,92.4,OK
EQ-10002-PIA-01,10002,Platelet incubator with agitator,Labtop,LPI-12,2026-08-21T00:00:00,87.7,OK
EQ-282818-PIA-01,282818,Platelet incubator with agitator,Terumo BCT,Trima Storage Console,2026-08-21T00:00:00,85.2,OK
EQ-24101-PIA-01,24101,Platelet incubator with agitator,Thermo Fisher,Forma 3911,2026-08-21T00:00:00,92.8,OK
EQ-24108-PIA-01,24108,Platelet incubator with agitator,Helmer,PC2200i,2026-08-21T00:00:00,89.6,OK
EQ-24113-PIA-01,24113,Platelet incubator with agitator,Remi,RPA-100,2026-08-21T00:00:00,88.5,OK
EQ-24118-PIA-01,24118,Platelet incubator with agitator,Labtop,LPI-12,2026-08-21T00:00:00,84.9,Watch
EQ-24119-PIA-01,24119,Platelet incubator with agitator,Terumo BCT,Trima Storage Console,2026-08-21T00:00:00,88.0,OK
EQ-280414-PIA-01,280414,Platelet incubator with agitator,Thermo Fisher,Forma 3911,2026-08-21T00:00:00,90.0,OK
EQ-280452-PIA-01,280452,Platelet incubator with agitator,Helmer,PC2200i,2026-08-21T00:00:00,93.1,OK
EQ-280453-PIA-01,280453,Platelet incubator with agitator,Remi,RPA-100,2026-08-21T00:00:00,86.6,OK
EQ-280515-PIA-01,280515,Platelet incubator with agitator,Labtop,LPI-12,2026-08-21T00:00:00,89.7,OK
EQ-280576-PIA-01,280576,Platelet incubator with agitator,Terumo BCT,Trima Storage Console,2026-08-21T00:00:00,89.1,OK
EQ-280580-PIA-01,280580,Platelet incubator with agitator,Thermo Fisher,Forma 3911,2026-08-21T00:00:00,94.1,OK
EQ-280703-PIA-01,280703,Platelet incubator with agitator,Helmer,PC2200i,2026-08-21T00:00:00,87.4,OK
EQ-280745-PIA-01,280745,Platelet incubator with agitator,Remi,RPA-100,2026-08-21T00:00:00,87.8,OK
EQ-280754-PIA-01,280754,Platelet incubator with agitator,Labtop,LPI-12,2026-08-21T00:00:00,88.9,OK
EQ-284135-PIA-01,284135,Platelet incubator with agitator,Terumo BCT,Trima Storage Console,2026-08-21T00:00:00,87.4,OK
EQ-284169-PIA-01,284169,Platelet incubator with agitator,Thermo Fisher,Forma 3911,2026-08-21T00:00:00,89.4,OK
EQ-284172-PIA-01,284172,Platelet incubator with agitator,Helmer,PC2200i,2026-08-21T00:00:00,86.0,OK
EQ-284283-PIA-01,284283,Platelet incubator with agitator,Remi,RPA-100,2026-08-21T00:00:00,90.3,OK
EQ-284284-PIA-01,284284,Platelet incubator with agitator,Labtop,LPI-12,2026-08-21T00:00:00,86.7,OK
EQ-284449-PIA-01,284449,Platelet incubator with agitator,Terumo BCT,Trima Storage Console,2026-08-21T00:00:00,91.1,OK
EQ-284472-PIA-01,284472,Platelet incubator with agitator,Thermo Fisher,Forma 3911,2026-08-21T00:00:00,91.8,OK
EQ-284785-PIA-01,284785,Platelet incubator with agitator,Helmer,PC2200i,2026-08-21T00:00:00,93.2,OK
EQ-284833-PIA-01,284833,Platelet incubator with agitator,Remi,RPA-100,2026-08-21T00:00:00,89.3,OK
EQ-802-PIA-01,802,Platelet incubator with agitator,Labtop,LPI-12,2026-08-21T00:00:00,89.9,OK
EQ-803-PIA-01,803,Platelet incubator with agitator,Terumo BCT,Trima Storage Console,2026-08-21T00:00:00,84.9,Watch
EQ-806-PIA-01,806,Platelet incubator with agitator,Thermo Fisher,Forma 3911,2026-08-21T00:00:00,92.0,OK
EQ-807-PIA-01,807,Platelet incubator with agitator,Helmer,PC2200i,2026-08-21T00:00:00,87.3,OK
EQ-808-PIA-01,808,Platelet incubator with agitator,Remi,RPA-100,2026-08-21T00:00:00,87.9,OK
EQ-809-PIA-01,809,Platelet incubator with agitator,Labtop,LPI-12,2026-08-21T00:00:00,90.5,OK
EQ-810-PIA-01,810,Platelet incubator with agitator,Terumo BCT,Trima Storage Console,2026-08-21T00:00:00,87.5,OK
EQ-811-PIA-01,811,Platelet incubator with agitator,Thermo Fisher,Forma 3911,2026-08-21T00:00:00,89.6,OK
EQ-815-PIA-01,815,Platelet incubator with agitator,Helmer,PC2200i,2026-08-21T00:00:00,89.0,OK
EQ-817-PIA-01,817,Platelet incubator with agitator,Remi,RPA-100,2026-08-21T00:00:00,90.4,OK
EQ-818-PIA-01,818,Platelet incubator with agitator,Labtop,LPI-12,2026-08-21T00:00:00,89.8,OK
EQ-819-PIA-01,819,Platelet incubator with agitator,Terumo BCT,Trima Storage Console,2026-08-21T00:00:00,88.9,OK
EQ-821-PIA-01,821,Platelet incubator with agitator,Thermo Fisher,Forma 3911,2026-08-21T00:00:00,89.5,OK
EQ-280742-PIA-01,280742,Platelet incubator with agitator,Helmer,PC2200i,2026-08-21T00:00:00,84.9,Watch
EQ-284136-PIA-01,284136,Platelet incubator with agitator,Remi,RPA-100,2026-08-21T00:00:00,91.9,OK
EQ-285225-PIA-01,285225,Platelet incubator with agitator,Labtop,LPI-12,2026-08-21T00:00:00,88.8,OK
EQ-870-PIA-01,870,Platelet incubator with agitator,Terumo BCT,Trima Storage Console,2026-08-21T00:00:00,86.9,OK
EQ-24125-PIA-01,24125,Platelet incubator with agitator,Thermo Fisher,Forma 3911,2026-08-21T00:00:00,90.5,OK
EQ-280456-PIA-01,280456,Platelet incubator with agitator,Helmer,PC2200i,2026-08-21T00:00:00,92.5,OK
EQ-283154-PIA-01,283154,Platelet incubator with agitator,Remi,RPA-100,2026-08-21T00:00:00,88.9,OK
EQ-822-PIA-01,822,Platelet incubator with agitator,Labtop,LPI-12,2026-08-21T00:00:00,86.6,OK
EQ-823-PIA-01,823,Platelet incubator with agitator,Terumo BCT,Trima Storage Console,2026-08-21T00:00:00,91.6,OK
EQ-871-PIA-01,871,Platelet incubator with agitator,Thermo Fisher,Forma 3911,2026-08-21T00:00:00,86.4,OK
EQ-872-PIA-01,872,Platelet incubator with agitator,Helmer,PC2200i,2026-08-21T00:00:00,90.8,OK
EQ-1819-PIA-01,1819,Platelet incubator with agitator,Remi,RPA-100,2026-08-21T00:00:00,89.2,OK
EQ-280412-PIA-01,280412,Platelet incubator with agitator,Labtop,LPI-12,2026-08-21T00:00:00,90.8,OK
EQ-24102-PIA-01,24102,Platelet incubator with agitator,Terumo BCT,Trima Storage Console,2026-08-21T00:00:00,94.0,OK
EQ-24133-PIA-01,24133,Platelet incubator with agitator,Thermo Fisher,Forma 3911,2026-08-21T00:00:00,93.8,OK
EQ-282579-PIA-01,282579,Platelet incubator with agitator,Helmer,PC2200i,2026-08-21T00:00:00,88.9,OK
EQ-283316-PIA-01,283316,Platelet incubator with agitator,Remi,RPA-100,2026-08-21T00:00:00,91.2,OK
EQ-284421-PIA-01,284421,Platelet incubator with agitator,Labtop,LPI-12,2026-08-21T00:00:00,87.7,OK
EQ-284504-PIA-01,284504,Platelet incubator with agitator,Terumo BCT,Trima Storage Console,2026-08-21T00:00:00,90.4,OK
EQ-284539-PIA-01,284539,Platelet incubator with agitator,Thermo Fisher,Forma 3911,2026-08-21T00:00:00,90.5,OK
EQ-284979-PIA-01,284979,Platelet incubator with agitator,Helmer,PC2200i,2026-08-21T00:00:00,88.5,OK
EQ-824-PIA-01,824,Platelet incubator with agitator,Remi,RPA-100,2026-08-21T00:00:00,86.4,OK
EQ-873-PIA-01,873,Platelet incubator with agitator,Labtop,LPI-12,2026-08-21T00:00:00,88.3,OK
EQ-874-PIA-01,874,Platelet incubator with agitator,Terumo BCT,Trima Storage Console,2026-08-21T00:00:00,89.8,OK
EQ-875-PIA-01,875,Platelet incubator with agitator,Thermo Fisher,Forma 3911,2026-08-21T00:00:00,88.5,OK
EQ-879-PIA-01,879,Platelet incubator with agitator,Helmer,PC2200i,2026-08-21T00:00:00,91.4,OK
EQ-282662-PIA-01,282662,Platelet incubator with agitator,Remi,RPA-100,2026-08-21T00:00:00,87.3,OK
EQ-284086-PIA-01,284086,Platelet incubator with agitator,Labtop,LPI-12,2026-08-21T00:00:00,86.6,OK
EQ-881-PIA-01,881,Platelet incubator with agitator,Terumo BCT,Trima Storage Console,2026-08-21T00:00:00,88.6,OK
EQ-882-PIA-01,882,Platelet incubator with agitator,Thermo Fisher,Forma 3911,2026-08-21T00:00:00,88.9,OK
EQ-280836-PIA-01,280836,Platelet incubator with agitator,Helmer,PC2200i,2026-08-21T00:00:00,91.4,OK
EQ-283245-PIA-01,283245,Platelet incubator with agitator,Remi,RPA-100,2026-08-21T00:00:00,92.6,OK
EQ-283321-PIA-01,283321,Platelet incubator with agitator,Labtop,LPI-12,2026-08-21T00:00:00,90.6,OK
EQ-825-PIA-01,825,Platelet incubator with agitator,Terumo BCT,Trima Storage Console,2026-08-21T00:00:00,88.2,OK
EQ-826-PIA-01,826,Platelet incubator with agitator,Thermo Fisher,Forma 3911,2026-08-21T00:00:00,88.7,OK
EQ-883-PIA-01,883,Platelet incubator with agitator,Helmer,PC2200i,2026-08-21T00:00:00,88.6,OK
EQ-885-PIA-01,885,Platelet incubator with agitator,Remi,RPA-100,2026-08-21T00:00:00,86.5,OK
EQ-884-PIA-01,884,Platelet incubator with agitator,Labtop,LPI-12,2026-08-21T00:00:00,86.8,OK
EQ-280578-PIA-01,280578,Platelet incubator with agitator,Terumo BCT,Trima Storage Console,2026-08-21T00:00:00,89.6,OK
EQ-280585-PIA-01,280585,Platelet incubator with agitator,Thermo Fisher,Forma 3911,2026-08-21T00:00:00,89.8,OK
EQ-282583-PIA-01,282583,Platelet incubator with agitator,Helmer,PC2200i,2026-08-21T00:00:00,86.9,OK
EQ-284426-PIA-01,284426,Platelet incubator with agitator,Remi,RPA-100,2026-08-21T00:00:00,93.2,OK
EQ-889-PIA-01,889,Platelet incubator with agitator,Labtop,LPI-12,2026-08-21T00:00:00,86.2,OK
EQ-283155-PIA-01,283155,Platelet incubator with agitator,Terumo BCT,Trima Storage Console,2026-08-21T00:00:00,92.6,OK
EQ-280559-PIA-01,280559,Platelet incubator with agitator,Thermo Fisher,Forma 3911,2026-08-21T00:00:00,94.9,OK
EQ-24104-PIA-01,24104,Platelet incubator with agitator,Helmer,PC2200i,2026-08-21T00:00:00,89.2,OK
EQ-24135-PIA-01,24135,Platelet incubator with agitator,Remi,RPA-100,2026-08-21T00:00:00,94.0,OK
EQ-24137-PIA-01,24137,Platelet incubator with agitator,Labtop,LPI-12,2026-08-21T00:00:00,87.3,OK
EQ-284229-PIA-01,284229,Platelet incubator with agitator,Terumo BCT,Trima Storage Console,2026-08-21T00:00:00,84.3,Watch
EQ-284513-PIA-01,284513,Platelet incubator with agitator,Thermo Fisher,Forma 3911,2026-08-21T00:00:00,86.0,OK
EQ-833-PIA-01,833,Platelet incubator with agitator,Helmer,PC2200i,2026-08-21T00:00:00,90.4,OK
EQ-834-PIA-01,834,Platelet incubator with agitator,Remi,RPA-100,2026-08-21T00:00:00,85.3,OK
EQ-891-PIA-01,891,Platelet incubator with agitator,Labtop,LPI-12,2026-08-21T00:00:00,91.6,OK
EQ-892-PIA-01,892,Platelet incubator with agitator,Terumo BCT,Trima Storage Console,2026-08-21T00:00:00,92.7,OK
EQ-284385-PIA-01,284385,Platelet incubator with agitator,Thermo Fisher,Forma 3911,2026-08-21T00:00:00,86.4,OK
EQ-894-PIA-01,894,Platelet incubator with agitator,Helmer,PC2200i,2026-08-21T00:00:00,88.2,OK
EQ-24136-PIA-01,24136,Platelet incubator with agitator,Remi,RPA-100,2026-08-21T00:00:00,88.9,OK
EQ-24112-PIA-01,24112,Platelet incubator with agitator,Labtop,LPI-12,2026-08-21T00:00:00,90.2,OK
EQ-893-PIA-01,893,Platelet incubator with agitator,Terumo BCT,Trima Storage Console,2026-08-21T00:00:00,90.0,OK
EQ-283805-PIA-01,283805,Platelet incubator with agitator,Thermo Fisher,Forma 3911,2026-08-21T00:00:00,86.2,OK
EQ-837-PIA-01,837,Platelet incubator with agitator,Helmer,PC2200i,2026-08-21T00:00:00,89.5,OK
EQ-895-PIA-01,895,Platelet incubator with agitator,Remi,RPA-100,2026-08-21T00:00:00,91.2,OK
EQ-896-PIA-01,896,Platelet incubator with agitator,Labtop,LPI-12,2026-08-21T00:00:00,89.2,OK
EQ-897-PIA-01,897,Platelet incubator with agitator,Terumo BCT,Trima Storage Console,2026-08-21T00:00:00,87.0,OK
EQ-283247-PIA-01,283247,Platelet incubator with agitator,Thermo Fisher,Forma 3911,2026-08-21T00:00:00,88.3,OK
EQ-828-PIA-01,828,Platelet incubator with agitator,Helmer,PC2200i,2026-08-21T00:00:00,85.8,OK
EQ-829-PIA-01,829,Platelet incubator with agitator,Remi,RPA-100,2026-08-21T00:00:00,89.0,OK
EQ-830-PIA-01,830,Platelet incubator with agitator,Labtop,LPI-12,2026-08-21T00:00:00,87.9,OK
EQ-886-PIA-01,886,Platelet incubator with agitator,Terumo BCT,Trima Storage Console,2026-08-21T00:00:00,88.8,OK
EQ-1801-PIA-01,1801,Platelet incubator with agitator,Thermo Fisher,Forma 3911,2026-08-21T00:00:00,89.0,OK
EQ-24126-PIA-01,24126,Platelet incubator with agitator,Helmer,PC2200i,2026-08-21T00:00:00,91.3,OK
EQ-280740-PIA-01,280740,Platelet incubator with agitator,Remi,RPA-100,2026-08-21T00:00:00,87.2,OK
EQ-282661-PIA-01,282661,Platelet incubator with agitator,Labtop,LPI-12,2026-08-21T00:00:00,88.1,OK
EQ-839-PIA-01,839,Platelet incubator with agitator,Terumo BCT,Trima Storage Console,2026-08-21T00:00:00,89.8,OK
EQ-840-PIA-01,840,Platelet incubator with agitator,Thermo Fisher,Forma 3911,2026-08-21T00:00:00,90.8,OK
EQ-1802-PIA-01,1802,Platelet incubator with agitator,Helmer,PC2200i,2026-08-21T00:00:00,90.2,OK
EQ-1803-PIA-01,1803,Platelet incubator with agitator,Remi,RPA-100,2026-08-21T00:00:00,87.4,OK
EQ-24124-PIA-01,24124,Platelet incubator with agitator,Labtop,LPI-12,2026-08-21T00:00:00,92.7,OK
EQ-280714-PIA-01,280714,Platelet incubator with agitator,Terumo BCT,Trima Storage Console,2026-08-21T00:00:00,90.3,OK
EQ-284170-PIA-01,284170,Platelet incubator with agitator,Thermo Fisher,Forma 3911,2026-08-21T00:00:00,87.6,OK
EQ-284839-PIA-01,284839,Platelet incubator with agitator,Helmer,PC2200i,2026-08-21T00:00:00,85.2,OK
EQ-841-PIA-01,841,Platelet incubator with agitator,Remi,RPA-100,2026-08-21T00:00:00,88.9,OK
EQ-283246-PIA-01,283246,Platelet incubator with agitator,Labtop,LPI-12,2026-08-21T00:00:00,85.5,OK
EQ-284840-PIA-01,284840,Platelet incubator with agitator,Terumo BCT,Trima Storage Console,2026-08-21T00:00:00,92.6,OK
EQ-280457-PIA-01,280457,Platelet incubator with agitator,Thermo Fisher,Forma 3911,2026-08-21T00:00:00,90.4,OK
EQ-284411-PIA-01,284411,Platelet incubator with agitator,Helmer,PC2200i,2026-08-21T00:00:00,87.7,OK
EQ-284526-PIA-01,284526,Platelet incubator with agitator,Remi,RPA-100,2026-08-21T00:00:00,87.0,OK
EQ-280303-PIA-01,280303,Platelet incubator with agitator,Labtop,LPI-12,2026-08-21T00:00:00,89.9,OK
EQ-284927-PIA-01,284927,Platelet incubator with agitator,Terumo BCT,Trima Storage Console,2026-08-21T00:00:00,91.5,OK
EQ-1804-PIA-01,1804,Platelet incubator with agitator,Thermo Fisher,Forma 3911,2026-08-21T00:00:00,91.6,OK
EQ-1825-PIA-01,1825,Platelet incubator with agitator,Helmer,PC2200i,2026-08-21T00:00:00,92.8,OK
EQ-24132-PIA-01,24132,Platelet incubator with agitator,Remi,RPA-100,2026-08-21T00:00:00,90.7,OK
EQ-283156-PIA-01,283156,Platelet incubator with agitator,Labtop,LPI-12,2026-08-21T00:00:00,85.4,OK
EQ-842-PIA-01,842,Platelet incubator with agitator,Terumo BCT,Trima Storage Console,2026-08-21T00:00:00,87.8,OK
EQ-1805-PIA-01,1805,Platelet incubator with agitator,Thermo Fisher,Forma 3911,2026-08-21T00:00:00,84.9,Watch
EQ-280438-PIA-01,280438,Platelet incubator with agitator,Helmer,PC2200i,2026-08-21T00:00:00,86.2,OK
EQ-280518-PIA-01,280518,Platelet incubator with agitator,Remi,RPA-100,2026-08-21T00:00:00,88.8,OK
EQ-284115-PIA-01,284115,Platelet incubator with agitator,Labtop,LPI-12,2026-08-21T00:00:00,84.2,Watch
EQ-1806-PIA-01,1806,Platelet incubator with agitator,Terumo BCT,Trima Storage Console,2026-08-21T00:00:00,88.8,OK
EQ-1807-PIA-01,1807,Platelet incubator with agitator,Thermo Fisher,Forma 3911,2026-08-21T00:00:00,88.6,OK
EQ-24111-PIA-01,24111,Platelet incubator with agitator,Helmer,PC2200i,2026-08-21T00:00:00,85.9,OK
EQ-24122-PIA-01,24122,Platelet incubator with agitator,Remi,RPA-100,2026-08-21T00:00:00,90.3,OK
EQ-24130-PIA-01,24130,Platelet incubator with agitator,Labtop,LPI-12,2026-08-21T00:00:00,89.8,OK
EQ-282659-PIA-01,282659,Platelet incubator with agitator,Terumo BCT,Trima Storage Console,2026-08-21T00:00:00,90.8,OK
EQ-283422-PIA-01,283422,Platelet incubator with agitator,Thermo Fisher,Forma 3911,2026-08-21T00:00:00,90.1,OK
EQ-1809-PIA-01,1809,Platelet incubator with agitator,Helmer,PC2200i,2026-08-21T00:00:00,91.4,OK
EQ-1810-PIA-01,1810,Platelet incubator with agitator,Remi,RPA-100,2026-08-21T00:00:00,88.9,OK
EQ-1811-PIA-01,1811,Platelet incubator with agitator,Labtop,LPI-12,2026-08-21T00:00:00,85.6,OK
EQ-1812-PIA-01,1812,Platelet incubator with agitator,Terumo BCT,Trima Storage Console,2026-08-21T00:00:00,87.2,OK
EQ-1817-PIA-01,1817,Platelet incubator with agitator,Thermo Fisher,Forma 3911,2026-08-21T00:00:00,92.2,OK
EQ-24114-PIA-01,24114,Platelet incubator with agitator,Helmer,PC2200i,2026-08-21T00:00:00,91.5,OK
EQ-24131-PIA-01,24131,Platelet incubator with agitator,Remi,RPA-100,2026-08-21T00:00:00,86.5,OK
EQ-24139-PIA-01,24139,Platelet incubator with agitator,Labtop,LPI-12,2026-08-21T00:00:00,88.4,OK
EQ-24140-PIA-01,24140,Platelet incubator with agitator,Terumo BCT,Trima Storage Console,2026-08-21T00:00:00,90.1,OK
EQ-283427-PIA-01,283427,Platelet incubator with agitator,Thermo Fisher,Forma 3911,2026-08-21T00:00:00,93.9,OK
EQ-283566-PIA-01,283566,Platelet incubator with agitator,Helmer,PC2200i,2026-08-21T00:00:00,88.6,OK
EQ-284971-PIA-01,284971,Platelet incubator with agitator,Remi,RPA-100,2026-08-21T00:00:00,89.8,OK
EQ-845-PIA-01,845,Platelet incubator with agitator,Labtop,LPI-12,2026-08-21T00:00:00,90.2,OK
EQ-846-PIA-01,846,Platelet incubator with agitator,Terumo BCT,Trima Storage Console,2026-08-21T00:00:00,85.2,OK
EQ-847-PIA-01,847,Platelet incubator with agitator,Thermo Fisher,Forma 3911,2026-08-21T00:00:00,86.5,OK
EQ-1818-PIA-01,1818,Platelet incubator with agitator,Helmer,PC2200i,2026-08-21T00:00:00,92.8,OK
EQ-1820-PIA-01,1820,Platelet incubator with agitator,Remi,RPA-100,2026-08-21T00:00:00,88.0,OK
EQ-24106-PIA-01,24106,Platelet incubator with agitator,Labtop,LPI-12,2026-08-21T00:00:00,88.3,OK
EQ-280514-PIA-01,280514,Platelet incubator with agitator,Terumo BCT,Trima Storage Console,2026-08-21T00:00:00,90.6,OK
EQ-284396-PIA-01,284396,Platelet incubator with agitator,Thermo Fisher,Forma 3911,2026-08-21T00:00:00,92.7,OK
EQ-24120-PIA-01,24120,Platelet incubator with agitator,Helmer,PC2200i,2026-08-21T00:00:00,86.4,OK
EQ-24121-PIA-01,24121,Platelet incubator with agitator,Remi,RPA-100,2026-08-21T00:00:00,88.7,OK
EQ-280415-PIA-01,280415,Platelet incubator with agitator,Labtop,LPI-12,2026-08-21T00:00:00,90.1,OK
EQ-280455-PIA-01,280455,Platelet incubator with agitator,Terumo BCT,Trima Storage Console,2026-08-21T00:00:00,90.7,OK
EQ-280715-PIA-01,280715,Platelet incubator with agitator,Thermo Fisher,Forma 3911,2026-08-21T00:00:00,85.9,OK
EQ-284390-PIA-01,284390,Platelet incubator with agitator,Helmer,PC2200i,2026-08-21T00:00:00,91.9,OK
EQ-284483-PIA-01,284483,Platelet incubator with agitator,Remi,RPA-100,2026-08-21T00:00:00,91.2,OK
EQ-284952-PIA-01,284952,Platelet incubator with agitator,Labtop,LPI-12,2026-08-21T00:00:00,89.8,OK
EQ-284968-PIA-01,284968,Platelet incubator with agitator,Terumo BCT,Trima Storage Console,2026-08-21T00:00:00,89.9,OK
EQ-849-PIA-01,849,Platelet incubator with agitator,Thermo Fisher,Forma 3911,2026-08-21T00:00:00,85.3,OK
EQ-850-PIA-01,850,Platelet incubator with agitator,Helmer,PC2200i,2026-08-21T00:00:00,92.2,OK
EQ-851-PIA-01,851,Platelet incubator with agitator,Remi,RPA-100,2026-08-21T00:00:00,90.9,OK
EQ-852-PIA-01,852,Platelet incubator with agitator,Labtop,LPI-12,2026-08-21T00:00:00,85.8,OK
EQ-853-PIA-01,853,Platelet incubator with agitator,Terumo BCT,Trima Storage Console,2026-08-21T00:00:00,91.2,OK
EQ-888-PIA-01,888,Platelet incubator with agitator,Thermo Fisher,Forma 3911,2026-08-21T00:00:00,91.5,OK
EQ-1822-PIA-01,1822,Platelet incubator with agitator,Helmer,PC2200i,2026-08-21T00:00:00,90.5,OK
EQ-280573-PIA-01,280573,Platelet incubator with agitator,Remi,RPA-100,2026-08-21T00:00:00,90.7,OK
EQ-280741-PIA-01,280741,Platelet incubator with agitator,Labtop,LPI-12,2026-08-21T00:00:00,90.6,OK
EQ-854-PIA-01,854,Platelet incubator with agitator,Terumo BCT,Trima Storage Console,2026-08-21T00:00:00,88.1,OK
EQ-1823-PIA-01,1823,Platelet incubator with agitator,Thermo Fisher,Forma 3911,2026-08-21T00:00:00,86.3,OK
EQ-855-PIA-01,855,Platelet incubator with agitator,Helmer,PC2200i,2026-08-21T00:00:00,89.9,OK
EQ-1824-PIA-01,1824,Platelet incubator with agitator,Remi,RPA-100,2026-08-21T00:00:00,85.1,OK
EQ-24105-PIA-01,24105,Platelet incubator with agitator,Labtop,LPI-12,2026-08-21T00:00:00,85.0,OK
EQ-24107-PIA-01,24107,Platelet incubator with agitator,Terumo BCT,Trima Storage Console,2026-08-21T00:00:00,86.6,OK
EQ-24138-PIA-01,24138,Platelet incubator with agitator,Thermo Fisher,Forma 3911,2026-08-21T00:00:00,87.5,OK
EQ-24141-PIA-01,24141,Platelet incubator with agitator,Helmer,PC2200i,2026-08-21T00:00:00,86.2,OK
EQ-280426-PIA-01,280426,Platelet incubator with agitator,Remi,RPA-100,2026-08-21T00:00:00,87.1,OK
EQ-282809-PIA-01,282809,Platelet incubator with agitator,Labtop,LPI-12,2026-08-21T00:00:00,89.9,OK
EQ-283224-PIA-01,283224,Platelet incubator with agitator,Terumo BCT,Trima Storage Console,2026-08-21T00:00:00,85.2,OK
EQ-284228-PIA-01,284228,Platelet incubator with agitator,Thermo Fisher,Forma 3911,2026-08-21T00:00:00,85.9,OK
EQ-284285-PIA-01,284285,Platelet incubator with agitator,Helmer,PC2200i,2026-08-21T00:00:00,90.6,OK
EQ-284471-PIA-01,284471,Platelet incubator with agitator,Remi,RPA-100,2026-08-21T00:00:00,89.2,OK
EQ-858-PIA-01,858,Platelet incubator with agitator,Labtop,LPI-12,2026-08-21T00:00:00,89.9,OK
EQ-860-PIA-01,860,Platelet incubator with agitator,Terumo BCT,Trima Storage Console,2026-08-21T00:00:00,93.9,OK
EQ-861-PIA-01,861,Platelet incubator with agitator,Thermo Fisher,Forma 3911,2026-08-21T00:00:00,86.9,OK
EQ-862-PIA-01,862,Platelet incubator with agitator,Helmer,PC2200i,2026-08-21T00:00:00,88.4,OK
EQ-1826-PIA-01,1826,Platelet incubator with agitator,Remi,RPA-100,2026-08-21T00:00:00,88.8,OK
EQ-1827-PIA-01,1827,Platelet incubator with agitator,Labtop,LPI-12,2026-08-21T00:00:00,92.1,OK
EQ-24109-PIA-01,24109,Platelet incubator with agitator,Terumo BCT,Trima Storage Console,2026-08-21T00:00:00,86.1,OK
EQ-284018-PIA-01,284018,Platelet incubator with agitator,Thermo Fisher,Forma 3911,2026-08-21T00:00:00,92.6,OK
EQ-865-PIA-01,865,Platelet incubator with agitator,Helmer,PC2200i,2026-08-21T00:00:00,92.4,OK
EQ-866-PIA-01,866,Platelet incubator with agitator,Remi,RPA-100,2026-08-21T00:00:00,90.9,OK
EQ-280269-PIA-01,280269,Platelet incubator with agitator,Labtop,LPI-12,2026-08-21T00:00:00,89.7,OK
EQ-282580-PIA-01,282580,Platelet incubator with agitator,Terumo BCT,Trima Storage Console,2026-08-21T00:00:00,89.3,OK
EQ-880-PIA-01,880,Platelet incubator with agitator,Thermo Fisher,Forma 3911,2026-08-21T00:00:00,86.8,OK
EQ-11042-PIA-01,11042,Platelet incubator with agitator,Helmer,PC2200i,2026-08-21T00:00:00,86.9,OK
EQ-11044-PIA-01,11044,Platelet incubator with agitator,Remi,RPA-100,2026-08-21T00:00:00,87.2,OK
EQ-11047-PIA-01,11047,Platelet incubator with agitator,Labtop,LPI-12,2026-08-21T00:00:00,90.6,OK
EQ-282616-PIA-01,282616,Platelet incubator with agitator,Terumo BCT,Trima Storage Console,2026-08-21T00:00:00,86.0,OK
EQ-282742-PIA-01,282742,Platelet incubator with agitator,Thermo Fisher,Forma 3911,2026-08-21T00:00:00,91.6,OK
EQ-283807-PIA-01,283807,Platelet incubator with agitator,Helmer,PC2200i,2026-08-21T00:00:00,87.8,OK
EQ-284260-PIA-01,284260,Platelet incubator with agitator,Remi,RPA-100,2026-08-21T00:00:00,92.9,OK
EQ-96114-PIA-01,96114,Platelet incubator with agitator,Labtop,LPI-12,2026-08-21T00:00:00,89.6,OK
EQ-282743-PIA-01,282743,Platelet incubator with agitator,Terumo BCT,Trima Storage Console,2026-08-21T00:00:00,90.2,OK
EQ-285169-PIA-01,285169,Platelet incubator with agitator,Thermo Fisher,Forma 3911,2026-08-21T00:00:00,92.0,OK
EQ-96112-PIA-01,96112,Platelet incubator with agitator,Helmer,PC2200i,2026-08-21T00:00:00,91.5,OK
EQ-283478-PIA-01,283478,Platelet incubator with agitator,Remi,RPA-100,2026-08-21T00:00:00,89.7,OK
EQ-284925-PIA-01,284925,Platelet incubator with agitator,Labtop,LPI-12,2026-08-21T00:00:00,87.5,OK
EQ-11018-PIA-01,11018,Platelet incubator with agitator,Terumo BCT,Trima Storage Console,2026-08-21T00:00:00,92.1,OK
EQ-11054-PIA-01,11054,Platelet incubator with agitator,Thermo Fisher,Forma 3911,2026-08-21T00:00:00,91.9,OK
EQ-11056-PIA-01,11056,Platelet incubator with agitator,Helmer,PC2200i,2026-08-21T00:00:00,89.0,OK
EQ-11060-PIA-01,11060,Platelet incubator with agitator,Remi,RPA-100,2026-08-21T00:00:00,90.2,OK
EQ-11062-PIA-01,11062,Platelet incubator with agitator,Labtop,LPI-12,2026-08-21T00:00:00,88.5,OK
EQ-11063-PIA-01,11063,Platelet incubator with agitator,Terumo BCT,Trima Storage Console,2026-08-21T00:00:00,94.1,OK
EQ-280428-PIA-01,280428,Platelet incubator with agitator,Thermo Fisher,Forma 3911,2026-08-21T00:00:00,92.4,OK
EQ-280706-PIA-01,280706,Platelet incubator with agitator,Helmer,PC2200i,2026-08-21T00:00:00,87.4,OK
EQ-280887-PIA-01,280887,Platelet incubator with agitator,Remi,RPA-100,2026-08-21T00:00:00,89.7,OK
EQ-282744-PIA-01,282744,Platelet incubator with agitator,Labtop,LPI-12,2026-08-21T00:00:00,88.2,OK
EQ-282745-PIA-01,282745,Platelet incubator with agitator,Terumo BCT,Trima Storage Console,2026-08-21T00:00:00,89.1,OK
EQ-282746-PIA-01,282746,Platelet incubator with agitator,Thermo Fisher,Forma 3911,2026-08-21T00:00:00,92.1,OK
EQ-282747-PIA-01,282747,Platelet incubator with agitator,Helmer,PC2200i,2026-08-21T00:00:00,89.6,OK
EQ-283487-PIA-01,283487,Platelet incubator with agitator,Remi,RPA-100,2026-08-21T00:00:00,90.5,OK
EQ-283564-PIA-01,283564,Platelet incubator with agitator,Labtop,LPI-12,2026-08-21T00:00:00,89.0,OK
EQ-283871-PIA-01,283871,Platelet incubator with agitator,Terumo BCT,Trima Storage Console,2026-08-21T00:00:00,87.4,OK
EQ-284977-PIA-01,284977,Platelet incubator with agitator,Thermo Fisher,Forma 3911,2026-08-21T00:00:00,89.0,OK
EQ-96109-PIA-01,96109,Platelet incubator with agitator,Helmer,PC2200i,2026-08-21T00:00:00,91.4,OK
EQ-11037-PIA-01,11037,Platelet incubator with agitator,Remi,RPA-100,2026-08-21T00:00:00,90.6,OK
EQ-11066-PIA-01,11066,Platelet incubator with agitator,Labtop,LPI-12,2026-08-21T00:00:00,88.7,OK
EQ-282777-PIA-01,282777,Platelet incubator with agitator,Terumo BCT,Trima Storage Console,2026-08-21T00:00:00,87.2,OK
EQ-283965-PIA-01,283965,Platelet incubator with agitator,Thermo Fisher,Forma 3911,2026-08-21T00:00:00,88.9,OK
EQ-11003-PIA-01,11003,Platelet incubator with agitator,Helmer,PC2200i,2026-08-21T00:00:00,86.5,OK
EQ-11055-PIA-01,11055,Platelet incubator with agitator,Remi,RPA-100,2026-08-21T00:00:00,90.5,OK
EQ-11057-PIA-01,11057,Platelet incubator with agitator,Labtop,LPI-12,2026-08-21T00:00:00,86.9,OK
EQ-11061-PIA-01,11061,Platelet incubator with agitator,Terumo BCT,Trima Storage Console,2026-08-21T00:00:00,86.7,OK
EQ-11065-PIA-01,11065,Platelet incubator with agitator,Thermo Fisher,Forma 3911,2026-08-21T00:00:00,92.6,OK
EQ-11068-PIA-01,11068,Platelet incubator with agitator,Helmer,PC2200i,2026-08-21T00:00:00,87.3,OK
EQ-11069-PIA-01,11069,Platelet incubator with agitator,Remi,RPA-100,2026-08-21T00:00:00,93.0,OK
EQ-280413-PIA-01,280413,Platelet incubator with agitator,Labtop,LPI-12,2026-08-21T00:00:00,83.9,Watch
EQ-280732-PIA-01,280732,Platelet incubator with agitator,Terumo BCT,Trima Storage Console,2026-08-21T00:00:00,88.3,OK
EQ-282592-PIA-01,282592,Platelet incubator with agitator,Thermo Fisher,Forma 3911,2026-08-21T00:00:00,86.2,OK
EQ-282600-PIA-01,282600,Platelet incubator with agitator,Helmer,PC2200i,2026-08-21T00:00:00,87.9,OK
EQ-283391-PIA-01,283391,Platelet incubator with agitator,Remi,RPA-100,2026-08-21T00:00:00,86.3,OK
EQ-283580-PIA-01,283580,Platelet incubator with agitator,Labtop,LPI-12,2026-08-21T00:00:00,88.0,OK
EQ-284092-PIA-01,284092,Platelet incubator with agitator,Terumo BCT,Trima Storage Console,2026-08-21T00:00:00,94.9,OK
EQ-284565-PIA-01,284565,Platelet incubator with agitator,Thermo Fisher,Forma 3911,2026-08-21T00:00:00,87.4,OK
EQ-285080-PIA-01,285080,Platelet incubator with agitator,Helmer,PC2200i,2026-08-21T00:00:00,90.1,OK
EQ-285109-PIA-01,285109,Platelet incubator with agitator,Remi,RPA-100,2026-08-21T00:00:00,86.3,OK
EQ-96113-PIA-01,96113,Platelet incubator with agitator,Labtop,LPI-12,2026-08-21T00:00:00,88.5,OK
EQ-11011-PIA-01,11011,Platelet incubator with agitator,Terumo BCT,Trima Storage Console,2026-08-21T00:00:00,90.8,OK
EQ-11014-PIA-01,11014,Platelet incubator with agitator,Thermo Fisher,Forma 3911,2026-08-21T00:00:00,87.1,OK
EQ-11020-PIA-01,11020,Platelet incubator with agitator,Helmer,PC2200i,2026-08-21T00:00:00,91.3,OK
EQ-11024-PIA-01,11024,Platelet incubator with agitator,Remi,RPA-100,2026-08-21T00:00:00,89.0,OK
EQ-11031-PIA-01,11031,Platelet incubator with agitator,Labtop,LPI-12,2026-08-21T00:00:00,89.2,OK
EQ-282752-PIA-01,282752,Platelet incubator with agitator,Terumo BCT,Trima Storage Console,2026-08-21T00:00:00,91.8,OK
EQ-282753-PIA-01,282753,Platelet incubator with agitator,Thermo Fisher,Forma 3911,2026-08-21T00:00:00,88.0,OK
EQ-282754-PIA-01,282754,Platelet incubator with agitator,Helmer,PC2200i,2026-08-21T00:00:00,93.7,OK
EQ-283493-PIA-01,283493,Platelet incubator with agitator,Remi,RPA-100,2026-08-21T00:00:00,86.9,OK
EQ-283494-PIA-01,283494,Platelet incubator with agitator,Labtop,LPI-12,2026-08-21T00:00:00,90.2,OK
EQ-284488-PIA-01,284488,Platelet incubator with agitator,Terumo BCT,Trima Storage Console,2026-08-21T00:00:00,89.4,OK
EQ-284776-PIA-01,284776,Platelet incubator with agitator,Thermo Fisher,Forma 3911,2026-08-21T00:00:00,90.8,OK
EQ-96107-PIA-01,96107,Platelet incubator with agitator,Helmer,PC2200i,2026-08-21T00:00:00,93.7,OK
EQ-96118-PIA-01,96118,Platelet incubator with agitator,Remi,RPA-100,2026-08-21T00:00:00,90.2,OK
EQ-11058-PIA-01,11058,Platelet incubator with agitator,Labtop,LPI-12,2026-08-21T00:00:00,93.0,OK
EQ-282755-PIA-01,282755,Platelet incubator with agitator,Terumo BCT,Trima Storage Console,2026-08-21T00:00:00,92.2,OK
EQ-282756-PIA-01,282756,Platelet incubator with agitator,Thermo Fisher,Forma 3911,2026-08-21T00:00:00,88.4,OK
EQ-282757-PIA-01,282757,Platelet incubator with agitator,Helmer,PC2200i,2026-08-21T00:00:00,87.7,OK
EQ-283396-PIA-01,283396,Platelet incubator with agitator,Remi,RPA-100,2026-08-21T00:00:00,94.5,OK
EQ-284370-PIA-01,284370,Platelet incubator with agitator,Labtop,LPI-12,2026-08-21T00:00:00,87.8,OK
EQ-284888-PIA-01,284888,Platelet incubator with agitator,Terumo BCT,Trima Storage Console,2026-08-21T00:00:00,89.6,OK
EQ-96115-PIA-01,96115,Platelet incubator with agitator,Thermo Fisher,Forma 3911,2026-08-21T00:00:00,87.5,OK
EQ-96117-PIA-01,96117,Platelet incubator with agitator,Helmer,PC2200i,2026-08-21T00:00:00,95.2,OK
EQ-11012-PIA-01,11012,Platelet incubator with agitator,Remi,RPA-100,2026-08-21T00:00:00,89.4,OK
EQ-283966-PIA-01,283966,Platelet incubator with agitator,Labtop,LPI-12,2026-08-21T00:00:00,90.2,OK
EQ-284345-PIA-01,284345,Platelet incubator with agitator,Terumo BCT,Trima Storage Console,2026-08-21T00:00:00,89.6,OK
EQ-11016-PIA-01,11016,Platelet incubator with agitator,Thermo Fisher,Forma 3911,2026-08-21T00:00:00,85.2,OK
EQ-283157-PIA-01,283157,Platelet incubator with agitator,Helmer,PC2200i,2026-08-21T00:00:00,90.9,OK
EQ-284184-PIA-01,284184,Platelet incubator with agitator,Remi,RPA-100,2026-08-21T00:00:00,85.3,OK
EQ-11029-PIA-01,11029,Platelet incubator with agitator,Labtop,LPI-12,2026-08-21T00:00:00,88.4,OK
EQ-11033-PIA-01,11033,Platelet incubator with agitator,Terumo BCT,Trima Storage Console,2026-08-21T00:00:00,88.6,OK
EQ-282759-PIA-01,282759,Platelet incubator with agitator,Thermo Fisher,Forma 3911,2026-08-21T00:00:00,89.9,OK
EQ-284013-PIA-01,284013,Platelet incubator with agitator,Helmer,PC2200i,2026-08-21T00:00:00,90.6,OK
EQ-284799-PIA-01,284799,Platelet incubator with agitator,Remi,RPA-100,2026-08-21T00:00:00,91.3,OK
EQ-284929-PIA-01,284929,Platelet incubator with agitator,Labtop,LPI-12,2026-08-21T00:00:00,86.9,OK
EQ-96106-PIA-01,96106,Platelet incubator with agitator,Terumo BCT,Trima Storage Console,2026-08-21T00:00:00,91.0,OK
EQ-96110-PIA-01,96110,Platelet incubator with agitator,Thermo Fisher,Forma 3911,2026-08-21T00:00:00,87.9,OK
EQ-11008-PIA-01,11008,Platelet incubator with agitator,Helmer,PC2200i,2026-08-21T00:00:00,91.0,OK
EQ-11036-PIA-01,11036,Platelet incubator with agitator,Remi,RPA-100,2026-08-21T00:00:00,90.5,OK
EQ-282760-PIA-01,282760,Platelet incubator with agitator,Labtop,LPI-12,2026-08-21T00:00:00,83.9,Watch
EQ-282761-PIA-01,282761,Platelet incubator with agitator,Terumo BCT,Trima Storage Console,2026-08-21T00:00:00,88.1,OK
EQ-284090-PIA-01,284090,Platelet incubator with agitator,Thermo Fisher,Forma 3911,2026-08-21T00:00:00,92.8,OK
EQ-285145-PIA-01,285145,Platelet incubator with agitator,Helmer,PC2200i,2026-08-21T00:00:00,93.3,OK
EQ-11002-PIA-01,11002,Platelet incubator with agitator,Remi,RPA-100,2026-08-21T00:00:00,89.9,OK
EQ-282763-PIA-01,282763,Platelet incubator with agitator,Labtop,LPI-12,2026-08-21T00:00:00,92.7,OK
EQ-283986-PIA-01,283986,Platelet incubator with agitator,Terumo BCT,Trima Storage Console,2026-08-21T00:00:00,87.5,OK
EQ-96111-PIA-01,96111,Platelet incubator with agitator,Thermo Fisher,Forma 3911,2026-08-21T00:00:00,88.7,OK
EQ-11074-PIA-01,11074,Platelet incubator with agitator,Helmer,PC2200i,2026-08-21T00:00:00,87.6,OK
EQ-282730-PIA-01,282730,Platelet incubator with agitator,Remi,RPA-100,2026-08-21T00:00:00,90.5,OK
EQ-282784-PIA-01,282784,Platelet incubator with agitator,Labtop,LPI-12,2026-08-21T00:00:00,93.7,OK
EQ-283331-PIA-01,283331,Platelet incubator with agitator,Terumo BCT,Trima Storage Console,2026-08-21T00:00:00,90.9,OK
EQ-11051-PIA-01,11051,Platelet incubator with agitator,Thermo Fisher,Forma 3911,2026-08-21T00:00:00,87.7,OK
EQ-282573-PIA-01,282573,Platelet incubator with agitator,Helmer,PC2200i,2026-08-21T00:00:00,89.0,OK
EQ-282595-PIA-01,282595,Platelet incubator with agitator,Remi,RPA-100,2026-08-21T00:00:00,85.6,OK
EQ-96103-PIA-01,96103,Platelet incubator with agitator,Labtop,LPI-12,2026-08-21T00:00:00,90.4,OK
EQ-11010-PIA-01,11010,Platelet incubator with agitator,Terumo BCT,Trima Storage Console,2026-08-21T00:00:00,91.1,OK
EQ-11045-PIA-01,11045,Platelet incubator with agitator,Thermo Fisher,Forma 3911,2026-08-21T00:00:00,92.7,OK
EQ-11077-PIA-01,11077,Platelet incubator with agitator,Helmer,PC2200i,2026-08-21T00:00:00,88.1,OK
EQ-282764-PIA-01,282764,Platelet incubator with agitator,Remi,RPA-100,2026-08-21T00:00:00,84.9,Watch
EQ-282765-PIA-01,282765,Platelet incubator with agitator,Labtop,LPI-12,2026-08-21T00:00:00,91.1,OK
EQ-282766-PIA-01,282766,Platelet incubator with agitator,Terumo BCT,Trima Storage Console,2026-08-21T00:00:00,89.7,OK
EQ-282767-PIA-01,282767,Platelet incubator with agitator,Thermo Fisher,Forma 3911,2026-08-21T00:00:00,87.4,OK
EQ-284031-PIA-01,284031,Platelet incubator with agitator,Helmer,PC2200i,2026-08-21T00:00:00,88.8,OK
EQ-284281-PIA-01,284281,Platelet incubator with agitator,Remi,RPA-100,2026-08-21T00:00:00,92.6,OK
EQ-284463-PIA-01,284463,Platelet incubator with agitator,Labtop,LPI-12,2026-08-21T00:00:00,87.8,OK
EQ-96119-PIA-01,96119,Platelet incubator with agitator,Terumo BCT,Trima Storage Console,2026-08-21T00:00:00,92.7,OK
EQ-11038-PIA-01,11038,Platelet incubator with agitator,Thermo Fisher,Forma 3911,2026-08-21T00:00:00,90.9,OK
EQ-11059-PIA-01,11059,Platelet incubator with agitator,Helmer,PC2200i,2026-08-21T00:00:00,87.5,OK
EQ-282768-PIA-01,282768,Platelet incubator with agitator,Remi,RPA-100,2026-08-21T00:00:00,93.7,OK
EQ-282769-PIA-01,282769,Platelet incubator with agitator,Labtop,LPI-12,2026-08-21T00:00:00,92.0,OK
EQ-282770-PIA-01,282770,Platelet incubator with agitator,Terumo BCT,Trima Storage Console,2026-08-21T00:00:00,93.9,OK
EQ-96120-PIA-01,96120,Platelet incubator with agitator,Thermo Fisher,Forma 3911,2026-08-21T00:00:00,93.9,OK
EQ-280888-PIA-01,280888,Platelet incubator with agitator,Helmer,PC2200i,2026-08-21T00:00:00,92.6,OK
EQ-282771-PIA-01,282771,Platelet incubator with agitator,Remi,RPA-100,2026-08-21T00:00:00,87.1,OK
EQ-282773-PIA-01,282773,Platelet incubator with agitator,Labtop,LPI-12,2026-08-21T00:00:00,86.4,OK
EQ-283375-PIA-01,283375,Platelet incubator with agitator,Terumo BCT,Trima Storage Console,2026-08-21T00:00:00,88.5,OK
EQ-96108-PIA-01,96108,Platelet incubator with agitator,Thermo Fisher,Forma 3911,2026-08-21T00:00:00,85.7,OK
EQ-11006-PIA-01,11006,Platelet incubator with agitator,Helmer,PC2200i,2026-08-21T00:00:00,86.8,OK
EQ-11025-PIA-01,11025,Platelet incubator with agitator,Remi,RPA-100,2026-08-21T00:00:00,91.5,OK
EQ-11053-PIA-01,11053,Platelet incubator with agitator,Labtop,LPI-12,2026-08-21T00:00:00,85.7,OK
EQ-280876-PIA-01,280876,Platelet incubator with agitator,Terumo BCT,Trima Storage Console,2026-08-21T00:00:00,87.2,OK
EQ-284771-PIA-01,284771,Platelet incubator with agitator,Thermo Fisher,Forma 3911,2026-08-21T00:00:00,89.4,OK
EQ-11005-PIA-01,11005,Platelet incubator with agitator,Helmer,PC2200i,2026-08-21T00:00:00,88.9,OK
EQ-11048-PIA-01,11048,Platelet incubator with agitator,Remi,RPA-100,2026-08-21T00:00:00,90.6,OK
EQ-282774-PIA-01,282774,Platelet incubator with agitator,Labtop,LPI-12,2026-08-21T00:00:00,91.4,OK
EQ-282775-PIA-01,282775,Platelet incubator with agitator,Terumo BCT,Trima Storage Console,2026-08-21T00:00:00,87.2,OK
EQ-282776-PIA-01,282776,Platelet incubator with agitator,Thermo Fisher,Forma 3911,2026-08-21T00:00:00,87.4,OK
EQ-283514-PIA-01,283514,Platelet incubator with agitator,Helmer,PC2200i,2026-08-21T00:00:00,92.0,OK
EQ-284821-PIA-01,284821,Platelet incubator with agitator,Remi,RPA-100,2026-08-21T00:00:00,93.4,OK
EQ-96105-PIA-01,96105,Platelet incubator with agitator,Labtop,LPI-12,2026-08-21T00:00:00,91.9,OK
EQ-96116-PIA-01,96116,Platelet incubator with agitator,Terumo BCT,Trima Storage Console,2026-08-21T00:00:00,89.6,OK
EQ-11013-PIA-01,11013,Platelet incubator with agitator,Thermo Fisher,Forma 3911,2026-08-21T00:00:00,85.0,OK
EQ-11041-PIA-01,11041,Platelet incubator with agitator,Helmer,PC2200i,2026-08-21T00:00:00,88.7,OK
EQ-282779-PIA-01,282779,Platelet incubator with agitator,Remi,RPA-100,2026-08-21T00:00:00,89.1,OK
EQ-282780-PIA-01,282780,Platelet incubator with agitator,Labtop,LPI-12,2026-08-21T00:00:00,93.4,OK
EQ-282781-PIA-01,282781,Platelet incubator with agitator,Terumo BCT,Trima Storage Console,2026-08-21T00:00:00,89.5,OK
EQ-282782-PIA-01,282782,Platelet incubator with agitator,Thermo Fisher,Forma 3911,2026-08-21T00:00:00,90.9,OK
EQ-282783-PIA-01,282783,Platelet incubator with agitator,Helmer,PC2200i,2026-08-21T00:00:00,87.8,OK
EQ-284482-PIA-01,284482,Platelet incubator with agitator,Remi,RPA-100,2026-08-21T00:00:00,87.8,OK
EQ-283936-PIA-01,283936,Platelet incubator with agitator,Labtop,LPI-12,2026-08-21T00:00:00,89.4,OK
EQ-12016-PIA-01,12016,Platelet incubator with agitator,Terumo BCT,Trima Storage Console,2026-08-21T00:00:00,87.2,OK
EQ-282650-PIA-01,282650,Platelet incubator with agitator,Thermo Fisher,Forma 3911,2026-08-21T00:00:00,93.0,OK
EQ-12011-PIA-01,12011,Platelet incubator with agitator,Helmer,PC2200i,2026-08-21T00:00:00,89.7,OK
EQ-12015-PIA-01,12015,Platelet incubator with agitator,Remi,RPA-100,2026-08-21T00:00:00,85.2,OK
EQ-283995-PIA-01,283995,Platelet incubator with agitator,Labtop,LPI-12,2026-08-21T00:00:00,94.7,OK
EQ-12018-PIA-01,12018,Platelet incubator with agitator,Terumo BCT,Trima Storage Console,2026-08-21T00:00:00,90.9,OK
EQ-12004-PIA-01,12004,Platelet incubator with agitator,Thermo Fisher,Forma 3911,2026-08-21T00:00:00,87.9,OK
EQ-12014-PIA-01,12014,Platelet incubator with agitator,Helmer,PC2200i,2026-08-21T00:00:00,89.3,OK
EQ-283302-PIA-01,283302,Platelet incubator with agitator,Remi,RPA-100,2026-08-21T00:00:00,92.1,OK
EQ-12002-PIA-01,12002,Platelet incubator with agitator,Labtop,LPI-12,2026-08-21T00:00:00,88.7,OK
EQ-12005-PIA-01,12005,Platelet incubator with agitator,Terumo BCT,Trima Storage Console,2026-08-21T00:00:00,90.7,OK
EQ-12010-PIA-01,12010,Platelet incubator with agitator,Thermo Fisher,Forma 3911,2026-08-21T00:00:00,88.8,OK
EQ-12012-PIA-01,12012,Platelet incubator with agitator,Helmer,PC2200i,2026-08-21T00:00:00,85.9,OK
EQ-12017-PIA-01,12017,Platelet incubator with agitator,Remi,RPA-100,2026-08-21T00:00:00,88.2,OK
EQ-12007-PIA-01,12007,Platelet incubator with agitator,Labtop,LPI-12,2026-08-21T00:00:00,88.9,OK
EQ-283265-PIA-01,283265,Platelet incubator with agitator,Terumo BCT,Trima Storage Console,2026-08-21T00:00:00,88.8,OK
EQ-283978-PIA-01,283978,Platelet incubator with agitator,Thermo Fisher,Forma 3911,2026-08-21T00:00:00,84.9,Watch
EQ-12009-PIA-01,12009,Platelet incubator with agitator,Helmer,PC2200i,2026-08-21T00:00:00,84.0,Watch
EQ-91120-PIA-01,91120,Platelet incubator with agitator,Remi,RPA-100,2026-08-21T00:00:00,90.9,OK
EQ-91121-PIA-01,91121,Platelet incubator with agitator,Labtop,LPI-12,2026-08-21T00:00:00,91.7,OK
EQ-13007-PIA-01,13007,Platelet incubator with agitator,Terumo BCT,Trima Storage Console,2026-08-21T00:00:00,89.8,OK
EQ-13013-PIA-01,13013,Platelet incubator with agitator,Thermo Fisher,Forma 3911,2026-08-21T00:00:00,89.0,OK
EQ-284255-PIA-01,284255,Platelet incubator with agitator,Helmer,PC2200i,2026-08-21T00:00:00,92.1,OK
EQ-91103-PIA-01,91103,Platelet incubator with agitator,Remi,RPA-100,2026-08-21T00:00:00,87.8,OK
EQ-91112-PIA-01,91112,Platelet incubator with agitator,Labtop,LPI-12,2026-08-21T00:00:00,92.3,OK
EQ-91105-PIA-01,91105,Platelet incubator with agitator,Terumo BCT,Trima Storage Console,2026-08-21T00:00:00,87.0,OK
EQ-91129-PIA-01,91129,Platelet incubator with agitator,Thermo Fisher,Forma 3911,2026-08-21T00:00:00,86.5,OK
EQ-91125-PIA-01,91125,Platelet incubator with agitator,Helmer,PC2200i,2026-08-21T00:00:00,92.8,OK
EQ-280794-PIA-01,280794,Platelet incubator with agitator,Remi,RPA-100,2026-08-21T00:00:00,88.8,OK
EQ-283397-PIA-01,283397,Platelet incubator with agitator,Labtop,LPI-12,2026-08-21T00:00:00,88.7,OK
EQ-284945-PIA-01,284945,Platelet incubator with agitator,Terumo BCT,Trima Storage Console,2026-08-21T00:00:00,84.3,Watch
EQ-13003-PIA-01,13003,Platelet incubator with agitator,Thermo Fisher,Forma 3911,2026-08-21T00:00:00,90.6,OK
EQ-283649-PIA-01,283649,Platelet incubator with agitator,Helmer,PC2200i,2026-08-21T00:00:00,93.1,OK
EQ-283875-PIA-01,283875,Platelet incubator with agitator,Remi,RPA-100,2026-08-21T00:00:00,89.3,OK
EQ-283947-PIA-01,283947,Platelet incubator with agitator,Labtop,LPI-12,2026-08-21T00:00:00,90.7,OK
EQ-283957-PIA-01,283957,Platelet incubator with agitator,Terumo BCT,Trima Storage Console,2026-08-21T00:00:00,90.4,OK
EQ-284379-PIA-01,284379,Platelet incubator with agitator,Thermo Fisher,Forma 3911,2026-08-21T00:00:00,90.7,OK
EQ-285178-PIA-01,285178,Platelet incubator with agitator,Helmer,PC2200i,2026-08-21T00:00:00,86.6,OK
EQ-91109-PIA-01,91109,Platelet incubator with agitator,Remi,RPA-100,2026-08-21T00:00:00,89.1,OK
EQ-91110-PIA-01,91110,Platelet incubator with agitator,Labtop,LPI-12,2026-08-21T00:00:00,92.2,OK
EQ-91133-PIA-01,91133,Platelet incubator with agitator,Terumo BCT,Trima Storage Console,2026-08-21T00:00:00,90.6,OK
EQ-14030-PIA-01,14030,Platelet incubator with agitator,Thermo Fisher,Forma 3911,2026-08-21T00:00:00,87.1,OK
EQ-20105-PIA-01,20105,Platelet incubator with agitator,Helmer,PC2200i,2026-08-21T00:00:00,91.5,OK
EQ-20134-PIA-01,20134,Platelet incubator with agitator,Remi,RPA-100,2026-08-21T00:00:00,90.6,OK
EQ-20184-PIA-01,20184,Platelet incubator with agitator,Labtop,LPI-12,2026-08-21T00:00:00,88.2,OK
EQ-20133-PIA-01,20133,Platelet incubator with agitator,Terumo BCT,Trima Storage Console,2026-08-21T00:00:00,87.5,OK
EQ-20107-PIA-01,20107,Platelet incubator with agitator,Thermo Fisher,Forma 3911,2026-08-21T00:00:00,90.2,OK
EQ-284877-PIA-01,284877,Platelet incubator with agitator,Helmer,PC2200i,2026-08-21T00:00:00,87.9,OK
EQ-14045-PIA-01,14045,Platelet incubator with agitator,Remi,RPA-100,2026-08-21T00:00:00,89.3,OK
EQ-20108-PIA-01,20108,Platelet incubator with agitator,Labtop,LPI-12,2026-08-21T00:00:00,91.7,OK
EQ-20140-PIA-01,20140,Platelet incubator with agitator,Terumo BCT,Trima Storage Console,2026-08-21T00:00:00,86.7,OK
EQ-20157-PIA-01,20157,Platelet incubator with agitator,Thermo Fisher,Forma 3911,2026-08-21T00:00:00,89.2,OK
EQ-20163-PIA-01,20163,Platelet incubator with agitator,Helmer,PC2200i,2026-08-21T00:00:00,87.7,OK
EQ-280555-PIA-01,280555,Platelet incubator with agitator,Remi,RPA-100,2026-08-21T00:00:00,91.6,OK
EQ-283622-PIA-01,283622,Platelet incubator with agitator,Labtop,LPI-12,2026-08-21T00:00:00,91.0,OK
EQ-284455-PIA-01,284455,Platelet incubator with agitator,Terumo BCT,Trima Storage Console,2026-08-21T00:00:00,90.0,OK
EQ-20109-PIA-01,20109,Platelet incubator with agitator,Thermo Fisher,Forma 3911,2026-08-21T00:00:00,88.6,OK
EQ-284872-PIA-01,284872,Platelet incubator with agitator,Helmer,PC2200i,2026-08-21T00:00:00,87.7,OK
EQ-20153-PIA-01,20153,Platelet incubator with agitator,Remi,RPA-100,2026-08-21T00:00:00,90.8,OK
EQ-20114-PIA-01,20114,Platelet incubator with agitator,Labtop,LPI-12,2026-08-21T00:00:00,86.0,OK
EQ-20115-PIA-01,20115,Platelet incubator with agitator,Terumo BCT,Trima Storage Console,2026-08-21T00:00:00,89.0,OK
EQ-282569-PIA-01,282569,Platelet incubator with agitator,Thermo Fisher,Forma 3911,2026-08-21T00:00:00,90.3,OK
EQ-20117-PIA-01,20117,Platelet incubator with agitator,Helmer,PC2200i,2026-08-21T00:00:00,87.3,OK
EQ-283475-PIA-01,283475,Platelet incubator with agitator,Remi,RPA-100,2026-08-21T00:00:00,89.0,OK
EQ-283685-PIA-01,283685,Platelet incubator with agitator,Labtop,LPI-12,2026-08-21T00:00:00,84.7,Watch
EQ-20119-PIA-01,20119,Platelet incubator with agitator,Terumo BCT,Trima Storage Console,2026-08-21T00:00:00,94.3,OK
EQ-20185-PIA-01,20185,Platelet incubator with agitator,Thermo Fisher,Forma 3911,2026-08-21T00:00:00,92.5,OK
EQ-14041-PIA-01,14041,Platelet incubator with agitator,Helmer,PC2200i,2026-08-21T00:00:00,87.8,OK
EQ-20120-PIA-01,20120,Platelet incubator with agitator,Remi,RPA-100,2026-08-21T00:00:00,90.1,OK
EQ-20121-PIA-01,20121,Platelet incubator with agitator,Labtop,LPI-12,2026-08-21T00:00:00,88.8,OK
EQ-20123-PIA-01,20123,Platelet incubator with agitator,Terumo BCT,Trima Storage Console,2026-08-21T00:00:00,92.3,OK
EQ-20124-PIA-01,20124,Platelet incubator with agitator,Thermo Fisher,Forma 3911,2026-08-21T00:00:00,89.9,OK
EQ-20174-PIA-01,20174,Platelet incubator with agitator,Helmer,PC2200i,2026-08-21T00:00:00,90.5,OK
EQ-284244-PIA-01,284244,Platelet incubator with agitator,Remi,RPA-100,2026-08-21T00:00:00,85.0,OK
EQ-284646-PIA-01,284646,Platelet incubator with agitator,Labtop,LPI-12,2026-08-21T00:00:00,88.1,OK
EQ-20132-PIA-01,20132,Platelet incubator with agitator,Terumo BCT,Trima Storage Console,2026-08-21T00:00:00,92.0,OK
EQ-280255-PIA-01,280255,Platelet incubator with agitator,Thermo Fisher,Forma 3911,2026-08-21T00:00:00,87.1,OK
EQ-282651-PIA-01,282651,Platelet incubator with agitator,Helmer,PC2200i,2026-08-21T00:00:00,89.0,OK
EQ-14032-PIA-01,14032,Platelet incubator with agitator,Remi,RPA-100,2026-08-21T00:00:00,92.8,OK
EQ-20111-PIA-01,20111,Platelet incubator with agitator,Labtop,LPI-12,2026-08-21T00:00:00,90.8,OK
EQ-20112-PIA-01,20112,Platelet incubator with agitator,Terumo BCT,Trima Storage Console,2026-08-21T00:00:00,86.0,OK
EQ-14005-PIA-01,14005,Platelet incubator with agitator,Thermo Fisher,Forma 3911,2026-08-21T00:00:00,92.4,OK
EQ-14020-PIA-01,14020,Platelet incubator with agitator,Helmer,PC2200i,2026-08-21T00:00:00,91.9,OK
EQ-14048-PIA-01,14048,Platelet incubator with agitator,Remi,RPA-100,2026-08-21T00:00:00,90.4,OK
EQ-20125-PIA-01,20125,Platelet incubator with agitator,Labtop,LPI-12,2026-08-21T00:00:00,87.5,OK
EQ-14004-PIA-01,14004,Platelet incubator with agitator,Terumo BCT,Trima Storage Console,2026-08-21T00:00:00,86.4,OK
EQ-14008-PIA-01,14008,Platelet incubator with agitator,Thermo Fisher,Forma 3911,2026-08-21T00:00:00,92.0,OK
EQ-14010-PIA-01,14010,Platelet incubator with agitator,Helmer,PC2200i,2026-08-21T00:00:00,91.7,OK
EQ-14027-PIA-01,14027,Platelet incubator with agitator,Remi,RPA-100,2026-08-21T00:00:00,85.3,OK
EQ-14035-PIA-01,14035,Platelet incubator with agitator,Labtop,LPI-12,2026-08-21T00:00:00,91.0,OK
EQ-14042-PIA-01,14042,Platelet incubator with agitator,Terumo BCT,Trima Storage Console,2026-08-21T00:00:00,87.6,OK
EQ-20101-PIA-01,20101,Platelet incubator with agitator,Thermo Fisher,Forma 3911,2026-08-21T00:00:00,87.6,OK
EQ-20103-PIA-01,20103,Platelet incubator with agitator,Helmer,PC2200i,2026-08-21T00:00:00,90.7,OK
EQ-20126-PIA-01,20126,Platelet incubator with agitator,Remi,RPA-100,2026-08-21T00:00:00,86.3,OK
EQ-20128-PIA-01,20128,Platelet incubator with agitator,Labtop,LPI-12,2026-08-21T00:00:00,89.6,OK
EQ-20136-PIA-01,20136,Platelet incubator with agitator,Terumo BCT,Trima Storage Console,2026-08-21T00:00:00,85.2,OK
EQ-20143-PIA-01,20143,Platelet incubator with agitator,Thermo Fisher,Forma 3911,2026-08-21T00:00:00,86.9,OK
EQ-20146-PIA-01,20146,Platelet incubator with agitator,Helmer,PC2200i,2026-08-21T00:00:00,87.4,OK
EQ-20152-PIA-01,20152,Platelet incubator with agitator,Remi,RPA-100,2026-08-21T00:00:00,91.4,OK
EQ-20158-PIA-01,20158,Platelet incubator with agitator,Labtop,LPI-12,2026-08-21T00:00:00,88.1,OK
EQ-282610-PIA-01,282610,Platelet incubator with agitator,Terumo BCT,Trima Storage Console,2026-08-21T00:00:00,90.1,OK
EQ-282695-PIA-01,282695,Platelet incubator with agitator,Thermo Fisher,Forma 3911,2026-08-21T00:00:00,87.9,OK
EQ-284121-PIA-01,284121,Platelet incubator with agitator,Helmer,PC2200i,2026-08-21T00:00:00,88.3,OK
EQ-284621-PIA-01,284621,Platelet incubator with agitator,Remi,RPA-100,2026-08-21T00:00:00,87.6,OK
EQ-284622-PIA-01,284622,Platelet incubator with agitator,Labtop,LPI-12,2026-08-21T00:00:00,88.6,OK
EQ-284761-PIA-01,284761,Platelet incubator with agitator,Terumo BCT,Trima Storage Console,2026-08-21T00:00:00,90.2,OK
EQ-285116-PIA-01,285116,Platelet incubator with agitator,Thermo Fisher,Forma 3911,2026-08-21T00:00:00,91.1,OK
EQ-20129-PIA-01,20129,Platelet incubator with agitator,Helmer,PC2200i,2026-08-21T00:00:00,88.2,OK
EQ-20130-PIA-01,20130,Platelet incubator with agitator,Remi,RPA-100,2026-08-21T00:00:00,86.3,OK
EQ-20147-PIA-01,20147,Platelet incubator with agitator,Labtop,LPI-12,2026-08-21T00:00:00,88.3,OK
EQ-20182-PIA-01,20182,Platelet incubator with agitator,Terumo BCT,Trima Storage Console,2026-08-21T00:00:00,89.9,OK
EQ-20131-PIA-01,20131,Platelet incubator with agitator,Thermo Fisher,Forma 3911,2026-08-21T00:00:00,91.8,OK
EQ-282572-PIA-01,282572,Platelet incubator with agitator,Helmer,PC2200i,2026-08-21T00:00:00,87.1,OK
EQ-15101-PIA-01,15101,Platelet incubator with agitator,Remi,RPA-100,2026-08-21T00:00:00,89.3,OK
EQ-15122-PIA-01,15122,Platelet incubator with agitator,Labtop,LPI-12,2026-08-21T00:00:00,91.0,OK
EQ-15170-PIA-01,15170,Platelet incubator with agitator,Terumo BCT,Trima Storage Console,2026-08-21T00:00:00,87.9,OK
EQ-280364-PIA-01,280364,Platelet incubator with agitator,Thermo Fisher,Forma 3911,2026-08-21T00:00:00,91.8,OK
EQ-280386-PIA-01,280386,Platelet incubator with agitator,Helmer,PC2200i,2026-08-21T00:00:00,93.5,OK
EQ-281063-PIA-01,281063,Platelet incubator with agitator,Remi,RPA-100,2026-08-21T00:00:00,86.7,OK
EQ-281189-PIA-01,281189,Platelet incubator with agitator,Labtop,LPI-12,2026-08-21T00:00:00,88.6,OK
EQ-283167-PIA-01,283167,Platelet incubator with agitator,Terumo BCT,Trima Storage Console,2026-08-21T00:00:00,91.9,OK
EQ-283194-PIA-01,283194,Platelet incubator with agitator,Thermo Fisher,Forma 3911,2026-08-21T00:00:00,91.8,OK
EQ-283561-PIA-01,283561,Platelet incubator with agitator,Helmer,PC2200i,2026-08-21T00:00:00,92.1,OK
EQ-284465-PIA-01,284465,Platelet incubator with agitator,Remi,RPA-100,2026-08-21T00:00:00,90.4,OK
EQ-284532-PIA-01,284532,Platelet incubator with agitator,Labtop,LPI-12,2026-08-21T00:00:00,88.5,OK
EQ-284641-PIA-01,284641,Platelet incubator with agitator,Terumo BCT,Trima Storage Console,2026-08-21T00:00:00,89.2,OK
EQ-285122-PIA-01,285122,Platelet incubator with agitator,Thermo Fisher,Forma 3911,2026-08-21T00:00:00,88.8,OK
EQ-15039-PIA-01,15039,Platelet incubator with agitator,Helmer,PC2200i,2026-08-21T00:00:00,89.8,OK
EQ-15119-PIA-01,15119,Platelet incubator with agitator,Remi,RPA-100,2026-08-21T00:00:00,88.2,OK
EQ-280359-PIA-01,280359,Platelet incubator with agitator,Labtop,LPI-12,2026-08-21T00:00:00,91.6,OK
EQ-283436-PIA-01,283436,Platelet incubator with agitator,Terumo BCT,Trima Storage Console,2026-08-21T00:00:00,89.9,OK
EQ-284145-PIA-01,284145,Platelet incubator with agitator,Thermo Fisher,Forma 3911,2026-08-21T00:00:00,94.0,OK
EQ-284206-PIA-01,284206,Platelet incubator with agitator,Helmer,PC2200i,2026-08-21T00:00:00,92.0,OK
EQ-29166-PIA-01,29166,Platelet incubator with agitator,Remi,RPA-100,2026-08-21T00:00:00,92.2,OK
EQ-15018-PIA-01,15018,Platelet incubator with agitator,Labtop,LPI-12,2026-08-21T00:00:00,86.0,OK
EQ-15110-PIA-01,15110,Platelet incubator with agitator,Terumo BCT,Trima Storage Console,2026-08-21T00:00:00,89.2,OK
EQ-15182-PIA-01,15182,Platelet incubator with agitator,Thermo Fisher,Forma 3911,2026-08-21T00:00:00,88.5,OK
EQ-280383-PIA-01,280383,Platelet incubator with agitator,Helmer,PC2200i,2026-08-21T00:00:00,89.1,OK
EQ-283251-PIA-01,283251,Platelet incubator with agitator,Remi,RPA-100,2026-08-21T00:00:00,91.7,OK
EQ-283979-PIA-01,283979,Platelet incubator with agitator,Labtop,LPI-12,2026-08-21T00:00:00,87.9,OK
EQ-285238-PIA-01,285238,Platelet incubator with agitator,Terumo BCT,Trima Storage Console,2026-08-21T00:00:00,91.2,OK
EQ-15001-PIA-01,15001,Platelet incubator with agitator,Thermo Fisher,Forma 3911,2026-08-21T00:00:00,88.3,OK
EQ-15004-PIA-01,15004,Platelet incubator with agitator,Helmer,PC2200i,2026-08-21T00:00:00,90.3,OK
EQ-15005-PIA-01,15005,Platelet incubator with agitator,Remi,RPA-100,2026-08-21T00:00:00,90.0,OK
EQ-15007-PIA-01,15007,Platelet incubator with agitator,Labtop,LPI-12,2026-08-21T00:00:00,93.5,OK
EQ-15008-PIA-01,15008,Platelet incubator with agitator,Terumo BCT,Trima Storage Console,2026-08-21T00:00:00,93.3,OK
EQ-15009-PIA-01,15009,Platelet incubator with agitator,Thermo Fisher,Forma 3911,2026-08-21T00:00:00,89.5,OK
EQ-15014-PIA-01,15014,Platelet incubator with agitator,Helmer,PC2200i,2026-08-21T00:00:00,90.3,OK
EQ-15016-PIA-01,15016,Platelet incubator with agitator,Remi,RPA-100,2026-08-21T00:00:00,84.8,Watch
EQ-15027-PIA-01,15027,Platelet incubator with agitator,Labtop,LPI-12,2026-08-21T00:00:00,88.8,OK
EQ-15028-PIA-01,15028,Platelet incubator with agitator,Terumo BCT,Trima Storage Console,2026-08-21T00:00:00,91.0,OK
EQ-15029-PIA-01,15029,Platelet incubator with agitator,Thermo Fisher,Forma 3911,2026-08-21T00:00:00,93.2,OK
EQ-15030-PIA-01,15030,Platelet incubator with agitator,Helmer,PC2200i,2026-08-21T00:00:00,85.5,OK
EQ-15032-PIA-01,15032,Platelet incubator with agitator,Remi,RPA-100,2026-08-21T00:00:00,87.3,OK
EQ-15037-PIA-01,15037,Platelet incubator with agitator,Labtop,LPI-12,2026-08-21T00:00:00,92.0,OK
EQ-15060-PIA-01,15060,Platelet incubator with agitator,Terumo BCT,Trima Storage Console,2026-08-21T00:00:00,89.3,OK
EQ-15062-PIA-01,15062,Platelet incubator with agitator,Thermo Fisher,Forma 3911,2026-08-21T00:00:00,90.2,OK
EQ-15068-PIA-01,15068,Platelet incubator with agitator,Helmer,PC2200i,2026-08-21T00:00:00,87.2,OK
EQ-15073-PIA-01,15073,Platelet incubator with agitator,Remi,RPA-100,2026-08-21T00:00:00,93.9,OK
EQ-15076-PIA-01,15076,Platelet incubator with agitator,Labtop,LPI-12,2026-08-21T00:00:00,90.5,OK
EQ-15079-PIA-01,15079,Platelet incubator with agitator,Terumo BCT,Trima Storage Console,2026-08-21T00:00:00,87.7,OK
EQ-15082-PIA-01,15082,Platelet incubator with agitator,Thermo Fisher,Forma 3911,2026-08-21T00:00:00,88.2,OK
EQ-15086-PIA-01,15086,Platelet incubator with agitator,Helmer,PC2200i,2026-08-21T00:00:00,90.1,OK
EQ-15088-PIA-01,15088,Platelet incubator with agitator,Remi,RPA-100,2026-08-21T00:00:00,88.4,OK
EQ-15090-PIA-01,15090,Platelet incubator with agitator,Labtop,LPI-12,2026-08-21T00:00:00,89.3,OK
EQ-15091-PIA-01,15091,Platelet incubator with agitator,Terumo BCT,Trima Storage Console,2026-08-21T00:00:00,91.0,OK
EQ-15098-PIA-01,15098,Platelet incubator with agitator,Thermo Fisher,Forma 3911,2026-08-21T00:00:00,90.2,OK
EQ-15102-PIA-01,15102,Platelet incubator with agitator,Helmer,PC2200i,2026-08-21T00:00:00,89.4,OK
EQ-15105-PIA-01,15105,Platelet incubator with agitator,Remi,RPA-100,2026-08-21T00:00:00,89.2,OK
EQ-15108-PIA-01,15108,Platelet incubator with agitator,Labtop,LPI-12,2026-08-21T00:00:00,90.1,OK
EQ-15112-PIA-01,15112,Platelet incubator with agitator,Terumo BCT,Trima Storage Console,2026-08-21T00:00:00,87.2,OK
EQ-15113-PIA-01,15113,Platelet incubator with agitator,Thermo Fisher,Forma 3911,2026-08-21T00:00:00,94.1,OK
EQ-15129-PIA-01,15129,Platelet incubator with agitator,Helmer,PC2200i,2026-08-21T00:00:00,89.8,OK
EQ-15131-PIA-01,15131,Platelet incubator with agitator,Remi,RPA-100,2026-08-21T00:00:00,90.9,OK
EQ-15136-PIA-01,15136,Platelet incubator with agitator,Labtop,LPI-12,2026-08-21T00:00:00,92.2,OK
EQ-15142-PIA-01,15142,Platelet incubator with agitator,Terumo BCT,Trima Storage Console,2026-08-21T00:00:00,88.3,OK
EQ-15144-PIA-01,15144,Platelet incubator with agitator,Thermo Fisher,Forma 3911,2026-08-21T00:00:00,90.8,OK
EQ-15146-PIA-01,15146,Platelet incubator with agitator,Helmer,PC2200i,2026-08-21T00:00:00,89.2,OK
EQ-15149-PIA-01,15149,Platelet incubator with agitator,Remi,RPA-100,2026-08-21T00:00:00,85.8,OK
EQ-15152-PIA-01,15152,Platelet incubator with agitator,Labtop,LPI-12,2026-08-21T00:00:00,90.0,OK
EQ-15153-PIA-01,15153,Platelet incubator with agitator,Terumo BCT,Trima Storage Console,2026-08-21T00:00:00,88.5,OK
EQ-15160-PIA-01,15160,Platelet incubator with agitator,Thermo Fisher,Forma 3911,2026-08-21T00:00:00,88.7,OK
EQ-15164-PIA-01,15164,Platelet incubator with agitator,Helmer,PC2200i,2026-08-21T00:00:00,86.3,OK
EQ-15169-PIA-01,15169,Platelet incubator with agitator,Remi,RPA-100,2026-08-21T00:00:00,88.5,OK
EQ-15174-PIA-01,15174,Platelet incubator with agitator,Labtop,LPI-12,2026-08-21T00:00:00,89.6,OK
EQ-15177-PIA-01,15177,Platelet incubator with agitator,Terumo BCT,Trima Storage Console,2026-08-21T00:00:00,84.5,Watch
EQ-15178-PIA-01,15178,Platelet incubator with agitator,Thermo Fisher,Forma 3911,2026-08-21T00:00:00,89.3,OK
EQ-15181-PIA-01,15181,Platelet incubator with agitator,Helmer,PC2200i,2026-08-21T00:00:00,86.5,OK
EQ-280357-PIA-01,280357,Platelet incubator with agitator,Remi,RPA-100,2026-08-21T00:00:00,90.6,OK
EQ-280358-PIA-01,280358,Platelet incubator with agitator,Labtop,LPI-12,2026-08-21T00:00:00,88.9,OK
EQ-280372-PIA-01,280372,Platelet incubator with agitator,Terumo BCT,Trima Storage Console,2026-08-21T00:00:00,88.0,OK
EQ-280379-PIA-01,280379,Platelet incubator with agitator,Thermo Fisher,Forma 3911,2026-08-21T00:00:00,87.0,OK
EQ-280381-PIA-01,280381,Platelet incubator with agitator,Helmer,PC2200i,2026-08-21T00:00:00,84.6,Watch
EQ-280382-PIA-01,280382,Platelet incubator with agitator,Remi,RPA-100,2026-08-21T00:00:00,89.4,OK
EQ-280389-PIA-01,280389,Platelet incubator with agitator,Labtop,LPI-12,2026-08-21T00:00:00,92.7,OK
EQ-280459-PIA-01,280459,Platelet incubator with agitator,Terumo BCT,Trima Storage Console,2026-08-21T00:00:00,87.7,OK
EQ-280625-PIA-01,280625,Platelet incubator with agitator,Thermo Fisher,Forma 3911,2026-08-21T00:00:00,90.5,OK
EQ-283147-PIA-01,283147,Platelet incubator with agitator,Helmer,PC2200i,2026-08-21T00:00:00,82.5,Watch
EQ-283148-PIA-01,283148,Platelet incubator with agitator,Remi,RPA-100,2026-08-21T00:00:00,85.5,OK
EQ-283173-PIA-01,283173,Platelet incubator with agitator,Labtop,LPI-12,2026-08-21T00:00:00,86.0,OK
EQ-283174-PIA-01,283174,Platelet incubator with agitator,Terumo BCT,Trima Storage Console,2026-08-21T00:00:00,85.8,OK
EQ-283195-PIA-01,283195,Platelet incubator with agitator,Thermo Fisher,Forma 3911,2026-08-21T00:00:00,92.7,OK
EQ-283221-PIA-01,283221,Platelet incubator with agitator,Helmer,PC2200i,2026-08-21T00:00:00,90.5,OK
EQ-283304-PIA-01,283304,Platelet incubator with agitator,Remi,RPA-100,2026-08-21T00:00:00,87.3,OK
EQ-283334-PIA-01,283334,Platelet incubator with agitator,Labtop,LPI-12,2026-08-21T00:00:00,91.6,OK
EQ-283377-PIA-01,283377,Platelet incubator with agitator,Terumo BCT,Trima Storage Console,2026-08-21T00:00:00,90.1,OK
EQ-283438-PIA-01,283438,Platelet incubator with agitator,Thermo Fisher,Forma 3911,2026-08-21T00:00:00,91.6,OK
EQ-283490-PIA-01,283490,Platelet incubator with agitator,Helmer,PC2200i,2026-08-21T00:00:00,91.7,OK
EQ-283513-PIA-01,283513,Platelet incubator with agitator,Remi,RPA-100,2026-08-21T00:00:00,87.4,OK
EQ-283852-PIA-01,283852,Platelet incubator with agitator,Labtop,LPI-12,2026-08-21T00:00:00,88.3,OK
EQ-283884-PIA-01,283884,Platelet incubator with agitator,Terumo BCT,Trima Storage Console,2026-08-21T00:00:00,85.2,OK
EQ-283926-PIA-01,283926,Platelet incubator with agitator,Thermo Fisher,Forma 3911,2026-08-21T00:00:00,92.4,OK
EQ-284185-PIA-01,284185,Platelet incubator with agitator,Helmer,PC2200i,2026-08-21T00:00:00,86.2,OK
EQ-284222-PIA-01,284222,Platelet incubator with agitator,Remi,RPA-100,2026-08-21T00:00:00,92.0,OK
EQ-284417-PIA-01,284417,Platelet incubator with agitator,Labtop,LPI-12,2026-08-21T00:00:00,91.4,OK
EQ-284479-PIA-01,284479,Platelet incubator with agitator,Terumo BCT,Trima Storage Console,2026-08-21T00:00:00,90.7,OK
EQ-284658-PIA-01,284658,Platelet incubator with agitator,Thermo Fisher,Forma 3911,2026-08-21T00:00:00,93.7,OK
EQ-284660-PIA-01,284660,Platelet incubator with agitator,Helmer,PC2200i,2026-08-21T00:00:00,88.1,OK
EQ-284796-PIA-01,284796,Platelet incubator with agitator,Remi,RPA-100,2026-08-21T00:00:00,89.4,OK
EQ-284828-PIA-01,284828,Platelet incubator with agitator,Labtop,LPI-12,2026-08-21T00:00:00,85.2,OK
EQ-284867-PIA-01,284867,Platelet incubator with agitator,Terumo BCT,Trima Storage Console,2026-08-21T00:00:00,87.7,OK
EQ-285105-PIA-01,285105,Platelet incubator with agitator,Thermo Fisher,Forma 3911,2026-08-21T00:00:00,88.3,OK
EQ-285121-PIA-01,285121,Platelet incubator with agitator,Helmer,PC2200i,2026-08-21T00:00:00,86.7,OK
EQ-285130-PIA-01,285130,Platelet incubator with agitator,Remi,RPA-100,2026-08-21T00:00:00,92.9,OK
EQ-285131-PIA-01,285131,Platelet incubator with agitator,Labtop,LPI-12,2026-08-21T00:00:00,93.0,OK
EQ-285151-PIA-01,285151,Platelet incubator with agitator,Terumo BCT,Trima Storage Console,2026-08-21T00:00:00,93.0,OK
EQ-285232-PIA-01,285232,Platelet incubator with agitator,Thermo Fisher,Forma 3911,2026-08-21T00:00:00,91.1,OK
EQ-285243-PIA-01,285243,Platelet incubator with agitator,Helmer,PC2200i,2026-08-21T00:00:00,87.4,OK
EQ-29111-PIA-01,29111,Platelet incubator with agitator,Remi,RPA-100,2026-08-21T00:00:00,92.0,OK
EQ-29118-PIA-01,29118,Platelet incubator with agitator,Labtop,LPI-12,2026-08-21T00:00:00,87.5,OK
EQ-29121-PIA-01,29121,Platelet incubator with agitator,Terumo BCT,Trima Storage Console,2026-08-21T00:00:00,86.4,OK
EQ-29146-PIA-01,29146,Platelet incubator with agitator,Thermo Fisher,Forma 3911,2026-08-21T00:00:00,84.4,Watch
EQ-29154-PIA-01,29154,Platelet incubator with agitator,Helmer,PC2200i,2026-08-21T00:00:00,85.0,OK
EQ-29158-PIA-01,29158,Platelet incubator with agitator,Remi,RPA-100,2026-08-21T00:00:00,91.2,OK
EQ-15011-PIA-01,15011,Platelet incubator with agitator,Labtop,LPI-12,2026-08-21T00:00:00,91.4,OK
EQ-15015-PIA-01,15015,Platelet incubator with agitator,Terumo BCT,Trima Storage Console,2026-08-21T00:00:00,85.7,OK
EQ-15026-PIA-01,15026,Platelet incubator with agitator,Thermo Fisher,Forma 3911,2026-08-21T00:00:00,90.5,OK
EQ-15126-PIA-01,15126,Platelet incubator with agitator,Helmer,PC2200i,2026-08-21T00:00:00,90.4,OK
EQ-281177-PIA-01,281177,Platelet incubator with agitator,Remi,RPA-100,2026-08-21T00:00:00,89.0,OK
EQ-283449-PIA-01,283449,Platelet incubator with agitator,Labtop,LPI-12,2026-08-21T00:00:00,87.5,OK
EQ-283495-PIA-01,283495,Platelet incubator with agitator,Terumo BCT,Trima Storage Console,2026-08-21T00:00:00,90.0,OK
EQ-283523-PIA-01,283523,Platelet incubator with agitator,Thermo Fisher,Forma 3911,2026-08-21T00:00:00,90.2,OK
EQ-283960-PIA-01,283960,Platelet incubator with agitator,Helmer,PC2200i,2026-08-21T00:00:00,86.2,OK
EQ-284544-PIA-01,284544,Platelet incubator with agitator,Remi,RPA-100,2026-08-21T00:00:00,91.6,OK
EQ-15020-PIA-01,15020,Platelet incubator with agitator,Labtop,LPI-12,2026-08-21T00:00:00,84.4,Watch
EQ-283709-PIA-01,283709,Platelet incubator with agitator,Terumo BCT,Trima Storage Console,2026-08-21T00:00:00,88.9,OK
EQ-15141-PIA-01,15141,Platelet incubator with agitator,Thermo Fisher,Forma 3911,2026-08-21T00:00:00,87.9,OK
EQ-281325-PIA-01,281325,Platelet incubator with agitator,Helmer,PC2200i,2026-08-21T00:00:00,87.8,OK
EQ-283592-PIA-01,283592,Platelet incubator with agitator,Remi,RPA-100,2026-08-21T00:00:00,87.1,OK
EQ-29138-PIA-01,29138,Platelet incubator with agitator,Labtop,LPI-12,2026-08-21T00:00:00,92.1,OK
EQ-15158-PIA-01,15158,Platelet incubator with agitator,Terumo BCT,Trima Storage Console,2026-08-21T00:00:00,91.7,OK
EQ-285120-PIA-01,285120,Platelet incubator with agitator,Thermo Fisher,Forma 3911,2026-08-21T00:00:00,90.5,OK
EQ-15040-PIA-01,15040,Platelet incubator with agitator,Helmer,PC2200i,2026-08-21T00:00:00,88.6,OK
EQ-15063-PIA-01,15063,Platelet incubator with agitator,Remi,RPA-100,2026-08-21T00:00:00,87.8,OK
EQ-281221-PIA-01,281221,Platelet incubator with agitator,Labtop,LPI-12,2026-08-21T00:00:00,88.5,OK
EQ-281224-PIA-01,281224,Platelet incubator with agitator,Terumo BCT,Trima Storage Console,2026-08-21T00:00:00,86.2,OK
EQ-281225-PIA-01,281225,Platelet incubator with agitator,Thermo Fisher,Forma 3911,2026-08-21T00:00:00,87.8,OK
EQ-283169-PIA-01,283169,Platelet incubator with agitator,Helmer,PC2200i,2026-08-21T00:00:00,86.3,OK
EQ-283175-PIA-01,283175,Platelet incubator with agitator,Remi,RPA-100,2026-08-21T00:00:00,92.6,OK
EQ-283209-PIA-01,283209,Platelet incubator with agitator,Labtop,LPI-12,2026-08-21T00:00:00,86.6,OK
EQ-29155-PIA-01,29155,Platelet incubator with agitator,Terumo BCT,Trima Storage Console,2026-08-21T00:00:00,89.3,OK
EQ-29161-PIA-01,29161,Platelet incubator with agitator,Thermo Fisher,Forma 3911,2026-08-21T00:00:00,92.5,OK
EQ-15052-PIA-01,15052,Platelet incubator with agitator,Helmer,PC2200i,2026-08-21T00:00:00,90.3,OK
EQ-15107-PIA-01,15107,Platelet incubator with agitator,Remi,RPA-100,2026-08-21T00:00:00,89.5,OK
EQ-15123-PIA-01,15123,Platelet incubator with agitator,Labtop,LPI-12,2026-08-21T00:00:00,91.9,OK
EQ-280365-PIA-01,280365,Platelet incubator with agitator,Terumo BCT,Trima Storage Console,2026-08-21T00:00:00,86.8,OK
EQ-284913-PIA-01,284913,Platelet incubator with agitator,Thermo Fisher,Forma 3911,2026-08-21T00:00:00,92.3,OK
EQ-15012-PIA-01,15012,Platelet incubator with agitator,Helmer,PC2200i,2026-08-21T00:00:00,90.6,OK
EQ-15047-PIA-01,15047,Platelet incubator with agitator,Remi,RPA-100,2026-08-21T00:00:00,93.0,OK
EQ-15056-PIA-01,15056,Platelet incubator with agitator,Labtop,LPI-12,2026-08-21T00:00:00,92.3,OK
EQ-15093-PIA-01,15093,Platelet incubator with agitator,Terumo BCT,Trima Storage Console,2026-08-21T00:00:00,90.6,OK
EQ-15140-PIA-01,15140,Platelet incubator with agitator,Thermo Fisher,Forma 3911,2026-08-21T00:00:00,87.2,OK
EQ-15150-PIA-01,15150,Platelet incubator with agitator,Helmer,PC2200i,2026-08-21T00:00:00,85.0,OK
EQ-15155-PIA-01,15155,Platelet incubator with agitator,Remi,RPA-100,2026-08-21T00:00:00,88.7,OK
EQ-15156-PIA-01,15156,Platelet incubator with agitator,Labtop,LPI-12,2026-08-21T00:00:00,87.6,OK
EQ-15173-PIA-01,15173,Platelet incubator with agitator,Terumo BCT,Trima Storage Console,2026-08-21T00:00:00,91.0,OK
EQ-280374-PIA-01,280374,Platelet incubator with agitator,Thermo Fisher,Forma 3911,2026-08-21T00:00:00,86.9,OK
EQ-284019-PIA-01,284019,Platelet incubator with agitator,Helmer,PC2200i,2026-08-21T00:00:00,87.3,OK
EQ-284234-PIA-01,284234,Platelet incubator with agitator,Remi,RPA-100,2026-08-21T00:00:00,92.4,OK
EQ-29108-PIA-01,29108,Platelet incubator with agitator,Labtop,LPI-12,2026-08-21T00:00:00,93.5,OK
EQ-29112-PIA-01,29112,Platelet incubator with agitator,Terumo BCT,Trima Storage Console,2026-08-21T00:00:00,88.1,OK
EQ-29115-PIA-01,29115,Platelet incubator with agitator,Thermo Fisher,Forma 3911,2026-08-21T00:00:00,91.5,OK
EQ-15046-PIA-01,15046,Platelet incubator with agitator,Helmer,PC2200i,2026-08-21T00:00:00,89.1,OK
EQ-15083-PIA-01,15083,Platelet incubator with agitator,Remi,RPA-100,2026-08-21T00:00:00,86.0,OK
EQ-15103-PIA-01,15103,Platelet incubator with agitator,Labtop,LPI-12,2026-08-21T00:00:00,93.1,OK
EQ-15134-PIA-01,15134,Platelet incubator with agitator,Terumo BCT,Trima Storage Console,2026-08-21T00:00:00,89.8,OK
EQ-15139-PIA-01,15139,Platelet incubator with agitator,Thermo Fisher,Forma 3911,2026-08-21T00:00:00,87.5,OK
EQ-15163-PIA-01,15163,Platelet incubator with agitator,Helmer,PC2200i,2026-08-21T00:00:00,87.9,OK
EQ-283631-PIA-01,283631,Platelet incubator with agitator,Remi,RPA-100,2026-08-21T00:00:00,86.3,OK
EQ-283797-PIA-01,283797,Platelet incubator with agitator,Labtop,LPI-12,2026-08-21T00:00:00,85.0,OK
EQ-283835-PIA-01,283835,Platelet incubator with agitator,Terumo BCT,Trima Storage Console,2026-08-21T00:00:00,85.1,OK
EQ-29164-PIA-01,29164,Platelet incubator with agitator,Thermo Fisher,Forma 3911,2026-08-21T00:00:00,88.3,OK
EQ-15041-PIA-01,15041,Platelet incubator with agitator,Helmer,PC2200i,2026-08-21T00:00:00,87.5,OK
EQ-15049-PIA-01,15049,Platelet incubator with agitator,Remi,RPA-100,2026-08-21T00:00:00,86.7,OK
EQ-15059-PIA-01,15059,Platelet incubator with agitator,Labtop,LPI-12,2026-08-21T00:00:00,89.6,OK
EQ-15065-PIA-01,15065,Platelet incubator with agitator,Terumo BCT,Trima Storage Console,2026-08-21T00:00:00,90.9,OK
EQ-15099-PIA-01,15099,Platelet incubator with agitator,Thermo Fisher,Forma 3911,2026-08-21T00:00:00,86.9,OK
EQ-15143-PIA-01,15143,Platelet incubator with agitator,Helmer,PC2200i,2026-08-21T00:00:00,85.8,OK
EQ-15147-PIA-01,15147,Platelet incubator with agitator,Remi,RPA-100,2026-08-21T00:00:00,90.0,OK
EQ-280371-PIA-01,280371,Platelet incubator with agitator,Labtop,LPI-12,2026-08-21T00:00:00,89.4,OK
EQ-283151-PIA-01,283151,Platelet incubator with agitator,Terumo BCT,Trima Storage Console,2026-08-21T00:00:00,87.8,OK
EQ-283160-PIA-01,283160,Platelet incubator with agitator,Thermo Fisher,Forma 3911,2026-08-21T00:00:00,88.4,OK
EQ-15044-PIA-01,15044,Platelet incubator with agitator,Helmer,PC2200i,2026-08-21T00:00:00,88.6,OK
EQ-15084-PIA-01,15084,Platelet incubator with agitator,Remi,RPA-100,2026-08-21T00:00:00,90.4,OK
EQ-280366-PIA-01,280366,Platelet incubator with agitator,Labtop,LPI-12,2026-08-21T00:00:00,86.5,OK
EQ-283788-PIA-01,283788,Platelet incubator with agitator,Terumo BCT,Trima Storage Console,2026-08-21T00:00:00,90.1,OK
EQ-15045-PIA-01,15045,Platelet incubator with agitator,Thermo Fisher,Forma 3911,2026-08-21T00:00:00,92.1,OK
EQ-15054-PIA-01,15054,Platelet incubator with agitator,Helmer,PC2200i,2026-08-21T00:00:00,87.2,OK
EQ-15157-PIA-01,15157,Platelet incubator with agitator,Remi,RPA-100,2026-08-21T00:00:00,91.8,OK
EQ-283822-PIA-01,283822,Platelet incubator with agitator,Labtop,LPI-12,2026-08-21T00:00:00,89.7,OK
EQ-284081-PIA-01,284081,Platelet incubator with agitator,Terumo BCT,Trima Storage Console,2026-08-21T00:00:00,89.1,OK
EQ-15111-PIA-01,15111,Platelet incubator with agitator,Thermo Fisher,Forma 3911,2026-08-21T00:00:00,90.9,OK
EQ-283138-PIA-01,283138,Platelet incubator with agitator,Helmer,PC2200i,2026-08-21T00:00:00,85.4,OK
EQ-284955-PIA-01,284955,Platelet incubator with agitator,Remi,RPA-100,2026-08-21T00:00:00,92.6,OK
EQ-15003-PIA-01,15003,Platelet incubator with agitator,Labtop,LPI-12,2026-08-21T00:00:00,85.9,OK
EQ-15087-PIA-01,15087,Platelet incubator with agitator,Terumo BCT,Trima Storage Console,2026-08-21T00:00:00,89.6,OK
EQ-280367-PIA-01,280367,Platelet incubator with agitator,Thermo Fisher,Forma 3911,2026-08-21T00:00:00,89.5,OK
EQ-280368-PIA-01,280368,Platelet incubator with agitator,Helmer,PC2200i,2026-08-21T00:00:00,91.1,OK
EQ-280369-PIA-01,280369,Platelet incubator with agitator,Remi,RPA-100,2026-08-21T00:00:00,89.0,OK
EQ-283441-PIA-01,283441,Platelet incubator with agitator,Labtop,LPI-12,2026-08-21T00:00:00,89.3,OK
EQ-283815-PIA-01,283815,Platelet incubator with agitator,Terumo BCT,Trima Storage Console,2026-08-21T00:00:00,91.2,OK
EQ-283897-PIA-01,283897,Platelet incubator with agitator,Thermo Fisher,Forma 3911,2026-08-21T00:00:00,91.7,OK
EQ-284257-PIA-01,284257,Platelet incubator with agitator,Helmer,PC2200i,2026-08-21T00:00:00,88.7,OK
EQ-29152-PIA-01,29152,Platelet incubator with agitator,Remi,RPA-100,2026-08-21T00:00:00,93.9,OK
EQ-15071-PIA-01,15071,Platelet incubator with agitator,Labtop,LPI-12,2026-08-21T00:00:00,90.5,OK
EQ-15024-PIA-01,15024,Platelet incubator with agitator,Terumo BCT,Trima Storage Console,2026-08-21T00:00:00,87.6,OK
EQ-15025-PIA-01,15025,Platelet incubator with agitator,Thermo Fisher,Forma 3911,2026-08-21T00:00:00,90.2,OK
EQ-15166-PIA-01,15166,Platelet incubator with agitator,Helmer,PC2200i,2026-08-21T00:00:00,89.1,OK
EQ-283482-PIA-01,283482,Platelet incubator with agitator,Remi,RPA-100,2026-08-21T00:00:00,93.1,OK
EQ-29163-PIA-01,29163,Platelet incubator with agitator,Labtop,LPI-12,2026-08-21T00:00:00,87.2,OK
EQ-15137-PIA-01,15137,Platelet incubator with agitator,Terumo BCT,Trima Storage Console,2026-08-21T00:00:00,88.9,OK
EQ-15184-PIA-01,15184,Platelet incubator with agitator,Thermo Fisher,Forma 3911,2026-08-21T00:00:00,93.1,OK
EQ-283492-PIA-01,283492,Platelet incubator with agitator,Helmer,PC2200i,2026-08-21T00:00:00,90.5,OK
EQ-283865-PIA-01,283865,Platelet incubator with agitator,Remi,RPA-100,2026-08-21T00:00:00,92.1,OK
EQ-15042-PIA-01,15042,Platelet incubator with agitator,Labtop,LPI-12,2026-08-21T00:00:00,91.3,OK
EQ-15077-PIA-01,15077,Platelet incubator with agitator,Terumo BCT,Trima Storage Console,2026-08-21T00:00:00,88.7,OK
EQ-283973-PIA-01,283973,Platelet incubator with agitator,Thermo Fisher,Forma 3911,2026-08-21T00:00:00,88.0,OK
EQ-29139-PIA-01,29139,Platelet incubator with agitator,Helmer,PC2200i,2026-08-21T00:00:00,92.1,OK
EQ-15078-PIA-01,15078,Platelet incubator with agitator,Remi,RPA-100,2026-08-21T00:00:00,87.2,OK
EQ-15130-PIA-01,15130,Platelet incubator with agitator,Labtop,LPI-12,2026-08-21T00:00:00,94.4,OK
EQ-15165-PIA-01,15165,Platelet incubator with agitator,Terumo BCT,Trima Storage Console,2026-08-21T00:00:00,91.7,OK
EQ-15167-PIA-01,15167,Platelet incubator with agitator,Thermo Fisher,Forma 3911,2026-08-21T00:00:00,85.1,OK
EQ-15171-PIA-01,15171,Platelet incubator with agitator,Helmer,PC2200i,2026-08-21T00:00:00,91.5,OK
EQ-15179-PIA-01,15179,Platelet incubator with agitator,Remi,RPA-100,2026-08-21T00:00:00,86.1,OK
EQ-15183-PIA-01,15183,Platelet incubator with agitator,Labtop,LPI-12,2026-08-21T00:00:00,93.1,OK
EQ-280972-PIA-01,280972,Platelet incubator with agitator,Terumo BCT,Trima Storage Console,2026-08-21T00:00:00,94.3,OK
EQ-283319-PIA-01,283319,Platelet incubator with agitator,Thermo Fisher,Forma 3911,2026-08-21T00:00:00,88.4,OK
EQ-283568-PIA-01,283568,Platelet incubator with agitator,Helmer,PC2200i,2026-08-21T00:00:00,91.8,OK
EQ-29132-PIA-01,29132,Platelet incubator with agitator,Remi,RPA-100,2026-08-21T00:00:00,92.2,OK
EQ-15023-PIA-01,15023,Platelet incubator with agitator,Labtop,LPI-12,2026-08-21T00:00:00,89.2,OK
EQ-15092-PIA-01,15092,Platelet incubator with agitator,Terumo BCT,Trima Storage Console,2026-08-21T00:00:00,87.1,OK
EQ-15180-PIA-01,15180,Platelet incubator with agitator,Thermo Fisher,Forma 3911,2026-08-21T00:00:00,93.0,OK
EQ-283153-PIA-01,283153,Platelet incubator with agitator,Helmer,PC2200i,2026-08-21T00:00:00,90.4,OK
EQ-283199-PIA-01,283199,Platelet incubator with agitator,Remi,RPA-100,2026-08-21T00:00:00,87.0,OK
EQ-283505-PIA-01,283505,Platelet incubator with agitator,Labtop,LPI-12,2026-08-21T00:00:00,89.8,OK
EQ-283821-PIA-01,283821,Platelet incubator with agitator,Terumo BCT,Trima Storage Console,2026-08-21T00:00:00,90.6,OK
EQ-29103-PIA-01,29103,Platelet incubator with agitator,Thermo Fisher,Forma 3911,2026-08-21T00:00:00,86.8,OK
EQ-29159-PIA-01,29159,Platelet incubator with agitator,Helmer,PC2200i,2026-08-21T00:00:00,88.4,OK
EQ-283203-PIA-01,283203,Platelet incubator with agitator,Remi,RPA-100,2026-08-21T00:00:00,86.5,OK
EQ-283803-PIA-01,283803,Platelet incubator with agitator,Labtop,LPI-12,2026-08-21T00:00:00,91.8,OK
EQ-283832-PIA-01,283832,Platelet incubator with agitator,Terumo BCT,Trima Storage Console,2026-08-21T00:00:00,89.7,OK
EQ-29160-PIA-01,29160,Platelet incubator with agitator,Thermo Fisher,Forma 3911,2026-08-21T00:00:00,87.5,OK
EQ-15035-PIA-01,15035,Platelet incubator with agitator,Helmer,PC2200i,2026-08-21T00:00:00,88.9,OK
EQ-15057-PIA-01,15057,Platelet incubator with agitator,Remi,RPA-100,2026-08-21T00:00:00,92.5,OK
EQ-280699-PIA-01,280699,Platelet incubator with agitator,Labtop,LPI-12,2026-08-21T00:00:00,91.6,OK
EQ-283171-PIA-01,283171,Platelet incubator with agitator,Terumo BCT,Trima Storage Console,2026-08-21T00:00:00,89.3,OK
EQ-283479-PIA-01,283479,Platelet incubator with agitator,Thermo Fisher,Forma 3911,2026-08-21T00:00:00,91.9,OK
EQ-283510-PIA-01,283510,Platelet incubator with agitator,Helmer,PC2200i,2026-08-21T00:00:00,86.8,OK
EQ-284923-PIA-01,284923,Platelet incubator with agitator,Remi,RPA-100,2026-08-21T00:00:00,93.8,OK
EQ-29101-PIA-01,29101,Platelet incubator with agitator,Labtop,LPI-12,2026-08-21T00:00:00,90.6,OK
EQ-29104-PIA-01,29104,Platelet incubator with agitator,Terumo BCT,Trima Storage Console,2026-08-21T00:00:00,89.4,OK
EQ-29129-PIA-01,29129,Platelet incubator with agitator,Thermo Fisher,Forma 3911,2026-08-21T00:00:00,92.2,OK
EQ-29153-PIA-01,29153,Platelet incubator with agitator,Helmer,PC2200i,2026-08-21T00:00:00,88.8,OK
EQ-15031-PIA-01,15031,Platelet incubator with agitator,Remi,RPA-100,2026-08-21T00:00:00,94.2,OK
EQ-15128-PIA-01,15128,Platelet incubator with agitator,Labtop,LPI-12,2026-08-21T00:00:00,87.4,OK
EQ-15176-PIA-01,15176,Platelet incubator with agitator,Terumo BCT,Trima Storage Console,2026-08-21T00:00:00,92.7,OK
EQ-283210-PIA-01,283210,Platelet incubator with agitator,Thermo Fisher,Forma 3911,2026-08-21T00:00:00,92.1,OK
EQ-283437-PIA-01,283437,Platelet incubator with agitator,Helmer,PC2200i,2026-08-21T00:00:00,84.5,Watch
EQ-283504-PIA-01,283504,Platelet incubator with agitator,Remi,RPA-100,2026-08-21T00:00:00,89.1,OK
EQ-284808-PIA-01,284808,Platelet incubator with agitator,Labtop,LPI-12,2026-08-21T00:00:00,85.8,OK
EQ-29128-PIA-01,29128,Platelet incubator with agitator,Terumo BCT,Trima Storage Console,2026-08-21T00:00:00,90.8,OK
EQ-15145-PIA-01,15145,Platelet incubator with agitator,Thermo Fisher,Forma 3911,2026-08-21T00:00:00,91.9,OK
EQ-280378-PIA-01,280378,Platelet incubator with agitator,Helmer,PC2200i,2026-08-21T00:00:00,93.0,OK
EQ-284003-PIA-01,284003,Platelet incubator with agitator,Remi,RPA-100,2026-08-21T00:00:00,86.0,OK
EQ-29114-PIA-01,29114,Platelet incubator with agitator,Labtop,LPI-12,2026-08-21T00:00:00,85.6,OK
EQ-15080-PIA-01,15080,Platelet incubator with agitator,Terumo BCT,Trima Storage Console,2026-08-21T00:00:00,89.2,OK
EQ-15133-PIA-01,15133,Platelet incubator with agitator,Thermo Fisher,Forma 3911,2026-08-21T00:00:00,91.7,OK
EQ-15138-PIA-01,15138,Platelet incubator with agitator,Helmer,PC2200i,2026-08-21T00:00:00,91.3,OK
EQ-284789-PIA-01,284789,Platelet incubator with agitator,Remi,RPA-100,2026-08-21T00:00:00,91.7,OK
EQ-29119-PIA-01,29119,Platelet incubator with agitator,Labtop,LPI-12,2026-08-21T00:00:00,92.0,OK
EQ-283502-PIA-01,283502,Platelet incubator with agitator,Terumo BCT,Trima Storage Console,2026-08-21T00:00:00,85.5,OK
EQ-284959-PIA-01,284959,Platelet incubator with agitator,Thermo Fisher,Forma 3911,2026-08-21T00:00:00,88.1,OK
EQ-15021-PIA-01,15021,Platelet incubator with agitator,Helmer,PC2200i,2026-08-21T00:00:00,93.4,OK
EQ-15095-PIA-01,15095,Platelet incubator with agitator,Remi,RPA-100,2026-08-21T00:00:00,94.4,OK
EQ-281212-PIA-01,281212,Platelet incubator with agitator,Labtop,LPI-12,2026-08-21T00:00:00,91.7,OK
EQ-281213-PIA-01,281213,Platelet incubator with agitator,Terumo BCT,Trima Storage Console,2026-08-21T00:00:00,92.3,OK
EQ-281215-PIA-01,281215,Platelet incubator with agitator,Thermo Fisher,Forma 3911,2026-08-21T00:00:00,93.3,OK
EQ-283499-PIA-01,283499,Platelet incubator with agitator,Helmer,PC2200i,2026-08-21T00:00:00,91.6,OK
EQ-283636-PIA-01,283636,Platelet incubator with agitator,Remi,RPA-100,2026-08-21T00:00:00,88.3,OK
EQ-283754-PIA-01,283754,Platelet incubator with agitator,Labtop,LPI-12,2026-08-21T00:00:00,88.3,OK
EQ-283899-PIA-01,283899,Platelet incubator with agitator,Terumo BCT,Trima Storage Console,2026-08-21T00:00:00,93.9,OK
EQ-284235-PIA-01,284235,Platelet incubator with agitator,Thermo Fisher,Forma 3911,2026-08-21T00:00:00,86.8,OK
EQ-284910-PIA-01,284910,Platelet incubator with agitator,Helmer,PC2200i,2026-08-21T00:00:00,90.0,OK
EQ-285283-PIA-01,285283,Platelet incubator with agitator,Remi,RPA-100,2026-08-21T00:00:00,94.7,OK
EQ-284834-PIA-01,284834,Platelet incubator with agitator,Labtop,LPI-12,2026-08-21T00:00:00,87.7,OK
EQ-29165-PIA-01,29165,Platelet incubator with agitator,Terumo BCT,Trima Storage Console,2026-08-21T00:00:00,93.4,OK
EQ-16032-PIA-01,16032,Platelet incubator with agitator,Thermo Fisher,Forma 3911,2026-08-21T00:00:00,88.3,OK
EQ-16033-PIA-01,16033,Platelet incubator with agitator,Helmer,PC2200i,2026-08-21T00:00:00,92.5,OK
EQ-280904-PIA-01,280904,Platelet incubator with agitator,Remi,RPA-100,2026-08-21T00:00:00,88.4,OK
EQ-282882-PIA-01,282882,Platelet incubator with agitator,Labtop,LPI-12,2026-08-21T00:00:00,92.6,OK
EQ-282883-PIA-01,282883,Platelet incubator with agitator,Terumo BCT,Trima Storage Console,2026-08-21T00:00:00,89.0,OK
EQ-284087-PIA-01,284087,Platelet incubator with agitator,Thermo Fisher,Forma 3911,2026-08-21T00:00:00,88.0,OK
EQ-284933-PIA-01,284933,Platelet incubator with agitator,Helmer,PC2200i,2026-08-21T00:00:00,91.1,OK
EQ-16036-PIA-01,16036,Platelet incubator with agitator,Remi,RPA-100,2026-08-21T00:00:00,89.0,OK
EQ-16038-PIA-01,16038,Platelet incubator with agitator,Labtop,LPI-12,2026-08-21T00:00:00,86.8,OK
EQ-16039-PIA-01,16039,Platelet incubator with agitator,Terumo BCT,Trima Storage Console,2026-08-21T00:00:00,93.1,OK
EQ-16042-PIA-01,16042,Platelet incubator with agitator,Thermo Fisher,Forma 3911,2026-08-21T00:00:00,91.3,OK
EQ-16043-PIA-01,16043,Platelet incubator with agitator,Helmer,PC2200i,2026-08-21T00:00:00,91.5,OK
EQ-16044-PIA-01,16044,Platelet incubator with agitator,Remi,RPA-100,2026-08-21T00:00:00,87.1,OK
EQ-16045-PIA-01,16045,Platelet incubator with agitator,Labtop,LPI-12,2026-08-21T00:00:00,87.6,OK
EQ-16047-PIA-01,16047,Platelet incubator with agitator,Terumo BCT,Trima Storage Console,2026-08-21T00:00:00,85.8,OK
EQ-16050-PIA-01,16050,Platelet incubator with agitator,Thermo Fisher,Forma 3911,2026-08-21T00:00:00,87.1,OK
EQ-16051-PIA-01,16051,Platelet incubator with agitator,Helmer,PC2200i,2026-08-21T00:00:00,86.4,OK
EQ-16052-PIA-01,16052,Platelet incubator with agitator,Remi,RPA-100,2026-08-21T00:00:00,92.8,OK
EQ-16053-PIA-01,16053,Platelet incubator with agitator,Labtop,LPI-12,2026-08-21T00:00:00,91.4,OK
EQ-16054-PIA-01,16054,Platelet incubator with agitator,Terumo BCT,Trima Storage Console,2026-08-21T00:00:00,88.8,OK
EQ-282666-PIA-01,282666,Platelet incubator with agitator,Thermo Fisher,Forma 3911,2026-08-21T00:00:00,86.7,OK
EQ-282805-PIA-01,282805,Platelet incubator with agitator,Helmer,PC2200i,2026-08-21T00:00:00,87.2,OK
EQ-282810-PIA-01,282810,Platelet incubator with agitator,Remi,RPA-100,2026-08-21T00:00:00,87.7,OK
EQ-283266-PIA-01,283266,Platelet incubator with agitator,Labtop,LPI-12,2026-08-21T00:00:00,88.3,OK
EQ-284604-PIA-01,284604,Platelet incubator with agitator,Terumo BCT,Trima Storage Console,2026-08-21T00:00:00,86.2,OK
EQ-284616-PIA-01,284616,Platelet incubator with agitator,Thermo Fisher,Forma 3911,2026-08-21T00:00:00,87.1,OK
EQ-284707-PIA-01,284707,Platelet incubator with agitator,Helmer,PC2200i,2026-08-21T00:00:00,90.6,OK
EQ-285140-PIA-01,285140,Platelet incubator with agitator,Remi,RPA-100,2026-08-21T00:00:00,90.3,OK
EQ-16055-PIA-01,16055,Platelet incubator with agitator,Labtop,LPI-12,2026-08-21T00:00:00,85.9,OK
EQ-16056-PIA-01,16056,Platelet incubator with agitator,Terumo BCT,Trima Storage Console,2026-08-21T00:00:00,86.4,OK
EQ-16059-PIA-01,16059,Platelet incubator with agitator,Thermo Fisher,Forma 3911,2026-08-21T00:00:00,90.1,OK
EQ-16060-PIA-01,16060,Platelet incubator with agitator,Helmer,PC2200i,2026-08-21T00:00:00,94.4,OK
EQ-16061-PIA-01,16061,Platelet incubator with agitator,Remi,RPA-100,2026-08-21T00:00:00,88.9,OK
EQ-282667-PIA-01,282667,Platelet incubator with agitator,Labtop,LPI-12,2026-08-21T00:00:00,94.0,OK
EQ-282787-PIA-01,282787,Platelet incubator with agitator,Terumo BCT,Trima Storage Console,2026-08-21T00:00:00,94.4,OK
EQ-282806-PIA-01,282806,Platelet incubator with agitator,Thermo Fisher,Forma 3911,2026-08-21T00:00:00,85.6,OK
EQ-283273-PIA-01,283273,Platelet incubator with agitator,Helmer,PC2200i,2026-08-21T00:00:00,94.4,OK
EQ-285088-PIA-01,285088,Platelet incubator with agitator,Remi,RPA-100,2026-08-21T00:00:00,88.9,OK
EQ-16002-PIA-01,16002,Platelet incubator with agitator,Labtop,LPI-12,2026-08-21T00:00:00,87.8,OK
EQ-16003-PIA-01,16003,Platelet incubator with agitator,Terumo BCT,Trima Storage Console,2026-08-21T00:00:00,88.4,OK
EQ-16004-PIA-01,16004,Platelet incubator with agitator,Thermo Fisher,Forma 3911,2026-08-21T00:00:00,93.8,OK
EQ-16005-PIA-01,16005,Platelet incubator with agitator,Helmer,PC2200i,2026-08-21T00:00:00,87.3,OK
EQ-16008-PIA-01,16008,Platelet incubator with agitator,Remi,RPA-100,2026-08-21T00:00:00,88.1,OK
EQ-16014-PIA-01,16014,Platelet incubator with agitator,Labtop,LPI-12,2026-08-21T00:00:00,90.9,OK
EQ-16030-PIA-01,16030,Platelet incubator with agitator,Terumo BCT,Trima Storage Console,2026-08-21T00:00:00,94.3,OK
EQ-16062-PIA-01,16062,Platelet incubator with agitator,Thermo Fisher,Forma 3911,2026-08-21T00:00:00,91.9,OK
EQ-16064-PIA-01,16064,Platelet incubator with agitator,Helmer,PC2200i,2026-08-21T00:00:00,89.2,OK
EQ-280907-PIA-01,280907,Platelet incubator with agitator,Remi,RPA-100,2026-08-21T00:00:00,90.8,OK
EQ-282786-PIA-01,282786,Platelet incubator with agitator,Labtop,LPI-12,2026-08-21T00:00:00,90.0,OK
EQ-282791-PIA-01,282791,Platelet incubator with agitator,Terumo BCT,Trima Storage Console,2026-08-21T00:00:00,85.4,OK
EQ-282793-PIA-01,282793,Platelet incubator with agitator,Thermo Fisher,Forma 3911,2026-08-21T00:00:00,89.7,OK
EQ-282894-PIA-01,282894,Platelet incubator with agitator,Helmer,PC2200i,2026-08-21T00:00:00,87.1,OK
EQ-284856-PIA-01,284856,Platelet incubator with agitator,Remi,RPA-100,2026-08-21T00:00:00,89.6,OK
EQ-284893-PIA-01,284893,Platelet incubator with agitator,Labtop,LPI-12,2026-08-21T00:00:00,88.2,OK
EQ-285060-PIA-01,285060,Platelet incubator with agitator,Terumo BCT,Trima Storage Console,2026-08-21T00:00:00,89.9,OK
EQ-16015-PIA-01,16015,Platelet incubator with agitator,Thermo Fisher,Forma 3911,2026-08-21T00:00:00,86.8,OK
EQ-16016-PIA-01,16016,Platelet incubator with agitator,Helmer,PC2200i,2026-08-21T00:00:00,85.5,OK
EQ-16017-PIA-01,16017,Platelet incubator with agitator,Remi,RPA-100,2026-08-21T00:00:00,92.3,OK
EQ-16018-PIA-01,16018,Platelet incubator with agitator,Labtop,LPI-12,2026-08-21T00:00:00,87.8,OK
EQ-16066-PIA-01,16066,Platelet incubator with agitator,Terumo BCT,Trima Storage Console,2026-08-21T00:00:00,94.1,OK
EQ-16067-PIA-01,16067,Platelet incubator with agitator,Thermo Fisher,Forma 3911,2026-08-21T00:00:00,91.1,OK
EQ-16068-PIA-01,16068,Platelet incubator with agitator,Helmer,PC2200i,2026-08-21T00:00:00,84.5,Watch
EQ-16071-PIA-01,16071,Platelet incubator with agitator,Remi,RPA-100,2026-08-21T00:00:00,88.3,OK
EQ-16072-PIA-01,16072,Platelet incubator with agitator,Labtop,LPI-12,2026-08-21T00:00:00,90.0,OK
EQ-16076-PIA-01,16076,Platelet incubator with agitator,Terumo BCT,Trima Storage Console,2026-08-21T00:00:00,91.1,OK
EQ-280909-PIA-01,280909,Platelet incubator with agitator,Thermo Fisher,Forma 3911,2026-08-21T00:00:00,88.7,OK
EQ-282811-PIA-01,282811,Platelet incubator with agitator,Helmer,PC2200i,2026-08-21T00:00:00,84.9,Watch
EQ-282906-PIA-01,282906,Platelet incubator with agitator,Remi,RPA-100,2026-08-21T00:00:00,94.3,OK
EQ-283333-PIA-01,283333,Platelet incubator with agitator,Labtop,LPI-12,2026-08-21T00:00:00,92.8,OK
EQ-283857-PIA-01,283857,Platelet incubator with agitator,Terumo BCT,Trima Storage Console,2026-08-21T00:00:00,89.5,OK
EQ-283925-PIA-01,283925,Platelet incubator with agitator,Thermo Fisher,Forma 3911,2026-08-21T00:00:00,86.0,OK
EQ-284617-PIA-01,284617,Platelet incubator with agitator,Helmer,PC2200i,2026-08-21T00:00:00,86.4,OK
EQ-284633-PIA-01,284633,Platelet incubator with agitator,Remi,RPA-100,2026-08-21T00:00:00,85.4,OK
EQ-284719-PIA-01,284719,Platelet incubator with agitator,Labtop,LPI-12,2026-08-21T00:00:00,87.4,OK
EQ-284845-PIA-01,284845,Platelet incubator with agitator,Terumo BCT,Trima Storage Console,2026-08-21T00:00:00,86.5,OK
EQ-16077-PIA-01,16077,Platelet incubator with agitator,Thermo Fisher,Forma 3911,2026-08-21T00:00:00,89.0,OK
EQ-16078-PIA-01,16078,Platelet incubator with agitator,Helmer,PC2200i,2026-08-21T00:00:00,88.9,OK
EQ-16079-PIA-01,16079,Platelet incubator with agitator,Remi,RPA-100,2026-08-21T00:00:00,89.8,OK
EQ-16080-PIA-01,16080,Platelet incubator with agitator,Labtop,LPI-12,2026-08-21T00:00:00,87.8,OK
EQ-16081-PIA-01,16081,Platelet incubator with agitator,Terumo BCT,Trima Storage Console,2026-08-21T00:00:00,84.6,Watch
EQ-16084-PIA-01,16084,Platelet incubator with agitator,Thermo Fisher,Forma 3911,2026-08-21T00:00:00,87.7,OK
EQ-16085-PIA-01,16085,Platelet incubator with agitator,Helmer,PC2200i,2026-08-21T00:00:00,89.0,OK
EQ-16086-PIA-01,16086,Platelet incubator with agitator,Remi,RPA-100,2026-08-21T00:00:00,86.4,OK
EQ-16088-PIA-01,16088,Platelet incubator with agitator,Labtop,LPI-12,2026-08-21T00:00:00,88.4,OK
EQ-16158-PIA-01,16158,Platelet incubator with agitator,Terumo BCT,Trima Storage Console,2026-08-21T00:00:00,90.1,OK
EQ-16159-PIA-01,16159,Platelet incubator with agitator,Thermo Fisher,Forma 3911,2026-08-21T00:00:00,86.9,OK
EQ-280911-PIA-01,280911,Platelet incubator with agitator,Helmer,PC2200i,2026-08-21T00:00:00,86.3,OK
EQ-280912-PIA-01,280912,Platelet incubator with agitator,Remi,RPA-100,2026-08-21T00:00:00,87.2,OK
EQ-282804-PIA-01,282804,Platelet incubator with agitator,Labtop,LPI-12,2026-08-21T00:00:00,92.4,OK
EQ-282808-PIA-01,282808,Platelet incubator with agitator,Terumo BCT,Trima Storage Console,2026-08-21T00:00:00,91.6,OK
EQ-284611-PIA-01,284611,Platelet incubator with agitator,Thermo Fisher,Forma 3911,2026-08-21T00:00:00,87.9,OK
EQ-16006-PIA-01,16006,Platelet incubator with agitator,Helmer,PC2200i,2026-08-21T00:00:00,90.4,OK
EQ-16007-PIA-01,16007,Platelet incubator with agitator,Remi,RPA-100,2026-08-21T00:00:00,87.2,OK
EQ-16019-PIA-01,16019,Platelet incubator with agitator,Labtop,LPI-12,2026-08-21T00:00:00,89.9,OK
EQ-16091-PIA-01,16091,Platelet incubator with agitator,Terumo BCT,Trima Storage Console,2026-08-21T00:00:00,91.1,OK
EQ-16093-PIA-01,16093,Platelet incubator with agitator,Thermo Fisher,Forma 3911,2026-08-21T00:00:00,87.4,OK
EQ-16094-PIA-01,16094,Platelet incubator with agitator,Helmer,PC2200i,2026-08-21T00:00:00,87.3,OK
EQ-16095-PIA-01,16095,Platelet incubator with agitator,Remi,RPA-100,2026-08-21T00:00:00,90.7,OK
EQ-16096-PIA-01,16096,Platelet incubator with agitator,Labtop,LPI-12,2026-08-21T00:00:00,88.9,OK
EQ-16097-PIA-01,16097,Platelet incubator with agitator,Terumo BCT,Trima Storage Console,2026-08-21T00:00:00,86.5,OK
EQ-16098-PIA-01,16098,Platelet incubator with agitator,Thermo Fisher,Forma 3911,2026-08-21T00:00:00,93.4,OK
EQ-16100-PIA-01,16100,Platelet incubator with agitator,Helmer,PC2200i,2026-08-21T00:00:00,91.1,OK
EQ-280914-PIA-01,280914,Platelet incubator with agitator,Remi,RPA-100,2026-08-21T00:00:00,92.2,OK
EQ-282678-PIA-01,282678,Platelet incubator with agitator,Labtop,LPI-12,2026-08-21T00:00:00,88.6,OK
EQ-282684-PIA-01,282684,Platelet incubator with agitator,Terumo BCT,Trima Storage Console,2026-08-21T00:00:00,88.9,OK
EQ-282788-PIA-01,282788,Platelet incubator with agitator,Thermo Fisher,Forma 3911,2026-08-21T00:00:00,86.6,OK
EQ-282797-PIA-01,282797,Platelet incubator with agitator,Helmer,PC2200i,2026-08-21T00:00:00,92.2,OK
EQ-284602-PIA-01,284602,Platelet incubator with agitator,Remi,RPA-100,2026-08-21T00:00:00,87.2,OK
EQ-284614-PIA-01,284614,Platelet incubator with agitator,Labtop,LPI-12,2026-08-21T00:00:00,91.8,OK
EQ-284628-PIA-01,284628,Platelet incubator with agitator,Terumo BCT,Trima Storage Console,2026-08-21T00:00:00,90.8,OK
EQ-284817-PIA-01,284817,Platelet incubator with agitator,Thermo Fisher,Forma 3911,2026-08-21T00:00:00,90.0,OK
EQ-284853-PIA-01,284853,Platelet incubator with agitator,Helmer,PC2200i,2026-08-21T00:00:00,87.4,OK
EQ-16020-PIA-01,16020,Platelet incubator with agitator,Remi,RPA-100,2026-08-21T00:00:00,89.5,OK
EQ-16021-PIA-01,16021,Platelet incubator with agitator,Labtop,LPI-12,2026-08-21T00:00:00,86.4,OK
EQ-16103-PIA-01,16103,Platelet incubator with agitator,Terumo BCT,Trima Storage Console,2026-08-21T00:00:00,91.5,OK
EQ-16104-PIA-01,16104,Platelet incubator with agitator,Thermo Fisher,Forma 3911,2026-08-21T00:00:00,87.7,OK
EQ-16107-PIA-01,16107,Platelet incubator with agitator,Helmer,PC2200i,2026-08-21T00:00:00,91.6,OK
EQ-16108-PIA-01,16108,Platelet incubator with agitator,Remi,RPA-100,2026-08-21T00:00:00,91.1,OK
EQ-16109-PIA-01,16109,Platelet incubator with agitator,Labtop,LPI-12,2026-08-21T00:00:00,88.7,OK
EQ-282681-PIA-01,282681,Platelet incubator with agitator,Terumo BCT,Trima Storage Console,2026-08-21T00:00:00,93.5,OK
EQ-282931-PIA-01,282931,Platelet incubator with agitator,Thermo Fisher,Forma 3911,2026-08-21T00:00:00,87.8,OK
EQ-283939-PIA-01,283939,Platelet incubator with agitator,Helmer,PC2200i,2026-08-21T00:00:00,91.2,OK
EQ-284564-PIA-01,284564,Platelet incubator with agitator,Remi,RPA-100,2026-08-21T00:00:00,88.6,OK
EQ-284601-PIA-01,284601,Platelet incubator with agitator,Labtop,LPI-12,2026-08-21T00:00:00,90.7,OK
EQ-284618-PIA-01,284618,Platelet incubator with agitator,Terumo BCT,Trima Storage Console,2026-08-21T00:00:00,90.6,OK
EQ-284848-PIA-01,284848,Platelet incubator with agitator,Thermo Fisher,Forma 3911,2026-08-21T00:00:00,88.6,OK
EQ-284858-PIA-01,284858,Platelet incubator with agitator,Helmer,PC2200i,2026-08-21T00:00:00,91.4,OK
EQ-284948-PIA-01,284948,Platelet incubator with agitator,Remi,RPA-100,2026-08-21T00:00:00,91.7,OK
EQ-285159-PIA-01,285159,Platelet incubator with agitator,Labtop,LPI-12,2026-08-21T00:00:00,88.3,OK
EQ-16111-PIA-01,16111,Platelet incubator with agitator,Terumo BCT,Trima Storage Console,2026-08-21T00:00:00,88.3,OK
EQ-16112-PIA-01,16112,Platelet incubator with agitator,Thermo Fisher,Forma 3911,2026-08-21T00:00:00,84.4,Watch
EQ-16113-PIA-01,16113,Platelet incubator with agitator,Helmer,PC2200i,2026-08-21T00:00:00,87.8,OK
EQ-16114-PIA-01,16114,Platelet incubator with agitator,Remi,RPA-100,2026-08-21T00:00:00,85.0,OK
EQ-280910-PIA-01,280910,Platelet incubator with agitator,Labtop,LPI-12,2026-08-21T00:00:00,90.6,OK
EQ-282673-PIA-01,282673,Platelet incubator with agitator,Terumo BCT,Trima Storage Console,2026-08-21T00:00:00,88.6,OK
EQ-282796-PIA-01,282796,Platelet incubator with agitator,Thermo Fisher,Forma 3911,2026-08-21T00:00:00,89.1,OK
EQ-282801-PIA-01,282801,Platelet incubator with agitator,Helmer,PC2200i,2026-08-21T00:00:00,88.5,OK
EQ-282802-PIA-01,282802,Platelet incubator with agitator,Remi,RPA-100,2026-08-21T00:00:00,85.9,OK
EQ-283311-PIA-01,283311,Platelet incubator with agitator,Labtop,LPI-12,2026-08-21T00:00:00,93.5,OK
EQ-284627-PIA-01,284627,Platelet incubator with agitator,Terumo BCT,Trima Storage Console,2026-08-21T00:00:00,90.6,OK
EQ-284891-PIA-01,284891,Platelet incubator with agitator,Thermo Fisher,Forma 3911,2026-08-21T00:00:00,87.3,OK
EQ-285059-PIA-01,285059,Platelet incubator with agitator,Helmer,PC2200i,2026-08-21T00:00:00,91.0,OK
EQ-285083-PIA-01,285083,Platelet incubator with agitator,Remi,RPA-100,2026-08-21T00:00:00,93.3,OK
EQ-32102-PIA-01,32102,Platelet incubator with agitator,Labtop,LPI-12,2026-08-21T00:00:00,88.8,OK
EQ-16121-PIA-01,16121,Platelet incubator with agitator,Terumo BCT,Trima Storage Console,2026-08-21T00:00:00,93.1,OK
EQ-16122-PIA-01,16122,Platelet incubator with agitator,Thermo Fisher,Forma 3911,2026-08-21T00:00:00,89.7,OK
EQ-16123-PIA-01,16123,Platelet incubator with agitator,Helmer,PC2200i,2026-08-21T00:00:00,87.8,OK
EQ-16124-PIA-01,16124,Platelet incubator with agitator,Remi,RPA-100,2026-08-21T00:00:00,86.7,OK
EQ-280388-PIA-01,280388,Platelet incubator with agitator,Labtop,LPI-12,2026-08-21T00:00:00,88.7,OK
EQ-282785-PIA-01,282785,Platelet incubator with agitator,Terumo BCT,Trima Storage Console,2026-08-21T00:00:00,86.2,OK
EQ-282789-PIA-01,282789,Platelet incubator with agitator,Thermo Fisher,Forma 3911,2026-08-21T00:00:00,93.8,OK
EQ-282800-PIA-01,282800,Platelet incubator with agitator,Helmer,PC2200i,2026-08-21T00:00:00,89.7,OK
EQ-282807-PIA-01,282807,Platelet incubator with agitator,Remi,RPA-100,2026-08-21T00:00:00,91.2,OK
EQ-284459-PIA-01,284459,Platelet incubator with agitator,Labtop,LPI-12,2026-08-21T00:00:00,91.6,OK
EQ-16023-PIA-01,16023,Platelet incubator with agitator,Terumo BCT,Trima Storage Console,2026-08-21T00:00:00,89.1,OK
EQ-16125-PIA-01,16125,Platelet incubator with agitator,Thermo Fisher,Forma 3911,2026-08-21T00:00:00,87.3,OK
EQ-16126-PIA-01,16126,Platelet incubator with agitator,Helmer,PC2200i,2026-08-21T00:00:00,87.5,OK
EQ-16127-PIA-01,16127,Platelet incubator with agitator,Remi,RPA-100,2026-08-21T00:00:00,91.1,OK
EQ-16128-PIA-01,16128,Platelet incubator with agitator,Labtop,LPI-12,2026-08-21T00:00:00,86.4,OK
EQ-16129-PIA-01,16129,Platelet incubator with agitator,Terumo BCT,Trima Storage Console,2026-08-21T00:00:00,85.5,OK
EQ-16133-PIA-01,16133,Platelet incubator with agitator,Thermo Fisher,Forma 3911,2026-08-21T00:00:00,85.0,OK
EQ-16156-PIA-01,16156,Platelet incubator with agitator,Helmer,PC2200i,2026-08-21T00:00:00,90.9,OK
EQ-280930-PIA-01,280930,Platelet incubator with agitator,Remi,RPA-100,2026-08-21T00:00:00,91.1,OK
EQ-280939-PIA-01,280939,Platelet incubator with agitator,Labtop,LPI-12,2026-08-21T00:00:00,91.1,OK
EQ-282790-PIA-01,282790,Platelet incubator with agitator,Terumo BCT,Trima Storage Console,2026-08-21T00:00:00,89.1,OK
EQ-282795-PIA-01,282795,Platelet incubator with agitator,Thermo Fisher,Forma 3911,2026-08-21T00:00:00,93.6,OK
EQ-282798-PIA-01,282798,Platelet incubator with agitator,Helmer,PC2200i,2026-08-21T00:00:00,92.6,OK
EQ-283389-PIA-01,283389,Platelet incubator with agitator,Remi,RPA-100,2026-08-21T00:00:00,91.5,OK
EQ-284603-PIA-01,284603,Platelet incubator with agitator,Labtop,LPI-12,2026-08-21T00:00:00,91.0,OK
EQ-284851-PIA-01,284851,Platelet incubator with agitator,Terumo BCT,Trima Storage Console,2026-08-21T00:00:00,84.2,Watch
EQ-284936-PIA-01,284936,Platelet incubator with agitator,Thermo Fisher,Forma 3911,2026-08-21T00:00:00,92.5,OK
EQ-285090-PIA-01,285090,Platelet incubator with agitator,Helmer,PC2200i,2026-08-21T00:00:00,92.0,OK
EQ-16026-PIA-01,16026,Platelet incubator with agitator,Remi,RPA-100,2026-08-21T00:00:00,87.4,OK
EQ-16136-PIA-01,16136,Platelet incubator with agitator,Labtop,LPI-12,2026-08-21T00:00:00,92.9,OK
EQ-16140-PIA-01,16140,Platelet incubator with agitator,Terumo BCT,Trima Storage Console,2026-08-21T00:00:00,91.7,OK
EQ-16141-PIA-01,16141,Platelet incubator with agitator,Thermo Fisher,Forma 3911,2026-08-21T00:00:00,87.2,OK
EQ-16145-PIA-01,16145,Platelet incubator with agitator,Helmer,PC2200i,2026-08-21T00:00:00,93.6,OK
EQ-16148-PIA-01,16148,Platelet incubator with agitator,Remi,RPA-100,2026-08-21T00:00:00,87.9,OK
EQ-16149-PIA-01,16149,Platelet incubator with agitator,Labtop,LPI-12,2026-08-21T00:00:00,88.8,OK
EQ-16152-PIA-01,16152,Platelet incubator with agitator,Terumo BCT,Trima Storage Console,2026-08-21T00:00:00,84.9,Watch
EQ-16155-PIA-01,16155,Platelet incubator with agitator,Thermo Fisher,Forma 3911,2026-08-21T00:00:00,90.1,OK
EQ-282942-PIA-01,282942,Platelet incubator with agitator,Helmer,PC2200i,2026-08-21T00:00:00,88.7,OK
EQ-282944-PIA-01,282944,Platelet incubator with agitator,Remi,RPA-100,2026-08-21T00:00:00,90.0,OK
EQ-284562-PIA-01,284562,Platelet incubator with agitator,Labtop,LPI-12,2026-08-21T00:00:00,86.4,OK
EQ-284610-PIA-01,284610,Platelet incubator with agitator,Terumo BCT,Trima Storage Console,2026-08-21T00:00:00,92.9,OK
EQ-284615-PIA-01,284615,Platelet incubator with agitator,Thermo Fisher,Forma 3911,2026-08-21T00:00:00,90.9,OK
EQ-284635-PIA-01,284635,Platelet incubator with agitator,Helmer,PC2200i,2026-08-21T00:00:00,92.4,OK
EQ-284645-PIA-01,284645,Platelet incubator with agitator,Remi,RPA-100,2026-08-21T00:00:00,86.0,OK
EQ-284798-PIA-01,284798,Platelet incubator with agitator,Labtop,LPI-12,2026-08-21T00:00:00,90.1,OK
EQ-284841-PIA-01,284841,Platelet incubator with agitator,Terumo BCT,Trima Storage Console,2026-08-21T00:00:00,94.0,OK
EQ-284855-PIA-01,284855,Platelet incubator with agitator,Thermo Fisher,Forma 3911,2026-08-21T00:00:00,92.3,OK
EQ-284859-PIA-01,284859,Platelet incubator with agitator,Helmer,PC2200i,2026-08-21T00:00:00,90.3,OK
EQ-285089-PIA-01,285089,Platelet incubator with agitator,Remi,RPA-100,2026-08-21T00:00:00,90.2,OK
EQ-16028-PIA-01,16028,Platelet incubator with agitator,Labtop,LPI-12,2026-08-21T00:00:00,90.9,OK
EQ-16160-PIA-01,16160,Platelet incubator with agitator,Terumo BCT,Trima Storage Console,2026-08-21T00:00:00,90.6,OK
EQ-280941-PIA-01,280941,Platelet incubator with agitator,Thermo Fisher,Forma 3911,2026-08-21T00:00:00,91.2,OK
EQ-284629-PIA-01,284629,Platelet incubator with agitator,Helmer,PC2200i,2026-08-21T00:00:00,92.6,OK
EQ-285161-PIA-01,285161,Platelet incubator with agitator,Remi,RPA-100,2026-08-21T00:00:00,85.3,OK
EQ-13014-PIA-01,13014,Platelet incubator with agitator,Labtop,LPI-12,2026-08-21T00:00:00,93.9,OK
EQ-91116-PIA-01,91116,Platelet incubator with agitator,Terumo BCT,Trima Storage Console,2026-08-21T00:00:00,88.1,OK
EQ-281804-PIA-01,281804,Platelet incubator with agitator,Thermo Fisher,Forma 3911,2026-08-21T00:00:00,91.9,OK
EQ-285272-PIA-01,285272,Platelet incubator with agitator,Helmer,PC2200i,2026-08-21T00:00:00,89.1,OK
EQ-23147-PIA-01,23147,Platelet incubator with agitator,Remi,RPA-100,2026-08-21T00:00:00,91.3,OK
EQ-23148-PIA-01,23148,Platelet incubator with agitator,Labtop,LPI-12,2026-08-21T00:00:00,89.8,OK
EQ-23149-PIA-01,23149,Platelet incubator with agitator,Terumo BCT,Trima Storage Console,2026-08-21T00:00:00,87.9,OK
EQ-283420-PIA-01,283420,Platelet incubator with agitator,Thermo Fisher,Forma 3911,2026-08-21T00:00:00,92.1,OK
EQ-283417-PIA-01,283417,Platelet incubator with agitator,Helmer,PC2200i,2026-08-21T00:00:00,94.5,OK
EQ-283508-PIA-01,283508,Platelet incubator with agitator,Remi,RPA-100,2026-08-21T00:00:00,90.8,OK
EQ-23118-PIA-01,23118,Platelet incubator with agitator,Labtop,LPI-12,2026-08-21T00:00:00,90.2,OK
EQ-284904-PIA-01,284904,Platelet incubator with agitator,Terumo BCT,Trima Storage Console,2026-08-21T00:00:00,92.4,OK
EQ-23115-PIA-01,23115,Platelet incubator with agitator,Thermo Fisher,Forma 3911,2026-08-21T00:00:00,90.2,OK
EQ-23184-PIA-01,23184,Platelet incubator with agitator,Helmer,PC2200i,2026-08-21T00:00:00,86.4,OK
EQ-283369-PIA-01,283369,Platelet incubator with agitator,Remi,RPA-100,2026-08-21T00:00:00,88.2,OK
EQ-587-PIA-01,587,Platelet incubator with agitator,Labtop,LPI-12,2026-08-21T00:00:00,91.2,OK
EQ-23150-PIA-01,23150,Platelet incubator with agitator,Terumo BCT,Trima Storage Console,2026-08-21T00:00:00,86.3,OK
EQ-1517-PIA-01,1517,Platelet incubator with agitator,Thermo Fisher,Forma 3911,2026-08-21T00:00:00,90.1,OK
EQ-1518-PIA-01,1518,Platelet incubator with agitator,Helmer,PC2200i,2026-08-21T00:00:00,92.0,OK
EQ-1519-PIA-01,1519,Platelet incubator with agitator,Remi,RPA-100,2026-08-21T00:00:00,91.2,OK
EQ-1520-PIA-01,1520,Platelet incubator with agitator,Labtop,LPI-12,2026-08-21T00:00:00,92.1,OK
EQ-1521-PIA-01,1521,Platelet incubator with agitator,Terumo BCT,Trima Storage Console,2026-08-21T00:00:00,92.7,OK
EQ-1522-PIA-01,1522,Platelet incubator with agitator,Thermo Fisher,Forma 3911,2026-08-21T00:00:00,89.3,OK
EQ-23102-PIA-01,23102,Platelet incubator with agitator,Helmer,PC2200i,2026-08-21T00:00:00,92.5,OK
EQ-23129-PIA-01,23129,Platelet incubator with agitator,Remi,RPA-100,2026-08-21T00:00:00,86.2,OK
EQ-23176-PIA-01,23176,Platelet incubator with agitator,Labtop,LPI-12,2026-08-21T00:00:00,85.7,OK
EQ-280563-PIA-01,280563,Platelet incubator with agitator,Terumo BCT,Trima Storage Console,2026-08-21T00:00:00,90.9,OK
EQ-283234-PIA-01,283234,Platelet incubator with agitator,Thermo Fisher,Forma 3911,2026-08-21T00:00:00,87.2,OK
EQ-283235-PIA-01,283235,Platelet incubator with agitator,Helmer,PC2200i,2026-08-21T00:00:00,90.1,OK
EQ-283236-PIA-01,283236,Platelet incubator with agitator,Remi,RPA-100,2026-08-21T00:00:00,85.5,OK
EQ-283237-PIA-01,283237,Platelet incubator with agitator,Labtop,LPI-12,2026-08-21T00:00:00,92.0,OK
EQ-283409-PIA-01,283409,Platelet incubator with agitator,Terumo BCT,Trima Storage Console,2026-08-21T00:00:00,85.6,OK
EQ-283656-PIA-01,283656,Platelet incubator with agitator,Thermo Fisher,Forma 3911,2026-08-21T00:00:00,89.7,OK
EQ-284167-PIA-01,284167,Platelet incubator with agitator,Helmer,PC2200i,2026-08-21T00:00:00,91.5,OK
EQ-284208-PIA-01,284208,Platelet incubator with agitator,Remi,RPA-100,2026-08-21T00:00:00,88.0,OK
EQ-284209-PIA-01,284209,Platelet incubator with agitator,Labtop,LPI-12,2026-08-21T00:00:00,87.9,OK
EQ-284481-PIA-01,284481,Platelet incubator with agitator,Terumo BCT,Trima Storage Console,2026-08-21T00:00:00,90.3,OK
EQ-507-PIA-01,507,Platelet incubator with agitator,Thermo Fisher,Forma 3911,2026-08-21T00:00:00,89.9,OK
EQ-535-PIA-01,535,Platelet incubator with agitator,Helmer,PC2200i,2026-08-21T00:00:00,88.2,OK
EQ-541-PIA-01,541,Platelet incubator with agitator,Remi,RPA-100,2026-08-21T00:00:00,85.5,OK
EQ-542-PIA-01,542,Platelet incubator with agitator,Labtop,LPI-12,2026-08-21T00:00:00,91.1,OK
EQ-543-PIA-01,543,Platelet incubator with agitator,Terumo BCT,Trima Storage Console,2026-08-21T00:00:00,88.4,OK
EQ-544-PIA-01,544,Platelet incubator with agitator,Thermo Fisher,Forma 3911,2026-08-21T00:00:00,93.5,OK
EQ-545-PIA-01,545,Platelet incubator with agitator,Helmer,PC2200i,2026-08-21T00:00:00,86.7,OK
EQ-546-PIA-01,546,Platelet incubator with agitator,Remi,RPA-100,2026-08-21T00:00:00,91.5,OK
EQ-548-PIA-01,548,Platelet incubator with agitator,Labtop,LPI-12,2026-08-21T00:00:00,85.0,OK
EQ-23151-PIA-01,23151,Platelet incubator with agitator,Terumo BCT,Trima Storage Console,2026-08-21T00:00:00,85.1,OK
EQ-280286-PIA-01,280286,Platelet incubator with agitator,Thermo Fisher,Forma 3911,2026-08-21T00:00:00,88.9,OK
EQ-284962-PIA-01,284962,Platelet incubator with agitator,Helmer,PC2200i,2026-08-21T00:00:00,86.9,OK
EQ-283638-PIA-01,283638,Platelet incubator with agitator,Remi,RPA-100,2026-08-21T00:00:00,92.1,OK
EQ-23138-PIA-01,23138,Platelet incubator with agitator,Labtop,LPI-12,2026-08-21T00:00:00,90.4,OK
EQ-283238-PIA-01,283238,Platelet incubator with agitator,Terumo BCT,Trima Storage Console,2026-08-21T00:00:00,88.8,OK
EQ-284168-PIA-01,284168,Platelet incubator with agitator,Thermo Fisher,Forma 3911,2026-08-21T00:00:00,87.4,OK
EQ-23153-PIA-01,23153,Platelet incubator with agitator,Helmer,PC2200i,2026-08-21T00:00:00,93.6,OK
EQ-23154-PIA-01,23154,Platelet incubator with agitator,Remi,RPA-100,2026-08-21T00:00:00,88.7,OK
EQ-1543-PIA-01,1543,Platelet incubator with agitator,Labtop,LPI-12,2026-08-21T00:00:00,86.9,OK
EQ-23155-PIA-01,23155,Platelet incubator with agitator,Terumo BCT,Trima Storage Console,2026-08-21T00:00:00,89.4,OK
EQ-280541-PIA-01,280541,Platelet incubator with agitator,Thermo Fisher,Forma 3911,2026-08-21T00:00:00,92.7,OK
EQ-284469-PIA-01,284469,Platelet incubator with agitator,Helmer,PC2200i,2026-08-21T00:00:00,89.3,OK
EQ-23156-PIA-01,23156,Platelet incubator with agitator,Remi,RPA-100,2026-08-21T00:00:00,88.2,OK
EQ-283414-PIA-01,283414,Platelet incubator with agitator,Labtop,LPI-12,2026-08-21T00:00:00,88.9,OK
EQ-284852-PIA-01,284852,Platelet incubator with agitator,Terumo BCT,Trima Storage Console,2026-08-21T00:00:00,87.9,OK
EQ-285099-PIA-01,285099,Platelet incubator with agitator,Thermo Fisher,Forma 3911,2026-08-21T00:00:00,89.9,OK
EQ-584-PIA-01,584,Platelet incubator with agitator,Helmer,PC2200i,2026-08-21T00:00:00,87.4,OK
EQ-23157-PIA-01,23157,Platelet incubator with agitator,Remi,RPA-100,2026-08-21T00:00:00,92.2,OK
EQ-1538-PIA-01,1538,Platelet incubator with agitator,Labtop,LPI-12,2026-08-21T00:00:00,92.0,OK
EQ-284496-PIA-01,284496,Platelet incubator with agitator,Terumo BCT,Trima Storage Console,2026-08-21T00:00:00,91.9,OK
EQ-23103-PIA-01,23103,Platelet incubator with agitator,Thermo Fisher,Forma 3911,2026-08-21T00:00:00,88.6,OK
EQ-23142-PIA-01,23142,Platelet incubator with agitator,Helmer,PC2200i,2026-08-21T00:00:00,91.3,OK
EQ-23144-PIA-01,23144,Platelet incubator with agitator,Remi,RPA-100,2026-08-21T00:00:00,87.4,OK
EQ-23158-PIA-01,23158,Platelet incubator with agitator,Labtop,LPI-12,2026-08-21T00:00:00,86.6,OK
EQ-280282-PIA-01,280282,Platelet incubator with agitator,Terumo BCT,Trima Storage Console,2026-08-21T00:00:00,88.1,OK
EQ-282815-PIA-01,282815,Platelet incubator with agitator,Thermo Fisher,Forma 3911,2026-08-21T00:00:00,88.6,OK
EQ-284174-PIA-01,284174,Platelet incubator with agitator,Helmer,PC2200i,2026-08-21T00:00:00,89.1,OK
EQ-284943-PIA-01,284943,Platelet incubator with agitator,Remi,RPA-100,2026-08-21T00:00:00,89.5,OK
EQ-576-PIA-01,576,Platelet incubator with agitator,Labtop,LPI-12,2026-08-21T00:00:00,87.4,OK
EQ-577-PIA-01,577,Platelet incubator with agitator,Terumo BCT,Trima Storage Console,2026-08-21T00:00:00,91.2,OK
EQ-23111-PIA-01,23111,Platelet incubator with agitator,Thermo Fisher,Forma 3911,2026-08-21T00:00:00,87.5,OK
EQ-284470-PIA-01,284470,Platelet incubator with agitator,Helmer,PC2200i,2026-08-21T00:00:00,91.4,OK
EQ-1524-PIA-01,1524,Platelet incubator with agitator,Remi,RPA-100,2026-08-21T00:00:00,88.9,OK
EQ-1526-PIA-01,1526,Platelet incubator with agitator,Labtop,LPI-12,2026-08-21T00:00:00,88.9,OK
EQ-23101-PIA-01,23101,Platelet incubator with agitator,Terumo BCT,Trima Storage Console,2026-08-21T00:00:00,88.3,OK
EQ-23178-PIA-01,23178,Platelet incubator with agitator,Thermo Fisher,Forma 3911,2026-08-21T00:00:00,92.4,OK
EQ-280285-PIA-01,280285,Platelet incubator with agitator,Helmer,PC2200i,2026-08-21T00:00:00,89.8,OK
EQ-280461-PIA-01,280461,Platelet incubator with agitator,Remi,RPA-100,2026-08-21T00:00:00,86.3,OK
EQ-282593-PIA-01,282593,Platelet incubator with agitator,Labtop,LPI-12,2026-08-21T00:00:00,88.3,OK
EQ-283791-PIA-01,283791,Platelet incubator with agitator,Terumo BCT,Trima Storage Console,2026-08-21T00:00:00,90.9,OK
EQ-284248-PIA-01,284248,Platelet incubator with agitator,Thermo Fisher,Forma 3911,2026-08-21T00:00:00,87.8,OK
EQ-284878-PIA-01,284878,Platelet incubator with agitator,Helmer,PC2200i,2026-08-21T00:00:00,93.0,OK
EQ-549-PIA-01,549,Platelet incubator with agitator,Remi,RPA-100,2026-08-21T00:00:00,87.9,OK
EQ-552-PIA-01,552,Platelet incubator with agitator,Labtop,LPI-12,2026-08-21T00:00:00,88.1,OK
EQ-554-PIA-01,554,Platelet incubator with agitator,Terumo BCT,Trima Storage Console,2026-08-21T00:00:00,90.2,OK
EQ-557-PIA-01,557,Platelet incubator with agitator,Thermo Fisher,Forma 3911,2026-08-21T00:00:00,87.2,OK
EQ-559-PIA-01,559,Platelet incubator with agitator,Helmer,PC2200i,2026-08-21T00:00:00,87.5,OK
EQ-561-PIA-01,561,Platelet incubator with agitator,Remi,RPA-100,2026-08-21T00:00:00,90.2,OK
EQ-563-PIA-01,563,Platelet incubator with agitator,Labtop,LPI-12,2026-08-21T00:00:00,89.7,OK
EQ-564-PIA-01,564,Platelet incubator with agitator,Terumo BCT,Trima Storage Console,2026-08-21T00:00:00,91.6,OK
EQ-566-PIA-01,566,Platelet incubator with agitator,Thermo Fisher,Forma 3911,2026-08-21T00:00:00,90.3,OK
EQ-567-PIA-01,567,Platelet incubator with agitator,Helmer,PC2200i,2026-08-21T00:00:00,88.4,OK
EQ-569-PIA-01,569,Platelet incubator with agitator,Remi,RPA-100,2026-08-21T00:00:00,87.9,OK
EQ-571-PIA-01,571,Platelet incubator with agitator,Labtop,LPI-12,2026-08-21T00:00:00,90.2,OK
EQ-1505-PIA-01,1505,Platelet incubator with agitator,Terumo BCT,Trima Storage Console,2026-08-21T00:00:00,87.8,OK
EQ-1540-PIA-01,1540,Platelet incubator with agitator,Thermo Fisher,Forma 3911,2026-08-21T00:00:00,87.7,OK
EQ-23116-PIA-01,23116,Platelet incubator with agitator,Helmer,PC2200i,2026-08-21T00:00:00,88.4,OK
EQ-280290-PIA-01,280290,Platelet incubator with agitator,Remi,RPA-100,2026-08-21T00:00:00,92.9,OK
EQ-283291-PIA-01,283291,Platelet incubator with agitator,Labtop,LPI-12,2026-08-21T00:00:00,90.3,OK
EQ-285255-PIA-01,285255,Platelet incubator with agitator,Terumo BCT,Trima Storage Console,2026-08-21T00:00:00,91.9,OK
EQ-504-PIA-01,504,Platelet incubator with agitator,Thermo Fisher,Forma 3911,2026-08-21T00:00:00,92.4,OK
EQ-23160-PIA-01,23160,Platelet incubator with agitator,Helmer,PC2200i,2026-08-21T00:00:00,94.1,OK
EQ-588-PIA-01,588,Platelet incubator with agitator,Remi,RPA-100,2026-08-21T00:00:00,86.2,OK
EQ-23104-PIA-01,23104,Platelet incubator with agitator,Labtop,LPI-12,2026-08-21T00:00:00,89.2,OK
EQ-1534-PIA-01,1534,Platelet incubator with agitator,Terumo BCT,Trima Storage Console,2026-08-21T00:00:00,87.6,OK
EQ-23161-PIA-01,23161,Platelet incubator with agitator,Thermo Fisher,Forma 3911,2026-08-21T00:00:00,90.8,OK
EQ-23162-PIA-01,23162,Platelet incubator with agitator,Helmer,PC2200i,2026-08-21T00:00:00,93.1,OK
EQ-284305-PIA-01,284305,Platelet incubator with agitator,Remi,RPA-100,2026-08-21T00:00:00,86.2,OK
EQ-23109-PIA-01,23109,Platelet incubator with agitator,Labtop,LPI-12,2026-08-21T00:00:00,87.2,OK
EQ-284944-PIA-01,284944,Platelet incubator with agitator,Terumo BCT,Trima Storage Console,2026-08-21T00:00:00,91.4,OK
EQ-23164-PIA-01,23164,Platelet incubator with agitator,Thermo Fisher,Forma 3911,2026-08-21T00:00:00,85.9,OK
EQ-1508-PIA-01,1508,Platelet incubator with agitator,Helmer,PC2200i,2026-08-21T00:00:00,89.9,OK
EQ-1547-PIA-01,1547,Platelet incubator with agitator,Remi,RPA-100,2026-08-21T00:00:00,86.5,OK
EQ-23159-PIA-01,23159,Platelet incubator with agitator,Labtop,LPI-12,2026-08-21T00:00:00,91.2,OK
EQ-284010-PIA-01,284010,Platelet incubator with agitator,Terumo BCT,Trima Storage Console,2026-08-21T00:00:00,89.9,OK
EQ-585-PIA-01,585,Platelet incubator with agitator,Thermo Fisher,Forma 3911,2026-08-21T00:00:00,87.7,OK
EQ-586-PIA-01,586,Platelet incubator with agitator,Helmer,PC2200i,2026-08-21T00:00:00,90.6,OK
EQ-23120-PIA-01,23120,Platelet incubator with agitator,Remi,RPA-100,2026-08-21T00:00:00,93.5,OK
EQ-284446-PIA-01,284446,Platelet incubator with agitator,Labtop,LPI-12,2026-08-21T00:00:00,90.9,OK
EQ-536-PIA-01,536,Platelet incubator with agitator,Terumo BCT,Trima Storage Console,2026-08-21T00:00:00,88.9,OK
EQ-23166-PIA-01,23166,Platelet incubator with agitator,Thermo Fisher,Forma 3911,2026-08-21T00:00:00,87.2,OK
EQ-23167-PIA-01,23167,Platelet incubator with agitator,Helmer,PC2200i,2026-08-21T00:00:00,90.4,OK
EQ-23168-PIA-01,23168,Platelet incubator with agitator,Remi,RPA-100,2026-08-21T00:00:00,94.3,OK
EQ-1545-PIA-01,1545,Platelet incubator with agitator,Labtop,LPI-12,2026-08-21T00:00:00,87.1,OK
EQ-281812-PIA-01,281812,Platelet incubator with agitator,Terumo BCT,Trima Storage Console,2026-08-21T00:00:00,86.0,OK
EQ-284468-PIA-01,284468,Platelet incubator with agitator,Thermo Fisher,Forma 3911,2026-08-21T00:00:00,87.9,OK
EQ-281918-PIA-01,281918,Platelet incubator with agitator,Helmer,PC2200i,2026-08-21T00:00:00,87.9,OK
EQ-283239-PIA-01,283239,Platelet incubator with agitator,Remi,RPA-100,2026-08-21T00:00:00,84.6,Watch
EQ-284957-PIA-01,284957,Platelet incubator with agitator,Labtop,LPI-12,2026-08-21T00:00:00,85.1,OK
EQ-505-PIA-01,505,Platelet incubator with agitator,Terumo BCT,Trima Storage Console,2026-08-21T00:00:00,90.7,OK
EQ-282582-PIA-01,282582,Platelet incubator with agitator,Thermo Fisher,Forma 3911,2026-08-21T00:00:00,90.6,OK
EQ-283365-PIA-01,283365,Platelet incubator with agitator,Helmer,PC2200i,2026-08-21T00:00:00,90.8,OK
EQ-284711-PIA-01,284711,Platelet incubator with agitator,Remi,RPA-100,2026-08-21T00:00:00,89.1,OK
EQ-589-PIA-01,589,Platelet incubator with agitator,Labtop,LPI-12,2026-08-21T00:00:00,84.8,Watch
EQ-23119-PIA-01,23119,Platelet incubator with agitator,Terumo BCT,Trima Storage Console,2026-08-21T00:00:00,91.7,OK
EQ-547-PIA-01,547,Platelet incubator with agitator,Thermo Fisher,Forma 3911,2026-08-21T00:00:00,88.2,OK
EQ-590-PIA-01,590,Platelet incubator with agitator,Helmer,PC2200i,2026-08-21T00:00:00,92.2,OK
EQ-23169-PIA-01,23169,Platelet incubator with agitator,Remi,RPA-100,2026-08-21T00:00:00,90.8,OK
EQ-284444-PIA-01,284444,Platelet incubator with agitator,Labtop,LPI-12,2026-08-21T00:00:00,87.0,OK
EQ-285112-PIA-01,285112,Platelet incubator with agitator,Terumo BCT,Trima Storage Console,2026-08-21T00:00:00,89.1,OK
EQ-23112-PIA-01,23112,Platelet incubator with agitator,Thermo Fisher,Forma 3911,2026-08-21T00:00:00,85.2,OK
EQ-283418-PIA-01,283418,Platelet incubator with agitator,Helmer,PC2200i,2026-08-21T00:00:00,89.1,OK
EQ-23107-PIA-01,23107,Platelet incubator with agitator,Remi,RPA-100,2026-08-21T00:00:00,88.8,OK
EQ-285321-PIA-01,285321,Platelet incubator with agitator,Labtop,LPI-12,2026-08-21T00:00:00,88.5,OK
EQ-23170-PIA-01,23170,Platelet incubator with agitator,Terumo BCT,Trima Storage Console,2026-08-21T00:00:00,90.7,OK
EQ-23171-PIA-01,23171,Platelet incubator with agitator,Thermo Fisher,Forma 3911,2026-08-21T00:00:00,88.9,OK
EQ-23106-PIA-01,23106,Platelet incubator with agitator,Helmer,PC2200i,2026-08-21T00:00:00,91.6,OK
EQ-284166-PIA-01,284166,Platelet incubator with agitator,Remi,RPA-100,2026-08-21T00:00:00,87.2,OK
EQ-23172-PIA-01,23172,Platelet incubator with agitator,Labtop,LPI-12,2026-08-21T00:00:00,91.8,OK
EQ-23143-PIA-01,23143,Platelet incubator with agitator,Terumo BCT,Trima Storage Console,2026-08-21T00:00:00,89.8,OK
EQ-23173-PIA-01,23173,Platelet incubator with agitator,Thermo Fisher,Forma 3911,2026-08-21T00:00:00,93.1,OK
EQ-23180-PIA-01,23180,Platelet incubator with agitator,Helmer,PC2200i,2026-08-21T00:00:00,93.6,OK
EQ-284900-PIA-01,284900,Platelet incubator with agitator,Remi,RPA-100,2026-08-21T00:00:00,88.6,OK
EQ-581-PIA-01,581,Platelet incubator with agitator,Labtop,LPI-12,2026-08-21T00:00:00,94.7,OK
EQ-583-PIA-01,583,Platelet incubator with agitator,Terumo BCT,Trima Storage Console,2026-08-21T00:00:00,86.9,OK
EQ-23174-PIA-01,23174,Platelet incubator with agitator,Thermo Fisher,Forma 3911,2026-08-21T00:00:00,87.0,OK
EQ-23175-PIA-01,23175,Platelet incubator with agitator,Helmer,PC2200i,2026-08-21T00:00:00,91.9,OK
EQ-284842-PIA-01,284842,Platelet incubator with agitator,Remi,RPA-100,2026-08-21T00:00:00,92.7,OK
EQ-285111-PIA-01,285111,Platelet incubator with agitator,Labtop,LPI-12,2026-08-21T00:00:00,88.5,OK
EQ-18137-PIA-01,18137,Platelet incubator with agitator,Terumo BCT,Trima Storage Console,2026-08-21T00:00:00,86.1,OK
EQ-18138-PIA-01,18138,Platelet incubator with agitator,Thermo Fisher,Forma 3911,2026-08-21T00:00:00,89.2,OK
EQ-18139-PIA-01,18139,Platelet incubator with agitator,Helmer,PC2200i,2026-08-21T00:00:00,91.2,OK
EQ-18140-PIA-01,18140,Platelet incubator with agitator,Remi,RPA-100,2026-08-21T00:00:00,84.7,Watch
EQ-18141-PIA-01,18141,Platelet incubator with agitator,Labtop,LPI-12,2026-08-21T00:00:00,92.0,OK
EQ-18142-PIA-01,18142,Platelet incubator with agitator,Terumo BCT,Trima Storage Console,2026-08-21T00:00:00,91.6,OK
EQ-18143-PIA-01,18143,Platelet incubator with agitator,Thermo Fisher,Forma 3911,2026-08-21T00:00:00,89.8,OK
EQ-18144-PIA-01,18144,Platelet incubator with agitator,Helmer,PC2200i,2026-08-21T00:00:00,91.9,OK
EQ-18146-PIA-01,18146,Platelet incubator with agitator,Remi,RPA-100,2026-08-21T00:00:00,90.6,OK
EQ-18147-PIA-01,18147,Platelet incubator with agitator,Labtop,LPI-12,2026-08-21T00:00:00,87.5,OK
EQ-18149-PIA-01,18149,Platelet incubator with agitator,Terumo BCT,Trima Storage Console,2026-08-21T00:00:00,88.0,OK
EQ-283305-PIA-01,283305,Platelet incubator with agitator,Thermo Fisher,Forma 3911,2026-08-21T00:00:00,90.0,OK
EQ-283339-PIA-01,283339,Platelet incubator with agitator,Helmer,PC2200i,2026-08-21T00:00:00,90.7,OK
EQ-284510-PIA-01,284510,Platelet incubator with agitator,Remi,RPA-100,2026-08-21T00:00:00,91.7,OK
EQ-18026-PIA-01,18026,Platelet incubator with agitator,Labtop,LPI-12,2026-08-21T00:00:00,92.7,OK
EQ-18258-PIA-01,18258,Platelet incubator with agitator,Terumo BCT,Trima Storage Console,2026-08-21T00:00:00,94.7,OK
EQ-18261-PIA-01,18261,Platelet incubator with agitator,Thermo Fisher,Forma 3911,2026-08-21T00:00:00,85.5,OK
EQ-18264-PIA-01,18264,Platelet incubator with agitator,Helmer,PC2200i,2026-08-21T00:00:00,88.4,OK
EQ-18266-PIA-01,18266,Platelet incubator with agitator,Remi,RPA-100,2026-08-21T00:00:00,91.1,OK
EQ-27129-PIA-01,27129,Platelet incubator with agitator,Labtop,LPI-12,2026-08-21T00:00:00,88.5,OK
EQ-18253-PIA-01,18253,Platelet incubator with agitator,Terumo BCT,Trima Storage Console,2026-08-21T00:00:00,90.7,OK
EQ-18256-PIA-01,18256,Platelet incubator with agitator,Thermo Fisher,Forma 3911,2026-08-21T00:00:00,88.1,OK
EQ-18257-PIA-01,18257,Platelet incubator with agitator,Helmer,PC2200i,2026-08-21T00:00:00,91.6,OK
EQ-27114-PIA-01,27114,Platelet incubator with agitator,Remi,RPA-100,2026-08-21T00:00:00,88.4,OK
EQ-27177-PIA-01,27177,Platelet incubator with agitator,Labtop,LPI-12,2026-08-21T00:00:00,87.8,OK
EQ-284508-PIA-01,284508,Platelet incubator with agitator,Terumo BCT,Trima Storage Console,2026-08-21T00:00:00,92.3,OK
EQ-284589-PIA-01,284589,Platelet incubator with agitator,Thermo Fisher,Forma 3911,2026-08-21T00:00:00,88.5,OK
EQ-284764-PIA-01,284764,Platelet incubator with agitator,Helmer,PC2200i,2026-08-21T00:00:00,87.6,OK
EQ-18223-PIA-01,18223,Platelet incubator with agitator,Remi,RPA-100,2026-08-21T00:00:00,88.2,OK
EQ-18225-PIA-01,18225,Platelet incubator with agitator,Labtop,LPI-12,2026-08-21T00:00:00,91.5,OK
EQ-18226-PIA-01,18226,Platelet incubator with agitator,Terumo BCT,Trima Storage Console,2026-08-21T00:00:00,91.0,OK
EQ-18252-PIA-01,18252,Platelet incubator with agitator,Thermo Fisher,Forma 3911,2026-08-21T00:00:00,91.0,OK
EQ-27170-PIA-01,27170,Platelet incubator with agitator,Helmer,PC2200i,2026-08-21T00:00:00,86.8,OK
EQ-280520-PIA-01,280520,Platelet incubator with agitator,Remi,RPA-100,2026-08-21T00:00:00,91.5,OK
EQ-282668-PIA-01,282668,Platelet incubator with agitator,Labtop,LPI-12,2026-08-21T00:00:00,87.0,OK
EQ-283264-PIA-01,283264,Platelet incubator with agitator,Terumo BCT,Trima Storage Console,2026-08-21T00:00:00,92.2,OK
EQ-284254-PIA-01,284254,Platelet incubator with agitator,Thermo Fisher,Forma 3911,2026-08-21T00:00:00,87.2,OK
EQ-284921-PIA-01,284921,Platelet incubator with agitator,Helmer,PC2200i,2026-08-21T00:00:00,93.4,OK
EQ-27117-PIA-01,27117,Platelet incubator with agitator,Remi,RPA-100,2026-08-21T00:00:00,89.0,OK
EQ-283142-PIA-01,283142,Platelet incubator with agitator,Labtop,LPI-12,2026-08-21T00:00:00,85.0,OK
EQ-18027-PIA-01,18027,Platelet incubator with agitator,Terumo BCT,Trima Storage Console,2026-08-21T00:00:00,87.8,OK
EQ-18231-PIA-01,18231,Platelet incubator with agitator,Thermo Fisher,Forma 3911,2026-08-21T00:00:00,91.5,OK
EQ-18232-PIA-01,18232,Platelet incubator with agitator,Helmer,PC2200i,2026-08-21T00:00:00,91.8,OK
EQ-27115-PIA-01,27115,Platelet incubator with agitator,Remi,RPA-100,2026-08-21T00:00:00,87.0,OK
EQ-282741-PIA-01,282741,Platelet incubator with agitator,Labtop,LPI-12,2026-08-21T00:00:00,89.0,OK
EQ-284432-PIA-01,284432,Platelet incubator with agitator,Terumo BCT,Trima Storage Console,2026-08-21T00:00:00,89.3,OK
EQ-284915-PIA-01,284915,Platelet incubator with agitator,Thermo Fisher,Forma 3911,2026-08-21T00:00:00,85.2,OK
EQ-18117-PIA-01,18117,Platelet incubator with agitator,Helmer,PC2200i,2026-08-21T00:00:00,88.1,OK
EQ-18230-PIA-01,18230,Platelet incubator with agitator,Remi,RPA-100,2026-08-21T00:00:00,90.7,OK
EQ-18269-PIA-01,18269,Platelet incubator with agitator,Labtop,LPI-12,2026-08-21T00:00:00,90.2,OK
EQ-18277-PIA-01,18277,Platelet incubator with agitator,Terumo BCT,Trima Storage Console,2026-08-21T00:00:00,87.1,OK
EQ-18278-PIA-01,18278,Platelet incubator with agitator,Thermo Fisher,Forma 3911,2026-08-21T00:00:00,90.7,OK
EQ-18011-PIA-01,18011,Platelet incubator with agitator,Helmer,PC2200i,2026-08-21T00:00:00,87.2,OK
EQ-18088-PIA-01,18088,Platelet incubator with agitator,Remi,RPA-100,2026-08-21T00:00:00,85.2,OK
EQ-18234-PIA-01,18234,Platelet incubator with agitator,Labtop,LPI-12,2026-08-21T00:00:00,93.0,OK
EQ-18240-PIA-01,18240,Platelet incubator with agitator,Terumo BCT,Trima Storage Console,2026-08-21T00:00:00,86.6,OK
EQ-27113-PIA-01,27113,Platelet incubator with agitator,Thermo Fisher,Forma 3911,2026-08-21T00:00:00,90.6,OK
EQ-285231-PIA-01,285231,Platelet incubator with agitator,Helmer,PC2200i,2026-08-21T00:00:00,92.8,OK
EQ-18150-PIA-01,18150,Platelet incubator with agitator,Remi,RPA-100,2026-08-21T00:00:00,90.2,OK
EQ-18152-PIA-01,18152,Platelet incubator with agitator,Labtop,LPI-12,2026-08-21T00:00:00,89.3,OK
EQ-18153-PIA-01,18153,Platelet incubator with agitator,Terumo BCT,Trima Storage Console,2026-08-21T00:00:00,94.1,OK
EQ-18154-PIA-01,18154,Platelet incubator with agitator,Thermo Fisher,Forma 3911,2026-08-21T00:00:00,89.9,OK
EQ-18181-PIA-01,18181,Platelet incubator with agitator,Helmer,PC2200i,2026-08-21T00:00:00,90.7,OK
EQ-18221-PIA-01,18221,Platelet incubator with agitator,Remi,RPA-100,2026-08-21T00:00:00,90.5,OK
EQ-27171-PIA-01,27171,Platelet incubator with agitator,Labtop,LPI-12,2026-08-21T00:00:00,88.0,OK
EQ-18089-PIA-01,18089,Platelet incubator with agitator,Terumo BCT,Trima Storage Console,2026-08-21T00:00:00,86.6,OK
EQ-27130-PIA-01,27130,Platelet incubator with agitator,Thermo Fisher,Forma 3911,2026-08-21T00:00:00,87.9,OK
EQ-285062-PIA-01,285062,Platelet incubator with agitator,Helmer,PC2200i,2026-08-21T00:00:00,85.5,OK
EQ-27152-PIA-01,27152,Platelet incubator with agitator,Remi,RPA-100,2026-08-21T00:00:00,90.3,OK
EQ-18155-PIA-01,18155,Platelet incubator with agitator,Labtop,LPI-12,2026-08-21T00:00:00,88.2,OK
EQ-18156-PIA-01,18156,Platelet incubator with agitator,Terumo BCT,Trima Storage Console,2026-08-21T00:00:00,90.7,OK
EQ-18157-PIA-01,18157,Platelet incubator with agitator,Thermo Fisher,Forma 3911,2026-08-21T00:00:00,85.8,OK
EQ-18158-PIA-01,18158,Platelet incubator with agitator,Helmer,PC2200i,2026-08-21T00:00:00,88.9,OK
EQ-18159-PIA-01,18159,Platelet incubator with agitator,Remi,RPA-100,2026-08-21T00:00:00,91.5,OK
EQ-18160-PIA-01,18160,Platelet incubator with agitator,Labtop,LPI-12,2026-08-21T00:00:00,89.6,OK
EQ-18161-PIA-01,18161,Platelet incubator with agitator,Terumo BCT,Trima Storage Console,2026-08-21T00:00:00,92.9,OK
EQ-18162-PIA-01,18162,Platelet incubator with agitator,Thermo Fisher,Forma 3911,2026-08-21T00:00:00,88.7,OK
EQ-283307-PIA-01,283307,Platelet incubator with agitator,Helmer,PC2200i,2026-08-21T00:00:00,87.7,OK
EQ-285061-PIA-01,285061,Platelet incubator with agitator,Remi,RPA-100,2026-08-21T00:00:00,91.5,OK
EQ-18227-PIA-01,18227,Platelet incubator with agitator,Labtop,LPI-12,2026-08-21T00:00:00,91.1,OK
EQ-18228-PIA-01,18228,Platelet incubator with agitator,Terumo BCT,Trima Storage Console,2026-08-21T00:00:00,87.1,OK
EQ-283306-PIA-01,283306,Platelet incubator with agitator,Thermo Fisher,Forma 3911,2026-08-21T00:00:00,88.0,OK
EQ-18076-PIA-01,18076,Platelet incubator with agitator,Helmer,PC2200i,2026-08-21T00:00:00,89.9,OK
EQ-18116-PIA-01,18116,Platelet incubator with agitator,Remi,RPA-100,2026-08-21T00:00:00,87.9,OK
EQ-18118-PIA-01,18118,Platelet incubator with agitator,Labtop,LPI-12,2026-08-21T00:00:00,87.7,OK
EQ-18120-PIA-01,18120,Platelet incubator with agitator,Terumo BCT,Trima Storage Console,2026-08-21T00:00:00,90.8,OK
EQ-18121-PIA-01,18121,Platelet incubator with agitator,Thermo Fisher,Forma 3911,2026-08-21T00:00:00,89.8,OK
EQ-18122-PIA-01,18122,Platelet incubator with agitator,Helmer,PC2200i,2026-08-21T00:00:00,90.1,OK
EQ-18123-PIA-01,18123,Platelet incubator with agitator,Remi,RPA-100,2026-08-21T00:00:00,86.8,OK
EQ-18124-PIA-01,18124,Platelet incubator with agitator,Labtop,LPI-12,2026-08-21T00:00:00,91.3,OK
EQ-18125-PIA-01,18125,Platelet incubator with agitator,Terumo BCT,Trima Storage Console,2026-08-21T00:00:00,86.4,OK
EQ-18126-PIA-01,18126,Platelet incubator with agitator,Thermo Fisher,Forma 3911,2026-08-21T00:00:00,92.9,OK
EQ-18132-PIA-01,18132,Platelet incubator with agitator,Helmer,PC2200i,2026-08-21T00:00:00,93.8,OK
EQ-280148-PIA-01,280148,Platelet incubator with agitator,Remi,RPA-100,2026-08-21T00:00:00,89.3,OK
EQ-284467-PIA-01,284467,Platelet incubator with agitator,Labtop,LPI-12,2026-08-21T00:00:00,91.4,OK
EQ-18220-PIA-01,18220,Platelet incubator with agitator,Terumo BCT,Trima Storage Console,2026-08-21T00:00:00,90.8,OK
EQ-18236-PIA-01,18236,Platelet incubator with agitator,Thermo Fisher,Forma 3911,2026-08-21T00:00:00,88.9,OK
EQ-18238-PIA-01,18238,Platelet incubator with agitator,Helmer,PC2200i,2026-08-21T00:00:00,88.0,OK
EQ-18268-PIA-01,18268,Platelet incubator with agitator,Remi,RPA-100,2026-08-21T00:00:00,90.6,OK
EQ-27127-PIA-01,27127,Platelet incubator with agitator,Labtop,LPI-12,2026-08-21T00:00:00,93.2,OK
EQ-282568-PIA-01,282568,Platelet incubator with agitator,Terumo BCT,Trima Storage Console,2026-08-21T00:00:00,85.2,OK
EQ-283840-PIA-01,283840,Platelet incubator with agitator,Thermo Fisher,Forma 3911,2026-08-21T00:00:00,88.7,OK
EQ-284835-PIA-01,284835,Platelet incubator with agitator,Helmer,PC2200i,2026-08-21T00:00:00,89.6,OK
EQ-18001-PIA-01,18001,Platelet incubator with agitator,Remi,RPA-100,2026-08-21T00:00:00,85.4,OK
EQ-18002-PIA-01,18002,Platelet incubator with agitator,Labtop,LPI-12,2026-08-21T00:00:00,88.8,OK
EQ-18003-PIA-01,18003,Platelet incubator with agitator,Terumo BCT,Trima Storage Console,2026-08-21T00:00:00,90.0,OK
EQ-18005-PIA-01,18005,Platelet incubator with agitator,Thermo Fisher,Forma 3911,2026-08-21T00:00:00,90.4,OK
EQ-18006-PIA-01,18006,Platelet incubator with agitator,Helmer,PC2200i,2026-08-21T00:00:00,86.8,OK
EQ-18007-PIA-01,18007,Platelet incubator with agitator,Remi,RPA-100,2026-08-21T00:00:00,88.9,OK
EQ-18008-PIA-01,18008,Platelet incubator with agitator,Labtop,LPI-12,2026-08-21T00:00:00,90.0,OK
EQ-18009-PIA-01,18009,Platelet incubator with agitator,Terumo BCT,Trima Storage Console,2026-08-21T00:00:00,87.0,OK
EQ-18014-PIA-01,18014,Platelet incubator with agitator,Thermo Fisher,Forma 3911,2026-08-21T00:00:00,90.4,OK
EQ-18015-PIA-01,18015,Platelet incubator with agitator,Helmer,PC2200i,2026-08-21T00:00:00,92.9,OK
EQ-18016-PIA-01,18016,Platelet incubator with agitator,Remi,RPA-100,2026-08-21T00:00:00,87.2,OK
EQ-18017-PIA-01,18017,Platelet incubator with agitator,Labtop,LPI-12,2026-08-21T00:00:00,91.0,OK
EQ-18018-PIA-01,18018,Platelet incubator with agitator,Terumo BCT,Trima Storage Console,2026-08-21T00:00:00,91.6,OK
EQ-18019-PIA-01,18019,Platelet incubator with agitator,Thermo Fisher,Forma 3911,2026-08-21T00:00:00,86.2,OK
EQ-18021-PIA-01,18021,Platelet incubator with agitator,Helmer,PC2200i,2026-08-21T00:00:00,89.9,OK
EQ-18022-PIA-01,18022,Platelet incubator with agitator,Remi,RPA-100,2026-08-21T00:00:00,92.6,OK
EQ-18023-PIA-01,18023,Platelet incubator with agitator,Labtop,LPI-12,2026-08-21T00:00:00,91.4,OK
EQ-18024-PIA-01,18024,Platelet incubator with agitator,Terumo BCT,Trima Storage Console,2026-08-21T00:00:00,87.1,OK
EQ-18025-PIA-01,18025,Platelet incubator with agitator,Thermo Fisher,Forma 3911,2026-08-21T00:00:00,91.1,OK
EQ-18030-PIA-01,18030,Platelet incubator with agitator,Helmer,PC2200i,2026-08-21T00:00:00,90.9,OK
EQ-18031-PIA-01,18031,Platelet incubator with agitator,Remi,RPA-100,2026-08-21T00:00:00,86.7,OK
EQ-18033-PIA-01,18033,Platelet incubator with agitator,Labtop,LPI-12,2026-08-21T00:00:00,88.5,OK
EQ-18034-PIA-01,18034,Platelet incubator with agitator,Terumo BCT,Trima Storage Console,2026-08-21T00:00:00,88.3,OK
EQ-18035-PIA-01,18035,Platelet incubator with agitator,Thermo Fisher,Forma 3911,2026-08-21T00:00:00,91.0,OK
EQ-18036-PIA-01,18036,Platelet incubator with agitator,Helmer,PC2200i,2026-08-21T00:00:00,88.0,OK
EQ-18037-PIA-01,18037,Platelet incubator with agitator,Remi,RPA-100,2026-08-21T00:00:00,89.6,OK
EQ-18038-PIA-01,18038,Platelet incubator with agitator,Labtop,LPI-12,2026-08-21T00:00:00,87.8,OK
EQ-18039-PIA-01,18039,Platelet incubator with agitator,Terumo BCT,Trima Storage Console,2026-08-21T00:00:00,88.4,OK
EQ-18042-PIA-01,18042,Platelet incubator with agitator,Thermo Fisher,Forma 3911,2026-08-21T00:00:00,91.2,OK
EQ-18044-PIA-01,18044,Platelet incubator with agitator,Helmer,PC2200i,2026-08-21T00:00:00,84.2,Watch
EQ-18045-PIA-01,18045,Platelet incubator with agitator,Remi,RPA-100,2026-08-21T00:00:00,89.1,OK
EQ-18047-PIA-01,18047,Platelet incubator with agitator,Labtop,LPI-12,2026-08-21T00:00:00,94.5,OK
EQ-18048-PIA-01,18048,Platelet incubator with agitator,Terumo BCT,Trima Storage Console,2026-08-21T00:00:00,90.4,OK
EQ-18049-PIA-01,18049,Platelet incubator with agitator,Thermo Fisher,Forma 3911,2026-08-21T00:00:00,87.8,OK
EQ-18050-PIA-01,18050,Platelet incubator with agitator,Helmer,PC2200i,2026-08-21T00:00:00,92.2,OK
EQ-18051-PIA-01,18051,Platelet incubator with agitator,Remi,RPA-100,2026-08-21T00:00:00,86.3,OK
EQ-18052-PIA-01,18052,Platelet incubator with agitator,Labtop,LPI-12,2026-08-21T00:00:00,88.0,OK
EQ-18055-PIA-01,18055,Platelet incubator with agitator,Terumo BCT,Trima Storage Console,2026-08-21T00:00:00,89.4,OK
EQ-18056-PIA-01,18056,Platelet incubator with agitator,Thermo Fisher,Forma 3911,2026-08-21T00:00:00,88.3,OK
EQ-18057-PIA-01,18057,Platelet incubator with agitator,Helmer,PC2200i,2026-08-21T00:00:00,92.0,OK
EQ-18058-PIA-01,18058,Platelet incubator with agitator,Remi,RPA-100,2026-08-21T00:00:00,84.9,Watch
EQ-18059-PIA-01,18059,Platelet incubator with agitator,Labtop,LPI-12,2026-08-21T00:00:00,90.4,OK
EQ-18136-PIA-01,18136,Platelet incubator with agitator,Terumo BCT,Trima Storage Console,2026-08-21T00:00:00,88.7,OK
EQ-18188-PIA-01,18188,Platelet incubator with agitator,Thermo Fisher,Forma 3911,2026-08-21T00:00:00,88.9,OK
EQ-18247-PIA-01,18247,Platelet incubator with agitator,Helmer,PC2200i,2026-08-21T00:00:00,84.4,Watch
EQ-27107-PIA-01,27107,Platelet incubator with agitator,Remi,RPA-100,2026-08-21T00:00:00,89.5,OK
EQ-27154-PIA-01,27154,Platelet incubator with agitator,Labtop,LPI-12,2026-08-21T00:00:00,88.7,OK
EQ-280738-PIA-01,280738,Platelet incubator with agitator,Terumo BCT,Trima Storage Console,2026-08-21T00:00:00,92.3,OK
EQ-280757-PIA-01,280757,Platelet incubator with agitator,Thermo Fisher,Forma 3911,2026-08-21T00:00:00,87.3,OK
EQ-284016-PIA-01,284016,Platelet incubator with agitator,Helmer,PC2200i,2026-08-21T00:00:00,90.5,OK
EQ-284360-PIA-01,284360,Platelet incubator with agitator,Remi,RPA-100,2026-08-21T00:00:00,91.7,OK
EQ-18040-PIA-01,18040,Platelet incubator with agitator,Labtop,LPI-12,2026-08-21T00:00:00,89.5,OK
EQ-18086-PIA-01,18086,Platelet incubator with agitator,Terumo BCT,Trima Storage Console,2026-08-21T00:00:00,91.8,OK
EQ-18166-PIA-01,18166,Platelet incubator with agitator,Thermo Fisher,Forma 3911,2026-08-21T00:00:00,84.4,Watch
EQ-18265-PIA-01,18265,Platelet incubator with agitator,Helmer,PC2200i,2026-08-21T00:00:00,91.6,OK
EQ-18283-PIA-01,18283,Platelet incubator with agitator,Remi,RPA-100,2026-08-21T00:00:00,87.6,OK
EQ-18284-PIA-01,18284,Platelet incubator with agitator,Labtop,LPI-12,2026-08-21T00:00:00,90.2,OK
EQ-18285-PIA-01,18285,Platelet incubator with agitator,Terumo BCT,Trima Storage Console,2026-08-21T00:00:00,92.1,OK
EQ-18286-PIA-01,18286,Platelet incubator with agitator,Thermo Fisher,Forma 3911,2026-08-21T00:00:00,91.8,OK
EQ-18287-PIA-01,18287,Platelet incubator with agitator,Helmer,PC2200i,2026-08-21T00:00:00,87.7,OK
EQ-18288-PIA-01,18288,Platelet incubator with agitator,Remi,RPA-100,2026-08-21T00:00:00,86.6,OK
EQ-18289-PIA-01,18289,Platelet incubator with agitator,Labtop,LPI-12,2026-08-21T00:00:00,92.8,OK
EQ-18290-PIA-01,18290,Platelet incubator with agitator,Terumo BCT,Trima Storage Console,2026-08-21T00:00:00,88.7,OK
EQ-27122-PIA-01,27122,Platelet incubator with agitator,Thermo Fisher,Forma 3911,2026-08-21T00:00:00,89.1,OK
EQ-27133-PIA-01,27133,Platelet incubator with agitator,Helmer,PC2200i,2026-08-21T00:00:00,89.5,OK
EQ-27146-PIA-01,27146,Platelet incubator with agitator,Remi,RPA-100,2026-08-21T00:00:00,93.2,OK
EQ-282564-PIA-01,282564,Platelet incubator with agitator,Labtop,LPI-12,2026-08-21T00:00:00,84.6,Watch
EQ-282599-PIA-01,282599,Platelet incubator with agitator,Terumo BCT,Trima Storage Console,2026-08-21T00:00:00,89.1,OK
EQ-283261-PIA-01,283261,Platelet incubator with agitator,Thermo Fisher,Forma 3911,2026-08-21T00:00:00,89.7,OK
EQ-283609-PIA-01,283609,Platelet incubator with agitator,Helmer,PC2200i,2026-08-21T00:00:00,94.0,OK
EQ-18203-PIA-01,18203,Platelet incubator with agitator,Remi,RPA-100,2026-08-21T00:00:00,92.8,OK
EQ-18243-PIA-01,18243,Platelet incubator with agitator,Labtop,LPI-12,2026-08-21T00:00:00,90.5,OK
EQ-18244-PIA-01,18244,Platelet incubator with agitator,Terumo BCT,Trima Storage Console,2026-08-21T00:00:00,89.1,OK
EQ-27131-PIA-01,27131,Platelet incubator with agitator,Thermo Fisher,Forma 3911,2026-08-21T00:00:00,88.4,OK
EQ-280719-PIA-01,280719,Platelet incubator with agitator,Helmer,PC2200i,2026-08-21T00:00:00,90.0,OK
EQ-280770-PIA-01,280770,Platelet incubator with agitator,Remi,RPA-100,2026-08-21T00:00:00,88.8,OK
EQ-284140-PIA-01,284140,Platelet incubator with agitator,Labtop,LPI-12,2026-08-21T00:00:00,85.2,OK
EQ-285265-PIA-01,285265,Platelet incubator with agitator,Terumo BCT,Trima Storage Console,2026-08-21T00:00:00,88.2,OK
EQ-18164-PIA-01,18164,Platelet incubator with agitator,Thermo Fisher,Forma 3911,2026-08-21T00:00:00,93.9,OK
EQ-27108-PIA-01,27108,Platelet incubator with agitator,Helmer,PC2200i,2026-08-21T00:00:00,92.6,OK
EQ-284246-PIA-01,284246,Platelet incubator with agitator,Remi,RPA-100,2026-08-21T00:00:00,91.4,OK
EQ-18112-PIA-01,18112,Platelet incubator with agitator,Labtop,LPI-12,2026-08-21T00:00:00,93.9,OK
EQ-18165-PIA-01,18165,Platelet incubator with agitator,Terumo BCT,Trima Storage Console,2026-08-21T00:00:00,87.7,OK
EQ-18167-PIA-01,18167,Platelet incubator with agitator,Thermo Fisher,Forma 3911,2026-08-21T00:00:00,89.0,OK
EQ-18168-PIA-01,18168,Platelet incubator with agitator,Helmer,PC2200i,2026-08-21T00:00:00,88.2,OK
EQ-18169-PIA-01,18169,Platelet incubator with agitator,Remi,RPA-100,2026-08-21T00:00:00,89.2,OK
EQ-18170-PIA-01,18170,Platelet incubator with agitator,Labtop,LPI-12,2026-08-21T00:00:00,89.7,OK
EQ-18171-PIA-01,18171,Platelet incubator with agitator,Terumo BCT,Trima Storage Console,2026-08-21T00:00:00,90.7,OK
EQ-18172-PIA-01,18172,Platelet incubator with agitator,Thermo Fisher,Forma 3911,2026-08-21T00:00:00,92.1,OK
EQ-18173-PIA-01,18173,Platelet incubator with agitator,Helmer,PC2200i,2026-08-21T00:00:00,88.0,OK
EQ-18175-PIA-01,18175,Platelet incubator with agitator,Remi,RPA-100,2026-08-21T00:00:00,92.2,OK
EQ-18176-PIA-01,18176,Platelet incubator with agitator,Labtop,LPI-12,2026-08-21T00:00:00,85.9,OK
EQ-18177-PIA-01,18177,Platelet incubator with agitator,Terumo BCT,Trima Storage Console,2026-08-21T00:00:00,90.2,OK
EQ-18178-PIA-01,18178,Platelet incubator with agitator,Thermo Fisher,Forma 3911,2026-08-21T00:00:00,84.8,Watch
EQ-18179-PIA-01,18179,Platelet incubator with agitator,Helmer,PC2200i,2026-08-21T00:00:00,87.9,OK
EQ-18297-PIA-01,18297,Platelet incubator with agitator,Remi,RPA-100,2026-08-21T00:00:00,89.7,OK
EQ-27164-PIA-01,27164,Platelet incubator with agitator,Labtop,LPI-12,2026-08-21T00:00:00,87.3,OK
EQ-27165-PIA-01,27165,Platelet incubator with agitator,Terumo BCT,Trima Storage Console,2026-08-21T00:00:00,86.0,OK
EQ-281039-PIA-01,281039,Platelet incubator with agitator,Thermo Fisher,Forma 3911,2026-08-21T00:00:00,88.8,OK
EQ-284361-PIA-01,284361,Platelet incubator with agitator,Helmer,PC2200i,2026-08-21T00:00:00,86.5,OK
EQ-284765-PIA-01,284765,Platelet incubator with agitator,Remi,RPA-100,2026-08-21T00:00:00,92.5,OK
EQ-18241-PIA-01,18241,Platelet incubator with agitator,Labtop,LPI-12,2026-08-21T00:00:00,90.3,OK
EQ-18251-PIA-01,18251,Platelet incubator with agitator,Terumo BCT,Trima Storage Console,2026-08-21T00:00:00,94.9,OK
EQ-282735-PIA-01,282735,Platelet incubator with agitator,Thermo Fisher,Forma 3911,2026-08-21T00:00:00,89.5,OK
EQ-18206-PIA-01,18206,Platelet incubator with agitator,Helmer,PC2200i,2026-08-21T00:00:00,87.5,OK
EQ-18207-PIA-01,18207,Platelet incubator with agitator,Remi,RPA-100,2026-08-21T00:00:00,85.6,OK
EQ-18209-PIA-01,18209,Platelet incubator with agitator,Labtop,LPI-12,2026-08-21T00:00:00,91.0,OK
EQ-27128-PIA-01,27128,Platelet incubator with agitator,Terumo BCT,Trima Storage Console,2026-08-21T00:00:00,85.7,OK
EQ-280142-PIA-01,280142,Platelet incubator with agitator,Thermo Fisher,Forma 3911,2026-08-21T00:00:00,91.3,OK
EQ-280766-PIA-01,280766,Platelet incubator with agitator,Helmer,PC2200i,2026-08-21T00:00:00,87.1,OK
EQ-282565-PIA-01,282565,Platelet incubator with agitator,Remi,RPA-100,2026-08-21T00:00:00,94.8,OK
EQ-283198-PIA-01,283198,Platelet incubator with agitator,Labtop,LPI-12,2026-08-21T00:00:00,91.0,OK
EQ-284117-PIA-01,284117,Platelet incubator with agitator,Terumo BCT,Trima Storage Console,2026-08-21T00:00:00,94.7,OK
EQ-284514-PIA-01,284514,Platelet incubator with agitator,Thermo Fisher,Forma 3911,2026-08-21T00:00:00,91.4,OK
EQ-284844-PIA-01,284844,Platelet incubator with agitator,Helmer,PC2200i,2026-08-21T00:00:00,91.0,OK
EQ-18135-PIA-01,18135,Platelet incubator with agitator,Remi,RPA-100,2026-08-21T00:00:00,86.5,OK
EQ-18250-PIA-01,18250,Platelet incubator with agitator,Labtop,LPI-12,2026-08-21T00:00:00,87.8,OK
EQ-18262-PIA-01,18262,Platelet incubator with agitator,Terumo BCT,Trima Storage Console,2026-08-21T00:00:00,88.8,OK
EQ-27163-PIA-01,27163,Platelet incubator with agitator,Thermo Fisher,Forma 3911,2026-08-21T00:00:00,86.6,OK
EQ-27168-PIA-01,27168,Platelet incubator with agitator,Helmer,PC2200i,2026-08-21T00:00:00,88.7,OK
EQ-284150-PIA-01,284150,Platelet incubator with agitator,Remi,RPA-100,2026-08-21T00:00:00,87.9,OK
EQ-18043-PIA-01,18043,Platelet incubator with agitator,Labtop,LPI-12,2026-08-21T00:00:00,85.3,OK
EQ-18061-PIA-01,18061,Platelet incubator with agitator,Terumo BCT,Trima Storage Console,2026-08-21T00:00:00,88.7,OK
EQ-18062-PIA-01,18062,Platelet incubator with agitator,Thermo Fisher,Forma 3911,2026-08-21T00:00:00,88.1,OK
EQ-18064-PIA-01,18064,Platelet incubator with agitator,Helmer,PC2200i,2026-08-21T00:00:00,90.2,OK
EQ-18065-PIA-01,18065,Platelet incubator with agitator,Remi,RPA-100,2026-08-21T00:00:00,90.3,OK
EQ-18067-PIA-01,18067,Platelet incubator with agitator,Labtop,LPI-12,2026-08-21T00:00:00,88.7,OK
EQ-18068-PIA-01,18068,Platelet incubator with agitator,Terumo BCT,Trima Storage Console,2026-08-21T00:00:00,90.5,OK
EQ-18069-PIA-01,18069,Platelet incubator with agitator,Thermo Fisher,Forma 3911,2026-08-21T00:00:00,95.0,OK
EQ-18070-PIA-01,18070,Platelet incubator with agitator,Helmer,PC2200i,2026-08-21T00:00:00,88.6,OK
EQ-18071-PIA-01,18071,Platelet incubator with agitator,Remi,RPA-100,2026-08-21T00:00:00,88.0,OK
EQ-18072-PIA-01,18072,Platelet incubator with agitator,Labtop,LPI-12,2026-08-21T00:00:00,86.5,OK
EQ-18073-PIA-01,18073,Platelet incubator with agitator,Terumo BCT,Trima Storage Console,2026-08-21T00:00:00,84.5,Watch
EQ-18077-PIA-01,18077,Platelet incubator with agitator,Thermo Fisher,Forma 3911,2026-08-21T00:00:00,87.3,OK
EQ-18078-PIA-01,18078,Platelet incubator with agitator,Helmer,PC2200i,2026-08-21T00:00:00,85.1,OK
EQ-18079-PIA-01,18079,Platelet incubator with agitator,Remi,RPA-100,2026-08-21T00:00:00,89.6,OK
EQ-18080-PIA-01,18080,Platelet incubator with agitator,Labtop,LPI-12,2026-08-21T00:00:00,90.7,OK
EQ-18081-PIA-01,18081,Platelet incubator with agitator,Terumo BCT,Trima Storage Console,2026-08-21T00:00:00,92.2,OK
EQ-18082-PIA-01,18082,Platelet incubator with agitator,Thermo Fisher,Forma 3911,2026-08-21T00:00:00,88.0,OK
EQ-18083-PIA-01,18083,Platelet incubator with agitator,Helmer,PC2200i,2026-08-21T00:00:00,90.2,OK
EQ-18085-PIA-01,18085,Platelet incubator with agitator,Remi,RPA-100,2026-08-21T00:00:00,89.0,OK
EQ-18129-PIA-01,18129,Platelet incubator with agitator,Labtop,LPI-12,2026-08-21T00:00:00,88.4,OK
EQ-27111-PIA-01,27111,Platelet incubator with agitator,Terumo BCT,Trima Storage Console,2026-08-21T00:00:00,89.0,OK
EQ-27120-PIA-01,27120,Platelet incubator with agitator,Thermo Fisher,Forma 3911,2026-08-21T00:00:00,87.4,OK
EQ-27162-PIA-01,27162,Platelet incubator with agitator,Helmer,PC2200i,2026-08-21T00:00:00,89.8,OK
EQ-27167-PIA-01,27167,Platelet incubator with agitator,Remi,RPA-100,2026-08-21T00:00:00,88.4,OK
EQ-280123-PIA-01,280123,Platelet incubator with agitator,Labtop,LPI-12,2026-08-21T00:00:00,90.0,OK
EQ-280124-PIA-01,280124,Platelet incubator with agitator,Terumo BCT,Trima Storage Console,2026-08-21T00:00:00,89.1,OK
EQ-280125-PIA-01,280125,Platelet incubator with agitator,Thermo Fisher,Forma 3911,2026-08-21T00:00:00,90.0,OK
EQ-280126-PIA-01,280126,Platelet incubator with agitator,Helmer,PC2200i,2026-08-21T00:00:00,89.5,OK
EQ-280535-PIA-01,280535,Platelet incubator with agitator,Remi,RPA-100,2026-08-21T00:00:00,86.6,OK
EQ-280662-PIA-01,280662,Platelet incubator with agitator,Labtop,LPI-12,2026-08-21T00:00:00,90.9,OK
EQ-280692-PIA-01,280692,Platelet incubator with agitator,Terumo BCT,Trima Storage Console,2026-08-21T00:00:00,85.8,OK
EQ-280753-PIA-01,280753,Platelet incubator with agitator,Thermo Fisher,Forma 3911,2026-08-21T00:00:00,92.1,OK
EQ-282601-PIA-01,282601,Platelet incubator with agitator,Helmer,PC2200i,2026-08-21T00:00:00,91.2,OK
EQ-282670-PIA-01,282670,Platelet incubator with agitator,Remi,RPA-100,2026-08-21T00:00:00,94.5,OK
EQ-282733-PIA-01,282733,Platelet incubator with agitator,Labtop,LPI-12,2026-08-21T00:00:00,89.7,OK
EQ-283207-PIA-01,283207,Platelet incubator with agitator,Terumo BCT,Trima Storage Console,2026-08-21T00:00:00,90.4,OK
EQ-283260-PIA-01,283260,Platelet incubator with agitator,Thermo Fisher,Forma 3911,2026-08-21T00:00:00,85.2,OK
EQ-283287-PIA-01,283287,Platelet incubator with agitator,Helmer,PC2200i,2026-08-21T00:00:00,86.5,OK
EQ-284350-PIA-01,284350,Platelet incubator with agitator,Remi,RPA-100,2026-08-21T00:00:00,85.5,OK
EQ-284358-PIA-01,284358,Platelet incubator with agitator,Labtop,LPI-12,2026-08-21T00:00:00,92.1,OK
EQ-284529-PIA-01,284529,Platelet incubator with agitator,Terumo BCT,Trima Storage Console,2026-08-21T00:00:00,91.0,OK
EQ-284555-PIA-01,284555,Platelet incubator with agitator,Thermo Fisher,Forma 3911,2026-08-21T00:00:00,90.4,OK
EQ-284720-PIA-01,284720,Platelet incubator with agitator,Helmer,PC2200i,2026-08-21T00:00:00,86.9,OK
EQ-284803-PIA-01,284803,Platelet incubator with agitator,Remi,RPA-100,2026-08-21T00:00:00,84.8,Watch
EQ-284843-PIA-01,284843,Platelet incubator with agitator,Labtop,LPI-12,2026-08-21T00:00:00,89.2,OK
EQ-284961-PIA-01,284961,Platelet incubator with agitator,Terumo BCT,Trima Storage Console,2026-08-21T00:00:00,88.2,OK
EQ-285275-PIA-01,285275,Platelet incubator with agitator,Thermo Fisher,Forma 3911,2026-08-21T00:00:00,89.9,OK
EQ-18214-PIA-01,18214,Platelet incubator with agitator,Helmer,PC2200i,2026-08-21T00:00:00,93.6,OK
EQ-18215-PIA-01,18215,Platelet incubator with agitator,Remi,RPA-100,2026-08-21T00:00:00,91.5,OK
EQ-18216-PIA-01,18216,Platelet incubator with agitator,Labtop,LPI-12,2026-08-21T00:00:00,87.9,OK
EQ-27116-PIA-01,27116,Platelet incubator with agitator,Terumo BCT,Trima Storage Console,2026-08-21T00:00:00,92.2,OK
EQ-280149-PIA-01,280149,Platelet incubator with agitator,Thermo Fisher,Forma 3911,2026-08-21T00:00:00,93.6,OK
EQ-280536-PIA-01,280536,Platelet incubator with agitator,Helmer,PC2200i,2026-08-21T00:00:00,87.8,OK
EQ-282683-PIA-01,282683,Platelet incubator with agitator,Remi,RPA-100,2026-08-21T00:00:00,90.4,OK
EQ-283286-PIA-01,283286,Platelet incubator with agitator,Labtop,LPI-12,2026-08-21T00:00:00,87.3,OK
EQ-284095-PIA-01,284095,Platelet incubator with agitator,Terumo BCT,Trima Storage Console,2026-08-21T00:00:00,88.9,OK
EQ-285244-PIA-01,285244,Platelet incubator with agitator,Thermo Fisher,Forma 3911,2026-08-21T00:00:00,90.5,OK
EQ-27105-PIA-01,27105,Platelet incubator with agitator,Helmer,PC2200i,2026-08-21T00:00:00,92.1,OK
EQ-27118-PIA-01,27118,Platelet incubator with agitator,Remi,RPA-100,2026-08-21T00:00:00,93.7,OK
EQ-280120-PIA-01,280120,Platelet incubator with agitator,Labtop,LPI-12,2026-08-21T00:00:00,86.2,OK
EQ-18090-PIA-01,18090,Platelet incubator with agitator,Terumo BCT,Trima Storage Console,2026-08-21T00:00:00,91.0,OK
EQ-18091-PIA-01,18091,Platelet incubator with agitator,Thermo Fisher,Forma 3911,2026-08-21T00:00:00,88.7,OK
EQ-18094-PIA-01,18094,Platelet incubator with agitator,Helmer,PC2200i,2026-08-21T00:00:00,91.8,OK
EQ-18095-PIA-01,18095,Platelet incubator with agitator,Remi,RPA-100,2026-08-21T00:00:00,93.7,OK
EQ-18096-PIA-01,18096,Platelet incubator with agitator,Labtop,LPI-12,2026-08-21T00:00:00,90.1,OK
EQ-18097-PIA-01,18097,Platelet incubator with agitator,Terumo BCT,Trima Storage Console,2026-08-21T00:00:00,87.1,OK
EQ-18098-PIA-01,18098,Platelet incubator with agitator,Thermo Fisher,Forma 3911,2026-08-21T00:00:00,93.0,OK
EQ-18130-PIA-01,18130,Platelet incubator with agitator,Helmer,PC2200i,2026-08-21T00:00:00,93.3,OK
EQ-18134-PIA-01,18134,Platelet incubator with agitator,Remi,RPA-100,2026-08-21T00:00:00,90.5,OK
EQ-27121-PIA-01,27121,Platelet incubator with agitator,Labtop,LPI-12,2026-08-21T00:00:00,88.0,OK
EQ-280130-PIA-01,280130,Platelet incubator with agitator,Terumo BCT,Trima Storage Console,2026-08-21T00:00:00,85.7,OK
EQ-280131-PIA-01,280131,Platelet incubator with agitator,Thermo Fisher,Forma 3911,2026-08-21T00:00:00,88.2,OK
EQ-280132-PIA-01,280132,Platelet incubator with agitator,Helmer,PC2200i,2026-08-21T00:00:00,91.0,OK
EQ-280696-PIA-01,280696,Platelet incubator with agitator,Remi,RPA-100,2026-08-21T00:00:00,91.1,OK
EQ-283298-PIA-01,283298,Platelet incubator with agitator,Labtop,LPI-12,2026-08-21T00:00:00,89.5,OK
EQ-284499-PIA-01,284499,Platelet incubator with agitator,Terumo BCT,Trima Storage Console,2026-08-21T00:00:00,87.7,OK
EQ-18099-PIA-01,18099,Platelet incubator with agitator,Thermo Fisher,Forma 3911,2026-08-21T00:00:00,90.5,OK
EQ-18102-PIA-01,18102,Platelet incubator with agitator,Helmer,PC2200i,2026-08-21T00:00:00,90.6,OK
EQ-18103-PIA-01,18103,Platelet incubator with agitator,Remi,RPA-100,2026-08-21T00:00:00,86.9,OK
EQ-18104-PIA-01,18104,Platelet incubator with agitator,Labtop,LPI-12,2026-08-21T00:00:00,87.9,OK
EQ-18105-PIA-01,18105,Platelet incubator with agitator,Terumo BCT,Trima Storage Console,2026-08-21T00:00:00,88.9,OK
EQ-27109-PIA-01,27109,Platelet incubator with agitator,Thermo Fisher,Forma 3911,2026-08-21T00:00:00,90.5,OK
EQ-280133-PIA-01,280133,Platelet incubator with agitator,Helmer,PC2200i,2026-08-21T00:00:00,87.3,OK
EQ-280723-PIA-01,280723,Platelet incubator with agitator,Remi,RPA-100,2026-08-21T00:00:00,92.4,OK
EQ-282586-PIA-01,282586,Platelet incubator with agitator,Labtop,LPI-12,2026-08-21T00:00:00,90.7,OK
EQ-284433-PIA-01,284433,Platelet incubator with agitator,Terumo BCT,Trima Storage Console,2026-08-21T00:00:00,88.4,OK
EQ-284509-PIA-01,284509,Platelet incubator with agitator,Thermo Fisher,Forma 3911,2026-08-21T00:00:00,92.0,OK
EQ-284763-PIA-01,284763,Platelet incubator with agitator,Helmer,PC2200i,2026-08-21T00:00:00,88.6,OK
EQ-27126-PIA-01,27126,Platelet incubator with agitator,Remi,RPA-100,2026-08-21T00:00:00,92.9,OK
EQ-27150-PIA-01,27150,Platelet incubator with agitator,Labtop,LPI-12,2026-08-21T00:00:00,88.3,OK
EQ-280765-PIA-01,280765,Platelet incubator with agitator,Terumo BCT,Trima Storage Console,2026-08-21T00:00:00,92.3,OK
EQ-285312-PIA-01,285312,Platelet incubator with agitator,Thermo Fisher,Forma 3911,2026-08-21T00:00:00,86.0,OK
EQ-18107-PIA-01,18107,Platelet incubator with agitator,Helmer,PC2200i,2026-08-21T00:00:00,93.3,OK
EQ-18108-PIA-01,18108,Platelet incubator with agitator,Remi,RPA-100,2026-08-21T00:00:00,86.3,OK
EQ-18109-PIA-01,18109,Platelet incubator with agitator,Labtop,LPI-12,2026-08-21T00:00:00,91.1,OK
EQ-18113-PIA-01,18113,Platelet incubator with agitator,Terumo BCT,Trima Storage Console,2026-08-21T00:00:00,86.7,OK
EQ-18114-PIA-01,18114,Platelet incubator with agitator,Thermo Fisher,Forma 3911,2026-08-21T00:00:00,88.2,OK
EQ-18115-PIA-01,18115,Platelet incubator with agitator,Helmer,PC2200i,2026-08-21T00:00:00,86.1,OK
EQ-18131-PIA-01,18131,Platelet incubator with agitator,Remi,RPA-100,2026-08-21T00:00:00,89.9,OK
EQ-27119-PIA-01,27119,Platelet incubator with agitator,Labtop,LPI-12,2026-08-21T00:00:00,88.3,OK
EQ-280138-PIA-01,280138,Platelet incubator with agitator,Terumo BCT,Trima Storage Console,2026-08-21T00:00:00,91.6,OK
EQ-280140-PIA-01,280140,Platelet incubator with agitator,Thermo Fisher,Forma 3911,2026-08-21T00:00:00,92.4,OK
EQ-280141-PIA-01,280141,Platelet incubator with agitator,Helmer,PC2200i,2026-08-21T00:00:00,92.2,OK
EQ-280516-PIA-01,280516,Platelet incubator with agitator,Remi,RPA-100,2026-08-21T00:00:00,88.3,OK
EQ-280537-PIA-01,280537,Platelet incubator with agitator,Labtop,LPI-12,2026-08-21T00:00:00,89.1,OK
EQ-280674-PIA-01,280674,Platelet incubator with agitator,Terumo BCT,Trima Storage Console,2026-08-21T00:00:00,90.4,OK
EQ-282598-PIA-01,282598,Platelet incubator with agitator,Thermo Fisher,Forma 3911,2026-08-21T00:00:00,86.5,OK
EQ-283233-PIA-01,283233,Platelet incubator with agitator,Helmer,PC2200i,2026-08-21T00:00:00,91.4,OK
EQ-283289-PIA-01,283289,Platelet incubator with agitator,Remi,RPA-100,2026-08-21T00:00:00,85.5,OK
EQ-284014-PIA-01,284014,Platelet incubator with agitator,Labtop,LPI-12,2026-08-21T00:00:00,90.4,OK
EQ-285274-PIA-01,285274,Platelet incubator with agitator,Terumo BCT,Trima Storage Console,2026-08-21T00:00:00,84.3,Watch
EQ-285276-PIA-01,285276,Platelet incubator with agitator,Thermo Fisher,Forma 3911,2026-08-21T00:00:00,88.8,OK
EQ-18183-PIA-01,18183,Platelet incubator with agitator,Helmer,PC2200i,2026-08-21T00:00:00,91.6,OK
EQ-18184-PIA-01,18184,Platelet incubator with agitator,Remi,RPA-100,2026-08-21T00:00:00,85.6,OK
EQ-18185-PIA-01,18185,Platelet incubator with agitator,Labtop,LPI-12,2026-08-21T00:00:00,95.1,OK
EQ-18186-PIA-01,18186,Platelet incubator with agitator,Terumo BCT,Trima Storage Console,2026-08-21T00:00:00,90.4,OK
EQ-18187-PIA-01,18187,Platelet incubator with agitator,Thermo Fisher,Forma 3911,2026-08-21T00:00:00,87.7,OK
EQ-18189-PIA-01,18189,Platelet incubator with agitator,Helmer,PC2200i,2026-08-21T00:00:00,86.9,OK
EQ-18190-PIA-01,18190,Platelet incubator with agitator,Remi,RPA-100,2026-08-21T00:00:00,89.9,OK
EQ-18193-PIA-01,18193,Platelet incubator with agitator,Labtop,LPI-12,2026-08-21T00:00:00,90.7,OK
EQ-18194-PIA-01,18194,Platelet incubator with agitator,Terumo BCT,Trima Storage Console,2026-08-21T00:00:00,88.1,OK
EQ-18195-PIA-01,18195,Platelet incubator with agitator,Thermo Fisher,Forma 3911,2026-08-21T00:00:00,86.4,OK
EQ-18196-PIA-01,18196,Platelet incubator with agitator,Helmer,PC2200i,2026-08-21T00:00:00,93.3,OK
EQ-18199-PIA-01,18199,Platelet incubator with agitator,Remi,RPA-100,2026-08-21T00:00:00,87.1,OK
EQ-18201-PIA-01,18201,Platelet incubator with agitator,Labtop,LPI-12,2026-08-21T00:00:00,86.7,OK
EQ-18204-PIA-01,18204,Platelet incubator with agitator,Terumo BCT,Trima Storage Console,2026-08-21T00:00:00,86.5,OK
EQ-18205-PIA-01,18205,Platelet incubator with agitator,Thermo Fisher,Forma 3911,2026-08-21T00:00:00,87.8,OK
EQ-27124-PIA-01,27124,Platelet incubator with agitator,Helmer,PC2200i,2026-08-21T00:00:00,93.9,OK
EQ-27166-PIA-01,27166,Platelet incubator with agitator,Remi,RPA-100,2026-08-21T00:00:00,84.3,Watch
EQ-27174-PIA-01,27174,Platelet incubator with agitator,Labtop,LPI-12,2026-08-21T00:00:00,86.2,OK
EQ-280143-PIA-01,280143,Platelet incubator with agitator,Terumo BCT,Trima Storage Console,2026-08-21T00:00:00,91.2,OK
EQ-280145-PIA-01,280145,Platelet incubator with agitator,Thermo Fisher,Forma 3911,2026-08-21T00:00:00,85.0,OK
EQ-282562-PIA-01,282562,Platelet incubator with agitator,Helmer,PC2200i,2026-08-21T00:00:00,90.8,OK
EQ-282570-PIA-01,282570,Platelet incubator with agitator,Remi,RPA-100,2026-08-21T00:00:00,90.3,OK
EQ-282577-PIA-01,282577,Platelet incubator with agitator,Labtop,LPI-12,2026-08-21T00:00:00,92.3,OK
EQ-283259-PIA-01,283259,Platelet incubator with agitator,Terumo BCT,Trima Storage Console,2026-08-21T00:00:00,91.7,OK
EQ-284359-PIA-01,284359,Platelet incubator with agitator,Thermo Fisher,Forma 3911,2026-08-21T00:00:00,89.8,OK
EQ-284454-PIA-01,284454,Platelet incubator with agitator,Helmer,PC2200i,2026-08-21T00:00:00,87.7,OK
EQ-284762-PIA-01,284762,Platelet incubator with agitator,Remi,RPA-100,2026-08-21T00:00:00,85.7,OK
EQ-284946-PIA-01,284946,Platelet incubator with agitator,Labtop,LPI-12,2026-08-21T00:00:00,91.5,OK
EQ-18291-PIA-01,18291,Platelet incubator with agitator,Terumo BCT,Trima Storage Console,2026-08-21T00:00:00,91.4,OK
EQ-18292-PIA-01,18292,Platelet incubator with agitator,Thermo Fisher,Forma 3911,2026-08-21T00:00:00,88.4,OK
EQ-18293-PIA-01,18293,Platelet incubator with agitator,Helmer,PC2200i,2026-08-21T00:00:00,92.6,OK
EQ-27169-PIA-01,27169,Platelet incubator with agitator,Remi,RPA-100,2026-08-21T00:00:00,93.5,OK
EQ-18267-PIA-01,18267,Platelet incubator with agitator,Labtop,LPI-12,2026-08-21T00:00:00,89.1,OK
EQ-27123-PIA-01,27123,Platelet incubator with agitator,Terumo BCT,Trima Storage Console,2026-08-21T00:00:00,85.9,OK
EQ-284084-PIA-01,284084,Platelet incubator with agitator,Thermo Fisher,Forma 3911,2026-08-21T00:00:00,89.5,OK
EQ-284498-PIA-01,284498,Platelet incubator with agitator,Helmer,PC2200i,2026-08-21T00:00:00,92.8,OK
EQ-18275-PIA-01,18275,Platelet incubator with agitator,Remi,RPA-100,2026-08-21T00:00:00,88.7,OK
EQ-27160-PIA-01,27160,Platelet incubator with agitator,Labtop,LPI-12,2026-08-21T00:00:00,86.6,OK
EQ-280146-PIA-01,280146,Platelet incubator with agitator,Terumo BCT,Trima Storage Console,2026-08-21T00:00:00,93.9,OK
EQ-280147-PIA-01,280147,Platelet incubator with agitator,Thermo Fisher,Forma 3911,2026-08-21T00:00:00,84.6,Watch
EQ-280694-PIA-01,280694,Platelet incubator with agitator,Helmer,PC2200i,2026-08-21T00:00:00,87.5,OK
EQ-284015-PIA-01,284015,Platelet incubator with agitator,Remi,RPA-100,2026-08-21T00:00:00,88.6,OK
EQ-14101-PIA-01,14101,Platelet incubator with agitator,Labtop,LPI-12,2026-08-21T00:00:00,87.8,OK
EQ-280348-PIA-01,280348,Platelet incubator with agitator,Terumo BCT,Trima Storage Console,2026-08-21T00:00:00,88.4,OK
EQ-283751-PIA-01,283751,Platelet incubator with agitator,Thermo Fisher,Forma 3911,2026-08-21T00:00:00,85.8,OK
EQ-19004-PIA-01,19004,Platelet incubator with agitator,Helmer,PC2200i,2026-08-21T00:00:00,85.5,OK
EQ-280355-PIA-01,280355,Platelet incubator with agitator,Remi,RPA-100,2026-08-21T00:00:00,91.5,OK
EQ-284837-PIA-01,284837,Platelet incubator with agitator,Labtop,LPI-12,2026-08-21T00:00:00,93.0,OK
EQ-283792-PIA-01,283792,Platelet incubator with agitator,Terumo BCT,Trima Storage Console,2026-08-21T00:00:00,89.1,OK
EQ-280804-PIA-01,280804,Platelet incubator with agitator,Thermo Fisher,Forma 3911,2026-08-21T00:00:00,89.7,OK
EQ-20001-PIA-01,20001,Platelet incubator with agitator,Helmer,PC2200i,2026-08-21T00:00:00,88.0,OK
EQ-20002-PIA-01,20002,Platelet incubator with agitator,Remi,RPA-100,2026-08-21T00:00:00,92.3,OK
EQ-20003-PIA-01,20003,Platelet incubator with agitator,Labtop,LPI-12,2026-08-21T00:00:00,90.4,OK
EQ-20004-PIA-01,20004,Platelet incubator with agitator,Terumo BCT,Trima Storage Console,2026-08-21T00:00:00,88.8,OK
EQ-20006-PIA-01,20006,Platelet incubator with agitator,Thermo Fisher,Forma 3911,2026-08-21T00:00:00,89.5,OK
EQ-282581-PIA-01,282581,Platelet incubator with agitator,Helmer,PC2200i,2026-08-21T00:00:00,91.1,OK
EQ-284823-PIA-01,284823,Platelet incubator with agitator,Remi,RPA-100,2026-08-21T00:00:00,87.4,OK
EQ-20005-PIA-01,20005,Platelet incubator with agitator,Labtop,LPI-12,2026-08-21T00:00:00,90.7,OK
EQ-20007-PIA-01,20007,Platelet incubator with agitator,Terumo BCT,Trima Storage Console,2026-08-21T00:00:00,94.0,OK
EQ-283946-PIA-01,283946,Platelet incubator with agitator,Thermo Fisher,Forma 3911,2026-08-21T00:00:00,88.5,OK
EQ-21002-PIA-01,21002,Platelet incubator with agitator,Helmer,PC2200i,2026-08-21T00:00:00,89.5,OK
EQ-21007-PIA-01,21007,Platelet incubator with agitator,Remi,RPA-100,2026-08-21T00:00:00,87.2,OK
EQ-280351-PIA-01,280351,Platelet incubator with agitator,Labtop,LPI-12,2026-08-21T00:00:00,88.3,OK
EQ-21003-PIA-01,21003,Platelet incubator with agitator,Terumo BCT,Trima Storage Console,2026-08-21T00:00:00,88.6,OK
EQ-21010-PIA-01,21010,Platelet incubator with agitator,Thermo Fisher,Forma 3911,2026-08-21T00:00:00,87.6,OK
EQ-21001-PIA-01,21001,Platelet incubator with agitator,Helmer,PC2200i,2026-08-21T00:00:00,90.3,OK
EQ-21006-PIA-01,21006,Platelet incubator with agitator,Remi,RPA-100,2026-08-21T00:00:00,88.8,OK
EQ-281049-PIA-01,281049,Platelet incubator with agitator,Labtop,LPI-12,2026-08-21T00:00:00,92.4,OK
EQ-283934-PIA-01,283934,Platelet incubator with agitator,Terumo BCT,Trima Storage Console,2026-08-21T00:00:00,92.4,OK
EQ-22006-PIA-01,22006,Platelet incubator with agitator,Thermo Fisher,Forma 3911,2026-08-21T00:00:00,88.0,OK
EQ-32066-PIA-01,32066,Platelet incubator with agitator,Helmer,PC2200i,2026-08-21T00:00:00,89.7,OK
EQ-32081-PIA-01,32081,Platelet incubator with agitator,Remi,RPA-100,2026-08-21T00:00:00,92.4,OK
EQ-32086-PIA-01,32086,Platelet incubator with agitator,Labtop,LPI-12,2026-08-21T00:00:00,92.1,OK
EQ-280450-PIA-01,280450,Platelet incubator with agitator,Terumo BCT,Trima Storage Console,2026-08-21T00:00:00,87.6,OK
EQ-32036-PIA-01,32036,Platelet incubator with agitator,Thermo Fisher,Forma 3911,2026-08-21T00:00:00,89.2,OK
EQ-32076-PIA-01,32076,Platelet incubator with agitator,Helmer,PC2200i,2026-08-21T00:00:00,89.6,OK
EQ-280751-PIA-01,280751,Platelet incubator with agitator,Remi,RPA-100,2026-08-21T00:00:00,86.9,OK
EQ-32007-PIA-01,32007,Platelet incubator with agitator,Labtop,LPI-12,2026-08-21T00:00:00,87.9,OK
EQ-32054-PIA-01,32054,Platelet incubator with agitator,Terumo BCT,Trima Storage Console,2026-08-21T00:00:00,88.7,OK
EQ-32001-PIA-01,32001,Platelet incubator with agitator,Thermo Fisher,Forma 3911,2026-08-21T00:00:00,89.5,OK
EQ-32008-PIA-01,32008,Platelet incubator with agitator,Helmer,PC2200i,2026-08-21T00:00:00,88.8,OK
EQ-32014-PIA-01,32014,Platelet incubator with agitator,Remi,RPA-100,2026-08-21T00:00:00,88.2,OK
EQ-32018-PIA-01,32018,Platelet incubator with agitator,Labtop,LPI-12,2026-08-21T00:00:00,92.2,OK
EQ-21102-PIA-01,21102,Platelet incubator with agitator,Terumo BCT,Trima Storage Console,2026-08-21T00:00:00,92.2,OK
EQ-21106-PIA-01,21106,Platelet incubator with agitator,Thermo Fisher,Forma 3911,2026-08-21T00:00:00,88.3,OK
EQ-283596-PIA-01,283596,Platelet incubator with agitator,Helmer,PC2200i,2026-08-21T00:00:00,87.2,OK
EQ-32087-PIA-01,32087,Platelet incubator with agitator,Remi,RPA-100,2026-08-21T00:00:00,84.6,Watch
EQ-32041-PIA-01,32041,Platelet incubator with agitator,Labtop,LPI-12,2026-08-21T00:00:00,93.1,OK
EQ-32073-PIA-01,32073,Platelet incubator with agitator,Terumo BCT,Trima Storage Console,2026-08-21T00:00:00,86.3,OK
EQ-32050-PIA-01,32050,Platelet incubator with agitator,Thermo Fisher,Forma 3911,2026-08-21T00:00:00,87.7,OK
EQ-32009-PIA-01,32009,Platelet incubator with agitator,Helmer,PC2200i,2026-08-21T00:00:00,92.1,OK
EQ-32088-PIA-01,32088,Platelet incubator with agitator,Remi,RPA-100,2026-08-21T00:00:00,89.1,OK
EQ-32017-PIA-01,32017,Platelet incubator with agitator,Labtop,LPI-12,2026-08-21T00:00:00,87.3,OK
EQ-32089-PIA-01,32089,Platelet incubator with agitator,Terumo BCT,Trima Storage Console,2026-08-21T00:00:00,89.1,OK
EQ-32032-PIA-01,32032,Platelet incubator with agitator,Thermo Fisher,Forma 3911,2026-08-21T00:00:00,92.2,OK
EQ-284814-PIA-01,284814,Platelet incubator with agitator,Helmer,PC2200i,2026-08-21T00:00:00,87.8,OK
EQ-32023-PIA-01,32023,Platelet incubator with agitator,Remi,RPA-100,2026-08-21T00:00:00,90.3,OK
EQ-32082-PIA-01,32082,Platelet incubator with agitator,Labtop,LPI-12,2026-08-21T00:00:00,91.6,OK
EQ-32031-PIA-01,32031,Platelet incubator with agitator,Terumo BCT,Trima Storage Console,2026-08-21T00:00:00,88.2,OK
EQ-32039-PIA-01,32039,Platelet incubator with agitator,Thermo Fisher,Forma 3911,2026-08-21T00:00:00,89.8,OK
EQ-32048-PIA-01,32048,Platelet incubator with agitator,Helmer,PC2200i,2026-08-21T00:00:00,89.5,OK
EQ-32010-PIA-01,32010,Platelet incubator with agitator,Remi,RPA-100,2026-08-21T00:00:00,92.0,OK
EQ-32068-PIA-01,32068,Platelet incubator with agitator,Labtop,LPI-12,2026-08-21T00:00:00,88.3,OK
EQ-21101-PIA-01,21101,Platelet incubator with agitator,Terumo BCT,Trima Storage Console,2026-08-21T00:00:00,88.7,OK
EQ-21104-PIA-01,21104,Platelet incubator with agitator,Thermo Fisher,Forma 3911,2026-08-21T00:00:00,88.5,OK
EQ-21105-PIA-01,21105,Platelet incubator with agitator,Helmer,PC2200i,2026-08-21T00:00:00,90.8,OK
EQ-21107-PIA-01,21107,Platelet incubator with agitator,Remi,RPA-100,2026-08-21T00:00:00,91.9,OK
EQ-21108-PIA-01,21108,Platelet incubator with agitator,Labtop,LPI-12,2026-08-21T00:00:00,90.9,OK
EQ-283942-PIA-01,283942,Platelet incubator with agitator,Terumo BCT,Trima Storage Console,2026-08-21T00:00:00,90.6,OK
EQ-284100-PIA-01,284100,Platelet incubator with agitator,Thermo Fisher,Forma 3911,2026-08-21T00:00:00,93.8,OK
EQ-32005-PIA-01,32005,Platelet incubator with agitator,Helmer,PC2200i,2026-08-21T00:00:00,90.9,OK
EQ-32026-PIA-01,32026,Platelet incubator with agitator,Remi,RPA-100,2026-08-21T00:00:00,87.8,OK
EQ-32056-PIA-01,32056,Platelet incubator with agitator,Labtop,LPI-12,2026-08-21T00:00:00,88.0,OK
EQ-32057-PIA-01,32057,Platelet incubator with agitator,Terumo BCT,Trima Storage Console,2026-08-21T00:00:00,92.4,OK
EQ-32069-PIA-01,32069,Platelet incubator with agitator,Thermo Fisher,Forma 3911,2026-08-21T00:00:00,92.4,OK
EQ-32078-PIA-01,32078,Platelet incubator with agitator,Helmer,PC2200i,2026-08-21T00:00:00,89.6,OK
EQ-32003-PIA-01,32003,Platelet incubator with agitator,Remi,RPA-100,2026-08-21T00:00:00,85.2,OK
EQ-32024-PIA-01,32024,Platelet incubator with agitator,Labtop,LPI-12,2026-08-21T00:00:00,90.1,OK
EQ-32072-PIA-01,32072,Platelet incubator with agitator,Terumo BCT,Trima Storage Console,2026-08-21T00:00:00,87.3,OK
EQ-32011-PIA-01,32011,Platelet incubator with agitator,Thermo Fisher,Forma 3911,2026-08-21T00:00:00,88.4,OK
EQ-32033-PIA-01,32033,Platelet incubator with agitator,Helmer,PC2200i,2026-08-21T00:00:00,87.0,OK
EQ-32042-PIA-01,32042,Platelet incubator with agitator,Remi,RPA-100,2026-08-21T00:00:00,87.0,OK
EQ-32058-PIA-01,32058,Platelet incubator with agitator,Labtop,LPI-12,2026-08-21T00:00:00,87.9,OK
EQ-32016-PIA-01,32016,Platelet incubator with agitator,Terumo BCT,Trima Storage Console,2026-08-21T00:00:00,90.0,OK
EQ-32071-PIA-01,32071,Platelet incubator with agitator,Thermo Fisher,Forma 3911,2026-08-21T00:00:00,87.2,OK
EQ-32020-PIA-01,32020,Platelet incubator with agitator,Helmer,PC2200i,2026-08-21T00:00:00,87.8,OK
EQ-32079-PIA-01,32079,Platelet incubator with agitator,Remi,RPA-100,2026-08-21T00:00:00,92.5,OK
EQ-32045-PIA-01,32045,Platelet incubator with agitator,Labtop,LPI-12,2026-08-21T00:00:00,89.9,OK
EQ-281034-PIA-01,281034,Platelet incubator with agitator,Terumo BCT,Trima Storage Console,2026-08-21T00:00:00,91.4,OK
EQ-32090-PIA-01,32090,Platelet incubator with agitator,Thermo Fisher,Forma 3911,2026-08-21T00:00:00,90.3,OK
EQ-32012-PIA-01,32012,Platelet incubator with agitator,Helmer,PC2200i,2026-08-21T00:00:00,88.8,OK
EQ-32047-PIA-01,32047,Platelet incubator with agitator,Remi,RPA-100,2026-08-21T00:00:00,89.6,OK
EQ-32070-PIA-01,32070,Platelet incubator with agitator,Labtop,LPI-12,2026-08-21T00:00:00,93.7,OK
EQ-32074-PIA-01,32074,Platelet incubator with agitator,Terumo BCT,Trima Storage Console,2026-08-21T00:00:00,90.7,OK
EQ-280385-PIA-01,280385,Platelet incubator with agitator,Thermo Fisher,Forma 3911,2026-08-21T00:00:00,88.4,OK
EQ-283332-PIA-01,283332,Platelet incubator with agitator,Helmer,PC2200i,2026-08-21T00:00:00,91.2,OK
EQ-32015-PIA-01,32015,Platelet incubator with agitator,Remi,RPA-100,2026-08-21T00:00:00,88.5,OK
EQ-32049-PIA-01,32049,Platelet incubator with agitator,Labtop,LPI-12,2026-08-21T00:00:00,94.2,OK
EQ-32052-PIA-01,32052,Platelet incubator with agitator,Terumo BCT,Trima Storage Console,2026-08-21T00:00:00,92.0,OK
EQ-32059-PIA-01,32059,Platelet incubator with agitator,Thermo Fisher,Forma 3911,2026-08-21T00:00:00,85.8,OK
EQ-32077-PIA-01,32077,Platelet incubator with agitator,Helmer,PC2200i,2026-08-21T00:00:00,88.1,OK
EQ-32091-PIA-01,32091,Platelet incubator with agitator,Remi,RPA-100,2026-08-21T00:00:00,92.4,OK
EQ-23002-PIA-01,23002,Platelet incubator with agitator,Labtop,LPI-12,2026-08-21T00:00:00,93.1,OK
EQ-23008-PIA-01,23008,Platelet incubator with agitator,Terumo BCT,Trima Storage Console,2026-08-21T00:00:00,91.1,OK
EQ-282721-PIA-01,282721,Platelet incubator with agitator,Thermo Fisher,Forma 3911,2026-08-21T00:00:00,90.0,OK
EQ-23004-PIA-01,23004,Platelet incubator with agitator,Helmer,PC2200i,2026-08-21T00:00:00,86.7,OK
EQ-23001-PIA-01,23001,Platelet incubator with agitator,Remi,RPA-100,2026-08-21T00:00:00,94.4,OK
EQ-23006-PIA-01,23006,Platelet incubator with agitator,Labtop,LPI-12,2026-08-21T00:00:00,92.2,OK
EQ-23009-PIA-01,23009,Platelet incubator with agitator,Terumo BCT,Trima Storage Console,2026-08-21T00:00:00,91.7,OK
EQ-23010-PIA-01,23010,Platelet incubator with agitator,Thermo Fisher,Forma 3911,2026-08-21T00:00:00,89.4,OK
EQ-23011-PIA-01,23011,Platelet incubator with agitator,Helmer,PC2200i,2026-08-21T00:00:00,93.2,OK
EQ-23012-PIA-01,23012,Platelet incubator with agitator,Remi,RPA-100,2026-08-21T00:00:00,92.0,OK
EQ-23013-PIA-01,23013,Platelet incubator with agitator,Labtop,LPI-12,2026-08-21T00:00:00,87.6,OK
EQ-23014-PIA-01,23014,Platelet incubator with agitator,Terumo BCT,Trima Storage Console,2026-08-21T00:00:00,88.8,OK
EQ-23016-PIA-01,23016,Platelet incubator with agitator,Thermo Fisher,Forma 3911,2026-08-21T00:00:00,92.8,OK
EQ-23017-PIA-01,23017,Platelet incubator with agitator,Helmer,PC2200i,2026-08-21T00:00:00,87.6,OK
EQ-23018-PIA-01,23018,Platelet incubator with agitator,Remi,RPA-100,2026-08-21T00:00:00,92.2,OK
EQ-34103-PIA-01,34103,Platelet incubator with agitator,Labtop,LPI-12,2026-08-21T00:00:00,91.8,OK
EQ-27001-PIA-01,27001,Platelet incubator with agitator,Terumo BCT,Trima Storage Console,2026-08-21T00:00:00,86.4,OK
EQ-27008-PIA-01,27008,Platelet incubator with agitator,Thermo Fisher,Forma 3911,2026-08-21T00:00:00,90.4,OK
EQ-27056-PIA-01,27056,Platelet incubator with agitator,Helmer,PC2200i,2026-08-21T00:00:00,87.2,OK
EQ-27078-PIA-01,27078,Platelet incubator with agitator,Remi,RPA-100,2026-08-21T00:00:00,87.5,OK
EQ-27080-PIA-01,27080,Platelet incubator with agitator,Labtop,LPI-12,2026-08-21T00:00:00,91.9,OK
EQ-27093-PIA-01,27093,Platelet incubator with agitator,Terumo BCT,Trima Storage Console,2026-08-21T00:00:00,89.7,OK
EQ-280761-PIA-01,280761,Platelet incubator with agitator,Thermo Fisher,Forma 3911,2026-08-21T00:00:00,94.2,OK
EQ-282597-PIA-01,282597,Platelet incubator with agitator,Helmer,PC2200i,2026-08-21T00:00:00,91.3,OK
EQ-282672-PIA-01,282672,Platelet incubator with agitator,Remi,RPA-100,2026-08-21T00:00:00,90.1,OK
EQ-282739-PIA-01,282739,Platelet incubator with agitator,Labtop,LPI-12,2026-08-21T00:00:00,89.8,OK
EQ-283322-PIA-01,283322,Platelet incubator with agitator,Terumo BCT,Trima Storage Console,2026-08-21T00:00:00,88.1,OK
EQ-283404-PIA-01,283404,Platelet incubator with agitator,Thermo Fisher,Forma 3911,2026-08-21T00:00:00,86.7,OK
EQ-283640-PIA-01,283640,Platelet incubator with agitator,Helmer,PC2200i,2026-08-21T00:00:00,88.6,OK
EQ-283666-PIA-01,283666,Platelet incubator with agitator,Remi,RPA-100,2026-08-21T00:00:00,93.9,OK
EQ-283667-PIA-01,283667,Platelet incubator with agitator,Labtop,LPI-12,2026-08-21T00:00:00,87.5,OK
EQ-283830-PIA-01,283830,Platelet incubator with agitator,Terumo BCT,Trima Storage Console,2026-08-21T00:00:00,87.6,OK
EQ-284511-PIA-01,284511,Platelet incubator with agitator,Thermo Fisher,Forma 3911,2026-08-21T00:00:00,90.6,OK
EQ-284567-PIA-01,284567,Platelet incubator with agitator,Helmer,PC2200i,2026-08-21T00:00:00,89.3,OK
EQ-94114-PIA-01,94114,Platelet incubator with agitator,Remi,RPA-100,2026-08-21T00:00:00,88.0,OK
EQ-94120-PIA-01,94120,Platelet incubator with agitator,Labtop,LPI-12,2026-08-21T00:00:00,86.7,OK
EQ-94159-PIA-01,94159,Platelet incubator with agitator,Terumo BCT,Trima Storage Console,2026-08-21T00:00:00,85.1,OK
EQ-94156-PIA-01,94156,Platelet incubator with agitator,Thermo Fisher,Forma 3911,2026-08-21T00:00:00,88.2,OK
EQ-27088-PIA-01,27088,Platelet incubator with agitator,Helmer,PC2200i,2026-08-21T00:00:00,93.3,OK
EQ-27089-PIA-01,27089,Platelet incubator with agitator,Remi,RPA-100,2026-08-21T00:00:00,90.7,OK
EQ-27099-PIA-01,27099,Platelet incubator with agitator,Labtop,LPI-12,2026-08-21T00:00:00,93.6,OK
EQ-283570-PIA-01,283570,Platelet incubator with agitator,Terumo BCT,Trima Storage Console,2026-08-21T00:00:00,90.8,OK
EQ-283655-PIA-01,283655,Platelet incubator with agitator,Thermo Fisher,Forma 3911,2026-08-21T00:00:00,86.5,OK
EQ-283781-PIA-01,283781,Platelet incubator with agitator,Helmer,PC2200i,2026-08-21T00:00:00,90.0,OK
EQ-284089-PIA-01,284089,Platelet incubator with agitator,Remi,RPA-100,2026-08-21T00:00:00,91.3,OK
EQ-284810-PIA-01,284810,Platelet incubator with agitator,Labtop,LPI-12,2026-08-21T00:00:00,88.6,OK
EQ-285307-PIA-01,285307,Platelet incubator with agitator,Terumo BCT,Trima Storage Console,2026-08-21T00:00:00,89.9,OK
EQ-93108-PIA-01,93108,Platelet incubator with agitator,Thermo Fisher,Forma 3911,2026-08-21T00:00:00,94.0,OK
EQ-94113-PIA-01,94113,Platelet incubator with agitator,Helmer,PC2200i,2026-08-21T00:00:00,88.4,OK
EQ-94147-PIA-01,94147,Platelet incubator with agitator,Remi,RPA-100,2026-08-21T00:00:00,89.5,OK
EQ-94177-PIA-01,94177,Platelet incubator with agitator,Labtop,LPI-12,2026-08-21T00:00:00,87.0,OK
EQ-283575-PIA-01,283575,Platelet incubator with agitator,Terumo BCT,Trima Storage Console,2026-08-21T00:00:00,86.0,OK
EQ-284739-PIA-01,284739,Platelet incubator with agitator,Thermo Fisher,Forma 3911,2026-08-21T00:00:00,89.8,OK
EQ-284883-PIA-01,284883,Platelet incubator with agitator,Helmer,PC2200i,2026-08-21T00:00:00,92.1,OK
EQ-94115-PIA-01,94115,Platelet incubator with agitator,Remi,RPA-100,2026-08-21T00:00:00,87.1,OK
EQ-94138-PIA-01,94138,Platelet incubator with agitator,Labtop,LPI-12,2026-08-21T00:00:00,93.5,OK
EQ-284079-PIA-01,284079,Platelet incubator with agitator,Terumo BCT,Trima Storage Console,2026-08-21T00:00:00,91.7,OK
EQ-284863-PIA-01,284863,Platelet incubator with agitator,Thermo Fisher,Forma 3911,2026-08-21T00:00:00,89.9,OK
EQ-94131-PIA-01,94131,Platelet incubator with agitator,Helmer,PC2200i,2026-08-21T00:00:00,87.2,OK
EQ-284120-PIA-01,284120,Platelet incubator with agitator,Remi,RPA-100,2026-08-21T00:00:00,84.7,Watch
EQ-94153-PIA-01,94153,Platelet incubator with agitator,Labtop,LPI-12,2026-08-21T00:00:00,93.5,OK
EQ-283770-PIA-01,283770,Platelet incubator with agitator,Terumo BCT,Trima Storage Console,2026-08-21T00:00:00,84.8,Watch
EQ-284127-PIA-01,284127,Platelet incubator with agitator,Thermo Fisher,Forma 3911,2026-08-21T00:00:00,87.2,OK
EQ-94130-PIA-01,94130,Platelet incubator with agitator,Helmer,PC2200i,2026-08-21T00:00:00,88.4,OK
EQ-27046-PIA-01,27046,Platelet incubator with agitator,Remi,RPA-100,2026-08-21T00:00:00,90.4,OK
EQ-284909-PIA-01,284909,Platelet incubator with agitator,Labtop,LPI-12,2026-08-21T00:00:00,90.8,OK
EQ-93101-PIA-01,93101,Platelet incubator with agitator,Terumo BCT,Trima Storage Console,2026-08-21T00:00:00,88.5,OK
EQ-93106-PIA-01,93106,Platelet incubator with agitator,Thermo Fisher,Forma 3911,2026-08-21T00:00:00,92.3,OK
EQ-94123-PIA-01,94123,Platelet incubator with agitator,Helmer,PC2200i,2026-08-21T00:00:00,87.8,OK
EQ-94133-PIA-01,94133,Platelet incubator with agitator,Remi,RPA-100,2026-08-21T00:00:00,92.1,OK
EQ-27006-PIA-01,27006,Platelet incubator with agitator,Labtop,LPI-12,2026-08-21T00:00:00,93.9,OK
EQ-27054-PIA-01,27054,Platelet incubator with agitator,Terumo BCT,Trima Storage Console,2026-08-21T00:00:00,85.9,OK
EQ-27057-PIA-01,27057,Platelet incubator with agitator,Thermo Fisher,Forma 3911,2026-08-21T00:00:00,91.6,OK
EQ-283600-PIA-01,283600,Platelet incubator with agitator,Helmer,PC2200i,2026-08-21T00:00:00,92.3,OK
EQ-94127-PIA-01,94127,Platelet incubator with agitator,Remi,RPA-100,2026-08-21T00:00:00,87.7,OK
EQ-94134-PIA-01,94134,Platelet incubator with agitator,Labtop,LPI-12,2026-08-21T00:00:00,90.3,OK
EQ-94143-PIA-01,94143,Platelet incubator with agitator,Terumo BCT,Trima Storage Console,2026-08-21T00:00:00,86.6,OK
EQ-27010-PIA-01,27010,Platelet incubator with agitator,Thermo Fisher,Forma 3911,2026-08-21T00:00:00,88.7,OK
EQ-27036-PIA-01,27036,Platelet incubator with agitator,Helmer,PC2200i,2026-08-21T00:00:00,91.8,OK
EQ-27040-PIA-01,27040,Platelet incubator with agitator,Remi,RPA-100,2026-08-21T00:00:00,89.7,OK
EQ-27045-PIA-01,27045,Platelet incubator with agitator,Labtop,LPI-12,2026-08-21T00:00:00,86.7,OK
EQ-27051-PIA-01,27051,Platelet incubator with agitator,Terumo BCT,Trima Storage Console,2026-08-21T00:00:00,93.2,OK
EQ-27053-PIA-01,27053,Platelet incubator with agitator,Thermo Fisher,Forma 3911,2026-08-21T00:00:00,89.2,OK
EQ-27061-PIA-01,27061,Platelet incubator with agitator,Helmer,PC2200i,2026-08-21T00:00:00,84.9,Watch
EQ-27062-PIA-01,27062,Platelet incubator with agitator,Remi,RPA-100,2026-08-21T00:00:00,86.5,OK
EQ-27103-PIA-01,27103,Platelet incubator with agitator,Labtop,LPI-12,2026-08-21T00:00:00,89.1,OK
EQ-280756-PIA-01,280756,Platelet incubator with agitator,Terumo BCT,Trima Storage Console,2026-08-21T00:00:00,87.1,OK
EQ-283329-PIA-01,283329,Platelet incubator with agitator,Thermo Fisher,Forma 3911,2026-08-21T00:00:00,90.9,OK
EQ-283433-PIA-01,283433,Platelet incubator with agitator,Helmer,PC2200i,2026-08-21T00:00:00,89.8,OK
EQ-283569-PIA-01,283569,Platelet incubator with agitator,Remi,RPA-100,2026-08-21T00:00:00,87.4,OK
EQ-283586-PIA-01,283586,Platelet incubator with agitator,Labtop,LPI-12,2026-08-21T00:00:00,92.5,OK
EQ-283689-PIA-01,283689,Platelet incubator with agitator,Terumo BCT,Trima Storage Console,2026-08-21T00:00:00,88.4,OK
EQ-283743-PIA-01,283743,Platelet incubator with agitator,Thermo Fisher,Forma 3911,2026-08-21T00:00:00,88.8,OK
EQ-284938-PIA-01,284938,Platelet incubator with agitator,Helmer,PC2200i,2026-08-21T00:00:00,85.7,OK
EQ-285296-PIA-01,285296,Platelet incubator with agitator,Remi,RPA-100,2026-08-21T00:00:00,89.6,OK
EQ-94116-PIA-01,94116,Platelet incubator with agitator,Labtop,LPI-12,2026-08-21T00:00:00,88.3,OK
EQ-27083-PIA-01,27083,Platelet incubator with agitator,Terumo BCT,Trima Storage Console,2026-08-21T00:00:00,94.5,OK
EQ-283594-PIA-01,283594,Platelet incubator with agitator,Thermo Fisher,Forma 3911,2026-08-21T00:00:00,85.1,OK
EQ-94128-PIA-01,94128,Platelet incubator with agitator,Helmer,PC2200i,2026-08-21T00:00:00,91.5,OK
EQ-94136-PIA-01,94136,Platelet incubator with agitator,Remi,RPA-100,2026-08-21T00:00:00,92.1,OK
EQ-27003-PIA-01,27003,Platelet incubator with agitator,Labtop,LPI-12,2026-08-21T00:00:00,86.8,OK
EQ-27004-PIA-01,27004,Platelet incubator with agitator,Terumo BCT,Trima Storage Console,2026-08-21T00:00:00,90.1,OK
EQ-27011-PIA-01,27011,Platelet incubator with agitator,Thermo Fisher,Forma 3911,2026-08-21T00:00:00,91.3,OK
EQ-27012-PIA-01,27012,Platelet incubator with agitator,Helmer,PC2200i,2026-08-21T00:00:00,91.6,OK
EQ-27013-PIA-01,27013,Platelet incubator with agitator,Remi,RPA-100,2026-08-21T00:00:00,90.5,OK
EQ-27072-PIA-01,27072,Platelet incubator with agitator,Labtop,LPI-12,2026-08-21T00:00:00,87.0,OK
EQ-27074-PIA-01,27074,Platelet incubator with agitator,Terumo BCT,Trima Storage Console,2026-08-21T00:00:00,90.0,OK
EQ-27086-PIA-01,27086,Platelet incubator with agitator,Thermo Fisher,Forma 3911,2026-08-21T00:00:00,89.5,OK
EQ-27095-PIA-01,27095,Platelet incubator with agitator,Helmer,PC2200i,2026-08-21T00:00:00,93.1,OK
EQ-280829-PIA-01,280829,Platelet incubator with agitator,Remi,RPA-100,2026-08-21T00:00:00,91.5,OK
EQ-281484-PIA-01,281484,Platelet incubator with agitator,Labtop,LPI-12,2026-08-21T00:00:00,92.4,OK
EQ-282585-PIA-01,282585,Platelet incubator with agitator,Terumo BCT,Trima Storage Console,2026-08-21T00:00:00,91.9,OK
EQ-282602-PIA-01,282602,Platelet incubator with agitator,Thermo Fisher,Forma 3911,2026-08-21T00:00:00,88.6,OK
EQ-283140-PIA-01,283140,Platelet incubator with agitator,Helmer,PC2200i,2026-08-21T00:00:00,87.7,OK
EQ-283227-PIA-01,283227,Platelet incubator with agitator,Remi,RPA-100,2026-08-21T00:00:00,86.1,OK
EQ-283402-PIA-01,283402,Platelet incubator with agitator,Labtop,LPI-12,2026-08-21T00:00:00,93.2,OK
EQ-283431-PIA-01,283431,Platelet incubator with agitator,Terumo BCT,Trima Storage Console,2026-08-21T00:00:00,92.4,OK
EQ-283572-PIA-01,283572,Platelet incubator with agitator,Thermo Fisher,Forma 3911,2026-08-21T00:00:00,88.5,OK
EQ-284058-PIA-01,284058,Platelet incubator with agitator,Helmer,PC2200i,2026-08-21T00:00:00,87.9,OK
EQ-284424-PIA-01,284424,Platelet incubator with agitator,Remi,RPA-100,2026-08-21T00:00:00,89.2,OK
EQ-285107-PIA-01,285107,Platelet incubator with agitator,Labtop,LPI-12,2026-08-21T00:00:00,87.8,OK
EQ-285133-PIA-01,285133,Platelet incubator with agitator,Terumo BCT,Trima Storage Console,2026-08-21T00:00:00,86.1,OK
EQ-285153-PIA-01,285153,Platelet incubator with agitator,Thermo Fisher,Forma 3911,2026-08-21T00:00:00,87.7,OK
EQ-285277-PIA-01,285277,Platelet incubator with agitator,Helmer,PC2200i,2026-08-21T00:00:00,88.0,OK
EQ-93102-PIA-01,93102,Platelet incubator with agitator,Remi,RPA-100,2026-08-21T00:00:00,90.6,OK
EQ-93104-PIA-01,93104,Platelet incubator with agitator,Labtop,LPI-12,2026-08-21T00:00:00,90.5,OK
EQ-94125-PIA-01,94125,Platelet incubator with agitator,Terumo BCT,Trima Storage Console,2026-08-21T00:00:00,88.4,OK
EQ-94135-PIA-01,94135,Platelet incubator with agitator,Thermo Fisher,Forma 3911,2026-08-21T00:00:00,91.7,OK
EQ-94137-PIA-01,94137,Platelet incubator with agitator,Helmer,PC2200i,2026-08-21T00:00:00,90.0,OK
EQ-94151-PIA-01,94151,Platelet incubator with agitator,Remi,RPA-100,2026-08-21T00:00:00,86.3,OK
EQ-284770-PIA-01,284770,Platelet incubator with agitator,Labtop,LPI-12,2026-08-21T00:00:00,88.0,OK
EQ-94139-PIA-01,94139,Platelet incubator with agitator,Terumo BCT,Trima Storage Console,2026-08-21T00:00:00,85.4,OK
EQ-283825-PIA-01,283825,Platelet incubator with agitator,Thermo Fisher,Forma 3911,2026-08-21T00:00:00,90.6,OK
EQ-94121-PIA-01,94121,Platelet incubator with agitator,Helmer,PC2200i,2026-08-21T00:00:00,85.5,OK
EQ-280729-PIA-01,280729,Platelet incubator with agitator,Remi,RPA-100,2026-08-21T00:00:00,87.4,OK
EQ-282736-PIA-01,282736,Platelet incubator with agitator,Labtop,LPI-12,2026-08-21T00:00:00,92.9,OK
EQ-94141-PIA-01,94141,Platelet incubator with agitator,Terumo BCT,Trima Storage Console,2026-08-21T00:00:00,89.8,OK
EQ-283593-PIA-01,283593,Platelet incubator with agitator,Thermo Fisher,Forma 3911,2026-08-21T00:00:00,87.3,OK
EQ-282665-PIA-01,282665,Platelet incubator with agitator,Helmer,PC2200i,2026-08-21T00:00:00,91.5,OK
EQ-283500-PIA-01,283500,Platelet incubator with agitator,Remi,RPA-100,2026-08-21T00:00:00,91.6,OK
EQ-283571-PIA-01,283571,Platelet incubator with agitator,Labtop,LPI-12,2026-08-21T00:00:00,87.0,OK
EQ-284881-PIA-01,284881,Platelet incubator with agitator,Terumo BCT,Trima Storage Console,2026-08-21T00:00:00,86.9,OK
EQ-94117-PIA-01,94117,Platelet incubator with agitator,Thermo Fisher,Forma 3911,2026-08-21T00:00:00,88.2,OK
EQ-27085-PIA-01,27085,Platelet incubator with agitator,Helmer,PC2200i,2026-08-21T00:00:00,86.6,OK
EQ-27092-PIA-01,27092,Platelet incubator with agitator,Remi,RPA-100,2026-08-21T00:00:00,86.4,OK
EQ-280727-PIA-01,280727,Platelet incubator with agitator,Labtop,LPI-12,2026-08-21T00:00:00,93.7,OK
EQ-283341-PIA-01,283341,Platelet incubator with agitator,Terumo BCT,Trima Storage Console,2026-08-21T00:00:00,84.0,Watch
EQ-283399-PIA-01,283399,Platelet incubator with agitator,Thermo Fisher,Forma 3911,2026-08-21T00:00:00,87.9,OK
EQ-283635-PIA-01,283635,Platelet incubator with agitator,Helmer,PC2200i,2026-08-21T00:00:00,85.0,OK
EQ-284203-PIA-01,284203,Platelet incubator with agitator,Remi,RPA-100,2026-08-21T00:00:00,86.0,OK
EQ-285311-PIA-01,285311,Platelet incubator with agitator,Labtop,LPI-12,2026-08-21T00:00:00,88.1,OK
EQ-94118-PIA-01,94118,Platelet incubator with agitator,Terumo BCT,Trima Storage Console,2026-08-21T00:00:00,88.1,OK
EQ-94146-PIA-01,94146,Platelet incubator with agitator,Thermo Fisher,Forma 3911,2026-08-21T00:00:00,90.8,OK
EQ-94149-PIA-01,94149,Platelet incubator with agitator,Helmer,PC2200i,2026-08-21T00:00:00,90.0,OK
EQ-283204-PIA-01,283204,Platelet incubator with agitator,Remi,RPA-100,2026-08-21T00:00:00,89.7,OK
EQ-283670-PIA-01,283670,Platelet incubator with agitator,Labtop,LPI-12,2026-08-21T00:00:00,89.4,OK
EQ-93103-PIA-01,93103,Platelet incubator with agitator,Terumo BCT,Trima Storage Console,2026-08-21T00:00:00,94.4,OK
EQ-94119-PIA-01,94119,Platelet incubator with agitator,Thermo Fisher,Forma 3911,2026-08-21T00:00:00,92.0,OK
EQ-94150-PIA-01,94150,Platelet incubator with agitator,Helmer,PC2200i,2026-08-21T00:00:00,90.1,OK
EQ-94154-PIA-01,94154,Platelet incubator with agitator,Remi,RPA-100,2026-08-21T00:00:00,91.3,OK
EQ-27060-PIA-01,27060,Platelet incubator with agitator,Labtop,LPI-12,2026-08-21T00:00:00,91.4,OK
EQ-27090-PIA-01,27090,Platelet incubator with agitator,Terumo BCT,Trima Storage Console,2026-08-21T00:00:00,91.3,OK
EQ-27094-PIA-01,27094,Platelet incubator with agitator,Thermo Fisher,Forma 3911,2026-08-21T00:00:00,86.9,OK
EQ-27098-PIA-01,27098,Platelet incubator with agitator,Helmer,PC2200i,2026-08-21T00:00:00,88.1,OK
EQ-280308-PIA-01,280308,Platelet incubator with agitator,Remi,RPA-100,2026-08-21T00:00:00,93.6,OK
EQ-280309-PIA-01,280309,Platelet incubator with agitator,Labtop,LPI-12,2026-08-21T00:00:00,84.3,Watch
EQ-283581-PIA-01,283581,Platelet incubator with agitator,Terumo BCT,Trima Storage Console,2026-08-21T00:00:00,90.7,OK
EQ-283590-PIA-01,283590,Platelet incubator with agitator,Thermo Fisher,Forma 3911,2026-08-21T00:00:00,88.7,OK
EQ-283690-PIA-01,283690,Platelet incubator with agitator,Helmer,PC2200i,2026-08-21T00:00:00,92.5,OK
EQ-284346-PIA-01,284346,Platelet incubator with agitator,Remi,RPA-100,2026-08-21T00:00:00,88.5,OK
EQ-93105-PIA-01,93105,Platelet incubator with agitator,Labtop,LPI-12,2026-08-21T00:00:00,91.0,OK
EQ-94124-PIA-01,94124,Platelet incubator with agitator,Terumo BCT,Trima Storage Console,2026-08-21T00:00:00,91.0,OK
EQ-94152-PIA-01,94152,Platelet incubator with agitator,Thermo Fisher,Forma 3911,2026-08-21T00:00:00,89.1,OK
EQ-283619-PIA-01,283619,Platelet incubator with agitator,Helmer,PC2200i,2026-08-21T00:00:00,89.4,OK
EQ-285104-PIA-01,285104,Platelet incubator with agitator,Remi,RPA-100,2026-08-21T00:00:00,88.6,OK
EQ-93107-PIA-01,93107,Platelet incubator with agitator,Labtop,LPI-12,2026-08-21T00:00:00,89.1,OK
EQ-94148-PIA-01,94148,Platelet incubator with agitator,Terumo BCT,Trima Storage Console,2026-08-21T00:00:00,91.7,OK
EQ-27032-PIA-01,27032,Platelet incubator with agitator,Thermo Fisher,Forma 3911,2026-08-21T00:00:00,91.5,OK
EQ-284393-PIA-01,284393,Platelet incubator with agitator,Helmer,PC2200i,2026-08-21T00:00:00,93.2,OK
EQ-284717-PIA-01,284717,Platelet incubator with agitator,Remi,RPA-100,2026-08-21T00:00:00,88.0,OK
EQ-280310-PIA-01,280310,Platelet incubator with agitator,Labtop,LPI-12,2026-08-21T00:00:00,88.7,OK
EQ-284722-PIA-01,284722,Platelet incubator with agitator,Terumo BCT,Trima Storage Console,2026-08-21T00:00:00,92.7,OK
EQ-94126-PIA-01,94126,Platelet incubator with agitator,Thermo Fisher,Forma 3911,2026-08-21T00:00:00,90.1,OK
EQ-94155-PIA-01,94155,Platelet incubator with agitator,Helmer,PC2200i,2026-08-21T00:00:00,90.9,OK
EQ-28010-PIA-01,28010,Platelet incubator with agitator,Remi,RPA-100,2026-08-21T00:00:00,89.1,OK
EQ-28018-PIA-01,28018,Platelet incubator with agitator,Labtop,LPI-12,2026-08-21T00:00:00,85.5,OK
EQ-280237-PIA-01,280237,Platelet incubator with agitator,Terumo BCT,Trima Storage Console,2026-08-21T00:00:00,85.5,OK
EQ-280239-PIA-01,280239,Platelet incubator with agitator,Thermo Fisher,Forma 3911,2026-08-21T00:00:00,92.3,OK
EQ-28028-PIA-01,28028,Platelet incubator with agitator,Helmer,PC2200i,2026-08-21T00:00:00,91.3,OK
EQ-28056-PIA-01,28056,Platelet incubator with agitator,Remi,RPA-100,2026-08-21T00:00:00,87.2,OK
EQ-28065-PIA-01,28065,Platelet incubator with agitator,Labtop,LPI-12,2026-08-21T00:00:00,90.6,OK
EQ-28070-PIA-01,28070,Platelet incubator with agitator,Terumo BCT,Trima Storage Console,2026-08-21T00:00:00,90.1,OK
EQ-28072-PIA-01,28072,Platelet incubator with agitator,Thermo Fisher,Forma 3911,2026-08-21T00:00:00,91.2,OK
EQ-283607-PIA-01,283607,Platelet incubator with agitator,Helmer,PC2200i,2026-08-21T00:00:00,91.8,OK
EQ-283702-PIA-01,283702,Platelet incubator with agitator,Remi,RPA-100,2026-08-21T00:00:00,93.4,OK
EQ-284423-PIA-01,284423,Platelet incubator with agitator,Labtop,LPI-12,2026-08-21T00:00:00,89.0,OK
EQ-28012-PIA-01,28012,Platelet incubator with agitator,Terumo BCT,Trima Storage Console,2026-08-21T00:00:00,86.6,OK
EQ-28050-PIA-01,28050,Platelet incubator with agitator,Thermo Fisher,Forma 3911,2026-08-21T00:00:00,89.1,OK
EQ-283633-PIA-01,283633,Platelet incubator with agitator,Helmer,PC2200i,2026-08-21T00:00:00,90.0,OK
EQ-283659-PIA-01,283659,Platelet incubator with agitator,Remi,RPA-100,2026-08-21T00:00:00,88.6,OK
EQ-283669-PIA-01,283669,Platelet incubator with agitator,Labtop,LPI-12,2026-08-21T00:00:00,87.1,OK
EQ-283790-PIA-01,283790,Platelet incubator with agitator,Terumo BCT,Trima Storage Console,2026-08-21T00:00:00,93.9,OK
EQ-284080-PIA-01,284080,Platelet incubator with agitator,Thermo Fisher,Forma 3911,2026-08-21T00:00:00,89.1,OK
EQ-284241-PIA-01,284241,Platelet incubator with agitator,Helmer,PC2200i,2026-08-21T00:00:00,92.7,OK
EQ-284263-PIA-01,284263,Platelet incubator with agitator,Remi,RPA-100,2026-08-21T00:00:00,89.1,OK
EQ-284300-PIA-01,284300,Platelet incubator with agitator,Labtop,LPI-12,2026-08-21T00:00:00,88.7,OK
EQ-285180-PIA-01,285180,Platelet incubator with agitator,Terumo BCT,Trima Storage Console,2026-08-21T00:00:00,91.0,OK
EQ-285233-PIA-01,285233,Platelet incubator with agitator,Thermo Fisher,Forma 3911,2026-08-21T00:00:00,89.3,OK
EQ-98121-PIA-01,98121,Platelet incubator with agitator,Helmer,PC2200i,2026-08-21T00:00:00,89.7,OK
EQ-283052-PIA-01,283052,Platelet incubator with agitator,Remi,RPA-100,2026-08-21T00:00:00,85.9,OK
EQ-28024-PIA-01,28024,Platelet incubator with agitator,Labtop,LPI-12,2026-08-21T00:00:00,88.8,OK
EQ-283517-PIA-01,283517,Platelet incubator with agitator,Terumo BCT,Trima Storage Console,2026-08-21T00:00:00,91.4,OK
EQ-285098-PIA-01,285098,Platelet incubator with agitator,Thermo Fisher,Forma 3911,2026-08-21T00:00:00,89.9,OK
EQ-28040-PIA-01,28040,Platelet incubator with agitator,Helmer,PC2200i,2026-08-21T00:00:00,90.8,OK
EQ-282953-PIA-01,282953,Platelet incubator with agitator,Remi,RPA-100,2026-08-21T00:00:00,91.0,OK
EQ-284784-PIA-01,284784,Platelet incubator with agitator,Labtop,LPI-12,2026-08-21T00:00:00,88.5,OK
EQ-28042-PIA-01,28042,Platelet incubator with agitator,Terumo BCT,Trima Storage Console,2026-08-21T00:00:00,88.3,OK
EQ-284494-PIA-01,284494,Platelet incubator with agitator,Thermo Fisher,Forma 3911,2026-08-21T00:00:00,90.4,OK
EQ-28014-PIA-01,28014,Platelet incubator with agitator,Helmer,PC2200i,2026-08-21T00:00:00,90.7,OK
EQ-280395-PIA-01,280395,Platelet incubator with agitator,Remi,RPA-100,2026-08-21T00:00:00,86.9,OK
EQ-28048-PIA-01,28048,Platelet incubator with agitator,Labtop,LPI-12,2026-08-21T00:00:00,91.6,OK
EQ-282403-PIA-01,282403,Platelet incubator with agitator,Terumo BCT,Trima Storage Console,2026-08-21T00:00:00,91.2,OK
EQ-282408-PIA-01,282408,Platelet incubator with agitator,Thermo Fisher,Forma 3911,2026-08-21T00:00:00,88.3,OK
EQ-282410-PIA-01,282410,Platelet incubator with agitator,Helmer,PC2200i,2026-08-21T00:00:00,85.8,OK
EQ-282956-PIA-01,282956,Platelet incubator with agitator,Remi,RPA-100,2026-08-21T00:00:00,87.9,OK
EQ-283621-PIA-01,283621,Platelet incubator with agitator,Labtop,LPI-12,2026-08-21T00:00:00,84.6,Watch
EQ-283627-PIA-01,283627,Platelet incubator with agitator,Terumo BCT,Trima Storage Console,2026-08-21T00:00:00,89.1,OK
EQ-283629-PIA-01,283629,Platelet incubator with agitator,Thermo Fisher,Forma 3911,2026-08-21T00:00:00,86.5,OK
EQ-284410-PIA-01,284410,Platelet incubator with agitator,Helmer,PC2200i,2026-08-21T00:00:00,85.8,OK
EQ-284419-PIA-01,284419,Platelet incubator with agitator,Remi,RPA-100,2026-08-21T00:00:00,90.5,OK
EQ-285187-PIA-01,285187,Platelet incubator with agitator,Labtop,LPI-12,2026-08-21T00:00:00,92.7,OK
EQ-28019-PIA-01,28019,Platelet incubator with agitator,Terumo BCT,Trima Storage Console,2026-08-21T00:00:00,86.8,OK
EQ-280396-PIA-01,280396,Platelet incubator with agitator,Thermo Fisher,Forma 3911,2026-08-21T00:00:00,86.8,OK
EQ-28060-PIA-01,28060,Platelet incubator with agitator,Helmer,PC2200i,2026-08-21T00:00:00,87.4,OK
EQ-283668-PIA-01,283668,Platelet incubator with agitator,Remi,RPA-100,2026-08-21T00:00:00,89.4,OK
EQ-284950-PIA-01,284950,Platelet incubator with agitator,Labtop,LPI-12,2026-08-21T00:00:00,91.7,OK
EQ-285071-PIA-01,285071,Platelet incubator with agitator,Terumo BCT,Trima Storage Console,2026-08-21T00:00:00,92.3,OK
EQ-28064-PIA-01,28064,Platelet incubator with agitator,Thermo Fisher,Forma 3911,2026-08-21T00:00:00,88.1,OK
EQ-28100-PIA-01,28100,Platelet incubator with agitator,Helmer,PC2200i,2026-08-21T00:00:00,85.1,OK
EQ-282429-PIA-01,282429,Platelet incubator with agitator,Remi,RPA-100,2026-08-21T00:00:00,88.7,OK
EQ-283595-PIA-01,283595,Platelet incubator with agitator,Labtop,LPI-12,2026-08-21T00:00:00,88.9,OK
EQ-284240-PIA-01,284240,Platelet incubator with agitator,Terumo BCT,Trima Storage Console,2026-08-21T00:00:00,87.3,OK
EQ-284365-PIA-01,284365,Platelet incubator with agitator,Thermo Fisher,Forma 3911,2026-08-21T00:00:00,88.8,OK
EQ-98110-PIA-01,98110,Platelet incubator with agitator,Helmer,PC2200i,2026-08-21T00:00:00,91.1,OK
EQ-28007-PIA-01,28007,Platelet incubator with agitator,Remi,RPA-100,2026-08-21T00:00:00,88.5,OK
EQ-284777-PIA-01,284777,Platelet incubator with agitator,Labtop,LPI-12,2026-08-21T00:00:00,91.4,OK
EQ-28037-PIA-01,28037,Platelet incubator with agitator,Terumo BCT,Trima Storage Console,2026-08-21T00:00:00,84.1,Watch
EQ-282512-PIA-01,282512,Platelet incubator with agitator,Thermo Fisher,Forma 3911,2026-08-21T00:00:00,91.2,OK
EQ-282514-PIA-01,282514,Platelet incubator with agitator,Helmer,PC2200i,2026-08-21T00:00:00,87.7,OK
EQ-283634-PIA-01,283634,Platelet incubator with agitator,Remi,RPA-100,2026-08-21T00:00:00,89.8,OK
EQ-284237-PIA-01,284237,Platelet incubator with agitator,Labtop,LPI-12,2026-08-21T00:00:00,89.2,OK
EQ-285189-PIA-01,285189,Platelet incubator with agitator,Terumo BCT,Trima Storage Console,2026-08-21T00:00:00,84.6,Watch
EQ-28020-PIA-01,28020,Platelet incubator with agitator,Thermo Fisher,Forma 3911,2026-08-21T00:00:00,90.2,OK
EQ-28044-PIA-01,28044,Platelet incubator with agitator,Helmer,PC2200i,2026-08-21T00:00:00,91.4,OK
EQ-28081-PIA-01,28081,Platelet incubator with agitator,Remi,RPA-100,2026-08-21T00:00:00,90.3,OK
EQ-283893-PIA-01,283893,Platelet incubator with agitator,Labtop,LPI-12,2026-08-21T00:00:00,93.7,OK
EQ-283944-PIA-01,283944,Platelet incubator with agitator,Terumo BCT,Trima Storage Console,2026-08-21T00:00:00,87.4,OK
EQ-285134-PIA-01,285134,Platelet incubator with agitator,Thermo Fisher,Forma 3911,2026-08-21T00:00:00,85.2,OK
EQ-28068-PIA-01,28068,Platelet incubator with agitator,Helmer,PC2200i,2026-08-21T00:00:00,87.2,OK
EQ-282520-PIA-01,282520,Platelet incubator with agitator,Remi,RPA-100,2026-08-21T00:00:00,94.1,OK
EQ-283376-PIA-01,283376,Platelet incubator with agitator,Labtop,LPI-12,2026-08-21T00:00:00,84.6,Watch
EQ-284401-PIA-01,284401,Platelet incubator with agitator,Terumo BCT,Trima Storage Console,2026-08-21T00:00:00,90.9,OK
EQ-285054-PIA-01,285054,Platelet incubator with agitator,Thermo Fisher,Forma 3911,2026-08-21T00:00:00,91.7,OK
EQ-285241-PIA-01,285241,Platelet incubator with agitator,Helmer,PC2200i,2026-08-21T00:00:00,91.3,OK
EQ-28013-PIA-01,28013,Platelet incubator with agitator,Remi,RPA-100,2026-08-21T00:00:00,90.0,OK
EQ-284569-PIA-01,284569,Platelet incubator with agitator,Labtop,LPI-12,2026-08-21T00:00:00,86.1,OK
EQ-98107-PIA-01,98107,Platelet incubator with agitator,Terumo BCT,Trima Storage Console,2026-08-21T00:00:00,92.1,OK
EQ-283070-PIA-01,283070,Platelet incubator with agitator,Thermo Fisher,Forma 3911,2026-08-21T00:00:00,92.6,OK
EQ-283390-PIA-01,283390,Platelet incubator with agitator,Helmer,PC2200i,2026-08-21T00:00:00,88.4,OK
EQ-285108-PIA-01,285108,Platelet incubator with agitator,Remi,RPA-100,2026-08-21T00:00:00,87.0,OK
EQ-28033-PIA-01,28033,Platelet incubator with agitator,Labtop,LPI-12,2026-08-21T00:00:00,86.8,OK
EQ-283428-PIA-01,283428,Platelet incubator with agitator,Terumo BCT,Trima Storage Console,2026-08-21T00:00:00,91.2,OK
EQ-283755-PIA-01,283755,Platelet incubator with agitator,Thermo Fisher,Forma 3911,2026-08-21T00:00:00,86.4,OK
EQ-98119-PIA-01,98119,Platelet incubator with agitator,Helmer,PC2200i,2026-08-21T00:00:00,89.8,OK
EQ-28026-PIA-01,28026,Platelet incubator with agitator,Remi,RPA-100,2026-08-21T00:00:00,85.9,OK
EQ-280397-PIA-01,280397,Platelet incubator with agitator,Labtop,LPI-12,2026-08-21T00:00:00,92.8,OK
EQ-28046-PIA-01,28046,Platelet incubator with agitator,Terumo BCT,Trima Storage Console,2026-08-21T00:00:00,91.5,OK
EQ-28086-PIA-01,28086,Platelet incubator with agitator,Thermo Fisher,Forma 3911,2026-08-21T00:00:00,87.7,OK
EQ-283385-PIA-01,283385,Platelet incubator with agitator,Helmer,PC2200i,2026-08-21T00:00:00,88.7,OK
EQ-283719-PIA-01,283719,Platelet incubator with agitator,Remi,RPA-100,2026-08-21T00:00:00,91.6,OK
EQ-284430-PIA-01,284430,Platelet incubator with agitator,Labtop,LPI-12,2026-08-21T00:00:00,87.9,OK
EQ-284805-PIA-01,284805,Platelet incubator with agitator,Terumo BCT,Trima Storage Console,2026-08-21T00:00:00,86.9,OK
EQ-284854-PIA-01,284854,Platelet incubator with agitator,Thermo Fisher,Forma 3911,2026-08-21T00:00:00,91.1,OK
EQ-285234-PIA-01,285234,Platelet incubator with agitator,Helmer,PC2200i,2026-08-21T00:00:00,92.2,OK
EQ-98106-PIA-01,98106,Platelet incubator with agitator,Remi,RPA-100,2026-08-21T00:00:00,92.6,OK
EQ-98111-PIA-01,98111,Platelet incubator with agitator,Labtop,LPI-12,2026-08-21T00:00:00,87.0,OK
EQ-98122-PIA-01,98122,Platelet incubator with agitator,Terumo BCT,Trima Storage Console,2026-08-21T00:00:00,87.2,OK
EQ-28045-PIA-01,28045,Platelet incubator with agitator,Thermo Fisher,Forma 3911,2026-08-21T00:00:00,89.0,OK
EQ-28089-PIA-01,28089,Platelet incubator with agitator,Helmer,PC2200i,2026-08-21T00:00:00,86.8,OK
EQ-283620-PIA-01,283620,Platelet incubator with agitator,Remi,RPA-100,2026-08-21T00:00:00,85.2,OK
EQ-283626-PIA-01,283626,Platelet incubator with agitator,Labtop,LPI-12,2026-08-21T00:00:00,93.0,OK
EQ-284225-PIA-01,284225,Platelet incubator with agitator,Terumo BCT,Trima Storage Console,2026-08-21T00:00:00,94.3,OK
EQ-284427-PIA-01,284427,Platelet incubator with agitator,Thermo Fisher,Forma 3911,2026-08-21T00:00:00,87.8,OK
EQ-284594-PIA-01,284594,Platelet incubator with agitator,Helmer,PC2200i,2026-08-21T00:00:00,93.7,OK
EQ-285306-PIA-01,285306,Platelet incubator with agitator,Remi,RPA-100,2026-08-21T00:00:00,88.6,OK
EQ-28002-PIA-01,28002,Platelet incubator with agitator,Labtop,LPI-12,2026-08-21T00:00:00,92.5,OK
EQ-28003-PIA-01,28003,Platelet incubator with agitator,Terumo BCT,Trima Storage Console,2026-08-21T00:00:00,90.4,OK
EQ-28004-PIA-01,28004,Platelet incubator with agitator,Thermo Fisher,Forma 3911,2026-08-21T00:00:00,89.8,OK
EQ-28005-PIA-01,28005,Platelet incubator with agitator,Helmer,PC2200i,2026-08-21T00:00:00,88.5,OK
EQ-28022-PIA-01,28022,Platelet incubator with agitator,Remi,RPA-100,2026-08-21T00:00:00,89.0,OK
EQ-280294-PIA-01,280294,Platelet incubator with agitator,Labtop,LPI-12,2026-08-21T00:00:00,85.4,OK
EQ-28032-PIA-01,28032,Platelet incubator with agitator,Terumo BCT,Trima Storage Console,2026-08-21T00:00:00,90.5,OK
EQ-280399-PIA-01,280399,Platelet incubator with agitator,Thermo Fisher,Forma 3911,2026-08-21T00:00:00,90.2,OK
EQ-280400-PIA-01,280400,Platelet incubator with agitator,Helmer,PC2200i,2026-08-21T00:00:00,91.9,OK
EQ-280402-PIA-01,280402,Platelet incubator with agitator,Remi,RPA-100,2026-08-21T00:00:00,84.7,Watch
EQ-280403-PIA-01,280403,Platelet incubator with agitator,Labtop,LPI-12,2026-08-21T00:00:00,88.4,OK
EQ-280404-PIA-01,280404,Platelet incubator with agitator,Terumo BCT,Trima Storage Console,2026-08-21T00:00:00,89.2,OK
EQ-28049-PIA-01,28049,Platelet incubator with agitator,Thermo Fisher,Forma 3911,2026-08-21T00:00:00,87.6,OK
EQ-28053-PIA-01,28053,Platelet incubator with agitator,Helmer,PC2200i,2026-08-21T00:00:00,94.1,OK
EQ-28055-PIA-01,28055,Platelet incubator with agitator,Remi,RPA-100,2026-08-21T00:00:00,87.0,OK
EQ-28061-PIA-01,28061,Platelet incubator with agitator,Labtop,LPI-12,2026-08-21T00:00:00,85.3,OK
EQ-28066-PIA-01,28066,Platelet incubator with agitator,Terumo BCT,Trima Storage Console,2026-08-21T00:00:00,86.2,OK
EQ-28076-PIA-01,28076,Platelet incubator with agitator,Thermo Fisher,Forma 3911,2026-08-21T00:00:00,91.4,OK
EQ-28079-PIA-01,28079,Platelet incubator with agitator,Helmer,PC2200i,2026-08-21T00:00:00,91.9,OK
EQ-28087-PIA-01,28087,Platelet incubator with agitator,Remi,RPA-100,2026-08-21T00:00:00,89.4,OK
EQ-28088-PIA-01,28088,Platelet incubator with agitator,Labtop,LPI-12,2026-08-21T00:00:00,89.6,OK
EQ-28095-PIA-01,28095,Platelet incubator with agitator,Terumo BCT,Trima Storage Console,2026-08-21T00:00:00,93.4,OK
EQ-28098-PIA-01,28098,Platelet incubator with agitator,Thermo Fisher,Forma 3911,2026-08-21T00:00:00,89.3,OK
EQ-282539-PIA-01,282539,Platelet incubator with agitator,Helmer,PC2200i,2026-08-21T00:00:00,89.5,OK
EQ-283063-PIA-01,283063,Platelet incubator with agitator,Remi,RPA-100,2026-08-21T00:00:00,87.3,OK
EQ-283361-PIA-01,283361,Platelet incubator with agitator,Labtop,LPI-12,2026-08-21T00:00:00,86.8,OK
EQ-283363-PIA-01,283363,Platelet incubator with agitator,Terumo BCT,Trima Storage Console,2026-08-21T00:00:00,91.8,OK
EQ-283381-PIA-01,283381,Platelet incubator with agitator,Thermo Fisher,Forma 3911,2026-08-21T00:00:00,87.6,OK
EQ-283382-PIA-01,283382,Platelet incubator with agitator,Helmer,PC2200i,2026-08-21T00:00:00,87.8,OK
EQ-283407-PIA-01,283407,Platelet incubator with agitator,Remi,RPA-100,2026-08-21T00:00:00,90.8,OK
EQ-283424-PIA-01,283424,Platelet incubator with agitator,Labtop,LPI-12,2026-08-21T00:00:00,89.6,OK
EQ-283425-PIA-01,283425,Platelet incubator with agitator,Terumo BCT,Trima Storage Console,2026-08-21T00:00:00,91.4,OK
EQ-283551-PIA-01,283551,Platelet incubator with agitator,Thermo Fisher,Forma 3911,2026-08-21T00:00:00,90.5,OK
EQ-283584-PIA-01,283584,Platelet incubator with agitator,Helmer,PC2200i,2026-08-21T00:00:00,87.1,OK
EQ-283632-PIA-01,283632,Platelet incubator with agitator,Remi,RPA-100,2026-08-21T00:00:00,90.2,OK
EQ-283641-PIA-01,283641,Platelet incubator with agitator,Labtop,LPI-12,2026-08-21T00:00:00,88.9,OK
EQ-283647-PIA-01,283647,Platelet incubator with agitator,Terumo BCT,Trima Storage Console,2026-08-21T00:00:00,90.3,OK
EQ-283658-PIA-01,283658,Platelet incubator with agitator,Thermo Fisher,Forma 3911,2026-08-21T00:00:00,87.1,OK
EQ-283660-PIA-01,283660,Platelet incubator with agitator,Helmer,PC2200i,2026-08-21T00:00:00,94.1,OK
EQ-283673-PIA-01,283673,Platelet incubator with agitator,Remi,RPA-100,2026-08-21T00:00:00,92.0,OK
EQ-283674-PIA-01,283674,Platelet incubator with agitator,Labtop,LPI-12,2026-08-21T00:00:00,87.2,OK
EQ-283681-PIA-01,283681,Platelet incubator with agitator,Terumo BCT,Trima Storage Console,2026-08-21T00:00:00,87.4,OK
EQ-283687-PIA-01,283687,Platelet incubator with agitator,Thermo Fisher,Forma 3911,2026-08-21T00:00:00,92.0,OK
EQ-283707-PIA-01,283707,Platelet incubator with agitator,Helmer,PC2200i,2026-08-21T00:00:00,86.3,OK
EQ-283712-PIA-01,283712,Platelet incubator with agitator,Remi,RPA-100,2026-08-21T00:00:00,88.5,OK
EQ-283716-PIA-01,283716,Platelet incubator with agitator,Labtop,LPI-12,2026-08-21T00:00:00,91.6,OK
EQ-284076-PIA-01,284076,Platelet incubator with agitator,Terumo BCT,Trima Storage Console,2026-08-21T00:00:00,85.2,OK
EQ-284152-PIA-01,284152,Platelet incubator with agitator,Thermo Fisher,Forma 3911,2026-08-21T00:00:00,91.2,OK
EQ-284157-PIA-01,284157,Platelet incubator with agitator,Helmer,PC2200i,2026-08-21T00:00:00,85.7,OK
EQ-284171-PIA-01,284171,Platelet incubator with agitator,Remi,RPA-100,2026-08-21T00:00:00,89.2,OK
EQ-284175-PIA-01,284175,Platelet incubator with agitator,Labtop,LPI-12,2026-08-21T00:00:00,89.3,OK
EQ-284205-PIA-01,284205,Platelet incubator with agitator,Terumo BCT,Trima Storage Console,2026-08-21T00:00:00,90.4,OK
EQ-284238-PIA-01,284238,Platelet incubator with agitator,Thermo Fisher,Forma 3911,2026-08-21T00:00:00,94.2,OK
EQ-284242-PIA-01,284242,Platelet incubator with agitator,Helmer,PC2200i,2026-08-21T00:00:00,88.9,OK
EQ-284247-PIA-01,284247,Platelet incubator with agitator,Remi,RPA-100,2026-08-21T00:00:00,85.4,OK
EQ-284287-PIA-01,284287,Platelet incubator with agitator,Labtop,LPI-12,2026-08-21T00:00:00,84.6,Watch
EQ-284317-PIA-01,284317,Platelet incubator with agitator,Terumo BCT,Trima Storage Console,2026-08-21T00:00:00,90.6,OK
EQ-284326-PIA-01,284326,Platelet incubator with agitator,Thermo Fisher,Forma 3911,2026-08-21T00:00:00,93.3,OK
EQ-284383-PIA-01,284383,Platelet incubator with agitator,Helmer,PC2200i,2026-08-21T00:00:00,94.7,OK
EQ-284429-PIA-01,284429,Platelet incubator with agitator,Remi,RPA-100,2026-08-21T00:00:00,89.7,OK
EQ-284436-PIA-01,284436,Platelet incubator with agitator,Labtop,LPI-12,2026-08-21T00:00:00,88.6,OK
EQ-284712-PIA-01,284712,Platelet incubator with agitator,Terumo BCT,Trima Storage Console,2026-08-21T00:00:00,89.2,OK
EQ-284836-PIA-01,284836,Platelet incubator with agitator,Thermo Fisher,Forma 3911,2026-08-21T00:00:00,87.5,OK
EQ-284873-PIA-01,284873,Platelet incubator with agitator,Helmer,PC2200i,2026-08-21T00:00:00,87.7,OK
EQ-284911-PIA-01,284911,Platelet incubator with agitator,Remi,RPA-100,2026-08-21T00:00:00,88.1,OK
EQ-284912-PIA-01,284912,Platelet incubator with agitator,Labtop,LPI-12,2026-08-21T00:00:00,86.4,OK
EQ-284935-PIA-01,284935,Platelet incubator with agitator,Terumo BCT,Trima Storage Console,2026-08-21T00:00:00,90.6,OK
EQ-285087-PIA-01,285087,Platelet incubator with agitator,Thermo Fisher,Forma 3911,2026-08-21T00:00:00,93.0,OK
EQ-285092-PIA-01,285092,Platelet incubator with agitator,Helmer,PC2200i,2026-08-21T00:00:00,87.4,OK
EQ-285126-PIA-01,285126,Platelet incubator with agitator,Remi,RPA-100,2026-08-21T00:00:00,91.9,OK
EQ-285246-PIA-01,285246,Platelet incubator with agitator,Labtop,LPI-12,2026-08-21T00:00:00,87.8,OK
EQ-98103-PIA-01,98103,Platelet incubator with agitator,Terumo BCT,Trima Storage Console,2026-08-21T00:00:00,86.1,OK
EQ-98112-PIA-01,98112,Platelet incubator with agitator,Thermo Fisher,Forma 3911,2026-08-21T00:00:00,91.2,OK
EQ-98117-PIA-01,98117,Platelet incubator with agitator,Helmer,PC2200i,2026-08-21T00:00:00,91.3,OK
EQ-28039-PIA-01,28039,Platelet incubator with agitator,Remi,RPA-100,2026-08-21T00:00:00,86.9,OK
EQ-283344-PIA-01,283344,Platelet incubator with agitator,Labtop,LPI-12,2026-08-21T00:00:00,88.6,OK
EQ-283367-PIA-01,283367,Platelet incubator with agitator,Terumo BCT,Trima Storage Console,2026-08-21T00:00:00,90.3,OK
EQ-283556-PIA-01,283556,Platelet incubator with agitator,Thermo Fisher,Forma 3911,2026-08-21T00:00:00,89.5,OK
EQ-283771-PIA-01,283771,Platelet incubator with agitator,Helmer,PC2200i,2026-08-21T00:00:00,87.0,OK
EQ-98114-PIA-01,98114,Platelet incubator with agitator,Remi,RPA-100,2026-08-21T00:00:00,86.9,OK
EQ-28077-PIA-01,28077,Platelet incubator with agitator,Labtop,LPI-12,2026-08-21T00:00:00,94.8,OK
EQ-283387-PIA-01,283387,Platelet incubator with agitator,Terumo BCT,Trima Storage Console,2026-08-21T00:00:00,86.2,OK
EQ-283388-PIA-01,283388,Platelet incubator with agitator,Thermo Fisher,Forma 3911,2026-08-21T00:00:00,88.9,OK
EQ-283612-PIA-01,283612,Platelet incubator with agitator,Helmer,PC2200i,2026-08-21T00:00:00,87.7,OK
EQ-98115-PIA-01,98115,Platelet incubator with agitator,Remi,RPA-100,2026-08-21T00:00:00,87.1,OK
EQ-28043-PIA-01,28043,Platelet incubator with agitator,Labtop,LPI-12,2026-08-21T00:00:00,90.8,OK
EQ-28062-PIA-01,28062,Platelet incubator with agitator,Terumo BCT,Trima Storage Console,2026-08-21T00:00:00,88.1,OK
EQ-282966-PIA-01,282966,Platelet incubator with agitator,Thermo Fisher,Forma 3911,2026-08-21T00:00:00,94.0,OK
EQ-283769-PIA-01,283769,Platelet incubator with agitator,Helmer,PC2200i,2026-08-21T00:00:00,89.0,OK
EQ-283831-PIA-01,283831,Platelet incubator with agitator,Remi,RPA-100,2026-08-21T00:00:00,92.7,OK
EQ-283888-PIA-01,283888,Platelet incubator with agitator,Labtop,LPI-12,2026-08-21T00:00:00,92.5,OK
EQ-283938-PIA-01,283938,Platelet incubator with agitator,Terumo BCT,Trima Storage Console,2026-08-21T00:00:00,89.0,OK
EQ-284118-PIA-01,284118,Platelet incubator with agitator,Thermo Fisher,Forma 3911,2026-08-21T00:00:00,91.8,OK
EQ-284252-PIA-01,284252,Platelet incubator with agitator,Helmer,PC2200i,2026-08-21T00:00:00,87.1,OK
EQ-284636-PIA-01,284636,Platelet incubator with agitator,Remi,RPA-100,2026-08-21T00:00:00,90.5,OK
EQ-285236-PIA-01,285236,Platelet incubator with agitator,Labtop,LPI-12,2026-08-21T00:00:00,86.6,OK
EQ-28006-PIA-01,28006,Platelet incubator with agitator,Terumo BCT,Trima Storage Console,2026-08-21T00:00:00,89.7,OK
EQ-28008-PIA-01,28008,Platelet incubator with agitator,Thermo Fisher,Forma 3911,2026-08-21T00:00:00,86.6,OK
EQ-28009-PIA-01,28009,Platelet incubator with agitator,Helmer,PC2200i,2026-08-21T00:00:00,92.7,OK
EQ-280240-PIA-01,280240,Platelet incubator with agitator,Remi,RPA-100,2026-08-21T00:00:00,91.5,OK
EQ-28058-PIA-01,28058,Platelet incubator with agitator,Labtop,LPI-12,2026-08-21T00:00:00,92.0,OK
EQ-28080-PIA-01,28080,Platelet incubator with agitator,Terumo BCT,Trima Storage Console,2026-08-21T00:00:00,93.6,OK
EQ-283360-PIA-01,283360,Platelet incubator with agitator,Thermo Fisher,Forma 3911,2026-08-21T00:00:00,90.3,OK
EQ-283836-PIA-01,283836,Platelet incubator with agitator,Helmer,PC2200i,2026-08-21T00:00:00,89.8,OK
EQ-284134-PIA-01,284134,Platelet incubator with agitator,Remi,RPA-100,2026-08-21T00:00:00,88.9,OK
EQ-284406-PIA-01,284406,Platelet incubator with agitator,Labtop,LPI-12,2026-08-21T00:00:00,92.7,OK
EQ-284563-PIA-01,284563,Platelet incubator with agitator,Terumo BCT,Trima Storage Console,2026-08-21T00:00:00,84.9,Watch
EQ-284575-PIA-01,284575,Platelet incubator with agitator,Thermo Fisher,Forma 3911,2026-08-21T00:00:00,88.7,OK
EQ-282361-PIA-01,282361,Platelet incubator with agitator,Helmer,PC2200i,2026-08-21T00:00:00,88.2,OK
EQ-282972-PIA-01,282972,Platelet incubator with agitator,Remi,RPA-100,2026-08-21T00:00:00,88.6,OK
EQ-282974-PIA-01,282974,Platelet incubator with agitator,Labtop,LPI-12,2026-08-21T00:00:00,86.3,OK
EQ-283605-PIA-01,283605,Platelet incubator with agitator,Terumo BCT,Trima Storage Console,2026-08-21T00:00:00,90.3,OK
EQ-283616-PIA-01,283616,Platelet incubator with agitator,Thermo Fisher,Forma 3911,2026-08-21T00:00:00,93.6,OK
EQ-284975-PIA-01,284975,Platelet incubator with agitator,Helmer,PC2200i,2026-08-21T00:00:00,91.4,OK
EQ-283701-PIA-01,283701,Platelet incubator with agitator,Remi,RPA-100,2026-08-21T00:00:00,92.5,OK
EQ-283703-PIA-01,283703,Platelet incubator with agitator,Labtop,LPI-12,2026-08-21T00:00:00,87.2,OK
EQ-284179-PIA-01,284179,Platelet incubator with agitator,Terumo BCT,Trima Storage Console,2026-08-21T00:00:00,87.7,OK
EQ-280241-PIA-01,280241,Platelet incubator with agitator,Thermo Fisher,Forma 3911,2026-08-21T00:00:00,90.6,OK
EQ-28034-PIA-01,28034,Platelet incubator with agitator,Helmer,PC2200i,2026-08-21T00:00:00,92.7,OK
EQ-28067-PIA-01,28067,Platelet incubator with agitator,Remi,RPA-100,2026-08-21T00:00:00,90.5,OK
EQ-28091-PIA-01,28091,Platelet incubator with agitator,Labtop,LPI-12,2026-08-21T00:00:00,92.6,OK
EQ-28094-PIA-01,28094,Platelet incubator with agitator,Terumo BCT,Trima Storage Console,2026-08-21T00:00:00,89.5,OK
EQ-28097-PIA-01,28097,Platelet incubator with agitator,Thermo Fisher,Forma 3911,2026-08-21T00:00:00,88.7,OK
EQ-28099-PIA-01,28099,Platelet incubator with agitator,Helmer,PC2200i,2026-08-21T00:00:00,89.2,OK
EQ-282389-PIA-01,282389,Platelet incubator with agitator,Remi,RPA-100,2026-08-21T00:00:00,88.9,OK
EQ-282397-PIA-01,282397,Platelet incubator with agitator,Labtop,LPI-12,2026-08-21T00:00:00,88.6,OK
EQ-283371-PIA-01,283371,Platelet incubator with agitator,Terumo BCT,Trima Storage Console,2026-08-21T00:00:00,91.5,OK
EQ-283386-PIA-01,283386,Platelet incubator with agitator,Thermo Fisher,Forma 3911,2026-08-21T00:00:00,86.3,OK
EQ-283603-PIA-01,283603,Platelet incubator with agitator,Helmer,PC2200i,2026-08-21T00:00:00,90.4,OK
EQ-285086-PIA-01,285086,Platelet incubator with agitator,Remi,RPA-100,2026-08-21T00:00:00,88.2,OK
EQ-285168-PIA-01,285168,Platelet incubator with agitator,Labtop,LPI-12,2026-08-21T00:00:00,88.9,OK
EQ-98104-PIA-01,98104,Platelet incubator with agitator,Terumo BCT,Trima Storage Console,2026-08-21T00:00:00,91.4,OK
EQ-284547-PIA-01,284547,Platelet incubator with agitator,Thermo Fisher,Forma 3911,2026-08-21T00:00:00,85.5,OK
EQ-285128-PIA-01,285128,Platelet incubator with agitator,Helmer,PC2200i,2026-08-21T00:00:00,90.9,OK
EQ-98113-PIA-01,98113,Platelet incubator with agitator,Remi,RPA-100,2026-08-21T00:00:00,85.0,OK
EQ-28035-PIA-01,28035,Platelet incubator with agitator,Labtop,LPI-12,2026-08-21T00:00:00,93.0,OK
EQ-283069-PIA-01,283069,Platelet incubator with agitator,Terumo BCT,Trima Storage Console,2026-08-21T00:00:00,89.2,OK
EQ-283461-PIA-01,283461,Platelet incubator with agitator,Thermo Fisher,Forma 3911,2026-08-21T00:00:00,91.3,OK
EQ-284226-PIA-01,284226,Platelet incubator with agitator,Helmer,PC2200i,2026-08-21T00:00:00,89.5,OK
EQ-284249-PIA-01,284249,Platelet incubator with agitator,Remi,RPA-100,2026-08-21T00:00:00,89.4,OK
EQ-284323-PIA-01,284323,Platelet incubator with agitator,Labtop,LPI-12,2026-08-21T00:00:00,92.4,OK
EQ-284438-PIA-01,284438,Platelet incubator with agitator,Terumo BCT,Trima Storage Console,2026-08-21T00:00:00,85.3,OK
EQ-28011-PIA-01,28011,Platelet incubator with agitator,Thermo Fisher,Forma 3911,2026-08-21T00:00:00,87.1,OK
EQ-28073-PIA-01,28073,Platelet incubator with agitator,Helmer,PC2200i,2026-08-21T00:00:00,92.4,OK
EQ-28096-PIA-01,28096,Platelet incubator with agitator,Remi,RPA-100,2026-08-21T00:00:00,88.5,OK
EQ-283557-PIA-01,283557,Platelet incubator with agitator,Labtop,LPI-12,2026-08-21T00:00:00,89.3,OK
EQ-284221-PIA-01,284221,Platelet incubator with agitator,Terumo BCT,Trima Storage Console,2026-08-21T00:00:00,91.6,OK
EQ-284895-PIA-01,284895,Platelet incubator with agitator,Thermo Fisher,Forma 3911,2026-08-21T00:00:00,87.1,OK
EQ-28069-PIA-01,28069,Platelet incubator with agitator,Helmer,PC2200i,2026-08-21T00:00:00,88.0,OK
EQ-283068-PIA-01,283068,Platelet incubator with agitator,Remi,RPA-100,2026-08-21T00:00:00,86.8,OK
EQ-28038-PIA-01,28038,Platelet incubator with agitator,Labtop,LPI-12,2026-08-21T00:00:00,85.0,OK
EQ-283998-PIA-01,283998,Platelet incubator with agitator,Terumo BCT,Trima Storage Console,2026-08-21T00:00:00,87.0,OK
EQ-28078-PIA-01,28078,Platelet incubator with agitator,Thermo Fisher,Forma 3911,2026-08-21T00:00:00,88.4,OK
EQ-283071-PIA-01,283071,Platelet incubator with agitator,Helmer,PC2200i,2026-08-21T00:00:00,88.4,OK
EQ-283471-PIA-01,283471,Platelet incubator with agitator,Remi,RPA-100,2026-08-21T00:00:00,87.2,OK
EQ-283623-PIA-01,283623,Platelet incubator with agitator,Labtop,LPI-12,2026-08-21T00:00:00,86.5,OK
EQ-28027-PIA-01,28027,Platelet incubator with agitator,Terumo BCT,Trima Storage Console,2026-08-21T00:00:00,89.2,OK
EQ-283072-PIA-01,283072,Platelet incubator with agitator,Thermo Fisher,Forma 3911,2026-08-21T00:00:00,88.9,OK
EQ-283618-PIA-01,283618,Platelet incubator with agitator,Helmer,PC2200i,2026-08-21T00:00:00,88.3,OK
EQ-283652-PIA-01,283652,Platelet incubator with agitator,Remi,RPA-100,2026-08-21T00:00:00,87.9,OK
EQ-285211-PIA-01,285211,Platelet incubator with agitator,Labtop,LPI-12,2026-08-21T00:00:00,88.6,OK
EQ-285300-PIA-01,285300,Platelet incubator with agitator,Terumo BCT,Trima Storage Console,2026-08-21T00:00:00,89.4,OK
EQ-28036-PIA-01,28036,Platelet incubator with agitator,Thermo Fisher,Forma 3911,2026-08-21T00:00:00,89.1,OK
EQ-28063-PIA-01,28063,Platelet incubator with agitator,Helmer,PC2200i,2026-08-21T00:00:00,87.1,OK
EQ-28093-PIA-01,28093,Platelet incubator with agitator,Remi,RPA-100,2026-08-21T00:00:00,88.5,OK
EQ-282430-PIA-01,282430,Platelet incubator with agitator,Labtop,LPI-12,2026-08-21T00:00:00,88.0,OK
EQ-283662-PIA-01,283662,Platelet incubator with agitator,Terumo BCT,Trima Storage Console,2026-08-21T00:00:00,88.4,OK
EQ-283914-PIA-01,283914,Platelet incubator with agitator,Thermo Fisher,Forma 3911,2026-08-21T00:00:00,87.9,OK
EQ-284394-PIA-01,284394,Platelet incubator with agitator,Helmer,PC2200i,2026-08-21T00:00:00,90.6,OK
EQ-284397-PIA-01,284397,Platelet incubator with agitator,Remi,RPA-100,2026-08-21T00:00:00,86.5,OK
EQ-284890-PIA-01,284890,Platelet incubator with agitator,Labtop,LPI-12,2026-08-21T00:00:00,93.0,OK
EQ-285068-PIA-01,285068,Platelet incubator with agitator,Terumo BCT,Trima Storage Console,2026-08-21T00:00:00,84.3,Watch
EQ-285079-PIA-01,285079,Platelet incubator with agitator,Thermo Fisher,Forma 3911,2026-08-21T00:00:00,91.4,OK
EQ-285253-PIA-01,285253,Platelet incubator with agitator,Helmer,PC2200i,2026-08-21T00:00:00,88.9,OK
EQ-285313-PIA-01,285313,Platelet incubator with agitator,Remi,RPA-100,2026-08-21T00:00:00,87.8,OK
EQ-98116-PIA-01,98116,Platelet incubator with agitator,Labtop,LPI-12,2026-08-21T00:00:00,89.3,OK
EQ-28016-PIA-01,28016,Platelet incubator with agitator,Terumo BCT,Trima Storage Console,2026-08-21T00:00:00,90.1,OK
EQ-283450-PIA-01,283450,Platelet incubator with agitator,Thermo Fisher,Forma 3911,2026-08-21T00:00:00,92.8,OK
EQ-28023-PIA-01,28023,Platelet incubator with agitator,Helmer,PC2200i,2026-08-21T00:00:00,88.7,OK
EQ-283675-PIA-01,283675,Platelet incubator with agitator,Remi,RPA-100,2026-08-21T00:00:00,93.3,OK
EQ-284154-PIA-01,284154,Platelet incubator with agitator,Labtop,LPI-12,2026-08-21T00:00:00,93.2,OK
EQ-284224-PIA-01,284224,Platelet incubator with agitator,Terumo BCT,Trima Storage Console,2026-08-21T00:00:00,87.1,OK
EQ-28001-PIA-01,28001,Platelet incubator with agitator,Thermo Fisher,Forma 3911,2026-08-21T00:00:00,86.8,OK
EQ-280557-PIA-01,280557,Platelet incubator with agitator,Helmer,PC2200i,2026-08-21T00:00:00,89.1,OK
EQ-28071-PIA-01,28071,Platelet incubator with agitator,Remi,RPA-100,2026-08-21T00:00:00,87.8,OK
EQ-28074-PIA-01,28074,Platelet incubator with agitator,Labtop,LPI-12,2026-08-21T00:00:00,89.7,OK
EQ-28075-PIA-01,28075,Platelet incubator with agitator,Terumo BCT,Trima Storage Console,2026-08-21T00:00:00,93.6,OK
EQ-28090-PIA-01,28090,Platelet incubator with agitator,Thermo Fisher,Forma 3911,2026-08-21T00:00:00,86.0,OK
EQ-28092-PIA-01,28092,Platelet incubator with agitator,Helmer,PC2200i,2026-08-21T00:00:00,85.5,OK
EQ-24001-PIA-01,24001,Platelet incubator with agitator,Remi,RPA-100,2026-08-21T00:00:00,88.8,OK
EQ-24003-PIA-01,24003,Platelet incubator with agitator,Labtop,LPI-12,2026-08-21T00:00:00,87.4,OK
EQ-283829-PIA-01,283829,Platelet incubator with agitator,Terumo BCT,Trima Storage Console,2026-08-21T00:00:00,92.4,OK
EQ-283850-PIA-01,283850,Platelet incubator with agitator,Thermo Fisher,Forma 3911,2026-08-21T00:00:00,85.8,OK
EQ-24002-PIA-01,24002,Platelet incubator with agitator,Helmer,PC2200i,2026-08-21T00:00:00,87.4,OK
EQ-282700-PIA-01,282700,Platelet incubator with agitator,Remi,RPA-100,2026-08-21T00:00:00,93.3,OK
EQ-282716-PIA-01,282716,Platelet incubator with agitator,Labtop,LPI-12,2026-08-21T00:00:00,89.9,OK
EQ-282726-PIA-01,282726,Platelet incubator with agitator,Terumo BCT,Trima Storage Console,2026-08-21T00:00:00,89.8,OK
EQ-283472-PIA-01,283472,Platelet incubator with agitator,Thermo Fisher,Forma 3911,2026-08-21T00:00:00,85.4,OK
EQ-284055-PIA-01,284055,Platelet incubator with agitator,Helmer,PC2200i,2026-08-21T00:00:00,85.3,OK
EQ-284978-PIA-01,284978,Platelet incubator with agitator,Remi,RPA-100,2026-08-21T00:00:00,86.5,OK
EQ-30033-PIA-01,30033,Platelet incubator with agitator,Labtop,LPI-12,2026-08-21T00:00:00,86.9,OK
EQ-30179-PIA-01,30179,Platelet incubator with agitator,Terumo BCT,Trima Storage Console,2026-08-21T00:00:00,89.4,OK
EQ-30228-PIA-01,30228,Platelet incubator with agitator,Thermo Fisher,Forma 3911,2026-08-21T00:00:00,89.2,OK
EQ-30268-PIA-01,30268,Platelet incubator with agitator,Helmer,PC2200i,2026-08-21T00:00:00,91.6,OK
EQ-33123-PIA-01,33123,Platelet incubator with agitator,Remi,RPA-100,2026-08-21T00:00:00,90.7,OK
EQ-280224-PIA-01,280224,Platelet incubator with agitator,Labtop,LPI-12,2026-08-21T00:00:00,87.0,OK
EQ-280430-PIA-01,280430,Platelet incubator with agitator,Terumo BCT,Trima Storage Console,2026-08-21T00:00:00,88.6,OK
EQ-282699-PIA-01,282699,Platelet incubator with agitator,Thermo Fisher,Forma 3911,2026-08-21T00:00:00,91.8,OK
EQ-282724-PIA-01,282724,Platelet incubator with agitator,Helmer,PC2200i,2026-08-21T00:00:00,86.4,OK
EQ-282725-PIA-01,282725,Platelet incubator with agitator,Remi,RPA-100,2026-08-21T00:00:00,89.8,OK
EQ-282727-PIA-01,282727,Platelet incubator with agitator,Labtop,LPI-12,2026-08-21T00:00:00,92.6,OK
EQ-282737-PIA-01,282737,Platelet incubator with agitator,Terumo BCT,Trima Storage Console,2026-08-21T00:00:00,87.3,OK
EQ-283268-PIA-01,283268,Platelet incubator with agitator,Thermo Fisher,Forma 3911,2026-08-21T00:00:00,90.9,OK
EQ-283340-PIA-01,283340,Platelet incubator with agitator,Helmer,PC2200i,2026-08-21T00:00:00,88.8,OK
EQ-283374-PIA-01,283374,Platelet incubator with agitator,Remi,RPA-100,2026-08-21T00:00:00,90.3,OK
EQ-283451-PIA-01,283451,Platelet incubator with agitator,Labtop,LPI-12,2026-08-21T00:00:00,85.6,OK
EQ-283856-PIA-01,283856,Platelet incubator with agitator,Terumo BCT,Trima Storage Console,2026-08-21T00:00:00,87.9,OK
EQ-283859-PIA-01,283859,Platelet incubator with agitator,Thermo Fisher,Forma 3911,2026-08-21T00:00:00,90.0,OK
EQ-283886-PIA-01,283886,Platelet incubator with agitator,Helmer,PC2200i,2026-08-21T00:00:00,87.8,OK
EQ-283913-PIA-01,283913,Platelet incubator with agitator,Remi,RPA-100,2026-08-21T00:00:00,87.4,OK
EQ-283920-PIA-01,283920,Platelet incubator with agitator,Labtop,LPI-12,2026-08-21T00:00:00,90.4,OK
EQ-283970-PIA-01,283970,Platelet incubator with agitator,Terumo BCT,Trima Storage Console,2026-08-21T00:00:00,90.7,OK
EQ-283983-PIA-01,283983,Platelet incubator with agitator,Thermo Fisher,Forma 3911,2026-08-21T00:00:00,93.8,OK
EQ-284037-PIA-01,284037,Platelet incubator with agitator,Helmer,PC2200i,2026-08-21T00:00:00,90.0,OK
EQ-284400-PIA-01,284400,Platelet incubator with agitator,Remi,RPA-100,2026-08-21T00:00:00,90.7,OK
EQ-284451-PIA-01,284451,Platelet incubator with agitator,Labtop,LPI-12,2026-08-21T00:00:00,88.0,OK
EQ-284490-PIA-01,284490,Platelet incubator with agitator,Terumo BCT,Trima Storage Console,2026-08-21T00:00:00,92.0,OK
EQ-284554-PIA-01,284554,Platelet incubator with agitator,Thermo Fisher,Forma 3911,2026-08-21T00:00:00,90.4,OK
EQ-284723-PIA-01,284723,Platelet incubator with agitator,Helmer,PC2200i,2026-08-21T00:00:00,92.7,OK
EQ-284726-PIA-01,284726,Platelet incubator with agitator,Remi,RPA-100,2026-08-21T00:00:00,87.2,OK
EQ-285106-PIA-01,285106,Platelet incubator with agitator,Labtop,LPI-12,2026-08-21T00:00:00,88.3,OK
EQ-30001-PIA-01,30001,Platelet incubator with agitator,Terumo BCT,Trima Storage Console,2026-08-21T00:00:00,85.2,OK
EQ-30002-PIA-01,30002,Platelet incubator with agitator,Thermo Fisher,Forma 3911,2026-08-21T00:00:00,90.8,OK
EQ-30035-PIA-01,30035,Platelet incubator with agitator,Helmer,PC2200i,2026-08-21T00:00:00,87.3,OK
EQ-30036-PIA-01,30036,Platelet incubator with agitator,Remi,RPA-100,2026-08-21T00:00:00,88.2,OK
EQ-30037-PIA-01,30037,Platelet incubator with agitator,Labtop,LPI-12,2026-08-21T00:00:00,83.7,Watch
EQ-30038-PIA-01,30038,Platelet incubator with agitator,Terumo BCT,Trima Storage Console,2026-08-21T00:00:00,87.6,OK
EQ-30039-PIA-01,30039,Platelet incubator with agitator,Thermo Fisher,Forma 3911,2026-08-21T00:00:00,86.7,OK
EQ-30040-PIA-01,30040,Platelet incubator with agitator,Helmer,PC2200i,2026-08-21T00:00:00,85.9,OK
EQ-30092-PIA-01,30092,Platelet incubator with agitator,Remi,RPA-100,2026-08-21T00:00:00,90.9,OK
EQ-30099-PIA-01,30099,Platelet incubator with agitator,Labtop,LPI-12,2026-08-21T00:00:00,88.1,OK
EQ-30111-PIA-01,30111,Platelet incubator with agitator,Terumo BCT,Trima Storage Console,2026-08-21T00:00:00,90.9,OK
EQ-30120-PIA-01,30120,Platelet incubator with agitator,Thermo Fisher,Forma 3911,2026-08-21T00:00:00,91.3,OK
EQ-30142-PIA-01,30142,Platelet incubator with agitator,Helmer,PC2200i,2026-08-21T00:00:00,89.1,OK
EQ-30153-PIA-01,30153,Platelet incubator with agitator,Remi,RPA-100,2026-08-21T00:00:00,86.1,OK
EQ-30160-PIA-01,30160,Platelet incubator with agitator,Labtop,LPI-12,2026-08-21T00:00:00,89.4,OK
EQ-30168-PIA-01,30168,Platelet incubator with agitator,Terumo BCT,Trima Storage Console,2026-08-21T00:00:00,88.6,OK
EQ-30173-PIA-01,30173,Platelet incubator with agitator,Thermo Fisher,Forma 3911,2026-08-21T00:00:00,88.7,OK
EQ-30246-PIA-01,30246,Platelet incubator with agitator,Helmer,PC2200i,2026-08-21T00:00:00,85.8,OK
EQ-30247-PIA-01,30247,Platelet incubator with agitator,Remi,RPA-100,2026-08-21T00:00:00,89.5,OK
EQ-30250-PIA-01,30250,Platelet incubator with agitator,Labtop,LPI-12,2026-08-21T00:00:00,85.7,OK
EQ-30269-PIA-01,30269,Platelet incubator with agitator,Terumo BCT,Trima Storage Console,2026-08-21T00:00:00,91.5,OK
EQ-30290-PIA-01,30290,Platelet incubator with agitator,Thermo Fisher,Forma 3911,2026-08-21T00:00:00,88.4,OK
EQ-30301-PIA-01,30301,Platelet incubator with agitator,Helmer,PC2200i,2026-08-21T00:00:00,88.5,OK
EQ-30303-PIA-01,30303,Platelet incubator with agitator,Remi,RPA-100,2026-08-21T00:00:00,92.0,OK
EQ-33102-PIA-01,33102,Platelet incubator with agitator,Labtop,LPI-12,2026-08-21T00:00:00,90.3,OK
EQ-33107-PIA-01,33107,Platelet incubator with agitator,Terumo BCT,Trima Storage Console,2026-08-21T00:00:00,91.3,OK
EQ-33115-PIA-01,33115,Platelet incubator with agitator,Thermo Fisher,Forma 3911,2026-08-21T00:00:00,87.6,OK
EQ-33125-PIA-01,33125,Platelet incubator with agitator,Helmer,PC2200i,2026-08-21T00:00:00,94.5,OK
EQ-33131-PIA-01,33131,Platelet incubator with agitator,Remi,RPA-100,2026-08-21T00:00:00,92.3,OK
EQ-282702-PIA-01,282702,Platelet incubator with agitator,Labtop,LPI-12,2026-08-21T00:00:00,88.1,OK
EQ-282707-PIA-01,282707,Platelet incubator with agitator,Terumo BCT,Trima Storage Console,2026-08-21T00:00:00,94.4,OK
EQ-283855-PIA-01,283855,Platelet incubator with agitator,Thermo Fisher,Forma 3911,2026-08-21T00:00:00,88.3,OK
EQ-283908-PIA-01,283908,Platelet incubator with agitator,Helmer,PC2200i,2026-08-21T00:00:00,88.0,OK
EQ-283990-PIA-01,283990,Platelet incubator with agitator,Remi,RPA-100,2026-08-21T00:00:00,91.2,OK
EQ-284475-PIA-01,284475,Platelet incubator with agitator,Labtop,LPI-12,2026-08-21T00:00:00,90.3,OK
EQ-284478-PIA-01,284478,Platelet incubator with agitator,Terumo BCT,Trima Storage Console,2026-08-21T00:00:00,89.0,OK
EQ-284973-PIA-01,284973,Platelet incubator with agitator,Thermo Fisher,Forma 3911,2026-08-21T00:00:00,91.2,OK
EQ-285052-PIA-01,285052,Platelet incubator with agitator,Helmer,PC2200i,2026-08-21T00:00:00,92.9,OK
EQ-30010-PIA-01,30010,Platelet incubator with agitator,Remi,RPA-100,2026-08-21T00:00:00,88.2,OK
EQ-30069-PIA-01,30069,Platelet incubator with agitator,Labtop,LPI-12,2026-08-21T00:00:00,86.5,OK
EQ-30107-PIA-01,30107,Platelet incubator with agitator,Terumo BCT,Trima Storage Console,2026-08-21T00:00:00,87.4,OK
EQ-30116-PIA-01,30116,Platelet incubator with agitator,Thermo Fisher,Forma 3911,2026-08-21T00:00:00,93.7,OK
EQ-30119-PIA-01,30119,Platelet incubator with agitator,Helmer,PC2200i,2026-08-21T00:00:00,87.0,OK
EQ-30152-PIA-01,30152,Platelet incubator with agitator,Remi,RPA-100,2026-08-21T00:00:00,94.0,OK
EQ-30154-PIA-01,30154,Platelet incubator with agitator,Labtop,LPI-12,2026-08-21T00:00:00,87.2,OK
EQ-30165-PIA-01,30165,Platelet incubator with agitator,Terumo BCT,Trima Storage Console,2026-08-21T00:00:00,86.7,OK
EQ-30182-PIA-01,30182,Platelet incubator with agitator,Thermo Fisher,Forma 3911,2026-08-21T00:00:00,91.5,OK
EQ-30189-PIA-01,30189,Platelet incubator with agitator,Helmer,PC2200i,2026-08-21T00:00:00,89.9,OK
EQ-30212-PIA-01,30212,Platelet incubator with agitator,Remi,RPA-100,2026-08-21T00:00:00,87.4,OK
EQ-30214-PIA-01,30214,Platelet incubator with agitator,Labtop,LPI-12,2026-08-21T00:00:00,92.1,OK
EQ-30272-PIA-01,30272,Platelet incubator with agitator,Terumo BCT,Trima Storage Console,2026-08-21T00:00:00,84.9,Watch
EQ-30273-PIA-01,30273,Platelet incubator with agitator,Thermo Fisher,Forma 3911,2026-08-21T00:00:00,91.9,OK
EQ-30277-PIA-01,30277,Platelet incubator with agitator,Helmer,PC2200i,2026-08-21T00:00:00,85.1,OK
EQ-33110-PIA-01,33110,Platelet incubator with agitator,Remi,RPA-100,2026-08-21T00:00:00,90.9,OK
EQ-33124-PIA-01,33124,Platelet incubator with agitator,Labtop,LPI-12,2026-08-21T00:00:00,90.5,OK
EQ-280228-PIA-01,280228,Platelet incubator with agitator,Terumo BCT,Trima Storage Console,2026-08-21T00:00:00,88.3,OK
EQ-30025-PIA-01,30025,Platelet incubator with agitator,Thermo Fisher,Forma 3911,2026-08-21T00:00:00,90.1,OK
EQ-30026-PIA-01,30026,Platelet incubator with agitator,Helmer,PC2200i,2026-08-21T00:00:00,87.9,OK
EQ-30027-PIA-01,30027,Platelet incubator with agitator,Remi,RPA-100,2026-08-21T00:00:00,87.6,OK
EQ-30091-PIA-01,30091,Platelet incubator with agitator,Labtop,LPI-12,2026-08-21T00:00:00,87.9,OK
EQ-33121-PIA-01,33121,Platelet incubator with agitator,Terumo BCT,Trima Storage Console,2026-08-21T00:00:00,87.6,OK
EQ-283240-PIA-01,283240,Platelet incubator with agitator,Thermo Fisher,Forma 3911,2026-08-21T00:00:00,89.0,OK
EQ-283994-PIA-01,283994,Platelet incubator with agitator,Helmer,PC2200i,2026-08-21T00:00:00,84.7,Watch
EQ-284036-PIA-01,284036,Platelet incubator with agitator,Remi,RPA-100,2026-08-21T00:00:00,86.6,OK
EQ-33130-PIA-01,33130,Platelet incubator with agitator,Labtop,LPI-12,2026-08-21T00:00:00,88.6,OK
EQ-283800-PIA-01,283800,Platelet incubator with agitator,Terumo BCT,Trima Storage Console,2026-08-21T00:00:00,91.9,OK
EQ-285143-PIA-01,285143,Platelet incubator with agitator,Thermo Fisher,Forma 3911,2026-08-21T00:00:00,88.1,OK
EQ-30021-PIA-01,30021,Platelet incubator with agitator,Helmer,PC2200i,2026-08-21T00:00:00,85.6,OK
EQ-30030-PIA-01,30030,Platelet incubator with agitator,Remi,RPA-100,2026-08-21T00:00:00,86.9,OK
EQ-30137-PIA-01,30137,Platelet incubator with agitator,Labtop,LPI-12,2026-08-21T00:00:00,88.4,OK
EQ-30156-PIA-01,30156,Platelet incubator with agitator,Terumo BCT,Trima Storage Console,2026-08-21T00:00:00,88.9,OK
EQ-30178-PIA-01,30178,Platelet incubator with agitator,Thermo Fisher,Forma 3911,2026-08-21T00:00:00,91.1,OK
EQ-30180-PIA-01,30180,Platelet incubator with agitator,Helmer,PC2200i,2026-08-21T00:00:00,90.3,OK
EQ-30207-PIA-01,30207,Platelet incubator with agitator,Remi,RPA-100,2026-08-21T00:00:00,94.4,OK
EQ-30225-PIA-01,30225,Platelet incubator with agitator,Labtop,LPI-12,2026-08-21T00:00:00,89.3,OK
EQ-30254-PIA-01,30254,Platelet incubator with agitator,Terumo BCT,Trima Storage Console,2026-08-21T00:00:00,87.9,OK
EQ-30289-PIA-01,30289,Platelet incubator with agitator,Thermo Fisher,Forma 3911,2026-08-21T00:00:00,88.0,OK
EQ-282705-PIA-01,282705,Platelet incubator with agitator,Helmer,PC2200i,2026-08-21T00:00:00,86.0,OK
EQ-283918-PIA-01,283918,Platelet incubator with agitator,Remi,RPA-100,2026-08-21T00:00:00,93.1,OK
EQ-284027-PIA-01,284027,Platelet incubator with agitator,Labtop,LPI-12,2026-08-21T00:00:00,92.7,OK
EQ-284489-PIA-01,284489,Platelet incubator with agitator,Terumo BCT,Trima Storage Console,2026-08-21T00:00:00,85.8,OK
EQ-30041-PIA-01,30041,Platelet incubator with agitator,Thermo Fisher,Forma 3911,2026-08-21T00:00:00,93.7,OK
EQ-30094-PIA-01,30094,Platelet incubator with agitator,Helmer,PC2200i,2026-08-21T00:00:00,90.9,OK
EQ-30104-PIA-01,30104,Platelet incubator with agitator,Remi,RPA-100,2026-08-21T00:00:00,91.4,OK
EQ-30184-PIA-01,30184,Platelet incubator with agitator,Labtop,LPI-12,2026-08-21T00:00:00,90.1,OK
EQ-30230-PIA-01,30230,Platelet incubator with agitator,Terumo BCT,Trima Storage Console,2026-08-21T00:00:00,90.3,OK
EQ-30281-PIA-01,30281,Platelet incubator with agitator,Thermo Fisher,Forma 3911,2026-08-21T00:00:00,85.1,OK
EQ-33104-PIA-01,33104,Platelet incubator with agitator,Helmer,PC2200i,2026-08-21T00:00:00,93.0,OK
EQ-282694-PIA-01,282694,Platelet incubator with agitator,Remi,RPA-100,2026-08-21T00:00:00,89.9,OK
EQ-283992-PIA-01,283992,Platelet incubator with agitator,Labtop,LPI-12,2026-08-21T00:00:00,89.9,OK
EQ-284053-PIA-01,284053,Platelet incubator with agitator,Terumo BCT,Trima Storage Console,2026-08-21T00:00:00,93.5,OK
EQ-30059-PIA-01,30059,Platelet incubator with agitator,Thermo Fisher,Forma 3911,2026-08-21T00:00:00,92.9,OK
EQ-280581-PIA-01,280581,Platelet incubator with agitator,Helmer,PC2200i,2026-08-21T00:00:00,89.1,OK
EQ-282701-PIA-01,282701,Platelet incubator with agitator,Remi,RPA-100,2026-08-21T00:00:00,89.1,OK
EQ-283614-PIA-01,283614,Platelet incubator with agitator,Labtop,LPI-12,2026-08-21T00:00:00,93.1,OK
EQ-283917-PIA-01,283917,Platelet incubator with agitator,Terumo BCT,Trima Storage Console,2026-08-21T00:00:00,93.0,OK
EQ-284420-PIA-01,284420,Platelet incubator with agitator,Thermo Fisher,Forma 3911,2026-08-21T00:00:00,87.8,OK
EQ-284715-PIA-01,284715,Platelet incubator with agitator,Helmer,PC2200i,2026-08-21T00:00:00,84.2,Watch
EQ-30042-PIA-01,30042,Platelet incubator with agitator,Remi,RPA-100,2026-08-21T00:00:00,88.0,OK
EQ-30174-PIA-01,30174,Platelet incubator with agitator,Labtop,LPI-12,2026-08-21T00:00:00,87.6,OK
EQ-30195-PIA-01,30195,Platelet incubator with agitator,Terumo BCT,Trima Storage Console,2026-08-21T00:00:00,92.5,OK
EQ-30202-PIA-01,30202,Platelet incubator with agitator,Thermo Fisher,Forma 3911,2026-08-21T00:00:00,89.1,OK
EQ-30248-PIA-01,30248,Platelet incubator with agitator,Helmer,PC2200i,2026-08-21T00:00:00,87.7,OK
EQ-30257-PIA-01,30257,Platelet incubator with agitator,Remi,RPA-100,2026-08-21T00:00:00,90.9,OK
EQ-30264-PIA-01,30264,Platelet incubator with agitator,Labtop,LPI-12,2026-08-21T00:00:00,91.8,OK
EQ-30278-PIA-01,30278,Platelet incubator with agitator,Terumo BCT,Trima Storage Console,2026-08-21T00:00:00,92.0,OK
EQ-30280-PIA-01,30280,Platelet incubator with agitator,Thermo Fisher,Forma 3911,2026-08-21T00:00:00,84.0,Watch
EQ-33118-PIA-01,33118,Platelet incubator with agitator,Helmer,PC2200i,2026-08-21T00:00:00,85.6,OK
EQ-282703-PIA-01,282703,Platelet incubator with agitator,Remi,RPA-100,2026-08-21T00:00:00,86.6,OK
EQ-282704-PIA-01,282704,Platelet incubator with agitator,Labtop,LPI-12,2026-08-21T00:00:00,87.6,OK
EQ-30161-PIA-01,30161,Platelet incubator with agitator,Terumo BCT,Trima Storage Console,2026-08-21T00:00:00,87.1,OK
EQ-30163-PIA-01,30163,Platelet incubator with agitator,Thermo Fisher,Forma 3911,2026-08-21T00:00:00,94.0,OK
EQ-30169-PIA-01,30169,Platelet incubator with agitator,Helmer,PC2200i,2026-08-21T00:00:00,88.9,OK
EQ-30216-PIA-01,30216,Platelet incubator with agitator,Remi,RPA-100,2026-08-21T00:00:00,89.2,OK
EQ-30226-PIA-01,30226,Platelet incubator with agitator,Labtop,LPI-12,2026-08-21T00:00:00,89.4,OK
EQ-30232-PIA-01,30232,Platelet incubator with agitator,Terumo BCT,Trima Storage Console,2026-08-21T00:00:00,86.2,OK
EQ-30244-PIA-01,30244,Platelet incubator with agitator,Thermo Fisher,Forma 3911,2026-08-21T00:00:00,90.1,OK
EQ-30266-PIA-01,30266,Platelet incubator with agitator,Helmer,PC2200i,2026-08-21T00:00:00,90.5,OK
EQ-33122-PIA-01,33122,Platelet incubator with agitator,Remi,RPA-100,2026-08-21T00:00:00,87.3,OK
EQ-283343-PIA-01,283343,Platelet incubator with agitator,Labtop,LPI-12,2026-08-21T00:00:00,90.8,OK
EQ-283924-PIA-01,283924,Platelet incubator with agitator,Terumo BCT,Trima Storage Console,2026-08-21T00:00:00,89.2,OK
EQ-30007-PIA-01,30007,Platelet incubator with agitator,Thermo Fisher,Forma 3911,2026-08-21T00:00:00,87.9,OK
EQ-30166-PIA-01,30166,Platelet incubator with agitator,Helmer,PC2200i,2026-08-21T00:00:00,86.7,OK
EQ-284054-PIA-01,284054,Platelet incubator with agitator,Remi,RPA-100,2026-08-21T00:00:00,91.0,OK
EQ-284173-PIA-01,284173,Platelet incubator with agitator,Labtop,LPI-12,2026-08-21T00:00:00,90.2,OK
EQ-285113-PIA-01,285113,Platelet incubator with agitator,Terumo BCT,Trima Storage Console,2026-08-21T00:00:00,89.7,OK
EQ-30053-PIA-01,30053,Platelet incubator with agitator,Thermo Fisher,Forma 3911,2026-08-21T00:00:00,92.3,OK
EQ-30070-PIA-01,30070,Platelet incubator with agitator,Helmer,PC2200i,2026-08-21T00:00:00,85.7,OK
EQ-30201-PIA-01,30201,Platelet incubator with agitator,Remi,RPA-100,2026-08-21T00:00:00,92.4,OK
EQ-30297-PIA-01,30297,Platelet incubator with agitator,Labtop,LPI-12,2026-08-21T00:00:00,93.4,OK
EQ-30300-PIA-01,30300,Platelet incubator with agitator,Terumo BCT,Trima Storage Console,2026-08-21T00:00:00,85.3,OK
EQ-282696-PIA-01,282696,Platelet incubator with agitator,Thermo Fisher,Forma 3911,2026-08-21T00:00:00,87.3,OK
EQ-283255-PIA-01,283255,Platelet incubator with agitator,Helmer,PC2200i,2026-08-21T00:00:00,87.9,OK
EQ-284028-PIA-01,284028,Platelet incubator with agitator,Remi,RPA-100,2026-08-21T00:00:00,90.9,OK
EQ-284484-PIA-01,284484,Platelet incubator with agitator,Labtop,LPI-12,2026-08-21T00:00:00,92.1,OK
EQ-284507-PIA-01,284507,Platelet incubator with agitator,Terumo BCT,Trima Storage Console,2026-08-21T00:00:00,88.2,OK
EQ-284937-PIA-01,284937,Platelet incubator with agitator,Thermo Fisher,Forma 3911,2026-08-21T00:00:00,93.5,OK
EQ-30005-PIA-01,30005,Platelet incubator with agitator,Helmer,PC2200i,2026-08-21T00:00:00,84.9,Watch
EQ-30131-PIA-01,30131,Platelet incubator with agitator,Remi,RPA-100,2026-08-21T00:00:00,86.8,OK
EQ-30170-PIA-01,30170,Platelet incubator with agitator,Labtop,LPI-12,2026-08-21T00:00:00,90.0,OK
EQ-30172-PIA-01,30172,Platelet incubator with agitator,Terumo BCT,Trima Storage Console,2026-08-21T00:00:00,92.0,OK
EQ-30197-PIA-01,30197,Platelet incubator with agitator,Thermo Fisher,Forma 3911,2026-08-21T00:00:00,92.1,OK
EQ-30222-PIA-01,30222,Platelet incubator with agitator,Helmer,PC2200i,2026-08-21T00:00:00,90.9,OK
EQ-30229-PIA-01,30229,Platelet incubator with agitator,Remi,RPA-100,2026-08-21T00:00:00,94.6,OK
EQ-30291-PIA-01,30291,Platelet incubator with agitator,Labtop,LPI-12,2026-08-21T00:00:00,89.9,OK
EQ-33114-PIA-01,33114,Platelet incubator with agitator,Terumo BCT,Trima Storage Console,2026-08-21T00:00:00,84.6,Watch
EQ-30073-PIA-01,30073,Platelet incubator with agitator,Thermo Fisher,Forma 3911,2026-08-21T00:00:00,92.8,OK
EQ-280567-PIA-01,280567,Platelet incubator with agitator,Helmer,PC2200i,2026-08-21T00:00:00,91.1,OK
EQ-283383-PIA-01,283383,Platelet incubator with agitator,Remi,RPA-100,2026-08-21T00:00:00,91.5,OK
EQ-283997-PIA-01,283997,Platelet incubator with agitator,Labtop,LPI-12,2026-08-21T00:00:00,92.4,OK
EQ-30049-PIA-01,30049,Platelet incubator with agitator,Terumo BCT,Trima Storage Console,2026-08-21T00:00:00,92.5,OK
EQ-30066-PIA-01,30066,Platelet incubator with agitator,Thermo Fisher,Forma 3911,2026-08-21T00:00:00,89.7,OK
EQ-30074-PIA-01,30074,Platelet incubator with agitator,Helmer,PC2200i,2026-08-21T00:00:00,91.8,OK
EQ-30095-PIA-01,30095,Platelet incubator with agitator,Remi,RPA-100,2026-08-21T00:00:00,86.0,OK
EQ-284553-PIA-01,284553,Platelet incubator with agitator,Labtop,LPI-12,2026-08-21T00:00:00,92.1,OK
EQ-30055-PIA-01,30055,Platelet incubator with agitator,Terumo BCT,Trima Storage Console,2026-08-21T00:00:00,90.8,OK
EQ-30220-PIA-01,30220,Platelet incubator with agitator,Thermo Fisher,Forma 3911,2026-08-21T00:00:00,84.5,Watch
EQ-30275-PIA-01,30275,Platelet incubator with agitator,Helmer,PC2200i,2026-08-21T00:00:00,91.4,OK
EQ-282720-PIA-01,282720,Platelet incubator with agitator,Remi,RPA-100,2026-08-21T00:00:00,90.2,OK
EQ-283366-PIA-01,283366,Platelet incubator with agitator,Labtop,LPI-12,2026-08-21T00:00:00,88.8,OK
EQ-30024-PIA-01,30024,Platelet incubator with agitator,Terumo BCT,Trima Storage Console,2026-08-21T00:00:00,86.0,OK
EQ-30295-PIA-01,30295,Platelet incubator with agitator,Thermo Fisher,Forma 3911,2026-08-21T00:00:00,92.2,OK
EQ-284491-PIA-01,284491,Platelet incubator with agitator,Helmer,PC2200i,2026-08-21T00:00:00,92.6,OK
EQ-30017-PIA-01,30017,Platelet incubator with agitator,Remi,RPA-100,2026-08-21T00:00:00,86.8,OK
EQ-30298-PIA-01,30298,Platelet incubator with agitator,Labtop,LPI-12,2026-08-21T00:00:00,85.8,OK
EQ-282697-PIA-01,282697,Platelet incubator with agitator,Terumo BCT,Trima Storage Console,2026-08-21T00:00:00,88.4,OK
EQ-282712-PIA-01,282712,Platelet incubator with agitator,Thermo Fisher,Forma 3911,2026-08-21T00:00:00,85.6,OK
EQ-283293-PIA-01,283293,Platelet incubator with agitator,Helmer,PC2200i,2026-08-21T00:00:00,91.8,OK
EQ-33116-PIA-01,33116,Platelet incubator with agitator,Remi,RPA-100,2026-08-21T00:00:00,89.6,OK
EQ-282040-PIA-01,282040,Platelet incubator with agitator,Labtop,LPI-12,2026-08-21T00:00:00,93.1,OK
EQ-282713-PIA-01,282713,Platelet incubator with agitator,Terumo BCT,Trima Storage Console,2026-08-21T00:00:00,91.5,OK
EQ-283358-PIA-01,283358,Platelet incubator with agitator,Thermo Fisher,Forma 3911,2026-08-21T00:00:00,88.6,OK
EQ-283919-PIA-01,283919,Platelet incubator with agitator,Helmer,PC2200i,2026-08-21T00:00:00,91.5,OK
EQ-283984-PIA-01,283984,Platelet incubator with agitator,Remi,RPA-100,2026-08-21T00:00:00,89.9,OK
EQ-283987-PIA-01,283987,Platelet incubator with agitator,Labtop,LPI-12,2026-08-21T00:00:00,85.5,OK
EQ-30032-PIA-01,30032,Platelet incubator with agitator,Terumo BCT,Trima Storage Console,2026-08-21T00:00:00,84.8,Watch
EQ-30063-PIA-01,30063,Platelet incubator with agitator,Thermo Fisher,Forma 3911,2026-08-21T00:00:00,88.8,OK
EQ-30089-PIA-01,30089,Platelet incubator with agitator,Helmer,PC2200i,2026-08-21T00:00:00,87.4,OK
EQ-30105-PIA-01,30105,Platelet incubator with agitator,Remi,RPA-100,2026-08-21T00:00:00,86.3,OK
EQ-30175-PIA-01,30175,Platelet incubator with agitator,Labtop,LPI-12,2026-08-21T00:00:00,87.7,OK
EQ-30204-PIA-01,30204,Platelet incubator with agitator,Terumo BCT,Trima Storage Console,2026-08-21T00:00:00,86.6,OK
EQ-30235-PIA-01,30235,Platelet incubator with agitator,Thermo Fisher,Forma 3911,2026-08-21T00:00:00,87.2,OK
EQ-30236-PIA-01,30236,Platelet incubator with agitator,Helmer,PC2200i,2026-08-21T00:00:00,85.2,OK
EQ-30243-PIA-01,30243,Platelet incubator with agitator,Remi,RPA-100,2026-08-21T00:00:00,88.3,OK
EQ-30252-PIA-01,30252,Platelet incubator with agitator,Labtop,LPI-12,2026-08-21T00:00:00,91.7,OK
EQ-30258-PIA-01,30258,Platelet incubator with agitator,Terumo BCT,Trima Storage Console,2026-08-21T00:00:00,87.7,OK
EQ-30263-PIA-01,30263,Platelet incubator with agitator,Thermo Fisher,Forma 3911,2026-08-21T00:00:00,87.2,OK
EQ-33129-PIA-01,33129,Platelet incubator with agitator,Helmer,PC2200i,2026-08-21T00:00:00,91.2,OK
EQ-282709-PIA-01,282709,Platelet incubator with agitator,Remi,RPA-100,2026-08-21T00:00:00,84.3,Watch
EQ-30062-PIA-01,30062,Platelet incubator with agitator,Labtop,LPI-12,2026-08-21T00:00:00,88.1,OK
EQ-283951-PIA-01,283951,Platelet incubator with agitator,Terumo BCT,Trima Storage Console,2026-08-21T00:00:00,87.3,OK
EQ-30028-PIA-01,30028,Platelet incubator with agitator,Thermo Fisher,Forma 3911,2026-08-21T00:00:00,85.6,OK
EQ-30072-PIA-01,30072,Platelet incubator with agitator,Helmer,PC2200i,2026-08-21T00:00:00,91.3,OK
EQ-30217-PIA-01,30217,Platelet incubator with agitator,Remi,RPA-100,2026-08-21T00:00:00,91.5,OK
EQ-280566-PIA-01,280566,Platelet incubator with agitator,Labtop,LPI-12,2026-08-21T00:00:00,90.1,OK
EQ-282714-PIA-01,282714,Platelet incubator with agitator,Terumo BCT,Trima Storage Console,2026-08-21T00:00:00,87.9,OK
EQ-283489-PIA-01,283489,Platelet incubator with agitator,Thermo Fisher,Forma 3911,2026-08-21T00:00:00,90.6,OK
EQ-283839-PIA-01,283839,Platelet incubator with agitator,Helmer,PC2200i,2026-08-21T00:00:00,90.6,OK
EQ-284325-PIA-01,284325,Platelet incubator with agitator,Remi,RPA-100,2026-08-21T00:00:00,88.9,OK
EQ-284486-PIA-01,284486,Platelet incubator with agitator,Labtop,LPI-12,2026-08-21T00:00:00,91.0,OK
EQ-30004-PIA-01,30004,Platelet incubator with agitator,Terumo BCT,Trima Storage Console,2026-08-21T00:00:00,89.4,OK
EQ-30022-PIA-01,30022,Platelet incubator with agitator,Thermo Fisher,Forma 3911,2026-08-21T00:00:00,93.9,OK
EQ-30052-PIA-01,30052,Platelet incubator with agitator,Helmer,PC2200i,2026-08-21T00:00:00,89.2,OK
EQ-30159-PIA-01,30159,Platelet incubator with agitator,Remi,RPA-100,2026-08-21T00:00:00,90.2,OK
EQ-30271-PIA-01,30271,Platelet incubator with agitator,Labtop,LPI-12,2026-08-21T00:00:00,90.1,OK
EQ-30293-PIA-01,30293,Platelet incubator with agitator,Terumo BCT,Trima Storage Console,2026-08-21T00:00:00,87.5,OK
EQ-33113-PIA-01,33113,Platelet incubator with agitator,Thermo Fisher,Forma 3911,2026-08-21T00:00:00,89.1,OK
EQ-282715-PIA-01,282715,Platelet incubator with agitator,Helmer,PC2200i,2026-08-21T00:00:00,88.8,OK
EQ-30050-PIA-01,30050,Platelet incubator with agitator,Remi,RPA-100,2026-08-21T00:00:00,90.6,OK
EQ-30085-PIA-01,30085,Platelet incubator with agitator,Labtop,LPI-12,2026-08-21T00:00:00,91.6,OK
EQ-30299-PIA-01,30299,Platelet incubator with agitator,Terumo BCT,Trima Storage Console,2026-08-21T00:00:00,92.0,OK
EQ-282047-PIA-01,282047,Platelet incubator with agitator,Thermo Fisher,Forma 3911,2026-08-21T00:00:00,85.7,OK
EQ-282708-PIA-01,282708,Platelet incubator with agitator,Helmer,PC2200i,2026-08-21T00:00:00,90.4,OK
EQ-283392-PIA-01,283392,Platelet incubator with agitator,Remi,RPA-100,2026-08-21T00:00:00,89.5,OK
EQ-30082-PIA-01,30082,Platelet incubator with agitator,Labtop,LPI-12,2026-08-21T00:00:00,88.9,OK
EQ-30141-PIA-01,30141,Platelet incubator with agitator,Terumo BCT,Trima Storage Console,2026-08-21T00:00:00,90.1,OK
EQ-283378-PIA-01,283378,Platelet incubator with agitator,Thermo Fisher,Forma 3911,2026-08-21T00:00:00,92.3,OK
EQ-283958-PIA-01,283958,Platelet incubator with agitator,Helmer,PC2200i,2026-08-21T00:00:00,90.9,OK
EQ-284030-PIA-01,284030,Platelet incubator with agitator,Remi,RPA-100,2026-08-21T00:00:00,90.7,OK
EQ-285050-PIA-01,285050,Platelet incubator with agitator,Labtop,LPI-12,2026-08-21T00:00:00,90.4,OK
EQ-30075-PIA-01,30075,Platelet incubator with agitator,Terumo BCT,Trima Storage Console,2026-08-21T00:00:00,92.2,OK
EQ-30260-PIA-01,30260,Platelet incubator with agitator,Thermo Fisher,Forma 3911,2026-08-21T00:00:00,92.4,OK
EQ-30294-PIA-01,30294,Platelet incubator with agitator,Helmer,PC2200i,2026-08-21T00:00:00,87.1,OK
EQ-33112-PIA-01,33112,Platelet incubator with agitator,Remi,RPA-100,2026-08-21T00:00:00,90.9,OK
EQ-282086-PIA-01,282086,Platelet incubator with agitator,Labtop,LPI-12,2026-08-21T00:00:00,89.4,OK
EQ-30054-PIA-01,30054,Platelet incubator with agitator,Terumo BCT,Trima Storage Console,2026-08-21T00:00:00,83.9,Watch
EQ-33109-PIA-01,33109,Platelet incubator with agitator,Thermo Fisher,Forma 3911,2026-08-21T00:00:00,90.5,OK
EQ-33126-PIA-01,33126,Platelet incubator with agitator,Helmer,PC2200i,2026-08-21T00:00:00,88.7,OK
EQ-33132-PIA-01,33132,Platelet incubator with agitator,Remi,RPA-100,2026-08-21T00:00:00,86.1,OK
EQ-282693-PIA-01,282693,Platelet incubator with agitator,Labtop,LPI-12,2026-08-21T00:00:00,88.4,OK
EQ-282711-PIA-01,282711,Platelet incubator with agitator,Terumo BCT,Trima Storage Console,2026-08-21T00:00:00,87.0,OK
EQ-30015-PIA-01,30015,Platelet incubator with agitator,Thermo Fisher,Forma 3911,2026-08-21T00:00:00,94.1,OK
EQ-30157-PIA-01,30157,Platelet incubator with agitator,Helmer,PC2200i,2026-08-21T00:00:00,92.0,OK
EQ-30194-PIA-01,30194,Platelet incubator with agitator,Remi,RPA-100,2026-08-21T00:00:00,89.2,OK
EQ-30296-PIA-01,30296,Platelet incubator with agitator,Labtop,LPI-12,2026-08-21T00:00:00,86.2,OK
EQ-33108-PIA-01,33108,Platelet incubator with agitator,Terumo BCT,Trima Storage Console,2026-08-21T00:00:00,91.1,OK
EQ-282692-PIA-01,282692,Platelet incubator with agitator,Thermo Fisher,Forma 3911,2026-08-21T00:00:00,87.4,OK
EQ-284265-PIA-01,284265,Platelet incubator with agitator,Helmer,PC2200i,2026-08-21T00:00:00,85.6,OK
EQ-284276-PIA-01,284276,Platelet incubator with agitator,Remi,RPA-100,2026-08-21T00:00:00,91.0,OK
EQ-284476-PIA-01,284476,Platelet incubator with agitator,Labtop,LPI-12,2026-08-21T00:00:00,93.9,OK
EQ-284713-PIA-01,284713,Platelet incubator with agitator,Terumo BCT,Trima Storage Console,2026-08-21T00:00:00,86.6,OK
EQ-284714-PIA-01,284714,Platelet incubator with agitator,Thermo Fisher,Forma 3911,2026-08-21T00:00:00,87.1,OK
EQ-30008-PIA-01,30008,Platelet incubator with agitator,Helmer,PC2200i,2026-08-21T00:00:00,93.0,OK
EQ-30093-PIA-01,30093,Platelet incubator with agitator,Remi,RPA-100,2026-08-21T00:00:00,87.6,OK
EQ-30106-PIA-01,30106,Platelet incubator with agitator,Labtop,LPI-12,2026-08-21T00:00:00,89.7,OK
EQ-30149-PIA-01,30149,Platelet incubator with agitator,Terumo BCT,Trima Storage Console,2026-08-21T00:00:00,89.5,OK
EQ-30171-PIA-01,30171,Platelet incubator with agitator,Thermo Fisher,Forma 3911,2026-08-21T00:00:00,91.1,OK
EQ-30186-PIA-01,30186,Platelet incubator with agitator,Helmer,PC2200i,2026-08-21T00:00:00,86.9,OK
EQ-30213-PIA-01,30213,Platelet incubator with agitator,Remi,RPA-100,2026-08-21T00:00:00,94.0,OK
EQ-30219-PIA-01,30219,Platelet incubator with agitator,Labtop,LPI-12,2026-08-21T00:00:00,90.4,OK
EQ-30259-PIA-01,30259,Platelet incubator with agitator,Terumo BCT,Trima Storage Console,2026-08-21T00:00:00,93.8,OK
EQ-30265-PIA-01,30265,Platelet incubator with agitator,Thermo Fisher,Forma 3911,2026-08-21T00:00:00,88.4,OK
EQ-33119-PIA-01,33119,Platelet incubator with agitator,Helmer,PC2200i,2026-08-21T00:00:00,87.3,OK
EQ-284024-PIA-01,284024,Platelet incubator with agitator,Remi,RPA-100,2026-08-21T00:00:00,89.5,OK
EQ-30009-PIA-01,30009,Platelet incubator with agitator,Labtop,LPI-12,2026-08-21T00:00:00,86.9,OK
EQ-30078-PIA-01,30078,Platelet incubator with agitator,Terumo BCT,Trima Storage Console,2026-08-21T00:00:00,85.8,OK
EQ-30192-PIA-01,30192,Platelet incubator with agitator,Thermo Fisher,Forma 3911,2026-08-21T00:00:00,93.8,OK
EQ-30199-PIA-01,30199,Platelet incubator with agitator,Helmer,PC2200i,2026-08-21T00:00:00,86.8,OK
EQ-30241-PIA-01,30241,Platelet incubator with agitator,Remi,RPA-100,2026-08-21T00:00:00,88.2,OK
EQ-30253-PIA-01,30253,Platelet incubator with agitator,Labtop,LPI-12,2026-08-21T00:00:00,90.0,OK
EQ-33105-PIA-01,33105,Platelet incubator with agitator,Terumo BCT,Trima Storage Console,2026-08-21T00:00:00,87.4,OK
EQ-33106-PIA-01,33106,Platelet incubator with agitator,Thermo Fisher,Forma 3911,2026-08-21T00:00:00,85.2,OK
EQ-33117-PIA-01,33117,Platelet incubator with agitator,Helmer,PC2200i,2026-08-21T00:00:00,88.7,OK
EQ-282690-PIA-01,282690,Platelet incubator with agitator,Remi,RPA-100,2026-08-21T00:00:00,91.0,OK
EQ-284941-PIA-01,284941,Platelet incubator with agitator,Labtop,LPI-12,2026-08-21T00:00:00,90.8,OK
EQ-30067-PIA-01,30067,Platelet incubator with agitator,Terumo BCT,Trima Storage Console,2026-08-21T00:00:00,88.8,OK
EQ-30079-PIA-01,30079,Platelet incubator with agitator,Thermo Fisher,Forma 3911,2026-08-21T00:00:00,88.4,OK
EQ-280226-PIA-01,280226,Platelet incubator with agitator,Helmer,PC2200i,2026-08-21T00:00:00,93.3,OK
EQ-283874-PIA-01,283874,Platelet incubator with agitator,Remi,RPA-100,2026-08-21T00:00:00,91.6,OK
EQ-30048-PIA-01,30048,Platelet incubator with agitator,Labtop,LPI-12,2026-08-21T00:00:00,92.2,OK
EQ-30068-PIA-01,30068,Platelet incubator with agitator,Terumo BCT,Trima Storage Console,2026-08-21T00:00:00,91.0,OK
EQ-30193-PIA-01,30193,Platelet incubator with agitator,Thermo Fisher,Forma 3911,2026-08-21T00:00:00,91.5,OK
EQ-30245-PIA-01,30245,Platelet incubator with agitator,Helmer,PC2200i,2026-08-21T00:00:00,90.4,OK
EQ-284034-PIA-01,284034,Platelet incubator with agitator,Remi,RPA-100,2026-08-21T00:00:00,92.6,OK
EQ-284057-PIA-01,284057,Platelet incubator with agitator,Labtop,LPI-12,2026-08-21T00:00:00,89.0,OK
EQ-30016-PIA-01,30016,Platelet incubator with agitator,Terumo BCT,Trima Storage Console,2026-08-21T00:00:00,90.2,OK
EQ-30098-PIA-01,30098,Platelet incubator with agitator,Thermo Fisher,Forma 3911,2026-08-21T00:00:00,88.6,OK
EQ-30209-PIA-01,30209,Platelet incubator with agitator,Helmer,PC2200i,2026-08-21T00:00:00,89.0,OK
EQ-280659-PIA-01,280659,Platelet incubator with agitator,Remi,RPA-100,2026-08-21T00:00:00,84.4,Watch
EQ-283403-PIA-01,283403,Platelet incubator with agitator,Labtop,LPI-12,2026-08-21T00:00:00,91.4,OK
EQ-284797-PIA-01,284797,Platelet incubator with agitator,Terumo BCT,Trima Storage Console,2026-08-21T00:00:00,88.8,OK
EQ-30045-PIA-01,30045,Platelet incubator with agitator,Thermo Fisher,Forma 3911,2026-08-21T00:00:00,92.0,OK
EQ-30065-PIA-01,30065,Platelet incubator with agitator,Helmer,PC2200i,2026-08-21T00:00:00,92.1,OK
EQ-30196-PIA-01,30196,Platelet incubator with agitator,Remi,RPA-100,2026-08-21T00:00:00,89.4,OK
EQ-30242-PIA-01,30242,Platelet incubator with agitator,Labtop,LPI-12,2026-08-21T00:00:00,87.4,OK
EQ-284492-PIA-01,284492,Platelet incubator with agitator,Terumo BCT,Trima Storage Console,2026-08-21T00:00:00,91.6,OK
EQ-285157-PIA-01,285157,Platelet incubator with agitator,Thermo Fisher,Forma 3911,2026-08-21T00:00:00,90.1,OK
EQ-30019-PIA-01,30019,Platelet incubator with agitator,Helmer,PC2200i,2026-08-21T00:00:00,89.4,OK
EQ-30020-PIA-01,30020,Platelet incubator with agitator,Remi,RPA-100,2026-08-21T00:00:00,91.1,OK
EQ-30239-PIA-01,30239,Platelet incubator with agitator,Labtop,LPI-12,2026-08-21T00:00:00,84.1,Watch
EQ-30286-PIA-01,30286,Platelet incubator with agitator,Terumo BCT,Trima Storage Console,2026-08-21T00:00:00,93.2,OK
EQ-282719-PIA-01,282719,Platelet incubator with agitator,Thermo Fisher,Forma 3911,2026-08-21T00:00:00,94.4,OK
EQ-284493-PIA-01,284493,Platelet incubator with agitator,Helmer,PC2200i,2026-08-21T00:00:00,94.3,OK
EQ-285242-PIA-01,285242,Platelet incubator with agitator,Remi,RPA-100,2026-08-21T00:00:00,88.8,OK
EQ-30013-PIA-01,30013,Platelet incubator with agitator,Labtop,LPI-12,2026-08-21T00:00:00,87.0,OK
EQ-30044-PIA-01,30044,Platelet incubator with agitator,Terumo BCT,Trima Storage Console,2026-08-21T00:00:00,84.2,Watch
EQ-30046-PIA-01,30046,Platelet incubator with agitator,Thermo Fisher,Forma 3911,2026-08-21T00:00:00,86.7,OK
EQ-30127-PIA-01,30127,Platelet incubator with agitator,Helmer,PC2200i,2026-08-21T00:00:00,85.4,OK
EQ-282991-PIA-01,282991,Platelet incubator with agitator,Remi,RPA-100,2026-08-21T00:00:00,88.1,OK
EQ-283537-PIA-01,283537,Platelet incubator with agitator,Labtop,LPI-12,2026-08-21T00:00:00,85.7,OK
EQ-36102-PIA-01,36102,Platelet incubator with agitator,Terumo BCT,Trima Storage Console,2026-08-21T00:00:00,90.7,OK
EQ-280318-PIA-01,280318,Platelet incubator with agitator,Thermo Fisher,Forma 3911,2026-08-21T00:00:00,91.2,OK
EQ-283539-PIA-01,283539,Platelet incubator with agitator,Helmer,PC2200i,2026-08-21T00:00:00,86.3,OK
EQ-285179-PIA-01,285179,Platelet incubator with agitator,Remi,RPA-100,2026-08-21T00:00:00,88.4,OK
EQ-285303-PIA-01,285303,Platelet incubator with agitator,Labtop,LPI-12,2026-08-21T00:00:00,91.5,OK
EQ-29117-PIA-01,29117,Platelet incubator with agitator,Terumo BCT,Trima Storage Console,2026-08-21T00:00:00,85.7,OK
EQ-36112-PIA-01,36112,Platelet incubator with agitator,Thermo Fisher,Forma 3911,2026-08-21T00:00:00,86.3,OK
EQ-36137-PIA-01,36137,Platelet incubator with agitator,Helmer,PC2200i,2026-08-21T00:00:00,91.3,OK
EQ-284139-PIA-01,284139,Platelet incubator with agitator,Remi,RPA-100,2026-08-21T00:00:00,93.1,OK
EQ-284196-PIA-01,284196,Platelet incubator with agitator,Labtop,LPI-12,2026-08-21T00:00:00,91.7,OK
EQ-29069-PIA-01,29069,Platelet incubator with agitator,Terumo BCT,Trima Storage Console,2026-08-21T00:00:00,88.2,OK
EQ-36141-PIA-01,36141,Platelet incubator with agitator,Thermo Fisher,Forma 3911,2026-08-21T00:00:00,94.0,OK
EQ-280328-PIA-01,280328,Platelet incubator with agitator,Helmer,PC2200i,2026-08-21T00:00:00,90.6,OK
EQ-280417-PIA-01,280417,Platelet incubator with agitator,Remi,RPA-100,2026-08-21T00:00:00,89.9,OK
EQ-280589-PIA-01,280589,Platelet incubator with agitator,Labtop,LPI-12,2026-08-21T00:00:00,93.0,OK
EQ-280614-PIA-01,280614,Platelet incubator with agitator,Terumo BCT,Trima Storage Console,2026-08-21T00:00:00,88.7,OK
EQ-280617-PIA-01,280617,Platelet incubator with agitator,Thermo Fisher,Forma 3911,2026-08-21T00:00:00,94.2,OK
EQ-280618-PIA-01,280618,Platelet incubator with agitator,Helmer,PC2200i,2026-08-21T00:00:00,86.2,OK
EQ-280620-PIA-01,280620,Platelet incubator with agitator,Remi,RPA-100,2026-08-21T00:00:00,93.4,OK
EQ-280621-PIA-01,280621,Platelet incubator with agitator,Labtop,LPI-12,2026-08-21T00:00:00,89.4,OK
EQ-280634-PIA-01,280634,Platelet incubator with agitator,Terumo BCT,Trima Storage Console,2026-08-21T00:00:00,85.5,OK
EQ-280647-PIA-01,280647,Platelet incubator with agitator,Thermo Fisher,Forma 3911,2026-08-21T00:00:00,91.5,OK
EQ-280657-PIA-01,280657,Platelet incubator with agitator,Helmer,PC2200i,2026-08-21T00:00:00,92.8,OK
EQ-280660-PIA-01,280660,Platelet incubator with agitator,Remi,RPA-100,2026-08-21T00:00:00,87.8,OK
EQ-280785-PIA-01,280785,Platelet incubator with agitator,Labtop,LPI-12,2026-08-21T00:00:00,91.4,OK
EQ-282792-PIA-01,282792,Platelet incubator with agitator,Terumo BCT,Trima Storage Console,2026-08-21T00:00:00,87.5,OK
EQ-282880-PIA-01,282880,Platelet incubator with agitator,Thermo Fisher,Forma 3911,2026-08-21T00:00:00,90.4,OK
EQ-283518-PIA-01,283518,Platelet incubator with agitator,Helmer,PC2200i,2026-08-21T00:00:00,90.4,OK
EQ-283531-PIA-01,283531,Platelet incubator with agitator,Remi,RPA-100,2026-08-21T00:00:00,86.9,OK
EQ-283545-PIA-01,283545,Platelet incubator with agitator,Labtop,LPI-12,2026-08-21T00:00:00,94.1,OK
EQ-283548-PIA-01,283548,Platelet incubator with agitator,Terumo BCT,Trima Storage Console,2026-08-21T00:00:00,87.5,OK
EQ-283550-PIA-01,283550,Platelet incubator with agitator,Thermo Fisher,Forma 3911,2026-08-21T00:00:00,86.6,OK
EQ-283560-PIA-01,283560,Platelet incubator with agitator,Helmer,PC2200i,2026-08-21T00:00:00,87.2,OK
EQ-283787-PIA-01,283787,Platelet incubator with agitator,Remi,RPA-100,2026-08-21T00:00:00,90.2,OK
EQ-283842-PIA-01,283842,Platelet incubator with agitator,Labtop,LPI-12,2026-08-21T00:00:00,90.0,OK
EQ-284006-PIA-01,284006,Platelet incubator with agitator,Terumo BCT,Trima Storage Console,2026-08-21T00:00:00,87.5,OK
EQ-284107-PIA-01,284107,Platelet incubator with agitator,Thermo Fisher,Forma 3911,2026-08-21T00:00:00,90.3,OK
EQ-284186-PIA-01,284186,Platelet incubator with agitator,Helmer,PC2200i,2026-08-21T00:00:00,89.0,OK
EQ-284191-PIA-01,284191,Platelet incubator with agitator,Remi,RPA-100,2026-08-21T00:00:00,87.4,OK
EQ-284199-PIA-01,284199,Platelet incubator with agitator,Labtop,LPI-12,2026-08-21T00:00:00,87.6,OK
EQ-284502-PIA-01,284502,Platelet incubator with agitator,Terumo BCT,Trima Storage Console,2026-08-21T00:00:00,93.2,OK
EQ-284827-PIA-01,284827,Platelet incubator with agitator,Thermo Fisher,Forma 3911,2026-08-21T00:00:00,91.3,OK
EQ-284838-PIA-01,284838,Platelet incubator with agitator,Helmer,PC2200i,2026-08-21T00:00:00,89.5,OK
EQ-285114-PIA-01,285114,Platelet incubator with agitator,Remi,RPA-100,2026-08-21T00:00:00,93.1,OK
EQ-285249-PIA-01,285249,Platelet incubator with agitator,Labtop,LPI-12,2026-08-21T00:00:00,89.2,OK
EQ-285282-PIA-01,285282,Platelet incubator with agitator,Terumo BCT,Trima Storage Console,2026-08-21T00:00:00,89.0,OK
EQ-285295-PIA-01,285295,Platelet incubator with agitator,Thermo Fisher,Forma 3911,2026-08-21T00:00:00,91.3,OK
EQ-285297-PIA-01,285297,Platelet incubator with agitator,Helmer,PC2200i,2026-08-21T00:00:00,86.5,OK
EQ-29001-PIA-01,29001,Platelet incubator with agitator,Remi,RPA-100,2026-08-21T00:00:00,90.6,OK
EQ-29002-PIA-01,29002,Platelet incubator with agitator,Labtop,LPI-12,2026-08-21T00:00:00,85.2,OK
EQ-29005-PIA-01,29005,Platelet incubator with agitator,Terumo BCT,Trima Storage Console,2026-08-21T00:00:00,90.2,OK
EQ-29006-PIA-01,29006,Platelet incubator with agitator,Thermo Fisher,Forma 3911,2026-08-21T00:00:00,91.0,OK
EQ-29007-PIA-01,29007,Platelet incubator with agitator,Helmer,PC2200i,2026-08-21T00:00:00,92.2,OK
EQ-29016-PIA-01,29016,Platelet incubator with agitator,Remi,RPA-100,2026-08-21T00:00:00,88.7,OK
EQ-29019-PIA-01,29019,Platelet incubator with agitator,Labtop,LPI-12,2026-08-21T00:00:00,90.2,OK
EQ-29020-PIA-01,29020,Platelet incubator with agitator,Terumo BCT,Trima Storage Console,2026-08-21T00:00:00,90.7,OK
EQ-29023-PIA-01,29023,Platelet incubator with agitator,Thermo Fisher,Forma 3911,2026-08-21T00:00:00,91.8,OK
EQ-29028-PIA-01,29028,Platelet incubator with agitator,Helmer,PC2200i,2026-08-21T00:00:00,90.4,OK
EQ-29031-PIA-01,29031,Platelet incubator with agitator,Remi,RPA-100,2026-08-21T00:00:00,87.9,OK
EQ-29032-PIA-01,29032,Platelet incubator with agitator,Labtop,LPI-12,2026-08-21T00:00:00,87.9,OK
EQ-29042-PIA-01,29042,Platelet incubator with agitator,Terumo BCT,Trima Storage Console,2026-08-21T00:00:00,89.6,OK
EQ-29065-PIA-01,29065,Platelet incubator with agitator,Thermo Fisher,Forma 3911,2026-08-21T00:00:00,87.6,OK
EQ-29074-PIA-01,29074,Platelet incubator with agitator,Helmer,PC2200i,2026-08-21T00:00:00,90.9,OK
EQ-29077-PIA-01,29077,Platelet incubator with agitator,Remi,RPA-100,2026-08-21T00:00:00,91.6,OK
EQ-29081-PIA-01,29081,Platelet incubator with agitator,Labtop,LPI-12,2026-08-21T00:00:00,89.1,OK
EQ-29087-PIA-01,29087,Platelet incubator with agitator,Terumo BCT,Trima Storage Console,2026-08-21T00:00:00,90.7,OK
EQ-29097-PIA-01,29097,Platelet incubator with agitator,Thermo Fisher,Forma 3911,2026-08-21T00:00:00,89.7,OK
EQ-29099-PIA-01,29099,Platelet incubator with agitator,Helmer,PC2200i,2026-08-21T00:00:00,85.3,OK
EQ-29105-PIA-01,29105,Platelet incubator with agitator,Remi,RPA-100,2026-08-21T00:00:00,88.8,OK
EQ-29106-PIA-01,29106,Platelet incubator with agitator,Labtop,LPI-12,2026-08-21T00:00:00,89.0,OK
EQ-29116-PIA-01,29116,Platelet incubator with agitator,Terumo BCT,Trima Storage Console,2026-08-21T00:00:00,91.9,OK
EQ-29124-PIA-01,29124,Platelet incubator with agitator,Thermo Fisher,Forma 3911,2026-08-21T00:00:00,90.9,OK
EQ-29125-PIA-01,29125,Platelet incubator with agitator,Helmer,PC2200i,2026-08-21T00:00:00,88.4,OK
EQ-29131-PIA-01,29131,Platelet incubator with agitator,Remi,RPA-100,2026-08-21T00:00:00,87.9,OK
EQ-29149-PIA-01,29149,Platelet incubator with agitator,Labtop,LPI-12,2026-08-21T00:00:00,90.1,OK
EQ-29150-PIA-01,29150,Platelet incubator with agitator,Terumo BCT,Trima Storage Console,2026-08-21T00:00:00,89.1,OK
EQ-29151-PIA-01,29151,Platelet incubator with agitator,Thermo Fisher,Forma 3911,2026-08-21T00:00:00,88.7,OK
EQ-36103-PIA-01,36103,Platelet incubator with agitator,Helmer,PC2200i,2026-08-21T00:00:00,90.0,OK
EQ-36104-PIA-01,36104,Platelet incubator with agitator,Remi,RPA-100,2026-08-21T00:00:00,88.5,OK
EQ-36105-PIA-01,36105,Platelet incubator with agitator,Labtop,LPI-12,2026-08-21T00:00:00,86.6,OK
EQ-36106-PIA-01,36106,Platelet incubator with agitator,Terumo BCT,Trima Storage Console,2026-08-21T00:00:00,91.1,OK
EQ-36107-PIA-01,36107,Platelet incubator with agitator,Thermo Fisher,Forma 3911,2026-08-21T00:00:00,91.5,OK
EQ-36108-PIA-01,36108,Platelet incubator with agitator,Helmer,PC2200i,2026-08-21T00:00:00,89.7,OK
EQ-36120-PIA-01,36120,Platelet incubator with agitator,Remi,RPA-100,2026-08-21T00:00:00,88.1,OK
EQ-36139-PIA-01,36139,Platelet incubator with agitator,Labtop,LPI-12,2026-08-21T00:00:00,89.4,OK
EQ-36147-PIA-01,36147,Platelet incubator with agitator,Terumo BCT,Trima Storage Console,2026-08-21T00:00:00,85.9,OK
EQ-36148-PIA-01,36148,Platelet incubator with agitator,Thermo Fisher,Forma 3911,2026-08-21T00:00:00,86.6,OK
EQ-36151-PIA-01,36151,Platelet incubator with agitator,Helmer,PC2200i,2026-08-21T00:00:00,82.6,Watch
EQ-36154-PIA-01,36154,Platelet incubator with agitator,Remi,RPA-100,2026-08-21T00:00:00,87.9,OK
EQ-36156-PIA-01,36156,Platelet incubator with agitator,Labtop,LPI-12,2026-08-21T00:00:00,92.6,OK
EQ-36158-PIA-01,36158,Platelet incubator with agitator,Terumo BCT,Trima Storage Console,2026-08-21T00:00:00,92.9,OK
EQ-283242-PIA-01,283242,Platelet incubator with agitator,Thermo Fisher,Forma 3911,2026-08-21T00:00:00,90.9,OK
EQ-283440-PIA-01,283440,Platelet incubator with agitator,Helmer,PC2200i,2026-08-21T00:00:00,90.4,OK
EQ-29093-PIA-01,29093,Platelet incubator with agitator,Remi,RPA-100,2026-08-21T00:00:00,90.4,OK
EQ-36109-PIA-01,36109,Platelet incubator with agitator,Labtop,LPI-12,2026-08-21T00:00:00,88.1,OK
EQ-285235-PIA-01,285235,Platelet incubator with agitator,Terumo BCT,Trima Storage Console,2026-08-21T00:00:00,86.1,OK
EQ-29063-PIA-01,29063,Platelet incubator with agitator,Thermo Fisher,Forma 3911,2026-08-21T00:00:00,89.6,OK
EQ-283004-PIA-01,283004,Platelet incubator with agitator,Helmer,PC2200i,2026-08-21T00:00:00,84.7,Watch
EQ-29122-PIA-01,29122,Platelet incubator with agitator,Remi,RPA-100,2026-08-21T00:00:00,91.2,OK
EQ-284321-PIA-01,284321,Platelet incubator with agitator,Labtop,LPI-12,2026-08-21T00:00:00,88.4,OK
EQ-36113-PIA-01,36113,Platelet incubator with agitator,Terumo BCT,Trima Storage Console,2026-08-21T00:00:00,89.7,OK
EQ-280327-PIA-01,280327,Platelet incubator with agitator,Thermo Fisher,Forma 3911,2026-08-21T00:00:00,89.1,OK
EQ-283325-PIA-01,283325,Platelet incubator with agitator,Helmer,PC2200i,2026-08-21T00:00:00,91.2,OK
EQ-283546-PIA-01,283546,Platelet incubator with agitator,Remi,RPA-100,2026-08-21T00:00:00,87.0,OK
EQ-36159-PIA-01,36159,Platelet incubator with agitator,Labtop,LPI-12,2026-08-21T00:00:00,91.7,OK
EQ-280593-PIA-01,280593,Platelet incubator with agitator,Terumo BCT,Trima Storage Console,2026-08-21T00:00:00,87.5,OK
EQ-280599-PIA-01,280599,Platelet incubator with agitator,Thermo Fisher,Forma 3911,2026-08-21T00:00:00,90.1,OK
EQ-280600-PIA-01,280600,Platelet incubator with agitator,Helmer,PC2200i,2026-08-21T00:00:00,91.0,OK
EQ-280607-PIA-01,280607,Platelet incubator with agitator,Remi,RPA-100,2026-08-21T00:00:00,92.0,OK
EQ-280616-PIA-01,280616,Platelet incubator with agitator,Labtop,LPI-12,2026-08-21T00:00:00,91.2,OK
EQ-283338-PIA-01,283338,Platelet incubator with agitator,Terumo BCT,Trima Storage Console,2026-08-21T00:00:00,91.9,OK
EQ-283544-PIA-01,283544,Platelet incubator with agitator,Thermo Fisher,Forma 3911,2026-08-21T00:00:00,87.8,OK
EQ-284195-PIA-01,284195,Platelet incubator with agitator,Helmer,PC2200i,2026-08-21T00:00:00,90.6,OK
EQ-284381-PIA-01,284381,Platelet incubator with agitator,Remi,RPA-100,2026-08-21T00:00:00,87.8,OK
EQ-284518-PIA-01,284518,Platelet incubator with agitator,Labtop,LPI-12,2026-08-21T00:00:00,85.0,OK
EQ-29008-PIA-01,29008,Platelet incubator with agitator,Terumo BCT,Trima Storage Console,2026-08-21T00:00:00,93.1,OK
EQ-29022-PIA-01,29022,Platelet incubator with agitator,Thermo Fisher,Forma 3911,2026-08-21T00:00:00,89.3,OK
EQ-36110-PIA-01,36110,Platelet incubator with agitator,Helmer,PC2200i,2026-08-21T00:00:00,87.9,OK
EQ-36135-PIA-01,36135,Platelet incubator with agitator,Remi,RPA-100,2026-08-21T00:00:00,93.1,OK
EQ-280615-PIA-01,280615,Platelet incubator with agitator,Labtop,LPI-12,2026-08-21T00:00:00,86.2,OK
EQ-280644-PIA-01,280644,Platelet incubator with agitator,Terumo BCT,Trima Storage Console,2026-08-21T00:00:00,89.7,OK
EQ-280701-PIA-01,280701,Platelet incubator with agitator,Thermo Fisher,Forma 3911,2026-08-21T00:00:00,90.1,OK
EQ-282688-PIA-01,282688,Platelet incubator with agitator,Helmer,PC2200i,2026-08-21T00:00:00,89.1,OK
EQ-283529-PIA-01,283529,Platelet incubator with agitator,Remi,RPA-100,2026-08-21T00:00:00,87.7,OK
EQ-283530-PIA-01,283530,Platelet incubator with agitator,Labtop,LPI-12,2026-08-21T00:00:00,92.8,OK
EQ-283538-PIA-01,283538,Platelet incubator with agitator,Terumo BCT,Trima Storage Console,2026-08-21T00:00:00,88.1,OK
EQ-285270-PIA-01,285270,Platelet incubator with agitator,Thermo Fisher,Forma 3911,2026-08-21T00:00:00,92.5,OK
EQ-285301-PIA-01,285301,Platelet incubator with agitator,Helmer,PC2200i,2026-08-21T00:00:00,91.2,OK
EQ-36111-PIA-01,36111,Platelet incubator with agitator,Remi,RPA-100,2026-08-21T00:00:00,87.6,OK
EQ-36150-PIA-01,36150,Platelet incubator with agitator,Labtop,LPI-12,2026-08-21T00:00:00,86.8,OK
EQ-283335-PIA-01,283335,Platelet incubator with agitator,Terumo BCT,Trima Storage Console,2026-08-21T00:00:00,89.6,OK
EQ-36140-PIA-01,36140,Platelet incubator with agitator,Thermo Fisher,Forma 3911,2026-08-21T00:00:00,89.3,OK
EQ-282605-PIA-01,282605,Platelet incubator with agitator,Helmer,PC2200i,2026-08-21T00:00:00,86.8,OK
EQ-283533-PIA-01,283533,Platelet incubator with agitator,Remi,RPA-100,2026-08-21T00:00:00,88.1,OK
EQ-280597-PIA-01,280597,Platelet incubator with agitator,Labtop,LPI-12,2026-08-21T00:00:00,84.9,Watch
EQ-280631-PIA-01,280631,Platelet incubator with agitator,Terumo BCT,Trima Storage Console,2026-08-21T00:00:00,88.4,OK
EQ-285124-PIA-01,285124,Platelet incubator with agitator,Thermo Fisher,Forma 3911,2026-08-21T00:00:00,86.3,OK
EQ-29036-PIA-01,29036,Platelet incubator with agitator,Helmer,PC2200i,2026-08-21T00:00:00,88.0,OK
EQ-29134-PIA-01,29134,Platelet incubator with agitator,Remi,RPA-100,2026-08-21T00:00:00,87.4,OK
EQ-36134-PIA-01,36134,Platelet incubator with agitator,Labtop,LPI-12,2026-08-21T00:00:00,89.7,OK
EQ-280602-PIA-01,280602,Platelet incubator with agitator,Terumo BCT,Trima Storage Console,2026-08-21T00:00:00,90.8,OK
EQ-280604-PIA-01,280604,Platelet incubator with agitator,Thermo Fisher,Forma 3911,2026-08-21T00:00:00,92.0,OK
EQ-283532-PIA-01,283532,Platelet incubator with agitator,Helmer,PC2200i,2026-08-21T00:00:00,88.4,OK
EQ-36125-PIA-01,36125,Platelet incubator with agitator,Remi,RPA-100,2026-08-21T00:00:00,88.0,OK
EQ-283542-PIA-01,283542,Platelet incubator with agitator,Labtop,LPI-12,2026-08-21T00:00:00,86.9,OK
EQ-36145-PIA-01,36145,Platelet incubator with agitator,Terumo BCT,Trima Storage Console,2026-08-21T00:00:00,92.5,OK
EQ-280588-PIA-01,280588,Platelet incubator with agitator,Thermo Fisher,Forma 3911,2026-08-21T00:00:00,91.9,OK
EQ-280595-PIA-01,280595,Platelet incubator with agitator,Helmer,PC2200i,2026-08-21T00:00:00,85.5,OK
EQ-280606-PIA-01,280606,Platelet incubator with agitator,Remi,RPA-100,2026-08-21T00:00:00,89.6,OK
EQ-280610-PIA-01,280610,Platelet incubator with agitator,Labtop,LPI-12,2026-08-21T00:00:00,93.2,OK
EQ-280627-PIA-01,280627,Platelet incubator with agitator,Terumo BCT,Trima Storage Console,2026-08-21T00:00:00,87.3,OK
EQ-280643-PIA-01,280643,Platelet incubator with agitator,Thermo Fisher,Forma 3911,2026-08-21T00:00:00,87.7,OK
EQ-280705-PIA-01,280705,Platelet incubator with agitator,Helmer,PC2200i,2026-08-21T00:00:00,91.4,OK
EQ-280764-PIA-01,280764,Platelet incubator with agitator,Remi,RPA-100,2026-08-21T00:00:00,90.0,OK
EQ-282653-PIA-01,282653,Platelet incubator with agitator,Labtop,LPI-12,2026-08-21T00:00:00,85.5,OK
EQ-283164-PIA-01,283164,Platelet incubator with agitator,Terumo BCT,Trima Storage Console,2026-08-21T00:00:00,89.3,OK
EQ-283201-PIA-01,283201,Platelet incubator with agitator,Thermo Fisher,Forma 3911,2026-08-21T00:00:00,91.4,OK
EQ-283429-PIA-01,283429,Platelet incubator with agitator,Helmer,PC2200i,2026-08-21T00:00:00,89.3,OK
EQ-283443-PIA-01,283443,Platelet incubator with agitator,Remi,RPA-100,2026-08-21T00:00:00,91.3,OK
EQ-283534-PIA-01,283534,Platelet incubator with agitator,Labtop,LPI-12,2026-08-21T00:00:00,87.9,OK
EQ-283535-PIA-01,283535,Platelet incubator with agitator,Terumo BCT,Trima Storage Console,2026-08-21T00:00:00,85.2,OK
EQ-283549-PIA-01,283549,Platelet incubator with agitator,Thermo Fisher,Forma 3911,2026-08-21T00:00:00,88.4,OK
EQ-283583-PIA-01,283583,Platelet incubator with agitator,Helmer,PC2200i,2026-08-21T00:00:00,89.9,OK
EQ-283588-PIA-01,283588,Platelet incubator with agitator,Remi,RPA-100,2026-08-21T00:00:00,88.2,OK
EQ-283591-PIA-01,283591,Platelet incubator with agitator,Labtop,LPI-12,2026-08-21T00:00:00,92.2,OK
EQ-283599-PIA-01,283599,Platelet incubator with agitator,Terumo BCT,Trima Storage Console,2026-08-21T00:00:00,93.7,OK
EQ-284039-PIA-01,284039,Platelet incubator with agitator,Thermo Fisher,Forma 3911,2026-08-21T00:00:00,90.9,OK
EQ-284200-PIA-01,284200,Platelet incubator with agitator,Helmer,PC2200i,2026-08-21T00:00:00,91.0,OK
EQ-284816-PIA-01,284816,Platelet incubator with agitator,Remi,RPA-100,2026-08-21T00:00:00,89.0,OK
EQ-284869-PIA-01,284869,Platelet incubator with agitator,Labtop,LPI-12,2026-08-21T00:00:00,90.9,OK
EQ-284887-PIA-01,284887,Platelet incubator with agitator,Terumo BCT,Trima Storage Console,2026-08-21T00:00:00,92.4,OK
EQ-285142-PIA-01,285142,Platelet incubator with agitator,Thermo Fisher,Forma 3911,2026-08-21T00:00:00,87.6,OK
EQ-285239-PIA-01,285239,Platelet incubator with agitator,Helmer,PC2200i,2026-08-21T00:00:00,90.1,OK
EQ-29003-PIA-01,29003,Platelet incubator with agitator,Remi,RPA-100,2026-08-21T00:00:00,93.4,OK
EQ-29084-PIA-01,29084,Platelet incubator with agitator,Labtop,LPI-12,2026-08-21T00:00:00,90.2,OK
EQ-29143-PIA-01,29143,Platelet incubator with agitator,Terumo BCT,Trima Storage Console,2026-08-21T00:00:00,93.8,OK
EQ-36144-PIA-01,36144,Platelet incubator with agitator,Thermo Fisher,Forma 3911,2026-08-21T00:00:00,89.2,OK
EQ-36152-PIA-01,36152,Platelet incubator with agitator,Helmer,PC2200i,2026-08-21T00:00:00,84.0,Watch
EQ-282993-PIA-01,282993,Platelet incubator with agitator,Remi,RPA-100,2026-08-21T00:00:00,87.3,OK
EQ-283423-PIA-01,283423,Platelet incubator with agitator,Labtop,LPI-12,2026-08-21T00:00:00,91.7,OK
EQ-282655-PIA-01,282655,Platelet incubator with agitator,Terumo BCT,Trima Storage Console,2026-08-21T00:00:00,92.6,OK
EQ-283846-PIA-01,283846,Platelet incubator with agitator,Thermo Fisher,Forma 3911,2026-08-21T00:00:00,90.5,OK
EQ-280609-PIA-01,280609,Platelet incubator with agitator,Helmer,PC2200i,2026-08-21T00:00:00,87.4,OK
EQ-283206-PIA-01,283206,Platelet incubator with agitator,Remi,RPA-100,2026-08-21T00:00:00,90.0,OK
EQ-284543-PIA-01,284543,Platelet incubator with agitator,Labtop,LPI-12,2026-08-21T00:00:00,88.9,OK
EQ-284889-PIA-01,284889,Platelet incubator with agitator,Terumo BCT,Trima Storage Console,2026-08-21T00:00:00,87.7,OK
EQ-285008-PIA-01,285008,Platelet incubator with agitator,Thermo Fisher,Forma 3911,2026-08-21T00:00:00,93.4,OK
EQ-29068-PIA-01,29068,Platelet incubator with agitator,Helmer,PC2200i,2026-08-21T00:00:00,88.5,OK
EQ-29072-PIA-01,29072,Platelet incubator with agitator,Remi,RPA-100,2026-08-21T00:00:00,91.4,OK
EQ-284960-PIA-01,284960,Platelet incubator with agitator,Labtop,LPI-12,2026-08-21T00:00:00,94.0,OK
EQ-36133-PIA-01,36133,Platelet incubator with agitator,Terumo BCT,Trima Storage Console,2026-08-21T00:00:00,94.9,OK
EQ-280323-PIA-01,280323,Platelet incubator with agitator,Thermo Fisher,Forma 3911,2026-08-21T00:00:00,89.7,OK
EQ-283330-PIA-01,283330,Platelet incubator with agitator,Helmer,PC2200i,2026-08-21T00:00:00,90.9,OK
EQ-283521-PIA-01,283521,Platelet incubator with agitator,Remi,RPA-100,2026-08-21T00:00:00,89.9,OK
EQ-284197-PIA-01,284197,Platelet incubator with agitator,Labtop,LPI-12,2026-08-21T00:00:00,89.9,OK
EQ-284264-PIA-01,284264,Platelet incubator with agitator,Terumo BCT,Trima Storage Console,2026-08-21T00:00:00,92.1,OK
EQ-284348-PIA-01,284348,Platelet incubator with agitator,Thermo Fisher,Forma 3911,2026-08-21T00:00:00,86.3,OK
EQ-280652-PIA-01,280652,Platelet incubator with agitator,Helmer,PC2200i,2026-08-21T00:00:00,92.8,OK
EQ-280688-PIA-01,280688,Platelet incubator with agitator,Remi,RPA-100,2026-08-21T00:00:00,92.2,OK
EQ-280722-PIA-01,280722,Platelet incubator with agitator,Labtop,LPI-12,2026-08-21T00:00:00,89.6,OK
EQ-282995-PIA-01,282995,Platelet incubator with agitator,Terumo BCT,Trima Storage Console,2026-08-21T00:00:00,91.7,OK
EQ-283543-PIA-01,283543,Platelet incubator with agitator,Thermo Fisher,Forma 3911,2026-08-21T00:00:00,92.7,OK
EQ-284189-PIA-01,284189,Platelet incubator with agitator,Helmer,PC2200i,2026-08-21T00:00:00,84.9,Watch
EQ-284268-PIA-01,284268,Platelet incubator with agitator,Remi,RPA-100,2026-08-21T00:00:00,90.4,OK
EQ-284886-PIA-01,284886,Platelet incubator with agitator,Labtop,LPI-12,2026-08-21T00:00:00,90.1,OK
EQ-29113-PIA-01,29113,Platelet incubator with agitator,Terumo BCT,Trima Storage Console,2026-08-21T00:00:00,90.6,OK
EQ-36117-PIA-01,36117,Platelet incubator with agitator,Thermo Fisher,Forma 3911,2026-08-21T00:00:00,89.5,OK
EQ-36136-PIA-01,36136,Platelet incubator with agitator,Helmer,PC2200i,2026-08-21T00:00:00,91.8,OK
EQ-283328-PIA-01,283328,Platelet incubator with agitator,Remi,RPA-100,2026-08-21T00:00:00,94.3,OK
EQ-283747-PIA-01,283747,Platelet incubator with agitator,Labtop,LPI-12,2026-08-21T00:00:00,88.1,OK
EQ-284188-PIA-01,284188,Platelet incubator with agitator,Terumo BCT,Trima Storage Console,2026-08-21T00:00:00,85.3,OK
EQ-36130-PIA-01,36130,Platelet incubator with agitator,Thermo Fisher,Forma 3911,2026-08-21T00:00:00,91.4,OK
EQ-284021-PIA-01,284021,Platelet incubator with agitator,Helmer,PC2200i,2026-08-21T00:00:00,89.2,OK
EQ-36124-PIA-01,36124,Platelet incubator with agitator,Remi,RPA-100,2026-08-21T00:00:00,87.8,OK
EQ-280418-PIA-01,280418,Platelet incubator with agitator,Labtop,LPI-12,2026-08-21T00:00:00,87.3,OK
EQ-280598-PIA-01,280598,Platelet incubator with agitator,Terumo BCT,Trima Storage Console,2026-08-21T00:00:00,93.7,OK
EQ-280601-PIA-01,280601,Platelet incubator with agitator,Thermo Fisher,Forma 3911,2026-08-21T00:00:00,89.9,OK
EQ-280605-PIA-01,280605,Platelet incubator with agitator,Helmer,PC2200i,2026-08-21T00:00:00,93.2,OK
EQ-280612-PIA-01,280612,Platelet incubator with agitator,Remi,RPA-100,2026-08-21T00:00:00,89.3,OK
EQ-280632-PIA-01,280632,Platelet incubator with agitator,Labtop,LPI-12,2026-08-21T00:00:00,88.4,OK
EQ-280636-PIA-01,280636,Platelet incubator with agitator,Terumo BCT,Trima Storage Console,2026-08-21T00:00:00,93.7,OK
EQ-280641-PIA-01,280641,Platelet incubator with agitator,Thermo Fisher,Forma 3911,2026-08-21T00:00:00,86.7,OK
EQ-280649-PIA-01,280649,Platelet incubator with agitator,Helmer,PC2200i,2026-08-21T00:00:00,89.1,OK
EQ-282587-PIA-01,282587,Platelet incubator with agitator,Remi,RPA-100,2026-08-21T00:00:00,90.7,OK
EQ-282647-PIA-01,282647,Platelet incubator with agitator,Labtop,LPI-12,2026-08-21T00:00:00,90.5,OK
EQ-283136-PIA-01,283136,Platelet incubator with agitator,Terumo BCT,Trima Storage Console,2026-08-21T00:00:00,88.0,OK
EQ-283159-PIA-01,283159,Platelet incubator with agitator,Thermo Fisher,Forma 3911,2026-08-21T00:00:00,92.4,OK
EQ-283327-PIA-01,283327,Platelet incubator with agitator,Helmer,PC2200i,2026-08-21T00:00:00,93.2,OK
EQ-283519-PIA-01,283519,Platelet incubator with agitator,Remi,RPA-100,2026-08-21T00:00:00,90.4,OK
EQ-283524-PIA-01,283524,Platelet incubator with agitator,Labtop,LPI-12,2026-08-21T00:00:00,85.9,OK
EQ-283552-PIA-01,283552,Platelet incubator with agitator,Terumo BCT,Trima Storage Console,2026-08-21T00:00:00,88.6,OK
EQ-283554-PIA-01,283554,Platelet incubator with agitator,Thermo Fisher,Forma 3911,2026-08-21T00:00:00,88.3,OK
EQ-284029-PIA-01,284029,Platelet incubator with agitator,Helmer,PC2200i,2026-08-21T00:00:00,86.5,OK
EQ-284190-PIA-01,284190,Platelet incubator with agitator,Remi,RPA-100,2026-08-21T00:00:00,92.2,OK
EQ-284192-PIA-01,284192,Platelet incubator with agitator,Labtop,LPI-12,2026-08-21T00:00:00,88.5,OK
EQ-284341-PIA-01,284341,Platelet incubator with agitator,Terumo BCT,Trima Storage Console,2026-08-21T00:00:00,86.9,OK
EQ-284343-PIA-01,284343,Platelet incubator with agitator,Thermo Fisher,Forma 3911,2026-08-21T00:00:00,87.3,OK
EQ-284347-PIA-01,284347,Platelet incubator with agitator,Helmer,PC2200i,2026-08-21T00:00:00,92.5,OK
EQ-284728-PIA-01,284728,Platelet incubator with agitator,Remi,RPA-100,2026-08-21T00:00:00,91.7,OK
EQ-284885-PIA-01,284885,Platelet incubator with agitator,Labtop,LPI-12,2026-08-21T00:00:00,88.2,OK
EQ-29012-PIA-01,29012,Platelet incubator with agitator,Terumo BCT,Trima Storage Console,2026-08-21T00:00:00,90.6,OK
EQ-29015-PIA-01,29015,Platelet incubator with agitator,Thermo Fisher,Forma 3911,2026-08-21T00:00:00,88.9,OK
EQ-29017-PIA-01,29017,Platelet incubator with agitator,Helmer,PC2200i,2026-08-21T00:00:00,89.2,OK
EQ-29082-PIA-01,29082,Platelet incubator with agitator,Remi,RPA-100,2026-08-21T00:00:00,90.0,OK
EQ-29120-PIA-01,29120,Platelet incubator with agitator,Labtop,LPI-12,2026-08-21T00:00:00,91.0,OK
EQ-29135-PIA-01,29135,Platelet incubator with agitator,Terumo BCT,Trima Storage Console,2026-08-21T00:00:00,90.0,OK
EQ-29144-PIA-01,29144,Platelet incubator with agitator,Thermo Fisher,Forma 3911,2026-08-21T00:00:00,92.5,OK
EQ-36142-PIA-01,36142,Platelet incubator with agitator,Helmer,PC2200i,2026-08-21T00:00:00,88.8,OK
EQ-36155-PIA-01,36155,Platelet incubator with agitator,Remi,RPA-100,2026-08-21T00:00:00,89.1,OK
EQ-283643-PIA-01,283643,Platelet incubator with agitator,Labtop,LPI-12,2026-08-21T00:00:00,88.8,OK
EQ-283763-PIA-01,283763,Platelet incubator with agitator,Terumo BCT,Trima Storage Console,2026-08-21T00:00:00,92.2,OK
EQ-29018-PIA-01,29018,Platelet incubator with agitator,Thermo Fisher,Forma 3911,2026-08-21T00:00:00,88.4,OK
EQ-29083-PIA-01,29083,Platelet incubator with agitator,Helmer,PC2200i,2026-08-21T00:00:00,90.0,OK
EQ-29089-PIA-01,29089,Platelet incubator with agitator,Remi,RPA-100,2026-08-21T00:00:00,94.5,OK
EQ-29142-PIA-01,29142,Platelet incubator with agitator,Labtop,LPI-12,2026-08-21T00:00:00,91.1,OK
EQ-36114-PIA-01,36114,Platelet incubator with agitator,Terumo BCT,Trima Storage Console,2026-08-21T00:00:00,86.5,OK
EQ-36146-PIA-01,36146,Platelet incubator with agitator,Thermo Fisher,Forma 3911,2026-08-21T00:00:00,87.7,OK
EQ-280592-PIA-01,280592,Platelet incubator with agitator,Helmer,PC2200i,2026-08-21T00:00:00,91.5,OK
EQ-280629-PIA-01,280629,Platelet incubator with agitator,Remi,RPA-100,2026-08-21T00:00:00,89.0,OK
EQ-280642-PIA-01,280642,Platelet incubator with agitator,Labtop,LPI-12,2026-08-21T00:00:00,89.5,OK
EQ-282813-PIA-01,282813,Platelet incubator with agitator,Terumo BCT,Trima Storage Console,2026-08-21T00:00:00,87.5,OK
EQ-284311-PIA-01,284311,Platelet incubator with agitator,Thermo Fisher,Forma 3911,2026-08-21T00:00:00,91.5,OK
EQ-36115-PIA-01,36115,Platelet incubator with agitator,Helmer,PC2200i,2026-08-21T00:00:00,90.3,OK
EQ-36153-PIA-01,36153,Platelet incubator with agitator,Remi,RPA-100,2026-08-21T00:00:00,86.2,OK
EQ-280587-PIA-01,280587,Platelet incubator with agitator,Labtop,LPI-12,2026-08-21T00:00:00,93.1,OK
EQ-280611-PIA-01,280611,Platelet incubator with agitator,Terumo BCT,Trima Storage Console,2026-08-21T00:00:00,91.3,OK
EQ-29046-PIA-01,29046,Platelet incubator with agitator,Thermo Fisher,Forma 3911,2026-08-21T00:00:00,87.0,OK
EQ-280324-PIA-01,280324,Platelet incubator with agitator,Helmer,PC2200i,2026-08-21T00:00:00,90.9,OK
EQ-280661-PIA-01,280661,Platelet incubator with agitator,Remi,RPA-100,2026-08-21T00:00:00,89.9,OK
EQ-283555-PIA-01,283555,Platelet incubator with agitator,Labtop,LPI-12,2026-08-21T00:00:00,91.9,OK
EQ-284866-PIA-01,284866,Platelet incubator with agitator,Terumo BCT,Trima Storage Console,2026-08-21T00:00:00,84.9,Watch
EQ-280603-PIA-01,280603,Platelet incubator with agitator,Thermo Fisher,Forma 3911,2026-08-21T00:00:00,91.2,OK
EQ-36132-PIA-01,36132,Platelet incubator with agitator,Helmer,PC2200i,2026-08-21T00:00:00,92.4,OK
EQ-280594-PIA-01,280594,Platelet incubator with agitator,Remi,RPA-100,2026-08-21T00:00:00,92.4,OK
EQ-282996-PIA-01,282996,Platelet incubator with agitator,Labtop,LPI-12,2026-08-21T00:00:00,91.7,OK
EQ-283326-PIA-01,283326,Platelet incubator with agitator,Terumo BCT,Trima Storage Console,2026-08-21T00:00:00,90.3,OK
EQ-283522-PIA-01,283522,Platelet incubator with agitator,Thermo Fisher,Forma 3911,2026-08-21T00:00:00,88.5,OK
EQ-283525-PIA-01,283525,Platelet incubator with agitator,Helmer,PC2200i,2026-08-21T00:00:00,93.6,OK
EQ-283547-PIA-01,283547,Platelet incubator with agitator,Remi,RPA-100,2026-08-21T00:00:00,87.8,OK
EQ-283589-PIA-01,283589,Platelet incubator with agitator,Labtop,LPI-12,2026-08-21T00:00:00,90.8,OK
EQ-284531-PIA-01,284531,Platelet incubator with agitator,Terumo BCT,Trima Storage Console,2026-08-21T00:00:00,85.3,OK
EQ-284896-PIA-01,284896,Platelet incubator with agitator,Thermo Fisher,Forma 3911,2026-08-21T00:00:00,88.0,OK
EQ-29090-PIA-01,29090,Platelet incubator with agitator,Helmer,PC2200i,2026-08-21T00:00:00,90.6,OK
EQ-29130-PIA-01,29130,Platelet incubator with agitator,Remi,RPA-100,2026-08-21T00:00:00,87.6,OK
EQ-36118-PIA-01,36118,Platelet incubator with agitator,Labtop,LPI-12,2026-08-21T00:00:00,86.9,OK
EQ-36149-PIA-01,36149,Platelet incubator with agitator,Terumo BCT,Trima Storage Console,2026-08-21T00:00:00,92.9,OK
EQ-280788-PIA-01,280788,Platelet incubator with agitator,Thermo Fisher,Forma 3911,2026-08-21T00:00:00,84.3,Watch
EQ-36157-PIA-01,36157,Platelet incubator with agitator,Helmer,PC2200i,2026-08-21T00:00:00,90.2,OK
EQ-280663-PIA-01,280663,Platelet incubator with agitator,Remi,RPA-100,2026-08-21T00:00:00,90.1,OK
EQ-280675-PIA-01,280675,Platelet incubator with agitator,Labtop,LPI-12,2026-08-21T00:00:00,88.2,OK
EQ-25007-PIA-01,25007,Platelet incubator with agitator,Terumo BCT,Trima Storage Console,2026-08-21T00:00:00,90.2,OK
EQ-280656-PIA-01,280656,Platelet incubator with agitator,Thermo Fisher,Forma 3911,2026-08-21T00:00:00,90.5,OK
EQ-283870-PIA-01,283870,Platelet incubator with agitator,Helmer,PC2200i,2026-08-21T00:00:00,93.1,OK
EQ-25006-PIA-01,25006,Platelet incubator with agitator,Remi,RPA-100,2026-08-21T00:00:00,87.6,OK
EQ-280666-PIA-01,280666,Platelet incubator with agitator,Labtop,LPI-12,2026-08-21T00:00:00,87.9,OK
EQ-280624-PIA-01,280624,Platelet incubator with agitator,Terumo BCT,Trima Storage Console,2026-08-21T00:00:00,86.7,OK
EQ-280665-PIA-01,280665,Platelet incubator with agitator,Thermo Fisher,Forma 3911,2026-08-21T00:00:00,86.3,OK
EQ-280676-PIA-01,280676,Platelet incubator with agitator,Helmer,PC2200i,2026-08-21T00:00:00,87.3,OK
EQ-16163-PIA-01,16163,Platelet incubator with agitator,Remi,RPA-100,2026-08-21T00:00:00,89.6,OK
EQ-25001-PIA-01,25001,Platelet incubator with agitator,Labtop,LPI-12,2026-08-21T00:00:00,90.1,OK
EQ-25002-PIA-01,25002,Platelet incubator with agitator,Terumo BCT,Trima Storage Console,2026-08-21T00:00:00,93.5,OK
EQ-25008-PIA-01,25008,Platelet incubator with agitator,Thermo Fisher,Forma 3911,2026-08-21T00:00:00,87.5,OK
EQ-1701-PIA-01,1701,Platelet incubator with agitator,Helmer,PC2200i,2026-08-21T00:00:00,90.5,OK
EQ-1703-PIA-01,1703,Platelet incubator with agitator,Remi,RPA-100,2026-08-21T00:00:00,89.5,OK
EQ-1713-PIA-01,1713,Platelet incubator with agitator,Labtop,LPI-12,2026-08-21T00:00:00,87.8,OK
EQ-1722-PIA-01,1722,Platelet incubator with agitator,Terumo BCT,Trima Storage Console,2026-08-21T00:00:00,93.1,OK
EQ-1739-PIA-01,1739,Platelet incubator with agitator,Thermo Fisher,Forma 3911,2026-08-21T00:00:00,89.6,OK
EQ-1761-PIA-01,1761,Platelet incubator with agitator,Helmer,PC2200i,2026-08-21T00:00:00,89.2,OK
EQ-1764-PIA-01,1764,Platelet incubator with agitator,Remi,RPA-100,2026-08-21T00:00:00,89.7,OK
EQ-2708-PIA-01,2708,Platelet incubator with agitator,Labtop,LPI-12,2026-08-21T00:00:00,92.1,OK
EQ-2737-PIA-01,2737,Platelet incubator with agitator,Terumo BCT,Trima Storage Console,2026-08-21T00:00:00,90.2,OK
EQ-280170-PIA-01,280170,Platelet incubator with agitator,Thermo Fisher,Forma 3911,2026-08-21T00:00:00,88.5,OK
EQ-283323-PIA-01,283323,Platelet incubator with agitator,Helmer,PC2200i,2026-08-21T00:00:00,88.6,OK
EQ-283630-PIA-01,283630,Platelet incubator with agitator,Remi,RPA-100,2026-08-21T00:00:00,87.4,OK
EQ-283739-PIA-01,283739,Platelet incubator with agitator,Labtop,LPI-12,2026-08-21T00:00:00,90.9,OK
EQ-283741-PIA-01,283741,Platelet incubator with agitator,Terumo BCT,Trima Storage Console,2026-08-21T00:00:00,87.7,OK
EQ-283757-PIA-01,283757,Platelet incubator with agitator,Thermo Fisher,Forma 3911,2026-08-21T00:00:00,85.1,OK
EQ-284091-PIA-01,284091,Platelet incubator with agitator,Helmer,PC2200i,2026-08-21T00:00:00,92.6,OK
EQ-284103-PIA-01,284103,Platelet incubator with agitator,Remi,RPA-100,2026-08-21T00:00:00,87.3,OK
EQ-284207-PIA-01,284207,Platelet incubator with agitator,Labtop,LPI-12,2026-08-21T00:00:00,86.8,OK
EQ-284442-PIA-01,284442,Platelet incubator with agitator,Terumo BCT,Trima Storage Console,2026-08-21T00:00:00,89.6,OK
EQ-284710-PIA-01,284710,Platelet incubator with agitator,Thermo Fisher,Forma 3911,2026-08-21T00:00:00,87.6,OK
EQ-284754-PIA-01,284754,Platelet incubator with agitator,Helmer,PC2200i,2026-08-21T00:00:00,86.4,OK
EQ-285046-PIA-01,285046,Platelet incubator with agitator,Remi,RPA-100,2026-08-21T00:00:00,90.8,OK
EQ-726-PIA-01,726,Platelet incubator with agitator,Labtop,LPI-12,2026-08-21T00:00:00,89.7,OK
EQ-727-PIA-01,727,Platelet incubator with agitator,Terumo BCT,Trima Storage Console,2026-08-21T00:00:00,93.6,OK
EQ-728-PIA-01,728,Platelet incubator with agitator,Thermo Fisher,Forma 3911,2026-08-21T00:00:00,87.6,OK
EQ-99130-PIA-01,99130,Platelet incubator with agitator,Helmer,PC2200i,2026-08-21T00:00:00,91.0,OK
EQ-1753-PIA-01,1753,Platelet incubator with agitator,Remi,RPA-100,2026-08-21T00:00:00,90.7,OK
EQ-1785-PIA-01,1785,Platelet incubator with agitator,Labtop,LPI-12,2026-08-21T00:00:00,87.4,OK
EQ-2723-PIA-01,2723,Platelet incubator with agitator,Terumo BCT,Trima Storage Console,2026-08-21T00:00:00,87.5,OK
EQ-280173-PIA-01,280173,Platelet incubator with agitator,Thermo Fisher,Forma 3911,2026-08-21T00:00:00,90.5,OK
EQ-280174-PIA-01,280174,Platelet incubator with agitator,Helmer,PC2200i,2026-08-21T00:00:00,94.1,OK
EQ-280570-PIA-01,280570,Platelet incubator with agitator,Remi,RPA-100,2026-08-21T00:00:00,93.6,OK
EQ-283598-PIA-01,283598,Platelet incubator with agitator,Labtop,LPI-12,2026-08-21T00:00:00,93.2,OK
EQ-283684-PIA-01,283684,Platelet incubator with agitator,Terumo BCT,Trima Storage Console,2026-08-21T00:00:00,88.8,OK
EQ-283952-PIA-01,283952,Platelet incubator with agitator,Thermo Fisher,Forma 3911,2026-08-21T00:00:00,90.9,OK
EQ-284108-PIA-01,284108,Platelet incubator with agitator,Helmer,PC2200i,2026-08-21T00:00:00,92.3,OK
EQ-284162-PIA-01,284162,Platelet incubator with agitator,Remi,RPA-100,2026-08-21T00:00:00,87.0,OK
EQ-284377-PIA-01,284377,Platelet incubator with agitator,Labtop,LPI-12,2026-08-21T00:00:00,90.7,OK
EQ-284389-PIA-01,284389,Platelet incubator with agitator,Terumo BCT,Trima Storage Console,2026-08-21T00:00:00,92.7,OK
EQ-724-PIA-01,724,Platelet incubator with agitator,Thermo Fisher,Forma 3911,2026-08-21T00:00:00,90.1,OK
EQ-99219-PIA-01,99219,Platelet incubator with agitator,Helmer,PC2200i,2026-08-21T00:00:00,90.9,OK
EQ-99220-PIA-01,99220,Platelet incubator with agitator,Remi,RPA-100,2026-08-21T00:00:00,89.4,OK
EQ-283722-PIA-01,283722,Platelet incubator with agitator,Labtop,LPI-12,2026-08-21T00:00:00,89.6,OK
EQ-284922-PIA-01,284922,Platelet incubator with agitator,Terumo BCT,Trima Storage Console,2026-08-21T00:00:00,93.2,OK
EQ-99123-PIA-01,99123,Platelet incubator with agitator,Thermo Fisher,Forma 3911,2026-08-21T00:00:00,85.2,OK
EQ-99144-PIA-01,99144,Platelet incubator with agitator,Helmer,PC2200i,2026-08-21T00:00:00,92.0,OK
EQ-283460-PIA-01,283460,Platelet incubator with agitator,Remi,RPA-100,2026-08-21T00:00:00,91.7,OK
EQ-283816-PIA-01,283816,Platelet incubator with agitator,Labtop,LPI-12,2026-08-21T00:00:00,92.0,OK
EQ-284536-PIA-01,284536,Platelet incubator with agitator,Terumo BCT,Trima Storage Console,2026-08-21T00:00:00,89.4,OK
EQ-732-PIA-01,732,Platelet incubator with agitator,Thermo Fisher,Forma 3911,2026-08-21T00:00:00,91.8,OK
EQ-280206-PIA-01,280206,Platelet incubator with agitator,Helmer,PC2200i,2026-08-21T00:00:00,85.1,OK
EQ-283996-PIA-01,283996,Platelet incubator with agitator,Remi,RPA-100,2026-08-21T00:00:00,86.8,OK
EQ-284009-PIA-01,284009,Platelet incubator with agitator,Labtop,LPI-12,2026-08-21T00:00:00,91.5,OK
EQ-284546-PIA-01,284546,Platelet incubator with agitator,Terumo BCT,Trima Storage Console,2026-08-21T00:00:00,87.4,OK
EQ-285191-PIA-01,285191,Platelet incubator with agitator,Thermo Fisher,Forma 3911,2026-08-21T00:00:00,87.9,OK
EQ-99146-PIA-01,99146,Platelet incubator with agitator,Helmer,PC2200i,2026-08-21T00:00:00,93.7,OK
EQ-99202-PIA-01,99202,Platelet incubator with agitator,Remi,RPA-100,2026-08-21T00:00:00,87.8,OK
EQ-99216-PIA-01,99216,Platelet incubator with agitator,Labtop,LPI-12,2026-08-21T00:00:00,90.7,OK
EQ-284550-PIA-01,284550,Platelet incubator with agitator,Terumo BCT,Trima Storage Console,2026-08-21T00:00:00,94.9,OK
EQ-280273-PIA-01,280273,Platelet incubator with agitator,Thermo Fisher,Forma 3911,2026-08-21T00:00:00,90.4,OK
EQ-283213-PIA-01,283213,Platelet incubator with agitator,Helmer,PC2200i,2026-08-21T00:00:00,89.2,OK
EQ-283834-PIA-01,283834,Platelet incubator with agitator,Remi,RPA-100,2026-08-21T00:00:00,88.2,OK
EQ-99173-PIA-01,99173,Platelet incubator with agitator,Labtop,LPI-12,2026-08-21T00:00:00,89.7,OK
EQ-99224-PIA-01,99224,Platelet incubator with agitator,Terumo BCT,Trima Storage Console,2026-08-21T00:00:00,90.0,OK
EQ-283714-PIA-01,283714,Platelet incubator with agitator,Thermo Fisher,Forma 3911,2026-08-21T00:00:00,88.3,OK
EQ-99176-PIA-01,99176,Platelet incubator with agitator,Helmer,PC2200i,2026-08-21T00:00:00,87.9,OK
EQ-1723-PIA-01,1723,Platelet incubator with agitator,Remi,RPA-100,2026-08-21T00:00:00,89.5,OK
EQ-283200-PIA-01,283200,Platelet incubator with agitator,Labtop,LPI-12,2026-08-21T00:00:00,88.8,OK
EQ-284088-PIA-01,284088,Platelet incubator with agitator,Terumo BCT,Trima Storage Console,2026-08-21T00:00:00,87.3,OK
EQ-284176-PIA-01,284176,Platelet incubator with agitator,Thermo Fisher,Forma 3911,2026-08-21T00:00:00,89.1,OK
EQ-99152-PIA-01,99152,Platelet incubator with agitator,Helmer,PC2200i,2026-08-21T00:00:00,92.8,OK
EQ-99209-PIA-01,99209,Platelet incubator with agitator,Remi,RPA-100,2026-08-21T00:00:00,89.3,OK
EQ-99229-PIA-01,99229,Platelet incubator with agitator,Labtop,LPI-12,2026-08-21T00:00:00,88.6,OK
EQ-284132-PIA-01,284132,Platelet incubator with agitator,Terumo BCT,Trima Storage Console,2026-08-21T00:00:00,91.3,OK
EQ-284806-PIA-01,284806,Platelet incubator with agitator,Thermo Fisher,Forma 3911,2026-08-21T00:00:00,92.5,OK
EQ-285095-PIA-01,285095,Platelet incubator with agitator,Helmer,PC2200i,2026-08-21T00:00:00,87.6,OK
EQ-767-PIA-01,767,Platelet incubator with agitator,Remi,RPA-100,2026-08-21T00:00:00,88.1,OK
EQ-99197-PIA-01,99197,Platelet incubator with agitator,Labtop,LPI-12,2026-08-21T00:00:00,86.7,OK
EQ-284874-PIA-01,284874,Platelet incubator with agitator,Terumo BCT,Trima Storage Console,2026-08-21T00:00:00,91.8,OK
EQ-284652-PIA-01,284652,Platelet incubator with agitator,Thermo Fisher,Forma 3911,2026-08-21T00:00:00,93.8,OK
EQ-285064-PIA-01,285064,Platelet incubator with agitator,Helmer,PC2200i,2026-08-21T00:00:00,86.9,OK
EQ-285082-PIA-01,285082,Platelet incubator with agitator,Remi,RPA-100,2026-08-21T00:00:00,89.5,OK
EQ-99112-PIA-01,99112,Platelet incubator with agitator,Labtop,LPI-12,2026-08-21T00:00:00,87.9,OK
EQ-284407-PIA-01,284407,Platelet incubator with agitator,Terumo BCT,Trima Storage Console,2026-08-21T00:00:00,86.6,OK
EQ-99114-PIA-01,99114,Platelet incubator with agitator,Thermo Fisher,Forma 3911,2026-08-21T00:00:00,85.9,OK
EQ-1709-PIA-01,1709,Platelet incubator with agitator,Helmer,PC2200i,2026-08-21T00:00:00,90.6,OK
EQ-283694-PIA-01,283694,Platelet incubator with agitator,Remi,RPA-100,2026-08-21T00:00:00,85.5,OK
EQ-283833-PIA-01,283833,Platelet incubator with agitator,Labtop,LPI-12,2026-08-21T00:00:00,90.3,OK
EQ-284519-PIA-01,284519,Platelet incubator with agitator,Terumo BCT,Trima Storage Console,2026-08-21T00:00:00,89.8,OK
EQ-284820-PIA-01,284820,Platelet incubator with agitator,Thermo Fisher,Forma 3911,2026-08-21T00:00:00,88.3,OK
EQ-284822-PIA-01,284822,Platelet incubator with agitator,Helmer,PC2200i,2026-08-21T00:00:00,89.9,OK
EQ-768-PIA-01,768,Platelet incubator with agitator,Remi,RPA-100,2026-08-21T00:00:00,92.8,OK
EQ-99228-PIA-01,99228,Platelet incubator with agitator,Labtop,LPI-12,2026-08-21T00:00:00,88.7,OK
EQ-1743-PIA-01,1743,Platelet incubator with agitator,Terumo BCT,Trima Storage Console,2026-08-21T00:00:00,89.7,OK
EQ-1774-PIA-01,1774,Platelet incubator with agitator,Thermo Fisher,Forma 3911,2026-08-21T00:00:00,89.4,OK
EQ-2704-PIA-01,2704,Platelet incubator with agitator,Helmer,PC2200i,2026-08-21T00:00:00,88.7,OK
EQ-280176-PIA-01,280176,Platelet incubator with agitator,Remi,RPA-100,2026-08-21T00:00:00,87.8,OK
EQ-283801-PIA-01,283801,Platelet incubator with agitator,Labtop,LPI-12,2026-08-21T00:00:00,88.9,OK
EQ-284204-PIA-01,284204,Platelet incubator with agitator,Terumo BCT,Trima Storage Console,2026-08-21T00:00:00,87.9,OK
EQ-284647-PIA-01,284647,Platelet incubator with agitator,Thermo Fisher,Forma 3911,2026-08-21T00:00:00,93.0,OK
EQ-284757-PIA-01,284757,Platelet incubator with agitator,Helmer,PC2200i,2026-08-21T00:00:00,86.5,OK
EQ-284786-PIA-01,284786,Platelet incubator with agitator,Remi,RPA-100,2026-08-21T00:00:00,88.4,OK
EQ-285102-PIA-01,285102,Platelet incubator with agitator,Labtop,LPI-12,2026-08-21T00:00:00,88.0,OK
EQ-285317-PIA-01,285317,Platelet incubator with agitator,Terumo BCT,Trima Storage Console,2026-08-21T00:00:00,87.2,OK
EQ-783-PIA-01,783,Platelet incubator with agitator,Thermo Fisher,Forma 3911,2026-08-21T00:00:00,86.9,OK
EQ-797-PIA-01,797,Platelet incubator with agitator,Helmer,PC2200i,2026-08-21T00:00:00,91.2,OK
EQ-99139-PIA-01,99139,Platelet incubator with agitator,Remi,RPA-100,2026-08-21T00:00:00,84.8,Watch
EQ-99190-PIA-01,99190,Platelet incubator with agitator,Labtop,LPI-12,2026-08-21T00:00:00,87.8,OK
EQ-99199-PIA-01,99199,Platelet incubator with agitator,Terumo BCT,Trima Storage Console,2026-08-21T00:00:00,86.0,OK
EQ-99200-PIA-01,99200,Platelet incubator with agitator,Thermo Fisher,Forma 3911,2026-08-21T00:00:00,92.1,OK
EQ-1742-PIA-01,1742,Platelet incubator with agitator,Helmer,PC2200i,2026-08-21T00:00:00,89.9,OK
EQ-2719-PIA-01,2719,Platelet incubator with agitator,Remi,RPA-100,2026-08-21T00:00:00,88.7,OK
EQ-283823-PIA-01,283823,Platelet incubator with agitator,Labtop,LPI-12,2026-08-21T00:00:00,93.5,OK
EQ-284506-PIA-01,284506,Platelet incubator with agitator,Terumo BCT,Trima Storage Console,2026-08-21T00:00:00,90.6,OK
EQ-284576-PIA-01,284576,Platelet incubator with agitator,Thermo Fisher,Forma 3911,2026-08-21T00:00:00,89.8,OK
EQ-99156-PIA-01,99156,Platelet incubator with agitator,Helmer,PC2200i,2026-08-21T00:00:00,90.4,OK
EQ-1747-PIA-01,1747,Platelet incubator with agitator,Remi,RPA-100,2026-08-21T00:00:00,91.2,OK
EQ-280211-PIA-01,280211,Platelet incubator with agitator,Labtop,LPI-12,2026-08-21T00:00:00,90.1,OK
EQ-284357-PIA-01,284357,Platelet incubator with agitator,Terumo BCT,Trima Storage Console,2026-08-21T00:00:00,89.0,OK
EQ-284405-PIA-01,284405,Platelet incubator with agitator,Thermo Fisher,Forma 3911,2026-08-21T00:00:00,86.0,OK
EQ-284745-PIA-01,284745,Platelet incubator with agitator,Helmer,PC2200i,2026-08-21T00:00:00,84.9,Watch
EQ-285070-PIA-01,285070,Platelet incubator with agitator,Remi,RPA-100,2026-08-21T00:00:00,88.4,OK
EQ-285084-PIA-01,285084,Platelet incubator with agitator,Labtop,LPI-12,2026-08-21T00:00:00,88.0,OK
EQ-1765-PIA-01,1765,Platelet incubator with agitator,Terumo BCT,Trima Storage Console,2026-08-21T00:00:00,89.8,OK
EQ-1794-PIA-01,1794,Platelet incubator with agitator,Thermo Fisher,Forma 3911,2026-08-21T00:00:00,93.2,OK
EQ-2710-PIA-01,2710,Platelet incubator with agitator,Helmer,PC2200i,2026-08-21T00:00:00,91.4,OK
EQ-280524-PIA-01,280524,Platelet incubator with agitator,Remi,RPA-100,2026-08-21T00:00:00,88.8,OK
EQ-280525-PIA-01,280525,Platelet incubator with agitator,Labtop,LPI-12,2026-08-21T00:00:00,93.7,OK
EQ-283205-PIA-01,283205,Platelet incubator with agitator,Terumo BCT,Trima Storage Console,2026-08-21T00:00:00,91.2,OK
EQ-283818-PIA-01,283818,Platelet incubator with agitator,Thermo Fisher,Forma 3911,2026-08-21T00:00:00,91.6,OK
EQ-284104-PIA-01,284104,Platelet incubator with agitator,Helmer,PC2200i,2026-08-21T00:00:00,88.2,OK
EQ-284243-PIA-01,284243,Platelet incubator with agitator,Remi,RPA-100,2026-08-21T00:00:00,88.0,OK
EQ-284495-PIA-01,284495,Platelet incubator with agitator,Labtop,LPI-12,2026-08-21T00:00:00,88.3,OK
EQ-284832-PIA-01,284832,Platelet incubator with agitator,Terumo BCT,Trima Storage Console,2026-08-21T00:00:00,85.2,OK
EQ-284980-PIA-01,284980,Platelet incubator with agitator,Thermo Fisher,Forma 3911,2026-08-21T00:00:00,93.4,OK
EQ-285007-PIA-01,285007,Platelet incubator with agitator,Helmer,PC2200i,2026-08-21T00:00:00,86.3,OK
EQ-99140-PIA-01,99140,Platelet incubator with agitator,Remi,RPA-100,2026-08-21T00:00:00,87.8,OK
EQ-99212-PIA-01,99212,Platelet incubator with agitator,Labtop,LPI-12,2026-08-21T00:00:00,85.9,OK
EQ-99213-PIA-01,99213,Platelet incubator with agitator,Terumo BCT,Trima Storage Console,2026-08-21T00:00:00,89.3,OK
EQ-99242-PIA-01,99242,Platelet incubator with agitator,Thermo Fisher,Forma 3911,2026-08-21T00:00:00,85.6,OK
EQ-1792-PIA-01,1792,Platelet incubator with agitator,Helmer,PC2200i,2026-08-21T00:00:00,87.8,OK
EQ-283585-PIA-01,283585,Platelet incubator with agitator,Remi,RPA-100,2026-08-21T00:00:00,93.7,OK
EQ-283718-PIA-01,283718,Platelet incubator with agitator,Labtop,LPI-12,2026-08-21T00:00:00,91.2,OK
EQ-283811-PIA-01,283811,Platelet incubator with agitator,Terumo BCT,Trima Storage Console,2026-08-21T00:00:00,90.2,OK
EQ-285117-PIA-01,285117,Platelet incubator with agitator,Thermo Fisher,Forma 3911,2026-08-21T00:00:00,86.8,OK
EQ-280429-PIA-01,280429,Platelet incubator with agitator,Helmer,PC2200i,2026-08-21T00:00:00,94.4,OK
EQ-280510-PIA-01,280510,Platelet incubator with agitator,Remi,RPA-100,2026-08-21T00:00:00,87.9,OK
EQ-282615-PIA-01,282615,Platelet incubator with agitator,Labtop,LPI-12,2026-08-21T00:00:00,89.7,OK
EQ-282649-PIA-01,282649,Platelet incubator with agitator,Terumo BCT,Trima Storage Console,2026-08-21T00:00:00,90.2,OK
EQ-283837-PIA-01,283837,Platelet incubator with agitator,Thermo Fisher,Forma 3911,2026-08-21T00:00:00,88.0,OK
EQ-284375-PIA-01,284375,Platelet incubator with agitator,Helmer,PC2200i,2026-08-21T00:00:00,88.0,OK
EQ-284497-PIA-01,284497,Platelet incubator with agitator,Remi,RPA-100,2026-08-21T00:00:00,89.3,OK
EQ-284846-PIA-01,284846,Platelet incubator with agitator,Labtop,LPI-12,2026-08-21T00:00:00,91.2,OK
EQ-99222-PIA-01,99222,Platelet incubator with agitator,Terumo BCT,Trima Storage Console,2026-08-21T00:00:00,93.6,OK
EQ-99240-PIA-01,99240,Platelet incubator with agitator,Thermo Fisher,Forma 3911,2026-08-21T00:00:00,89.7,OK
EQ-285006-PIA-01,285006,Platelet incubator with agitator,Helmer,PC2200i,2026-08-21T00:00:00,86.6,OK
EQ-285138-PIA-01,285138,Platelet incubator with agitator,Remi,RPA-100,2026-08-21T00:00:00,89.2,OK
EQ-99137-PIA-01,99137,Platelet incubator with agitator,Labtop,LPI-12,2026-08-21T00:00:00,91.5,OK
EQ-284194-PIA-01,284194,Platelet incubator with agitator,Terumo BCT,Trima Storage Console,2026-08-21T00:00:00,91.5,OK
EQ-284653-PIA-01,284653,Platelet incubator with agitator,Thermo Fisher,Forma 3911,2026-08-21T00:00:00,91.1,OK
EQ-284815-PIA-01,284815,Platelet incubator with agitator,Helmer,PC2200i,2026-08-21T00:00:00,88.6,OK
EQ-284954-PIA-01,284954,Platelet incubator with agitator,Remi,RPA-100,2026-08-21T00:00:00,91.7,OK
EQ-99153-PIA-01,99153,Platelet incubator with agitator,Labtop,LPI-12,2026-08-21T00:00:00,85.7,OK
EQ-283742-PIA-01,283742,Platelet incubator with agitator,Terumo BCT,Trima Storage Console,2026-08-21T00:00:00,89.4,OK
EQ-284976-PIA-01,284976,Platelet incubator with agitator,Thermo Fisher,Forma 3911,2026-08-21T00:00:00,88.7,OK
EQ-763-PIA-01,763,Platelet incubator with agitator,Helmer,PC2200i,2026-08-21T00:00:00,91.9,OK
EQ-282679-PIA-01,282679,Platelet incubator with agitator,Remi,RPA-100,2026-08-21T00:00:00,93.7,OK
EQ-283731-PIA-01,283731,Platelet incubator with agitator,Labtop,LPI-12,2026-08-21T00:00:00,92.6,OK
EQ-284355-PIA-01,284355,Platelet incubator with agitator,Terumo BCT,Trima Storage Console,2026-08-21T00:00:00,88.8,OK
EQ-284356-PIA-01,284356,Platelet incubator with agitator,Thermo Fisher,Forma 3911,2026-08-21T00:00:00,90.6,OK
EQ-284525-PIA-01,284525,Platelet incubator with agitator,Helmer,PC2200i,2026-08-21T00:00:00,89.7,OK
EQ-284830-PIA-01,284830,Platelet incubator with agitator,Remi,RPA-100,2026-08-21T00:00:00,90.5,OK
EQ-280183-PIA-01,280183,Platelet incubator with agitator,Labtop,LPI-12,2026-08-21T00:00:00,87.7,OK
EQ-280264-PIA-01,280264,Platelet incubator with agitator,Terumo BCT,Trima Storage Console,2026-08-21T00:00:00,88.8,OK
EQ-280734-PIA-01,280734,Platelet incubator with agitator,Thermo Fisher,Forma 3911,2026-08-21T00:00:00,88.1,OK
EQ-284437-PIA-01,284437,Platelet incubator with agitator,Helmer,PC2200i,2026-08-21T00:00:00,90.8,OK
EQ-284520-PIA-01,284520,Platelet incubator with agitator,Remi,RPA-100,2026-08-21T00:00:00,88.7,OK
EQ-285237-PIA-01,285237,Platelet incubator with agitator,Labtop,LPI-12,2026-08-21T00:00:00,89.2,OK
EQ-2733-PIA-01,2733,Platelet incubator with agitator,Terumo BCT,Trima Storage Console,2026-08-21T00:00:00,91.6,OK
EQ-284310-PIA-01,284310,Platelet incubator with agitator,Thermo Fisher,Forma 3911,2026-08-21T00:00:00,87.5,OK
EQ-284772-PIA-01,284772,Platelet incubator with agitator,Helmer,PC2200i,2026-08-21T00:00:00,84.9,Watch
EQ-99124-PIA-01,99124,Platelet incubator with agitator,Remi,RPA-100,2026-08-21T00:00:00,94.7,OK
EQ-99236-PIA-01,99236,Platelet incubator with agitator,Labtop,LPI-12,2026-08-21T00:00:00,90.3,OK
EQ-2740-PIA-01,2740,Platelet incubator with agitator,Terumo BCT,Trima Storage Console,2026-08-21T00:00:00,92.9,OK
EQ-2741-PIA-01,2741,Platelet incubator with agitator,Thermo Fisher,Forma 3911,2026-08-21T00:00:00,91.1,OK
EQ-282644-PIA-01,282644,Platelet incubator with agitator,Helmer,PC2200i,2026-08-21T00:00:00,93.5,OK
EQ-284307-PIA-01,284307,Platelet incubator with agitator,Remi,RPA-100,2026-08-21T00:00:00,85.6,OK
EQ-99134-PIA-01,99134,Platelet incubator with agitator,Labtop,LPI-12,2026-08-21T00:00:00,91.8,OK
EQ-1705-PIA-01,1705,Platelet incubator with agitator,Terumo BCT,Trima Storage Console,2026-08-21T00:00:00,87.3,OK
EQ-1712-PIA-01,1712,Platelet incubator with agitator,Thermo Fisher,Forma 3911,2026-08-21T00:00:00,86.9,OK
EQ-1717-PIA-01,1717,Platelet incubator with agitator,Helmer,PC2200i,2026-08-21T00:00:00,89.9,OK
EQ-1736-PIA-01,1736,Platelet incubator with agitator,Remi,RPA-100,2026-08-21T00:00:00,86.7,OK
EQ-1737-PIA-01,1737,Platelet incubator with agitator,Labtop,LPI-12,2026-08-21T00:00:00,87.9,OK
EQ-1763-PIA-01,1763,Platelet incubator with agitator,Terumo BCT,Trima Storage Console,2026-08-21T00:00:00,88.1,OK
EQ-1768-PIA-01,1768,Platelet incubator with agitator,Thermo Fisher,Forma 3911,2026-08-21T00:00:00,89.3,OK
EQ-280179-PIA-01,280179,Platelet incubator with agitator,Helmer,PC2200i,2026-08-21T00:00:00,92.1,OK
EQ-280199-PIA-01,280199,Platelet incubator with agitator,Remi,RPA-100,2026-08-21T00:00:00,87.4,OK
EQ-280201-PIA-01,280201,Platelet incubator with agitator,Labtop,LPI-12,2026-08-21T00:00:00,91.6,OK
EQ-280726-PIA-01,280726,Platelet incubator with agitator,Terumo BCT,Trima Storage Console,2026-08-21T00:00:00,90.7,OK
EQ-282574-PIA-01,282574,Platelet incubator with agitator,Thermo Fisher,Forma 3911,2026-08-21T00:00:00,90.2,OK
EQ-282685-PIA-01,282685,Platelet incubator with agitator,Helmer,PC2200i,2026-08-21T00:00:00,86.6,OK
EQ-283843-PIA-01,283843,Platelet incubator with agitator,Remi,RPA-100,2026-08-21T00:00:00,85.2,OK
EQ-283885-PIA-01,283885,Platelet incubator with agitator,Labtop,LPI-12,2026-08-21T00:00:00,92.2,OK
EQ-284133-PIA-01,284133,Platelet incubator with agitator,Terumo BCT,Trima Storage Console,2026-08-21T00:00:00,87.7,OK
EQ-284143-PIA-01,284143,Platelet incubator with agitator,Thermo Fisher,Forma 3911,2026-08-21T00:00:00,87.4,OK
EQ-284266-PIA-01,284266,Platelet incubator with agitator,Helmer,PC2200i,2026-08-21T00:00:00,86.6,OK
EQ-284304-PIA-01,284304,Platelet incubator with agitator,Remi,RPA-100,2026-08-21T00:00:00,90.0,OK
EQ-284416-PIA-01,284416,Platelet incubator with agitator,Labtop,LPI-12,2026-08-21T00:00:00,87.5,OK
EQ-284422-PIA-01,284422,Platelet incubator with agitator,Terumo BCT,Trima Storage Console,2026-08-21T00:00:00,91.6,OK
EQ-284530-PIA-01,284530,Platelet incubator with agitator,Thermo Fisher,Forma 3911,2026-08-21T00:00:00,91.2,OK
EQ-284535-PIA-01,284535,Platelet incubator with agitator,Helmer,PC2200i,2026-08-21T00:00:00,94.1,OK
EQ-284537-PIA-01,284537,Platelet incubator with agitator,Remi,RPA-100,2026-08-21T00:00:00,93.3,OK
EQ-285146-PIA-01,285146,Platelet incubator with agitator,Labtop,LPI-12,2026-08-21T00:00:00,86.6,OK
EQ-702-PIA-01,702,Platelet incubator with agitator,Terumo BCT,Trima Storage Console,2026-08-21T00:00:00,88.2,OK
EQ-718-PIA-01,718,Platelet incubator with agitator,Thermo Fisher,Forma 3911,2026-08-21T00:00:00,88.1,OK
EQ-770-PIA-01,770,Platelet incubator with agitator,Helmer,PC2200i,2026-08-21T00:00:00,94.0,OK
EQ-787-PIA-01,787,Platelet incubator with agitator,Remi,RPA-100,2026-08-21T00:00:00,87.9,OK
EQ-794-PIA-01,794,Platelet incubator with agitator,Labtop,LPI-12,2026-08-21T00:00:00,93.2,OK
EQ-99115-PIA-01,99115,Platelet incubator with agitator,Terumo BCT,Trima Storage Console,2026-08-21T00:00:00,89.8,OK
EQ-1720-PIA-01,1720,Platelet incubator with agitator,Thermo Fisher,Forma 3911,2026-08-21T00:00:00,90.6,OK
EQ-1726-PIA-01,1726,Platelet incubator with agitator,Helmer,PC2200i,2026-08-21T00:00:00,92.7,OK
EQ-280193-PIA-01,280193,Platelet incubator with agitator,Remi,RPA-100,2026-08-21T00:00:00,89.6,OK
EQ-280509-PIA-01,280509,Platelet incubator with agitator,Labtop,LPI-12,2026-08-21T00:00:00,88.0,OK
EQ-280531-PIA-01,280531,Platelet incubator with agitator,Terumo BCT,Trima Storage Console,2026-08-21T00:00:00,89.9,OK
EQ-280553-PIA-01,280553,Platelet incubator with agitator,Thermo Fisher,Forma 3911,2026-08-21T00:00:00,90.1,OK
EQ-283212-PIA-01,283212,Platelet incubator with agitator,Helmer,PC2200i,2026-08-21T00:00:00,92.1,OK
EQ-283723-PIA-01,283723,Platelet incubator with agitator,Remi,RPA-100,2026-08-21T00:00:00,93.6,OK
EQ-283851-PIA-01,283851,Platelet incubator with agitator,Labtop,LPI-12,2026-08-21T00:00:00,90.2,OK
EQ-283961-PIA-01,283961,Platelet incubator with agitator,Terumo BCT,Trima Storage Console,2026-08-21T00:00:00,88.2,OK
EQ-284105-PIA-01,284105,Platelet incubator with agitator,Thermo Fisher,Forma 3911,2026-08-21T00:00:00,85.6,OK
EQ-284181-PIA-01,284181,Platelet incubator with agitator,Helmer,PC2200i,2026-08-21T00:00:00,89.2,OK
EQ-284193-PIA-01,284193,Platelet incubator with agitator,Remi,RPA-100,2026-08-21T00:00:00,89.8,OK
EQ-284395-PIA-01,284395,Platelet incubator with agitator,Labtop,LPI-12,2026-08-21T00:00:00,91.4,OK
EQ-284464-PIA-01,284464,Platelet incubator with agitator,Terumo BCT,Trima Storage Console,2026-08-21T00:00:00,87.0,OK
EQ-284523-PIA-01,284523,Platelet incubator with agitator,Thermo Fisher,Forma 3911,2026-08-21T00:00:00,88.0,OK
EQ-285152-PIA-01,285152,Platelet incubator with agitator,Helmer,PC2200i,2026-08-21T00:00:00,84.3,Watch
EQ-713-PIA-01,713,Platelet incubator with agitator,Remi,RPA-100,2026-08-21T00:00:00,86.1,OK
EQ-753-PIA-01,753,Platelet incubator with agitator,Labtop,LPI-12,2026-08-21T00:00:00,84.6,Watch
EQ-782-PIA-01,782,Platelet incubator with agitator,Terumo BCT,Trima Storage Console,2026-08-21T00:00:00,88.1,OK
EQ-785-PIA-01,785,Platelet incubator with agitator,Thermo Fisher,Forma 3911,2026-08-21T00:00:00,89.9,OK
EQ-793-PIA-01,793,Platelet incubator with agitator,Helmer,PC2200i,2026-08-21T00:00:00,87.3,OK
EQ-99111-PIA-01,99111,Platelet incubator with agitator,Remi,RPA-100,2026-08-21T00:00:00,87.4,OK
EQ-99205-PIA-01,99205,Platelet incubator with agitator,Labtop,LPI-12,2026-08-21T00:00:00,87.9,OK
EQ-1799-PIA-01,1799,Platelet incubator with agitator,Terumo BCT,Trima Storage Console,2026-08-21T00:00:00,93.9,OK
EQ-283720-PIA-01,283720,Platelet incubator with agitator,Thermo Fisher,Forma 3911,2026-08-21T00:00:00,86.6,OK
EQ-99226-PIA-01,99226,Platelet incubator with agitator,Helmer,PC2200i,2026-08-21T00:00:00,92.9,OK
EQ-1797-PIA-01,1797,Platelet incubator with agitator,Remi,RPA-100,2026-08-21T00:00:00,91.1,OK
EQ-283824-PIA-01,283824,Platelet incubator with agitator,Labtop,LPI-12,2026-08-21T00:00:00,87.4,OK
EQ-99184-PIA-01,99184,Platelet incubator with agitator,Terumo BCT,Trima Storage Console,2026-08-21T00:00:00,90.4,OK
EQ-99230-PIA-01,99230,Platelet incubator with agitator,Thermo Fisher,Forma 3911,2026-08-21T00:00:00,93.6,OK
EQ-1776-PIA-01,1776,Platelet incubator with agitator,Helmer,PC2200i,2026-08-21T00:00:00,92.6,OK
EQ-2713-PIA-01,2713,Platelet incubator with agitator,Remi,RPA-100,2026-08-21T00:00:00,91.6,OK
EQ-280178-PIA-01,280178,Platelet incubator with agitator,Labtop,LPI-12,2026-08-21T00:00:00,88.4,OK
EQ-282723-PIA-01,282723,Platelet incubator with agitator,Terumo BCT,Trima Storage Console,2026-08-21T00:00:00,86.5,OK
EQ-283729-PIA-01,283729,Platelet incubator with agitator,Thermo Fisher,Forma 3911,2026-08-21T00:00:00,89.5,OK
EQ-284106-PIA-01,284106,Platelet incubator with agitator,Helmer,PC2200i,2026-08-21T00:00:00,90.6,OK
EQ-284297-PIA-01,284297,Platelet incubator with agitator,Remi,RPA-100,2026-08-21T00:00:00,93.2,OK
EQ-284447-PIA-01,284447,Platelet incubator with agitator,Labtop,LPI-12,2026-08-21T00:00:00,90.6,OK
EQ-284458-PIA-01,284458,Platelet incubator with agitator,Terumo BCT,Trima Storage Console,2026-08-21T00:00:00,89.9,OK
EQ-284656-PIA-01,284656,Platelet incubator with agitator,Thermo Fisher,Forma 3911,2026-08-21T00:00:00,93.3,OK
EQ-285245-PIA-01,285245,Platelet incubator with agitator,Helmer,PC2200i,2026-08-21T00:00:00,88.9,OK
EQ-738-PIA-01,738,Platelet incubator with agitator,Remi,RPA-100,2026-08-21T00:00:00,92.3,OK
EQ-762-PIA-01,762,Platelet incubator with agitator,Labtop,LPI-12,2026-08-21T00:00:00,85.5,OK
EQ-771-PIA-01,771,Platelet incubator with agitator,Terumo BCT,Trima Storage Console,2026-08-21T00:00:00,86.2,OK
EQ-796-PIA-01,796,Platelet incubator with agitator,Thermo Fisher,Forma 3911,2026-08-21T00:00:00,94.7,OK
EQ-99208-PIA-01,99208,Platelet incubator with agitator,Helmer,PC2200i,2026-08-21T00:00:00,84.3,Watch
EQ-99113-PIA-01,99113,Platelet incubator with agitator,Remi,RPA-100,2026-08-21T00:00:00,89.4,OK
EQ-1721-PIA-01,1721,Platelet incubator with agitator,Labtop,LPI-12,2026-08-21T00:00:00,90.3,OK
EQ-1751-PIA-01,1751,Platelet incubator with agitator,Terumo BCT,Trima Storage Console,2026-08-21T00:00:00,86.2,OK
EQ-280196-PIA-01,280196,Platelet incubator with agitator,Thermo Fisher,Forma 3911,2026-08-21T00:00:00,91.3,OK
EQ-280384-PIA-01,280384,Platelet incubator with agitator,Helmer,PC2200i,2026-08-21T00:00:00,88.8,OK
EQ-285123-PIA-01,285123,Platelet incubator with agitator,Remi,RPA-100,2026-08-21T00:00:00,92.0,OK
EQ-285247-PIA-01,285247,Platelet incubator with agitator,Labtop,LPI-12,2026-08-21T00:00:00,88.6,OK
EQ-283887-PIA-01,283887,Platelet incubator with agitator,Terumo BCT,Trima Storage Console,2026-08-21T00:00:00,91.1,OK
EQ-284398-PIA-01,284398,Platelet incubator with agitator,Thermo Fisher,Forma 3911,2026-08-21T00:00:00,88.3,OK
EQ-285119-PIA-01,285119,Platelet incubator with agitator,Helmer,PC2200i,2026-08-21T00:00:00,87.9,OK
EQ-285264-PIA-01,285264,Platelet incubator with agitator,Remi,RPA-100,2026-08-21T00:00:00,88.4,OK
EQ-280522-PIA-01,280522,Platelet incubator with agitator,Labtop,LPI-12,2026-08-21T00:00:00,87.3,OK
EQ-284875-PIA-01,284875,Platelet incubator with agitator,Terumo BCT,Trima Storage Console,2026-08-21T00:00:00,90.0,OK
EQ-99159-PIA-01,99159,Platelet incubator with agitator,Thermo Fisher,Forma 3911,2026-08-21T00:00:00,90.5,OK
EQ-284415-PIA-01,284415,Platelet incubator with agitator,Helmer,PC2200i,2026-08-21T00:00:00,89.2,OK
EQ-284462-PIA-01,284462,Platelet incubator with agitator,Remi,RPA-100,2026-08-21T00:00:00,94.1,OK
EQ-284522-PIA-01,284522,Platelet incubator with agitator,Labtop,LPI-12,2026-08-21T00:00:00,94.2,OK
EQ-99120-PIA-01,99120,Platelet incubator with agitator,Terumo BCT,Trima Storage Console,2026-08-21T00:00:00,90.4,OK
EQ-1728-PIA-01,1728,Platelet incubator with agitator,Thermo Fisher,Forma 3911,2026-08-21T00:00:00,92.5,OK
EQ-280209-PIA-01,280209,Platelet incubator with agitator,Helmer,PC2200i,2026-08-21T00:00:00,86.3,OK
EQ-282794-PIA-01,282794,Platelet incubator with agitator,Remi,RPA-100,2026-08-21T00:00:00,94.1,OK
EQ-283217-PIA-01,283217,Platelet incubator with agitator,Labtop,LPI-12,2026-08-21T00:00:00,90.9,OK
EQ-283296-PIA-01,283296,Platelet incubator with agitator,Terumo BCT,Trima Storage Console,2026-08-21T00:00:00,89.4,OK
EQ-283421-PIA-01,283421,Platelet incubator with agitator,Thermo Fisher,Forma 3911,2026-08-21T00:00:00,91.6,OK
EQ-284644-PIA-01,284644,Platelet incubator with agitator,Helmer,PC2200i,2026-08-21T00:00:00,88.4,OK
EQ-284775-PIA-01,284775,Platelet incubator with agitator,Remi,RPA-100,2026-08-21T00:00:00,88.0,OK
EQ-99122-PIA-01,99122,Platelet incubator with agitator,Labtop,LPI-12,2026-08-21T00:00:00,88.9,OK
EQ-1714-PIA-01,1714,Platelet incubator with agitator,Terumo BCT,Trima Storage Console,2026-08-21T00:00:00,93.3,OK
EQ-1778-PIA-01,1778,Platelet incubator with agitator,Thermo Fisher,Forma 3911,2026-08-21T00:00:00,90.6,OK
EQ-283776-PIA-01,283776,Platelet incubator with agitator,Helmer,PC2200i,2026-08-21T00:00:00,88.1,OK
EQ-284113-PIA-01,284113,Platelet incubator with agitator,Remi,RPA-100,2026-08-21T00:00:00,92.2,OK
EQ-284308-PIA-01,284308,Platelet incubator with agitator,Labtop,LPI-12,2026-08-21T00:00:00,88.1,OK
EQ-284824-PIA-01,284824,Platelet incubator with agitator,Terumo BCT,Trima Storage Console,2026-08-21T00:00:00,92.3,OK
EQ-284934-PIA-01,284934,Platelet incubator with agitator,Thermo Fisher,Forma 3911,2026-08-21T00:00:00,88.8,OK
EQ-742-PIA-01,742,Platelet incubator with agitator,Helmer,PC2200i,2026-08-21T00:00:00,89.0,OK
EQ-751-PIA-01,751,Platelet incubator with agitator,Remi,RPA-100,2026-08-21T00:00:00,88.7,OK
EQ-772-PIA-01,772,Platelet incubator with agitator,Labtop,LPI-12,2026-08-21T00:00:00,92.1,OK
EQ-99108-PIA-01,99108,Platelet incubator with agitator,Terumo BCT,Trima Storage Console,2026-08-21T00:00:00,94.1,OK
EQ-99151-PIA-01,99151,Platelet incubator with agitator,Thermo Fisher,Forma 3911,2026-08-21T00:00:00,92.6,OK
EQ-99221-PIA-01,99221,Platelet incubator with agitator,Helmer,PC2200i,2026-08-21T00:00:00,86.8,OK
EQ-1766-PIA-01,1766,Platelet incubator with agitator,Remi,RPA-100,2026-08-21T00:00:00,88.1,OK
EQ-282680-PIA-01,282680,Platelet incubator with agitator,Labtop,LPI-12,2026-08-21T00:00:00,89.3,OK
EQ-284441-PIA-01,284441,Platelet incubator with agitator,Terumo BCT,Trima Storage Console,2026-08-21T00:00:00,85.9,OK
EQ-99206-PIA-01,99206,Platelet incubator with agitator,Thermo Fisher,Forma 3911,2026-08-21T00:00:00,91.8,OK
EQ-99165-PIA-01,99165,Platelet incubator with agitator,Helmer,PC2200i,2026-08-21T00:00:00,87.4,OK
EQ-1770-PIA-01,1770,Platelet incubator with agitator,Remi,RPA-100,2026-08-21T00:00:00,84.8,Watch
EQ-1773-PIA-01,1773,Platelet incubator with agitator,Labtop,LPI-12,2026-08-21T00:00:00,92.0,OK
EQ-2714-PIA-01,2714,Platelet incubator with agitator,Terumo BCT,Trima Storage Console,2026-08-21T00:00:00,89.1,OK
EQ-280181-PIA-01,280181,Platelet incubator with agitator,Thermo Fisher,Forma 3911,2026-08-21T00:00:00,87.8,OK
EQ-280279-PIA-01,280279,Platelet incubator with agitator,Helmer,PC2200i,2026-08-21T00:00:00,90.0,OK
EQ-280507-PIA-01,280507,Platelet incubator with agitator,Remi,RPA-100,2026-08-21T00:00:00,86.7,OK
EQ-280543-PIA-01,280543,Platelet incubator with agitator,Labtop,LPI-12,2026-08-21T00:00:00,89.5,OK
EQ-280704-PIA-01,280704,Platelet incubator with agitator,Terumo BCT,Trima Storage Console,2026-08-21T00:00:00,89.5,OK
EQ-283215-PIA-01,283215,Platelet incubator with agitator,Thermo Fisher,Forma 3911,2026-08-21T00:00:00,92.2,OK
EQ-283777-PIA-01,283777,Platelet incubator with agitator,Helmer,PC2200i,2026-08-21T00:00:00,91.9,OK
EQ-284159-PIA-01,284159,Platelet incubator with agitator,Remi,RPA-100,2026-08-21T00:00:00,87.2,OK
EQ-284163-PIA-01,284163,Platelet incubator with agitator,Labtop,LPI-12,2026-08-21T00:00:00,85.6,OK
EQ-284201-PIA-01,284201,Platelet incubator with agitator,Terumo BCT,Trima Storage Console,2026-08-21T00:00:00,90.2,OK
EQ-284282-PIA-01,284282,Platelet incubator with agitator,Thermo Fisher,Forma 3911,2026-08-21T00:00:00,89.0,OK
EQ-284570-PIA-01,284570,Platelet incubator with agitator,Helmer,PC2200i,2026-08-21T00:00:00,89.7,OK
EQ-285078-PIA-01,285078,Platelet incubator with agitator,Remi,RPA-100,2026-08-21T00:00:00,85.6,OK
EQ-701-PIA-01,701,Platelet incubator with agitator,Labtop,LPI-12,2026-08-21T00:00:00,87.3,OK
EQ-704-PIA-01,704,Platelet incubator with agitator,Terumo BCT,Trima Storage Console,2026-08-21T00:00:00,94.3,OK
EQ-705-PIA-01,705,Platelet incubator with agitator,Thermo Fisher,Forma 3911,2026-08-21T00:00:00,92.1,OK
EQ-731-PIA-01,731,Platelet incubator with agitator,Helmer,PC2200i,2026-08-21T00:00:00,85.1,OK
EQ-99129-PIA-01,99129,Platelet incubator with agitator,Remi,RPA-100,2026-08-21T00:00:00,89.7,OK
EQ-99162-PIA-01,99162,Platelet incubator with agitator,Labtop,LPI-12,2026-08-21T00:00:00,93.8,OK
EQ-99193-PIA-01,99193,Platelet incubator with agitator,Terumo BCT,Trima Storage Console,2026-08-21T00:00:00,87.6,OK
EQ-99246-PIA-01,99246,Platelet incubator with agitator,Thermo Fisher,Forma 3911,2026-08-21T00:00:00,86.6,OK
EQ-2726-PIA-01,2726,Platelet incubator with agitator,Helmer,PC2200i,2026-08-21T00:00:00,87.6,OK
EQ-284269-PIA-01,284269,Platelet incubator with agitator,Remi,RPA-100,2026-08-21T00:00:00,89.3,OK
EQ-284096-PIA-01,284096,Platelet incubator with agitator,Labtop,LPI-12,2026-08-21T00:00:00,87.9,OK
EQ-284847-PIA-01,284847,Platelet incubator with agitator,Terumo BCT,Trima Storage Console,2026-08-21T00:00:00,86.7,OK
EQ-99218-PIA-01,99218,Platelet incubator with agitator,Thermo Fisher,Forma 3911,2026-08-21T00:00:00,92.3,OK
EQ-99227-PIA-01,99227,Platelet incubator with agitator,Helmer,PC2200i,2026-08-21T00:00:00,86.2,OK
EQ-1731-PIA-01,1731,Platelet incubator with agitator,Remi,RPA-100,2026-08-21T00:00:00,88.8,OK
EQ-284131-PIA-01,284131,Platelet incubator with agitator,Labtop,LPI-12,2026-08-21T00:00:00,90.8,OK
EQ-284328-PIA-01,284328,Platelet incubator with agitator,Terumo BCT,Trima Storage Console,2026-08-21T00:00:00,90.7,OK
EQ-284392-PIA-01,284392,Platelet incubator with agitator,Thermo Fisher,Forma 3911,2026-08-21T00:00:00,90.9,OK
EQ-284450-PIA-01,284450,Platelet incubator with agitator,Helmer,PC2200i,2026-08-21T00:00:00,88.9,OK
EQ-282608-PIA-01,282608,Platelet incubator with agitator,Remi,RPA-100,2026-08-21T00:00:00,87.3,OK
EQ-283384-PIA-01,283384,Platelet incubator with agitator,Labtop,LPI-12,2026-08-21T00:00:00,93.1,OK
EQ-284540-PIA-01,284540,Platelet incubator with agitator,Terumo BCT,Trima Storage Console,2026-08-21T00:00:00,89.4,OK
EQ-284724-PIA-01,284724,Platelet incubator with agitator,Thermo Fisher,Forma 3911,2026-08-21T00:00:00,86.7,OK
EQ-99138-PIA-01,99138,Platelet incubator with agitator,Helmer,PC2200i,2026-08-21T00:00:00,89.4,OK
EQ-99215-PIA-01,99215,Platelet incubator with agitator,Remi,RPA-100,2026-08-21T00:00:00,85.2,OK
EQ-99237-PIA-01,99237,Platelet incubator with agitator,Labtop,LPI-12,2026-08-21T00:00:00,92.7,OK
EQ-99135-PIA-01,99135,Platelet incubator with agitator,Terumo BCT,Trima Storage Console,2026-08-21T00:00:00,94.2,OK
EQ-1708-PIA-01,1708,Platelet incubator with agitator,Thermo Fisher,Forma 3911,2026-08-21T00:00:00,85.3,OK
EQ-1729-PIA-01,1729,Platelet incubator with agitator,Helmer,PC2200i,2026-08-21T00:00:00,89.4,OK
EQ-1738-PIA-01,1738,Platelet incubator with agitator,Remi,RPA-100,2026-08-21T00:00:00,90.7,OK
EQ-1746-PIA-01,1746,Platelet incubator with agitator,Labtop,LPI-12,2026-08-21T00:00:00,94.3,OK
EQ-1754-PIA-01,1754,Platelet incubator with agitator,Terumo BCT,Trima Storage Console,2026-08-21T00:00:00,89.5,OK
EQ-1759-PIA-01,1759,Platelet incubator with agitator,Thermo Fisher,Forma 3911,2026-08-21T00:00:00,89.6,OK
EQ-1762-PIA-01,1762,Platelet incubator with agitator,Helmer,PC2200i,2026-08-21T00:00:00,89.2,OK
EQ-2731-PIA-01,2731,Platelet incubator with agitator,Remi,RPA-100,2026-08-21T00:00:00,89.4,OK
EQ-280187-PIA-01,280187,Platelet incubator with agitator,Labtop,LPI-12,2026-08-21T00:00:00,92.2,OK
EQ-280188-PIA-01,280188,Platelet incubator with agitator,Terumo BCT,Trima Storage Console,2026-08-21T00:00:00,91.8,OK
EQ-280189-PIA-01,280189,Platelet incubator with agitator,Thermo Fisher,Forma 3911,2026-08-21T00:00:00,90.5,OK
EQ-280508-PIA-01,280508,Platelet incubator with agitator,Helmer,PC2200i,2026-08-21T00:00:00,90.0,OK
EQ-280530-PIA-01,280530,Platelet incubator with agitator,Remi,RPA-100,2026-08-21T00:00:00,89.9,OK
EQ-280568-PIA-01,280568,Platelet incubator with agitator,Labtop,LPI-12,2026-08-21T00:00:00,89.9,OK
EQ-280731-PIA-01,280731,Platelet incubator with agitator,Terumo BCT,Trima Storage Console,2026-08-21T00:00:00,91.6,OK
EQ-282729-PIA-01,282729,Platelet incubator with agitator,Thermo Fisher,Forma 3911,2026-08-21T00:00:00,87.0,OK
EQ-283041-PIA-01,283041,Platelet incubator with agitator,Helmer,PC2200i,2026-08-21T00:00:00,87.6,OK
EQ-283137-PIA-01,283137,Platelet incubator with agitator,Remi,RPA-100,2026-08-21T00:00:00,92.4,OK
EQ-283254-PIA-01,283254,Platelet incubator with agitator,Labtop,LPI-12,2026-08-21T00:00:00,84.2,Watch
EQ-283309-PIA-01,283309,Platelet incubator with agitator,Terumo BCT,Trima Storage Console,2026-08-21T00:00:00,89.3,OK
EQ-283313-PIA-01,283313,Platelet incubator with agitator,Thermo Fisher,Forma 3911,2026-08-21T00:00:00,92.9,OK
EQ-283753-PIA-01,283753,Platelet incubator with agitator,Helmer,PC2200i,2026-08-21T00:00:00,92.6,OK
EQ-283784-PIA-01,283784,Platelet incubator with agitator,Remi,RPA-100,2026-08-21T00:00:00,93.4,OK
EQ-283804-PIA-01,283804,Platelet incubator with agitator,Labtop,LPI-12,2026-08-21T00:00:00,89.6,OK
EQ-283812-PIA-01,283812,Platelet incubator with agitator,Terumo BCT,Trima Storage Console,2026-08-21T00:00:00,86.8,OK
EQ-283819-PIA-01,283819,Platelet incubator with agitator,Thermo Fisher,Forma 3911,2026-08-21T00:00:00,85.5,OK
EQ-284052-PIA-01,284052,Platelet incubator with agitator,Helmer,PC2200i,2026-08-21T00:00:00,92.4,OK
EQ-284085-PIA-01,284085,Platelet incubator with agitator,Remi,RPA-100,2026-08-21T00:00:00,91.8,OK
EQ-284114-PIA-01,284114,Platelet incubator with agitator,Labtop,LPI-12,2026-08-21T00:00:00,89.0,OK
EQ-284149-PIA-01,284149,Platelet incubator with agitator,Terumo BCT,Trima Storage Console,2026-08-21T00:00:00,87.5,OK
EQ-284161-PIA-01,284161,Platelet incubator with agitator,Thermo Fisher,Forma 3911,2026-08-21T00:00:00,90.5,OK
EQ-284198-PIA-01,284198,Platelet incubator with agitator,Helmer,PC2200i,2026-08-21T00:00:00,91.1,OK
EQ-284250-PIA-01,284250,Platelet incubator with agitator,Remi,RPA-100,2026-08-21T00:00:00,91.5,OK
EQ-284351-PIA-01,284351,Platelet incubator with agitator,Labtop,LPI-12,2026-08-21T00:00:00,90.3,OK
EQ-284376-PIA-01,284376,Platelet incubator with agitator,Terumo BCT,Trima Storage Console,2026-08-21T00:00:00,87.4,OK
EQ-284380-PIA-01,284380,Platelet incubator with agitator,Thermo Fisher,Forma 3911,2026-08-21T00:00:00,90.2,OK
EQ-284413-PIA-01,284413,Platelet incubator with agitator,Helmer,PC2200i,2026-08-21T00:00:00,90.7,OK
EQ-284431-PIA-01,284431,Platelet incubator with agitator,Remi,RPA-100,2026-08-21T00:00:00,89.2,OK
EQ-284434-PIA-01,284434,Platelet incubator with agitator,Labtop,LPI-12,2026-08-21T00:00:00,87.1,OK
EQ-284439-PIA-01,284439,Platelet incubator with agitator,Terumo BCT,Trima Storage Console,2026-08-21T00:00:00,92.2,OK
EQ-284453-PIA-01,284453,Platelet incubator with agitator,Thermo Fisher,Forma 3911,2026-08-21T00:00:00,89.7,OK
EQ-284485-PIA-01,284485,Platelet incubator with agitator,Helmer,PC2200i,2026-08-21T00:00:00,89.7,OK
EQ-284500-PIA-01,284500,Platelet incubator with agitator,Remi,RPA-100,2026-08-21T00:00:00,87.5,OK
EQ-284521-PIA-01,284521,Platelet incubator with agitator,Labtop,LPI-12,2026-08-21T00:00:00,90.5,OK
EQ-284527-PIA-01,284527,Platelet incubator with agitator,Terumo BCT,Trima Storage Console,2026-08-21T00:00:00,90.4,OK
EQ-284545-PIA-01,284545,Platelet incubator with agitator,Thermo Fisher,Forma 3911,2026-08-21T00:00:00,90.6,OK
EQ-284640-PIA-01,284640,Platelet incubator with agitator,Helmer,PC2200i,2026-08-21T00:00:00,88.4,OK
EQ-284708-PIA-01,284708,Platelet incubator with agitator,Remi,RPA-100,2026-08-21T00:00:00,89.3,OK
EQ-284774-PIA-01,284774,Platelet incubator with agitator,Labtop,LPI-12,2026-08-21T00:00:00,86.5,OK
EQ-284818-PIA-01,284818,Platelet incubator with agitator,Terumo BCT,Trima Storage Console,2026-08-21T00:00:00,86.8,OK
EQ-284865-PIA-01,284865,Platelet incubator with agitator,Thermo Fisher,Forma 3911,2026-08-21T00:00:00,89.6,OK
EQ-285137-PIA-01,285137,Platelet incubator with agitator,Helmer,PC2200i,2026-08-21T00:00:00,92.5,OK
EQ-285150-PIA-01,285150,Platelet incubator with agitator,Remi,RPA-100,2026-08-21T00:00:00,88.5,OK
EQ-285154-PIA-01,285154,Platelet incubator with agitator,Labtop,LPI-12,2026-08-21T00:00:00,88.3,OK
EQ-285175-PIA-01,285175,Platelet incubator with agitator,Terumo BCT,Trima Storage Console,2026-08-21T00:00:00,91.0,OK
EQ-707-PIA-01,707,Platelet incubator with agitator,Thermo Fisher,Forma 3911,2026-08-21T00:00:00,85.2,OK
EQ-747-PIA-01,747,Platelet incubator with agitator,Helmer,PC2200i,2026-08-21T00:00:00,87.3,OK
EQ-750-PIA-01,750,Platelet incubator with agitator,Remi,RPA-100,2026-08-21T00:00:00,89.7,OK
EQ-777-PIA-01,777,Platelet incubator with agitator,Labtop,LPI-12,2026-08-21T00:00:00,90.3,OK
EQ-784-PIA-01,784,Platelet incubator with agitator,Terumo BCT,Trima Storage Console,2026-08-21T00:00:00,85.8,OK
EQ-786-PIA-01,786,Platelet incubator with agitator,Thermo Fisher,Forma 3911,2026-08-21T00:00:00,92.9,OK
EQ-788-PIA-01,788,Platelet incubator with agitator,Helmer,PC2200i,2026-08-21T00:00:00,87.6,OK
EQ-799-PIA-01,799,Platelet incubator with agitator,Remi,RPA-100,2026-08-21T00:00:00,87.6,OK
EQ-99103-PIA-01,99103,Platelet incubator with agitator,Labtop,LPI-12,2026-08-21T00:00:00,89.2,OK
EQ-99105-PIA-01,99105,Platelet incubator with agitator,Terumo BCT,Trima Storage Console,2026-08-21T00:00:00,85.2,OK
EQ-99182-PIA-01,99182,Platelet incubator with agitator,Thermo Fisher,Forma 3911,2026-08-21T00:00:00,93.9,OK
EQ-99194-PIA-01,99194,Platelet incubator with agitator,Helmer,PC2200i,2026-08-21T00:00:00,90.3,OK
EQ-99196-PIA-01,99196,Platelet incubator with agitator,Remi,RPA-100,2026-08-21T00:00:00,86.5,OK
EQ-99203-PIA-01,99203,Platelet incubator with agitator,Labtop,LPI-12,2026-08-21T00:00:00,88.6,OK
EQ-99210-PIA-01,99210,Platelet incubator with agitator,Terumo BCT,Trima Storage Console,2026-08-21T00:00:00,87.1,OK
EQ-99225-PIA-01,99225,Platelet incubator with agitator,Thermo Fisher,Forma 3911,2026-08-21T00:00:00,88.8,OK
EQ-99238-PIA-01,99238,Platelet incubator with agitator,Helmer,PC2200i,2026-08-21T00:00:00,87.9,OK
EQ-284130-PIA-01,284130,Platelet incubator with agitator,Remi,RPA-100,2026-08-21T00:00:00,89.0,OK
EQ-99141-PIA-01,99141,Platelet incubator with agitator,Labtop,LPI-12,2026-08-21T00:00:00,87.3,OK
EQ-99231-PIA-01,99231,Platelet incubator with agitator,Terumo BCT,Trima Storage Console,2026-08-21T00:00:00,88.3,OK
EQ-99133-PIA-01,99133,Platelet incubator with agitator,Thermo Fisher,Forma 3911,2026-08-21T00:00:00,88.7,OK
EQ-280779-PIA-01,280779,Platelet incubator with agitator,Helmer,PC2200i,2026-08-21T00:00:00,88.3,OK
EQ-283864-PIA-01,283864,Platelet incubator with agitator,Remi,RPA-100,2026-08-21T00:00:00,89.9,OK
EQ-99211-PIA-01,99211,Platelet incubator with agitator,Labtop,LPI-12,2026-08-21T00:00:00,85.2,OK
EQ-99214-PIA-01,99214,Platelet incubator with agitator,Terumo BCT,Trima Storage Console,2026-08-21T00:00:00,89.6,OK
EQ-1756-PIA-01,1756,Platelet incubator with agitator,Thermo Fisher,Forma 3911,2026-08-21T00:00:00,91.1,OK
EQ-2734-PIA-01,2734,Platelet incubator with agitator,Helmer,PC2200i,2026-08-21T00:00:00,86.1,OK
EQ-2736-PIA-01,2736,Platelet incubator with agitator,Remi,RPA-100,2026-08-21T00:00:00,90.9,OK
EQ-280171-PIA-01,280171,Platelet incubator with agitator,Labtop,LPI-12,2026-08-21T00:00:00,89.4,OK
EQ-282643-PIA-01,282643,Platelet incubator with agitator,Terumo BCT,Trima Storage Console,2026-08-21T00:00:00,90.2,OK
EQ-283578-PIA-01,283578,Platelet incubator with agitator,Thermo Fisher,Forma 3911,2026-08-21T00:00:00,86.6,OK
EQ-284102-PIA-01,284102,Platelet incubator with agitator,Helmer,PC2200i,2026-08-21T00:00:00,85.6,OK
EQ-284137-PIA-01,284137,Platelet incubator with agitator,Remi,RPA-100,2026-08-21T00:00:00,85.2,OK
EQ-284210-PIA-01,284210,Platelet incubator with agitator,Labtop,LPI-12,2026-08-21T00:00:00,92.0,OK
EQ-284850-PIA-01,284850,Platelet incubator with agitator,Terumo BCT,Trima Storage Console,2026-08-21T00:00:00,86.3,OK
EQ-792-PIA-01,792,Platelet incubator with agitator,Thermo Fisher,Forma 3911,2026-08-21T00:00:00,89.7,OK
EQ-99161-PIA-01,99161,Platelet incubator with agitator,Helmer,PC2200i,2026-08-21T00:00:00,92.0,OK
EQ-1718-PIA-01,1718,Platelet incubator with agitator,Remi,RPA-100,2026-08-21T00:00:00,90.4,OK
EQ-280569-PIA-01,280569,Platelet incubator with agitator,Labtop,LPI-12,2026-08-21T00:00:00,88.5,OK
EQ-283665-PIA-01,283665,Platelet incubator with agitator,Terumo BCT,Trima Storage Console,2026-08-21T00:00:00,91.3,OK
EQ-284940-PIA-01,284940,Platelet incubator with agitator,Thermo Fisher,Forma 3911,2026-08-21T00:00:00,93.2,OK
EQ-99143-PIA-01,99143,Platelet incubator with agitator,Helmer,PC2200i,2026-08-21T00:00:00,87.2,OK
EQ-1704-PIA-01,1704,Platelet incubator with agitator,Remi,RPA-100,2026-08-21T00:00:00,87.6,OK
EQ-1706-PIA-01,1706,Platelet incubator with agitator,Labtop,LPI-12,2026-08-21T00:00:00,84.7,Watch
EQ-1716-PIA-01,1716,Platelet incubator with agitator,Terumo BCT,Trima Storage Console,2026-08-21T00:00:00,87.1,OK
EQ-2705-PIA-01,2705,Platelet incubator with agitator,Thermo Fisher,Forma 3911,2026-08-21T00:00:00,88.2,OK
EQ-280192-PIA-01,280192,Platelet incubator with agitator,Helmer,PC2200i,2026-08-21T00:00:00,88.8,OK
EQ-280527-PIA-01,280527,Platelet incubator with agitator,Remi,RPA-100,2026-08-21T00:00:00,87.4,OK
EQ-282584-PIA-01,282584,Platelet incubator with agitator,Labtop,LPI-12,2026-08-21T00:00:00,92.8,OK
EQ-282642-PIA-01,282642,Platelet incubator with agitator,Terumo BCT,Trima Storage Console,2026-08-21T00:00:00,93.6,OK
EQ-283214-PIA-01,283214,Platelet incubator with agitator,Thermo Fisher,Forma 3911,2026-08-21T00:00:00,86.8,OK
EQ-283577-PIA-01,283577,Platelet incubator with agitator,Helmer,PC2200i,2026-08-21T00:00:00,89.6,OK
EQ-283653-PIA-01,283653,Platelet incubator with agitator,Remi,RPA-100,2026-08-21T00:00:00,91.0,OK
EQ-283732-PIA-01,283732,Platelet incubator with agitator,Labtop,LPI-12,2026-08-21T00:00:00,91.5,OK
EQ-283785-PIA-01,283785,Platelet incubator with agitator,Terumo BCT,Trima Storage Console,2026-08-21T00:00:00,88.9,OK
EQ-284098-PIA-01,284098,Platelet incubator with agitator,Thermo Fisher,Forma 3911,2026-08-21T00:00:00,89.0,OK
EQ-284261-PIA-01,284261,Platelet incubator with agitator,Helmer,PC2200i,2026-08-21T00:00:00,94.3,OK
EQ-284267-PIA-01,284267,Platelet incubator with agitator,Remi,RPA-100,2026-08-21T00:00:00,92.4,OK
EQ-284286-PIA-01,284286,Platelet incubator with agitator,Labtop,LPI-12,2026-08-21T00:00:00,91.2,OK
EQ-284313-PIA-01,284313,Platelet incubator with agitator,Terumo BCT,Trima Storage Console,2026-08-21T00:00:00,89.8,OK
EQ-284378-PIA-01,284378,Platelet incubator with agitator,Thermo Fisher,Forma 3911,2026-08-21T00:00:00,87.8,OK
EQ-284388-PIA-01,284388,Platelet incubator with agitator,Helmer,PC2200i,2026-08-21T00:00:00,89.8,OK
EQ-284412-PIA-01,284412,Platelet incubator with agitator,Remi,RPA-100,2026-08-21T00:00:00,91.3,OK
EQ-284418-PIA-01,284418,Platelet incubator with agitator,Labtop,LPI-12,2026-08-21T00:00:00,86.7,OK
EQ-284716-PIA-01,284716,Platelet incubator with agitator,Terumo BCT,Trima Storage Console,2026-08-21T00:00:00,93.5,OK
EQ-284740-PIA-01,284740,Platelet incubator with agitator,Thermo Fisher,Forma 3911,2026-08-21T00:00:00,89.1,OK
EQ-284759-PIA-01,284759,Platelet incubator with agitator,Helmer,PC2200i,2026-08-21T00:00:00,90.0,OK
EQ-284800-PIA-01,284800,Platelet incubator with agitator,Remi,RPA-100,2026-08-21T00:00:00,90.1,OK
EQ-284801-PIA-01,284801,Platelet incubator with agitator,Labtop,LPI-12,2026-08-21T00:00:00,86.8,OK
EQ-284931-PIA-01,284931,Platelet incubator with agitator,Terumo BCT,Trima Storage Console,2026-08-21T00:00:00,88.1,OK
EQ-285144-PIA-01,285144,Platelet incubator with agitator,Thermo Fisher,Forma 3911,2026-08-21T00:00:00,93.6,OK
EQ-789-PIA-01,789,Platelet incubator with agitator,Helmer,PC2200i,2026-08-21T00:00:00,91.3,OK
EQ-795-PIA-01,795,Platelet incubator with agitator,Remi,RPA-100,2026-08-21T00:00:00,90.5,OK
EQ-99104-PIA-01,99104,Platelet incubator with agitator,Labtop,LPI-12,2026-08-21T00:00:00,90.0,OK
EQ-99136-PIA-01,99136,Platelet incubator with agitator,Terumo BCT,Trima Storage Console,2026-08-21T00:00:00,93.2,OK
EQ-282648-PIA-01,282648,Platelet incubator with agitator,Thermo Fisher,Forma 3911,2026-08-21T00:00:00,86.5,OK
EQ-283686-PIA-01,283686,Platelet incubator with agitator,Helmer,PC2200i,2026-08-21T00:00:00,91.2,OK
EQ-99170-PIA-01,99170,Platelet incubator with agitator,Remi,RPA-100,2026-08-21T00:00:00,88.2,OK
EQ-1710-PIA-01,1710,Platelet incubator with agitator,Labtop,LPI-12,2026-08-21T00:00:00,91.2,OK
EQ-1755-PIA-01,1755,Platelet incubator with agitator,Terumo BCT,Trima Storage Console,2026-08-21T00:00:00,93.1,OK
EQ-1757-PIA-01,1757,Platelet incubator with agitator,Thermo Fisher,Forma 3911,2026-08-21T00:00:00,89.7,OK
EQ-280205-PIA-01,280205,Platelet incubator with agitator,Helmer,PC2200i,2026-08-21T00:00:00,88.6,OK
EQ-283262-PIA-01,283262,Platelet incubator with agitator,Remi,RPA-100,2026-08-21T00:00:00,91.4,OK
EQ-283648-PIA-01,283648,Platelet incubator with agitator,Labtop,LPI-12,2026-08-21T00:00:00,90.9,OK
EQ-283841-PIA-01,283841,Platelet incubator with agitator,Terumo BCT,Trima Storage Console,2026-08-21T00:00:00,86.6,OK
EQ-283861-PIA-01,283861,Platelet incubator with agitator,Thermo Fisher,Forma 3911,2026-08-21T00:00:00,91.8,OK
EQ-283929-PIA-01,283929,Platelet incubator with agitator,Helmer,PC2200i,2026-08-21T00:00:00,90.1,OK
EQ-284515-PIA-01,284515,Platelet incubator with agitator,Remi,RPA-100,2026-08-21T00:00:00,93.2,OK
EQ-284517-PIA-01,284517,Platelet incubator with agitator,Labtop,LPI-12,2026-08-21T00:00:00,93.2,OK
EQ-284659-PIA-01,284659,Platelet incubator with agitator,Terumo BCT,Trima Storage Console,2026-08-21T00:00:00,84.6,Watch
EQ-284788-PIA-01,284788,Platelet incubator with agitator,Thermo Fisher,Forma 3911,2026-08-21T00:00:00,90.4,OK
EQ-284871-PIA-01,284871,Platelet incubator with agitator,Helmer,PC2200i,2026-08-21T00:00:00,89.3,OK
EQ-284981-PIA-01,284981,Platelet incubator with agitator,Remi,RPA-100,2026-08-21T00:00:00,91.7,OK
EQ-285103-PIA-01,285103,Platelet incubator with agitator,Labtop,LPI-12,2026-08-21T00:00:00,89.1,OK
EQ-723-PIA-01,723,Platelet incubator with agitator,Terumo BCT,Trima Storage Console,2026-08-21T00:00:00,93.1,OK
EQ-774-PIA-01,774,Platelet incubator with agitator,Thermo Fisher,Forma 3911,2026-08-21T00:00:00,86.8,OK
EQ-99150-PIA-01,99150,Platelet incubator with agitator,Helmer,PC2200i,2026-08-21T00:00:00,86.4,OK
EQ-99201-PIA-01,99201,Platelet incubator with agitator,Remi,RPA-100,2026-08-21T00:00:00,88.7,OK
EQ-99223-PIA-01,99223,Platelet incubator with agitator,Labtop,LPI-12,2026-08-21T00:00:00,90.7,OK
EQ-99233-PIA-01,99233,Platelet incubator with agitator,Terumo BCT,Trima Storage Console,2026-08-21T00:00:00,89.1,OK
EQ-1711-PIA-01,1711,Platelet incubator with agitator,Thermo Fisher,Forma 3911,2026-08-21T00:00:00,92.4,OK
EQ-1758-PIA-01,1758,Platelet incubator with agitator,Helmer,PC2200i,2026-08-21T00:00:00,89.7,OK
EQ-283226-PIA-01,283226,Platelet incubator with agitator,Remi,RPA-100,2026-08-21T00:00:00,90.2,OK
EQ-284160-PIA-01,284160,Platelet incubator with agitator,Labtop,LPI-12,2026-08-21T00:00:00,85.6,OK
EQ-284951-PIA-01,284951,Platelet incubator with agitator,Terumo BCT,Trima Storage Console,2026-08-21T00:00:00,90.3,OK
EQ-285051-PIA-01,285051,Platelet incubator with agitator,Thermo Fisher,Forma 3911,2026-08-21T00:00:00,92.7,OK
EQ-285053-PIA-01,285053,Platelet incubator with agitator,Helmer,PC2200i,2026-08-21T00:00:00,89.9,OK
EQ-285176-PIA-01,285176,Platelet incubator with agitator,Remi,RPA-100,2026-08-21T00:00:00,89.5,OK
EQ-285250-PIA-01,285250,Platelet incubator with agitator,Labtop,LPI-12,2026-08-21T00:00:00,86.2,OK
EQ-99110-PIA-01,99110,Platelet incubator with agitator,Terumo BCT,Trima Storage Console,2026-08-21T00:00:00,89.0,OK
EQ-99207-PIA-01,99207,Platelet incubator with agitator,Thermo Fisher,Forma 3911,2026-08-21T00:00:00,86.8,OK
EQ-99234-PIA-01,99234,Platelet incubator with agitator,Helmer,PC2200i,2026-08-21T00:00:00,90.4,OK
EQ-2709-PIA-01,2709,Platelet incubator with agitator,Remi,RPA-100,2026-08-21T00:00:00,88.4,OK
EQ-283752-PIA-01,283752,Platelet incubator with agitator,Labtop,LPI-12,2026-08-21T00:00:00,91.2,OK
EQ-99117-PIA-01,99117,Platelet incubator with agitator,Terumo BCT,Trima Storage Console,2026-08-21T00:00:00,87.7,OK
EQ-1791-PIA-01,1791,Platelet incubator with agitator,Thermo Fisher,Forma 3911,2026-08-21T00:00:00,89.6,OK
EQ-283300-PIA-01,283300,Platelet incubator with agitator,Helmer,PC2200i,2026-08-21T00:00:00,89.0,OK
EQ-284819-PIA-01,284819,Platelet incubator with agitator,Remi,RPA-100,2026-08-21T00:00:00,90.4,OK
EQ-283145-PIA-01,283145,Platelet incubator with agitator,Labtop,LPI-12,2026-08-21T00:00:00,89.1,OK
EQ-283241-PIA-01,283241,Platelet incubator with agitator,Terumo BCT,Trima Storage Console,2026-08-21T00:00:00,92.1,OK
EQ-283672-PIA-01,283672,Platelet incubator with agitator,Thermo Fisher,Forma 3911,2026-08-21T00:00:00,86.4,OK
EQ-284182-PIA-01,284182,Platelet incubator with agitator,Helmer,PC2200i,2026-08-21T00:00:00,92.2,OK
EQ-284231-PIA-01,284231,Platelet incubator with agitator,Remi,RPA-100,2026-08-21T00:00:00,92.6,OK
EQ-284253-PIA-01,284253,Platelet incubator with agitator,Labtop,LPI-12,2026-08-21T00:00:00,89.8,OK
EQ-284352-PIA-01,284352,Platelet incubator with agitator,Terumo BCT,Trima Storage Console,2026-08-21T00:00:00,88.7,OK
EQ-284363-PIA-01,284363,Platelet incubator with agitator,Thermo Fisher,Forma 3911,2026-08-21T00:00:00,91.2,OK
EQ-284374-PIA-01,284374,Platelet incubator with agitator,Helmer,PC2200i,2026-08-21T00:00:00,92.5,OK
EQ-284384-PIA-01,284384,Platelet incubator with agitator,Remi,RPA-100,2026-08-21T00:00:00,93.8,OK
EQ-284402-PIA-01,284402,Platelet incubator with agitator,Labtop,LPI-12,2026-08-21T00:00:00,94.5,OK
EQ-284730-PIA-01,284730,Platelet incubator with agitator,Terumo BCT,Trima Storage Console,2026-08-21T00:00:00,90.0,OK
EQ-284804-PIA-01,284804,Platelet incubator with agitator,Thermo Fisher,Forma 3911,2026-08-21T00:00:00,93.2,OK
EQ-285096-PIA-01,285096,Platelet incubator with agitator,Helmer,PC2200i,2026-08-21T00:00:00,87.1,OK
EQ-285125-PIA-01,285125,Platelet incubator with agitator,Remi,RPA-100,2026-08-21T00:00:00,92.6,OK
EQ-285139-PIA-01,285139,Platelet incubator with agitator,Labtop,LPI-12,2026-08-21T00:00:00,91.7,OK
EQ-285208-PIA-01,285208,Platelet incubator with agitator,Terumo BCT,Trima Storage Console,2026-08-21T00:00:00,84.9,Watch
EQ-285216-PIA-01,285216,Platelet incubator with agitator,Thermo Fisher,Forma 3911,2026-08-21T00:00:00,86.9,OK
EQ-285263-PIA-01,285263,Platelet incubator with agitator,Helmer,PC2200i,2026-08-21T00:00:00,91.1,OK
EQ-778-PIA-01,778,Platelet incubator with agitator,Remi,RPA-100,2026-08-21T00:00:00,90.6,OK
EQ-99107-PIA-01,99107,Platelet incubator with agitator,Labtop,LPI-12,2026-08-21T00:00:00,87.3,OK
EQ-99147-PIA-01,99147,Platelet incubator with agitator,Terumo BCT,Trima Storage Console,2026-08-21T00:00:00,92.4,OK
EQ-99172-PIA-01,99172,Platelet incubator with agitator,Thermo Fisher,Forma 3911,2026-08-21T00:00:00,89.2,OK
EQ-99204-PIA-01,99204,Platelet incubator with agitator,Helmer,PC2200i,2026-08-21T00:00:00,89.0,OK
EQ-28103-PIA-01,28103,Platelet incubator with agitator,Remi,RPA-100,2026-08-21T00:00:00,88.4,OK
EQ-283256-PIA-01,283256,Platelet incubator with agitator,Labtop,LPI-12,2026-08-21T00:00:00,87.4,OK
EQ-283426-PIA-01,283426,Platelet incubator with agitator,Terumo BCT,Trima Storage Console,2026-08-21T00:00:00,90.0,OK
EQ-284005-PIA-01,284005,Platelet incubator with agitator,Thermo Fisher,Forma 3911,2026-08-21T00:00:00,90.9,OK
EQ-285170-PIA-01,285170,Platelet incubator with agitator,Helmer,PC2200i,2026-08-21T00:00:00,86.7,OK
EQ-720-PIA-01,720,Platelet incubator with agitator,Remi,RPA-100,2026-08-21T00:00:00,87.4,OK
EQ-280511-PIA-01,280511,Platelet incubator with agitator,Labtop,LPI-12,2026-08-21T00:00:00,89.3,OK
EQ-283573-PIA-01,283573,Platelet incubator with agitator,Terumo BCT,Trima Storage Console,2026-08-21T00:00:00,88.0,OK
EQ-283949-PIA-01,283949,Platelet incubator with agitator,Thermo Fisher,Forma 3911,2026-08-21T00:00:00,92.5,OK
EQ-285252-PIA-01,285252,Platelet incubator with agitator,Helmer,PC2200i,2026-08-21T00:00:00,89.2,OK
EQ-746-PIA-01,746,Platelet incubator with agitator,Remi,RPA-100,2026-08-21T00:00:00,87.9,OK
EQ-280210-PIA-01,280210,Platelet incubator with agitator,Labtop,LPI-12,2026-08-21T00:00:00,87.4,OK
EQ-282619-PIA-01,282619,Platelet incubator with agitator,Terumo BCT,Trima Storage Console,2026-08-21T00:00:00,89.2,OK
EQ-283496-PIA-01,283496,Platelet incubator with agitator,Thermo Fisher,Forma 3911,2026-08-21T00:00:00,90.7,OK
EQ-283671-PIA-01,283671,Platelet incubator with agitator,Helmer,PC2200i,2026-08-21T00:00:00,90.9,OK
EQ-284202-PIA-01,284202,Platelet incubator with agitator,Remi,RPA-100,2026-08-21T00:00:00,92.0,OK
EQ-284631-PIA-01,284631,Platelet incubator with agitator,Labtop,LPI-12,2026-08-21T00:00:00,90.5,OK
EQ-284932-PIA-01,284932,Platelet incubator with agitator,Terumo BCT,Trima Storage Console,2026-08-21T00:00:00,88.0,OK
EQ-284969-PIA-01,284969,Platelet incubator with agitator,Thermo Fisher,Forma 3911,2026-08-21T00:00:00,88.5,OK
EQ-285171-PIA-01,285171,Platelet incubator with agitator,Helmer,PC2200i,2026-08-21T00:00:00,91.8,OK
EQ-703-PIA-01,703,Platelet incubator with agitator,Remi,RPA-100,2026-08-21T00:00:00,86.8,OK
EQ-99154-PIA-01,99154,Platelet incubator with agitator,Labtop,LPI-12,2026-08-21T00:00:00,88.0,OK
EQ-99187-PIA-01,99187,Platelet incubator with agitator,Terumo BCT,Trima Storage Console,2026-08-21T00:00:00,89.3,OK
EQ-99188-PIA-01,99188,Platelet incubator with agitator,Thermo Fisher,Forma 3911,2026-08-21T00:00:00,86.8,OK
EQ-2720-PIA-01,2720,Platelet incubator with agitator,Helmer,PC2200i,2026-08-21T00:00:00,93.6,OK
EQ-280182-PIA-01,280182,Platelet incubator with agitator,Remi,RPA-100,2026-08-21T00:00:00,86.8,OK
EQ-280702-PIA-01,280702,Platelet incubator with agitator,Labtop,LPI-12,2026-08-21T00:00:00,91.1,OK
EQ-284524-PIA-01,284524,Platelet incubator with agitator,Terumo BCT,Trima Storage Console,2026-08-21T00:00:00,87.2,OK
EQ-284650-PIA-01,284650,Platelet incubator with agitator,Thermo Fisher,Forma 3911,2026-08-21T00:00:00,91.4,OK
EQ-284727-PIA-01,284727,Platelet incubator with agitator,Helmer,PC2200i,2026-08-21T00:00:00,90.7,OK
EQ-284787-PIA-01,284787,Platelet incubator with agitator,Remi,RPA-100,2026-08-21T00:00:00,89.9,OK
EQ-285055-PIA-01,285055,Platelet incubator with agitator,Labtop,LPI-12,2026-08-21T00:00:00,90.9,OK
EQ-99195-PIA-01,99195,Platelet incubator with agitator,Terumo BCT,Trima Storage Console,2026-08-21T00:00:00,90.8,OK
EQ-99217-PIA-01,99217,Platelet incubator with agitator,Thermo Fisher,Forma 3911,2026-08-21T00:00:00,90.3,OK
EQ-99232-PIA-01,99232,Platelet incubator with agitator,Helmer,PC2200i,2026-08-21T00:00:00,93.7,OK
EQ-284747-PIA-01,284747,Platelet incubator with agitator,Remi,RPA-100,2026-08-21T00:00:00,91.2,OK
EQ-99118-PIA-01,99118,Platelet incubator with agitator,Labtop,LPI-12,2026-08-21T00:00:00,89.7,OK
EQ-2715-PIA-01,2715,Platelet incubator with agitator,Terumo BCT,Trima Storage Console,2026-08-21T00:00:00,89.3,OK
EQ-2729-PIA-01,2729,Platelet incubator with agitator,Thermo Fisher,Forma 3911,2026-08-21T00:00:00,88.8,OK
EQ-280177-PIA-01,280177,Platelet incubator with agitator,Helmer,PC2200i,2026-08-21T00:00:00,86.2,OK
EQ-284807-PIA-01,284807,Platelet incubator with agitator,Remi,RPA-100,2026-08-21T00:00:00,89.3,OK
EQ-99149-PIA-01,99149,Platelet incubator with agitator,Labtop,LPI-12,2026-08-21T00:00:00,89.9,OK
EQ-2738-PIA-01,2738,Platelet incubator with agitator,Terumo BCT,Trima Storage Console,2026-08-21T00:00:00,92.6,OK
EQ-280521-PIA-01,280521,Platelet incubator with agitator,Thermo Fisher,Forma 3911,2026-08-21T00:00:00,87.7,OK
EQ-282654-PIA-01,282654,Platelet incubator with agitator,Helmer,PC2200i,2026-08-21T00:00:00,85.0,OK
EQ-284648-PIA-01,284648,Platelet incubator with agitator,Remi,RPA-100,2026-08-21T00:00:00,87.5,OK
EQ-99239-PIA-01,99239,Platelet incubator with agitator,Labtop,LPI-12,2026-08-21T00:00:00,89.0,OK
EQ-99127-PIA-01,99127,Platelet incubator with agitator,Terumo BCT,Trima Storage Console,2026-08-21T00:00:00,87.5,OK
EQ-284769-PIA-01,284769,Platelet incubator with agitator,Thermo Fisher,Forma 3911,2026-08-21T00:00:00,86.5,OK
EQ-285224-PIA-01,285224,Platelet incubator with agitator,Helmer,PC2200i,2026-08-21T00:00:00,86.2,OK
EQ-99175-PIA-01,99175,Platelet incubator with agitator,Remi,RPA-100,2026-08-21T00:00:00,87.5,OK
EQ-1727-PIA-01,1727,Platelet incubator with agitator,Labtop,LPI-12,2026-08-21T00:00:00,93.6,OK
EQ-1732-PIA-01,1732,Platelet incubator with agitator,Terumo BCT,Trima Storage Console,2026-08-21T00:00:00,91.7,OK
EQ-280191-PIA-01,280191,Platelet incubator with agitator,Thermo Fisher,Forma 3911,2026-08-21T00:00:00,86.0,OK
EQ-285005-PIA-01,285005,Platelet incubator with agitator,Helmer,PC2200i,2026-08-21T00:00:00,88.0,OK
EQ-285094-PIA-01,285094,Platelet incubator with agitator,Remi,RPA-100,2026-08-21T00:00:00,93.2,OK
EQ-99126-PIA-01,99126,Platelet incubator with agitator,Labtop,LPI-12,2026-08-21T00:00:00,90.8,OK
EQ-1744-PIA-01,1744,Platelet incubator with agitator,Terumo BCT,Trima Storage Console,2026-08-21T00:00:00,89.1,OK
EQ-283144-PIA-01,283144,Platelet incubator with agitator,Thermo Fisher,Forma 3911,2026-08-21T00:00:00,91.2,OK
EQ-284826-PIA-01,284826,Platelet incubator with agitator,Helmer,PC2200i,2026-08-21T00:00:00,90.6,OK
EQ-99167-PIA-01,99167,Platelet incubator with agitator,Remi,RPA-100,2026-08-21T00:00:00,92.8,OK
EQ-99171-PIA-01,99171,Platelet incubator with agitator,Labtop,LPI-12,2026-08-21T00:00:00,92.7,OK
EQ-1798-PIA-01,1798,Platelet incubator with agitator,Terumo BCT,Trima Storage Console,2026-08-21T00:00:00,86.6,OK
EQ-283218-PIA-01,283218,Platelet incubator with agitator,Thermo Fisher,Forma 3911,2026-08-21T00:00:00,85.0,OK
EQ-284725-PIA-01,284725,Platelet incubator with agitator,Helmer,PC2200i,2026-08-21T00:00:00,92.4,OK
EQ-285101-PIA-01,285101,Platelet incubator with agitator,Remi,RPA-100,2026-08-21T00:00:00,88.6,OK
EQ-283780-PIA-01,283780,Platelet incubator with agitator,Labtop,LPI-12,2026-08-21T00:00:00,89.7,OK
EQ-283901-PIA-01,283901,Platelet incubator with agitator,Terumo BCT,Trima Storage Console,2026-08-21T00:00:00,85.2,OK
EQ-284153-PIA-01,284153,Platelet incubator with agitator,Thermo Fisher,Forma 3911,2026-08-21T00:00:00,88.4,OK
EQ-760-PIA-01,760,Platelet incubator with agitator,Helmer,PC2200i,2026-08-21T00:00:00,86.1,OK
EQ-99179-PIA-01,99179,Platelet incubator with agitator,Remi,RPA-100,2026-08-21T00:00:00,88.5,OK
EQ-99180-PIA-01,99180,Platelet incubator with agitator,Labtop,LPI-12,2026-08-21T00:00:00,88.2,OK
EQ-99181-PIA-01,99181,Platelet incubator with agitator,Terumo BCT,Trima Storage Console,2026-08-21T00:00:00,86.7,OK
EQ-99185-PIA-01,99185,Platelet incubator with agitator,Thermo Fisher,Forma 3911,2026-08-21T00:00:00,90.9,OK
EQ-99189-PIA-01,99189,Platelet incubator with agitator,Helmer,PC2200i,2026-08-21T00:00:00,87.4,OK
EQ-99191-PIA-01,99191,Platelet incubator with agitator,Remi,RPA-100,2026-08-21T00:00:00,90.0,OK
EQ-99192-PIA-01,99192,Platelet incubator with agitator,Labtop,LPI-12,2026-08-21T00:00:00,87.4,OK
EQ-2730-PIA-01,2730,Platelet incubator with agitator,Terumo BCT,Trima Storage Console,2026-08-21T00:00:00,85.6,OK
EQ-280207-PIA-01,280207,Platelet incubator with agitator,Thermo Fisher,Forma 3911,2026-08-21T00:00:00,91.0,OK
EQ-280208-PIA-01,280208,Platelet incubator with agitator,Helmer,PC2200i,2026-08-21T00:00:00,94.4,OK
EQ-282588-PIA-01,282588,Platelet incubator with agitator,Remi,RPA-100,2026-08-21T00:00:00,93.0,OK
EQ-282638-PIA-01,282638,Platelet incubator with agitator,Labtop,LPI-12,2026-08-21T00:00:00,91.6,OK
EQ-283400-PIA-01,283400,Platelet incubator with agitator,Terumo BCT,Trima Storage Console,2026-08-21T00:00:00,86.8,OK
EQ-283721-PIA-01,283721,Platelet incubator with agitator,Thermo Fisher,Forma 3911,2026-08-21T00:00:00,92.8,OK
EQ-283959-PIA-01,283959,Platelet incubator with agitator,Helmer,PC2200i,2026-08-21T00:00:00,94.3,OK
EQ-284219-PIA-01,284219,Platelet incubator with agitator,Remi,RPA-100,2026-08-21T00:00:00,88.8,OK
EQ-284342-PIA-01,284342,Platelet incubator with agitator,Labtop,LPI-12,2026-08-21T00:00:00,89.8,OK
EQ-284456-PIA-01,284456,Platelet incubator with agitator,Terumo BCT,Trima Storage Console,2026-08-21T00:00:00,91.5,OK
EQ-284461-PIA-01,284461,Platelet incubator with agitator,Thermo Fisher,Forma 3911,2026-08-21T00:00:00,90.3,OK
EQ-284473-PIA-01,284473,Platelet incubator with agitator,Helmer,PC2200i,2026-08-21T00:00:00,88.0,OK
EQ-284501-PIA-01,284501,Platelet incubator with agitator,Remi,RPA-100,2026-08-21T00:00:00,85.4,OK
EQ-284696-PIA-01,284696,Platelet incubator with agitator,Labtop,LPI-12,2026-08-21T00:00:00,87.5,OK
EQ-285115-PIA-01,285115,Platelet incubator with agitator,Terumo BCT,Trima Storage Console,2026-08-21T00:00:00,90.1,OK
EQ-715-PIA-01,715,Platelet incubator with agitator,Thermo Fisher,Forma 3911,2026-08-21T00:00:00,87.5,OK
EQ-721-PIA-01,721,Platelet incubator with agitator,Helmer,PC2200i,2026-08-21T00:00:00,88.7,OK
EQ-99109-PIA-01,99109,Platelet incubator with agitator,Remi,RPA-100,2026-08-21T00:00:00,91.6,OK
EQ-99116-PIA-01,99116,Platelet incubator with agitator,Labtop,LPI-12,2026-08-21T00:00:00,89.4,OK
EQ-99128-PIA-01,99128,Platelet incubator with agitator,Terumo BCT,Trima Storage Console,2026-08-21T00:00:00,91.4,OK
EQ-99174-PIA-01,99174,Platelet incubator with agitator,Thermo Fisher,Forma 3911,2026-08-21T00:00:00,91.3,OK
EQ-284637-PIA-01,284637,Platelet incubator with agitator,Helmer,PC2200i,2026-08-21T00:00:00,91.0,OK
EQ-95119-PIA-01,95119,Platelet incubator with agitator,Remi,RPA-100,2026-08-21T00:00:00,89.8,OK
EQ-26006-PIA-01,26006,Platelet incubator with agitator,Labtop,LPI-12,2026-08-21T00:00:00,90.2,OK
EQ-26010-PIA-01,26010,Platelet incubator with agitator,Terumo BCT,Trima Storage Console,2026-08-21T00:00:00,85.9,OK
EQ-26015-PIA-01,26015,Platelet incubator with agitator,Thermo Fisher,Forma 3911,2026-08-21T00:00:00,92.0,OK
EQ-26017-PIA-01,26017,Platelet incubator with agitator,Helmer,PC2200i,2026-08-21T00:00:00,92.5,OK
EQ-26024-PIA-01,26024,Platelet incubator with agitator,Remi,RPA-100,2026-08-21T00:00:00,90.2,OK
EQ-280420-PIA-01,280420,Platelet incubator with agitator,Labtop,LPI-12,2026-08-21T00:00:00,92.7,OK
EQ-280422-PIA-01,280422,Platelet incubator with agitator,Terumo BCT,Trima Storage Console,2026-08-21T00:00:00,91.4,OK
EQ-280549-PIA-01,280549,Platelet incubator with agitator,Thermo Fisher,Forma 3911,2026-08-21T00:00:00,94.1,OK
EQ-282613-PIA-01,282613,Platelet incubator with agitator,Helmer,PC2200i,2026-08-21T00:00:00,89.9,OK
EQ-284183-PIA-01,284183,Platelet incubator with agitator,Remi,RPA-100,2026-08-21T00:00:00,91.3,OK
EQ-284232-PIA-01,284232,Platelet incubator with agitator,Labtop,LPI-12,2026-08-21T00:00:00,89.6,OK
EQ-284309-PIA-01,284309,Platelet incubator with agitator,Terumo BCT,Trima Storage Console,2026-08-21T00:00:00,88.4,OK
EQ-284533-PIA-01,284533,Platelet incubator with agitator,Thermo Fisher,Forma 3911,2026-08-21T00:00:00,91.8,OK
EQ-284566-PIA-01,284566,Platelet incubator with agitator,Helmer,PC2200i,2026-08-21T00:00:00,88.8,OK
EQ-284766-PIA-01,284766,Platelet incubator with agitator,Remi,RPA-100,2026-08-21T00:00:00,87.5,OK
EQ-285081-PIA-01,285081,Platelet incubator with agitator,Labtop,LPI-12,2026-08-21T00:00:00,89.3,OK
EQ-285315-PIA-01,285315,Platelet incubator with agitator,Terumo BCT,Trima Storage Console,2026-08-21T00:00:00,88.1,OK
EQ-285330-PIA-01,285330,Platelet incubator with agitator,Thermo Fisher,Forma 3911,2026-08-21T00:00:00,88.9,OK
EQ-285335-PIA-01,285335,Platelet incubator with agitator,Helmer,PC2200i,2026-08-21T00:00:00,87.4,OK
EQ-95120-PIA-01,95120,Platelet incubator with agitator,Remi,RPA-100,2026-08-21T00:00:00,86.7,OK
EQ-95133-PIA-01,95133,Platelet incubator with agitator,Labtop,LPI-12,2026-08-21T00:00:00,92.0,OK
EQ-26001-PIA-01,26001,Platelet incubator with agitator,Terumo BCT,Trima Storage Console,2026-08-21T00:00:00,88.7,OK
EQ-280115-PIA-01,280115,Platelet incubator with agitator,Thermo Fisher,Forma 3911,2026-08-21T00:00:00,91.1,OK
EQ-280708-PIA-01,280708,Platelet incubator with agitator,Helmer,PC2200i,2026-08-21T00:00:00,92.7,OK
EQ-280709-PIA-01,280709,Platelet incubator with agitator,Remi,RPA-100,2026-08-21T00:00:00,92.2,OK
EQ-283223-PIA-01,283223,Platelet incubator with agitator,Labtop,LPI-12,2026-08-21T00:00:00,87.4,OK
EQ-283252-PIA-01,283252,Platelet incubator with agitator,Terumo BCT,Trima Storage Console,2026-08-21T00:00:00,87.3,OK
EQ-283536-PIA-01,283536,Platelet incubator with agitator,Thermo Fisher,Forma 3911,2026-08-21T00:00:00,92.1,OK
EQ-285325-PIA-01,285325,Platelet incubator with agitator,Helmer,PC2200i,2026-08-21T00:00:00,91.1,OK
EQ-285326-PIA-01,285326,Platelet incubator with agitator,Remi,RPA-100,2026-08-21T00:00:00,90.2,OK
EQ-95101-PIA-01,95101,Platelet incubator with agitator,Labtop,LPI-12,2026-08-21T00:00:00,87.9,OK
EQ-95104-PIA-01,95104,Platelet incubator with agitator,Terumo BCT,Trima Storage Console,2026-08-21T00:00:00,89.3,OK
EQ-95109-PIA-01,95109,Platelet incubator with agitator,Thermo Fisher,Forma 3911,2026-08-21T00:00:00,85.8,OK
EQ-95134-PIA-01,95134,Platelet incubator with agitator,Helmer,PC2200i,2026-08-21T00:00:00,93.1,OK
EQ-280697-PIA-01,280697,Platelet incubator with agitator,Remi,RPA-100,2026-08-21T00:00:00,87.5,OK
EQ-283301-PIA-01,283301,Platelet incubator with agitator,Labtop,LPI-12,2026-08-21T00:00:00,92.0,OK
EQ-285218-PIA-01,285218,Platelet incubator with agitator,Terumo BCT,Trima Storage Console,2026-08-21T00:00:00,84.2,Watch
EQ-95102-PIA-01,95102,Platelet incubator with agitator,Thermo Fisher,Forma 3911,2026-08-21T00:00:00,89.9,OK
EQ-95115-PIA-01,95115,Platelet incubator with agitator,Helmer,PC2200i,2026-08-21T00:00:00,88.0,OK
EQ-280760-PIA-01,280760,Platelet incubator with agitator,Remi,RPA-100,2026-08-21T00:00:00,85.1,OK
EQ-95103-PIA-01,95103,Platelet incubator with agitator,Labtop,LPI-12,2026-08-21T00:00:00,90.5,OK
EQ-95111-PIA-01,95111,Platelet incubator with agitator,Terumo BCT,Trima Storage Console,2026-08-21T00:00:00,88.1,OK
EQ-95114-PIA-01,95114,Platelet incubator with agitator,Thermo Fisher,Forma 3911,2026-08-21T00:00:00,86.7,OK
EQ-95106-PIA-01,95106,Platelet incubator with agitator,Helmer,PC2200i,2026-08-21T00:00:00,90.0,OK
EQ-95121-PIA-01,95121,Platelet incubator with agitator,Remi,RPA-100,2026-08-21T00:00:00,87.8,OK
EQ-95113-PIA-01,95113,Platelet incubator with agitator,Labtop,LPI-12,2026-08-21T00:00:00,86.9,OK
EQ-26023-PIA-01,26023,Platelet incubator with agitator,Terumo BCT,Trima Storage Console,2026-08-21T00:00:00,91.1,OK
EQ-280314-PIA-01,280314,Platelet incubator with agitator,Thermo Fisher,Forma 3911,2026-08-21T00:00:00,89.4,OK
EQ-280316-PIA-01,280316,Platelet incubator with agitator,Helmer,PC2200i,2026-08-21T00:00:00,94.6,OK
EQ-280419-PIA-01,280419,Platelet incubator with agitator,Remi,RPA-100,2026-08-21T00:00:00,89.6,OK
EQ-280718-PIA-01,280718,Platelet incubator with agitator,Labtop,LPI-12,2026-08-21T00:00:00,91.7,OK
EQ-280748-PIA-01,280748,Platelet incubator with agitator,Terumo BCT,Trima Storage Console,2026-08-21T00:00:00,90.2,OK
EQ-280815-PIA-01,280815,Platelet incubator with agitator,Thermo Fisher,Forma 3911,2026-08-21T00:00:00,90.1,OK
EQ-283163-PIA-01,283163,Platelet incubator with agitator,Helmer,PC2200i,2026-08-21T00:00:00,88.6,OK
EQ-283314-PIA-01,283314,Platelet incubator with agitator,Remi,RPA-100,2026-08-21T00:00:00,89.0,OK
EQ-283315-PIA-01,283315,Platelet incubator with agitator,Labtop,LPI-12,2026-08-21T00:00:00,91.5,OK
EQ-284158-PIA-01,284158,Platelet incubator with agitator,Terumo BCT,Trima Storage Console,2026-08-21T00:00:00,85.1,OK
EQ-284211-PIA-01,284211,Platelet incubator with agitator,Thermo Fisher,Forma 3911,2026-08-21T00:00:00,89.9,OK
EQ-284314-PIA-01,284314,Platelet incubator with agitator,Helmer,PC2200i,2026-08-21T00:00:00,87.5,OK
EQ-284655-PIA-01,284655,Platelet incubator with agitator,Remi,RPA-100,2026-08-21T00:00:00,87.2,OK
EQ-95105-PIA-01,95105,Platelet incubator with agitator,Labtop,LPI-12,2026-08-21T00:00:00,90.2,OK
EQ-95108-PIA-01,95108,Platelet incubator with agitator,Terumo BCT,Trima Storage Console,2026-08-21T00:00:00,89.8,OK
EQ-284294-PIA-01,284294,Platelet incubator with agitator,Thermo Fisher,Forma 3911,2026-08-21T00:00:00,88.2,OK
EQ-285248-PIA-01,285248,Platelet incubator with agitator,Helmer,PC2200i,2026-08-21T00:00:00,91.9,OK
EQ-284295-PIA-01,284295,Platelet incubator with agitator,Remi,RPA-100,2026-08-21T00:00:00,88.1,OK
EQ-474-PIA-01,474,Platelet incubator with agitator,Labtop,LPI-12,2026-08-21T00:00:00,88.1,OK
EQ-480-PIA-01,480,Platelet incubator with agitator,Terumo BCT,Trima Storage Console,2026-08-21T00:00:00,90.3,OK
EQ-284274-PIA-01,284274,Platelet incubator with agitator,Thermo Fisher,Forma 3911,2026-08-21T00:00:00,88.4,OK
EQ-284303-PIA-01,284303,Platelet incubator with agitator,Helmer,PC2200i,2026-08-21T00:00:00,87.3,OK
EQ-19133-PIA-01,19133,Platelet incubator with agitator,Remi,RPA-100,2026-08-21T00:00:00,84.0,Watch
EQ-284301-PIA-01,284301,Platelet incubator with agitator,Labtop,LPI-12,2026-08-21T00:00:00,88.5,OK
EQ-494-PIA-01,494,Platelet incubator with agitator,Terumo BCT,Trima Storage Console,2026-08-21T00:00:00,90.3,OK
EQ-282919-PIA-01,282919,Platelet incubator with agitator,Thermo Fisher,Forma 3911,2026-08-21T00:00:00,91.9,OK
EQ-284273-PIA-01,284273,Platelet incubator with agitator,Helmer,PC2200i,2026-08-21T00:00:00,90.7,OK
EQ-285254-PIA-01,285254,Platelet incubator with agitator,Remi,RPA-100,2026-08-21T00:00:00,94.5,OK
EQ-19120-PIA-01,19120,Platelet incubator with agitator,Labtop,LPI-12,2026-08-21T00:00:00,88.9,OK
EQ-19138-PIA-01,19138,Platelet incubator with agitator,Terumo BCT,Trima Storage Console,2026-08-21T00:00:00,89.2,OK
EQ-280465-PIA-01,280465,Platelet incubator with agitator,Thermo Fisher,Forma 3911,2026-08-21T00:00:00,88.4,OK
EQ-282814-PIA-01,282814,Platelet incubator with agitator,Helmer,PC2200i,2026-08-21T00:00:00,92.1,OK
EQ-283956-PIA-01,283956,Platelet incubator with agitator,Remi,RPA-100,2026-08-21T00:00:00,86.0,OK
EQ-284298-PIA-01,284298,Platelet incubator with agitator,Labtop,LPI-12,2026-08-21T00:00:00,84.4,Watch
EQ-284316-PIA-01,284316,Platelet incubator with agitator,Terumo BCT,Trima Storage Console,2026-08-21T00:00:00,93.1,OK
EQ-402-PIA-01,402,Platelet incubator with agitator,Thermo Fisher,Forma 3911,2026-08-21T00:00:00,91.7,OK
EQ-407-PIA-01,407,Platelet incubator with agitator,Helmer,PC2200i,2026-08-21T00:00:00,93.7,OK
EQ-410-PIA-01,410,Platelet incubator with agitator,Remi,RPA-100,2026-08-21T00:00:00,93.8,OK
EQ-412-PIA-01,412,Platelet incubator with agitator,Labtop,LPI-12,2026-08-21T00:00:00,86.0,OK
EQ-414-PIA-01,414,Platelet incubator with agitator,Terumo BCT,Trima Storage Console,2026-08-21T00:00:00,87.6,OK
EQ-415-PIA-01,415,Platelet incubator with agitator,Thermo Fisher,Forma 3911,2026-08-21T00:00:00,85.4,OK
EQ-435-PIA-01,435,Platelet incubator with agitator,Helmer,PC2200i,2026-08-21T00:00:00,90.4,OK
EQ-439-PIA-01,439,Platelet incubator with agitator,Remi,RPA-100,2026-08-21T00:00:00,87.3,OK
EQ-447-PIA-01,447,Platelet incubator with agitator,Labtop,LPI-12,2026-08-21T00:00:00,88.2,OK
EQ-448-PIA-01,448,Platelet incubator with agitator,Terumo BCT,Trima Storage Console,2026-08-21T00:00:00,91.1,OK
EQ-455-PIA-01,455,Platelet incubator with agitator,Thermo Fisher,Forma 3911,2026-08-21T00:00:00,85.2,OK
EQ-457-PIA-01,457,Platelet incubator with agitator,Helmer,PC2200i,2026-08-21T00:00:00,89.4,OK
EQ-459-PIA-01,459,Platelet incubator with agitator,Remi,RPA-100,2026-08-21T00:00:00,87.5,OK
EQ-472-PIA-01,472,Platelet incubator with agitator,Labtop,LPI-12,2026-08-21T00:00:00,92.1,OK
EQ-487-PIA-01,487,Platelet incubator with agitator,Terumo BCT,Trima Storage Console,2026-08-21T00:00:00,85.6,OK
EQ-489-PIA-01,489,Platelet incubator with agitator,Thermo Fisher,Forma 3911,2026-08-21T00:00:00,93.1,OK
EQ-490-PIA-01,490,Platelet incubator with agitator,Helmer,PC2200i,2026-08-21T00:00:00,85.0,OK
EQ-491-PIA-01,491,Platelet incubator with agitator,Remi,RPA-100,2026-08-21T00:00:00,91.8,OK
EQ-492-PIA-01,492,Platelet incubator with agitator,Labtop,LPI-12,2026-08-21T00:00:00,93.6,OK
EQ-499-PIA-01,499,Platelet incubator with agitator,Terumo BCT,Trima Storage Console,2026-08-21T00:00:00,89.4,OK
EQ-285227-PIA-01,285227,Platelet incubator with agitator,Thermo Fisher,Forma 3911,2026-08-21T00:00:00,86.3,OK
EQ-284408-PIA-01,284408,Platelet incubator with agitator,Helmer,PC2200i,2026-08-21T00:00:00,88.1,OK
EQ-284534-PIA-01,284534,Platelet incubator with agitator,Remi,RPA-100,2026-08-21T00:00:00,90.0,OK
EQ-285072-PIA-01,285072,Platelet incubator with agitator,Labtop,LPI-12,2026-08-21T00:00:00,89.2,OK
EQ-30060-PIA-01,30060,Platelet incubator with agitator,Terumo BCT,Trima Storage Console,2026-08-21T00:00:00,87.5,OK
EQ-19137-PIA-01,19137,Platelet incubator with agitator,Thermo Fisher,Forma 3911,2026-08-21T00:00:00,88.5,OK
EQ-283904-PIA-01,283904,Platelet incubator with agitator,Helmer,PC2200i,2026-08-21T00:00:00,87.6,OK
EQ-284302-PIA-01,284302,Platelet incubator with agitator,Remi,RPA-100,2026-08-21T00:00:00,90.9,OK
EQ-1416-PIA-01,1416,Platelet incubator with agitator,Labtop,LPI-12,2026-08-21T00:00:00,88.1,OK
EQ-19140-PIA-01,19140,Platelet incubator with agitator,Terumo BCT,Trima Storage Console,2026-08-21T00:00:00,86.8,OK
EQ-19142-PIA-01,19142,Platelet incubator with agitator,Thermo Fisher,Forma 3911,2026-08-21T00:00:00,86.8,OK
EQ-284293-PIA-01,284293,Platelet incubator with agitator,Helmer,PC2200i,2026-08-21T00:00:00,85.4,OK
EQ-284299-PIA-01,284299,Platelet incubator with agitator,Remi,RPA-100,2026-08-21T00:00:00,90.2,OK
EQ-285257-PIA-01,285257,Platelet incubator with agitator,Labtop,LPI-12,2026-08-21T00:00:00,89.3,OK
EQ-466-PIA-01,466,Platelet incubator with agitator,Terumo BCT,Trima Storage Console,2026-08-21T00:00:00,87.7,OK
EQ-493-PIA-01,493,Platelet incubator with agitator,Thermo Fisher,Forma 3911,2026-08-21T00:00:00,90.1,OK
EQ-495-PIA-01,495,Platelet incubator with agitator,Helmer,PC2200i,2026-08-21T00:00:00,86.6,OK
EQ-463-PIA-01,463,Platelet incubator with agitator,Remi,RPA-100,2026-08-21T00:00:00,90.0,OK
EQ-19134-PIA-01,19134,Platelet incubator with agitator,Labtop,LPI-12,2026-08-21T00:00:00,93.5,OK
EQ-19136-PIA-01,19136,Platelet incubator with agitator,Terumo BCT,Trima Storage Console,2026-08-21T00:00:00,88.4,OK
EQ-280512-PIA-01,280512,Platelet incubator with agitator,Thermo Fisher,Forma 3911,2026-08-21T00:00:00,93.8,OK
EQ-284272-PIA-01,284272,Platelet incubator with agitator,Helmer,PC2200i,2026-08-21T00:00:00,87.5,OK
EQ-284291-PIA-01,284291,Platelet incubator with agitator,Remi,RPA-100,2026-08-21T00:00:00,91.2,OK
EQ-444-PIA-01,444,Platelet incubator with agitator,Labtop,LPI-12,2026-08-21T00:00:00,90.7,OK
EQ-461-PIA-01,461,Platelet incubator with agitator,Terumo BCT,Trima Storage Console,2026-08-21T00:00:00,85.4,OK
EQ-19131-PIA-01,19131,Platelet incubator with agitator,Thermo Fisher,Forma 3911,2026-08-21T00:00:00,93.7,OK
EQ-19141-PIA-01,19141,Platelet incubator with agitator,Helmer,PC2200i,2026-08-21T00:00:00,90.1,OK
EQ-283950-PIA-01,283950,Platelet incubator with agitator,Remi,RPA-100,2026-08-21T00:00:00,87.4,OK
EQ-284292-PIA-01,284292,Platelet incubator with agitator,Labtop,LPI-12,2026-08-21T00:00:00,93.4,OK
EQ-284474-PIA-01,284474,Platelet incubator with agitator,Terumo BCT,Trima Storage Console,2026-08-21T00:00:00,90.5,OK
EQ-19143-PIA-01,19143,Platelet incubator with agitator,Thermo Fisher,Forma 3911,2026-08-21T00:00:00,88.5,OK
EQ-285110-PIA-01,285110,Platelet incubator with agitator,Helmer,PC2200i,2026-08-21T00:00:00,88.6,OK
