date,source_bank,destination_bank,recommended_units,distance_km,travel_time_min,priority,reason
2026-08-21,2923,2924,6,3.5,19,High,Balance surplus against predicted 72-hour stockout risk
2026-08-21,28078,98117,5,2.73,20,High,Balance surplus against predicted 72-hour stockout risk
2026-08-21,284471,24138,5,2.92,16,High,Balance surplus against predicted 72-hour stockout risk
2026-08-21,283763,36146,8,1.49,16,High,Balance surplus against predicted 72-hour stockout risk
2026-08-21,747,750,5,19.48,40,High,Balance surplus against predicted 72-hour stockout risk
2026-08-21,11055,285109,5,3.65,16,High,Balance surplus against predicted 72-hour stockout risk
2026-08-21,284817,284618,5,5.32,24,High,Balance surplus against predicted 72-hour stockout risk
2026-08-21,282631,284353,8,5.07,16,High,Balance surplus against predicted 72-hour stockout risk
2026-08-21,284291,19120,10,0.0,8,High,Balance surplus against predicted 72-hour stockout risk
2026-08-21,284203,283341,6,2.23,19,High,Balance surplus against predicted 72-hour stockout risk
2026-08-21,283522,280614,12,0.86,15,High,Balance surplus against predicted 72-hour stockout risk
2026-08-21,285227,282814,9,0.78,18,High,Balance surplus against predicted 72-hour stockout risk
2026-08-21,284237,28037,7,5.42,23,High,Balance surplus against predicted 72-hour stockout risk
2026-08-21,282766,284031,5,2.06,14,High,Balance surplus against predicted 72-hour stockout risk
2026-08-21,280549,280420,6,1.43,13,High,Balance surplus against predicted 72-hour stockout risk
2026-08-21,634,280306,6,0.91,12,High,Balance surplus against predicted 72-hour stockout risk
2026-08-21,285159,284564,6,6.41,25,High,Balance surplus against predicted 72-hour stockout risk
2026-08-21,285142,280785,5,1.14,15,High,Balance surplus against predicted 72-hour stockout risk
2026-08-21,28142,281474,5,0.0,8,High,Balance surplus against predicted 72-hour stockout risk
2026-08-21,19142,1416,5,2.98,16,High,Balance surplus against predicted 72-hour stockout risk
2026-08-21,280938,2906,9,1.47,13,High,Balance surplus against predicted 72-hour stockout risk
2026-08-21,284463,284281,7,8.09,21,High,Balance surplus against predicted 72-hour stockout risk
2026-08-21,24136,280457,7,2.74,13,High,Balance surplus against predicted 72-hour stockout risk
2026-08-21,284848,16021,5,0.79,14,High,Balance surplus against predicted 72-hour stockout risk
2026-08-21,10144,10120,5,1.43,17,High,Balance surplus against predicted 72-hour stockout risk
2026-08-21,2734,284456,7,0.0,9,High,Balance surplus against predicted 72-hour stockout risk
2026-08-21,283780,283460,9,51.73,77,High,Balance surplus against predicted 72-hour stockout risk
2026-08-21,30296,30013,13,60.42,113,High,Balance surplus against predicted 72-hour stockout risk
2026-08-21,284566,26024,10,4.08,18,High,Balance surplus against predicted 72-hour stockout risk
2026-08-21,16145,16050,7,16.52,42,High,Balance surplus against predicted 72-hour stockout risk
2026-08-21,284473,99174,7,1.69,12,High,Balance surplus against predicted 72-hour stockout risk
2026-08-21,15054,15045,5,0.88,19,High,Balance surplus against predicted 72-hour stockout risk
2026-08-21,285090,282798,7,1.32,18,High,Balance surplus against predicted 72-hour stockout risk
2026-08-21,284317,280294,6,0.77,17,High,Balance surplus against predicted 72-hour stockout risk
2026-08-21,280730,618,6,1.51,18,High,Balance surplus against predicted 72-hour stockout risk
2026-08-21,36109,29003,6,0.95,19,High,Balance surplus against predicted 72-hour stockout risk
2026-08-21,871,24125,7,9.45,33,High,Balance surplus against predicted 72-hour stockout risk
2026-08-21,283273,16158,9,35.72,54,High,Balance surplus against predicted 72-hour stockout risk
2026-08-21,94138,284883,6,8.36,29,High,Balance surplus against predicted 72-hour stockout risk
2026-08-21,15165,280972,7,0.84,19,High,Balance surplus against predicted 72-hour stockout risk
2026-08-21,283823,284506,5,5.37,24,High,Balance surplus against predicted 72-hour stockout risk
2026-08-21,282783,11013,9,0.42,12,High,Balance surplus against predicted 72-hour stockout risk
2026-08-21,14020,14048,6,5.1,22,High,Balance surplus against predicted 72-hour stockout risk
2026-08-21,16121,282789,5,3.23,17,High,Balance surplus against predicted 72-hour stockout risk
2026-08-21,2881,2894,6,0.0,12,High,Balance surplus against predicted 72-hour stockout risk
2026-08-21,18252,18223,13,0.45,16,High,Balance surplus against predicted 72-hour stockout risk
2026-08-21,2895,2889,11,0.59,13,High,Balance surplus against predicted 72-hour stockout risk
2026-08-21,283776,99108,5,2.11,12,High,Balance surplus against predicted 72-hour stockout risk
2026-08-21,18159,18154,9,43.82,88,High,Balance surplus against predicted 72-hour stockout risk
2026-08-21,283180,10125,5,1.73,15,High,Balance surplus against predicted 72-hour stockout risk
2026-08-21,284218,281524,5,2.69,21,High,Balance surplus against predicted 72-hour stockout risk
2026-08-21,21107,283942,5,2.12,20,High,Balance surplus against predicted 72-hour stockout risk
2026-08-22,29084,29124,6,0.0,15,High,Balance surplus against predicted 72-hour stockout risk
2026-08-22,281640,2924,5,2.42,16,High,Balance surplus against predicted 72-hour stockout risk
2026-08-22,96119,280706,8,0.8,12,High,Balance surplus against predicted 72-hour stockout risk
2026-08-22,284498,18267,5,4.94,22,High,Balance surplus against predicted 72-hour stockout risk
2026-08-22,284734,284697,6,1.39,18,High,Balance surplus against predicted 72-hour stockout risk
2026-08-22,284305,23120,5,79.36,142,High,Balance surplus against predicted 72-hour stockout risk
2026-08-22,27150,27126,6,2.99,22,High,Balance surplus against predicted 72-hour stockout risk
2026-08-22,97101,97128,6,2.52,13,High,Balance surplus against predicted 72-hour stockout risk
2026-08-22,1543,280541,8,4.49,23,High,Balance surplus against predicted 72-hour stockout risk
2026-08-22,283643,284869,10,0.25,14,High,Balance surplus against predicted 72-hour stockout risk
2026-08-22,18146,284361,9,3.92,15,High,Balance surplus against predicted 72-hour stockout risk
2026-08-22,891,802,5,4.16,19,High,Balance surplus against predicted 72-hour stockout risk
2026-08-22,284588,2927,6,1.95,17,High,Balance surplus against predicted 72-hour stockout risk
2026-08-22,283835,15046,6,3.95,15,High,Balance surplus against predicted 72-hour stockout risk
2026-08-22,30085,30054,6,0.0,17,High,Balance surplus against predicted 72-hour stockout risk
2026-08-22,284879,283601,8,1.86,13,High,Balance surplus against predicted 72-hour stockout risk
2026-08-22,284863,94137,6,19.31,34,High,Balance surplus against predicted 72-hour stockout risk
2026-08-22,284504,24101,8,0.0,12,High,Balance surplus against predicted 72-hour stockout risk
2026-08-22,282600,282746,6,1.51,15,High,Balance surplus against predicted 72-hour stockout risk
2026-08-22,27062,94116,6,0.0,12,High,Balance surplus against predicted 72-hour stockout risk
2026-08-22,285068,98116,7,8.42,28,High,Balance surplus against predicted 72-hour stockout risk
2026-08-22,874,284539,9,2.58,14,High,Balance surplus against predicted 72-hour stockout risk
2026-08-22,20125,14048,5,4.05,21,High,Balance surplus against predicted 72-hour stockout risk
2026-08-22,284976,99173,5,1.84,12,High,Balance surplus against predicted 72-hour stockout risk
2026-08-22,646,643,13,2.98,14,High,Balance surplus against predicted 72-hour stockout risk
2026-08-22,283547,282880,9,0.0,9,High,Balance surplus against predicted 72-hour stockout risk
2026-08-22,845,280455,6,1.56,13,High,Balance surplus against predicted 72-hour stockout risk
2026-08-22,640,657,5,3.63,23,High,Balance surplus against predicted 72-hour stockout risk
2026-08-22,283836,28058,7,0.0,9,High,Balance surplus against predicted 72-hour stockout risk
2026-08-22,281177,15011,8,2.14,15,High,Balance surplus against predicted 72-hour stockout risk
2026-08-22,280730,618,8,1.51,18,High,Balance surplus against predicted 72-hour stockout risk
2026-08-22,544,23176,5,0.84,13,High,Balance surplus against predicted 72-hour stockout risk
2026-08-22,285070,795,6,0.0,10,High,Balance surplus against predicted 72-hour stockout risk
2026-08-22,284197,283136,7,0.68,10,High,Balance surplus against predicted 72-hour stockout risk
2026-08-22,282568,18112,6,74.82,131,High,Balance surplus against predicted 72-hour stockout risk
2026-08-22,285332,284584,13,3.79,21,High,Balance surplus against predicted 72-hour stockout risk
2026-08-22,284948,283857,6,0.0,15,High,Balance surplus against predicted 72-hour stockout risk
2026-08-22,16078,16050,9,9.51,22,High,Balance surplus against predicted 72-hour stockout risk
2026-08-22,283958,283268,9,0.0,11,High,Balance surplus against predicted 72-hour stockout risk
2026-08-22,10164,283191,6,0.88,13,High,Balance surplus against predicted 72-hour stockout risk
2026-08-22,24136,280457,7,2.74,13,High,Balance surplus against predicted 72-hour stockout risk
2026-08-22,283965,11053,7,47.62,74,High,Balance surplus against predicted 72-hour stockout risk
2026-08-22,284320,282740,6,7.94,29,High,Balance surplus against predicted 72-hour stockout risk
2026-08-22,285234,283719,6,2.38,14,High,Balance surplus against predicted 72-hour stockout risk
2026-08-22,282743,96112,6,3.57,14,High,Balance surplus against predicted 72-hour stockout risk
2026-08-22,284941,30010,5,6.2,19,High,Balance surplus against predicted 72-hour stockout risk
2026-08-22,281317,284691,8,0.53,16,High,Balance surplus against predicted 72-hour stockout risk
2026-08-22,284847,99130,7,2.62,15,High,Balance surplus against predicted 72-hour stockout risk
2026-08-22,585,504,8,3.11,21,High,Balance surplus against predicted 72-hour stockout risk
2026-08-22,18140,283142,9,44.87,78,High,Balance surplus against predicted 72-hour stockout risk
2026-08-22,99114,284219,6,28.8,61,High,Balance surplus against predicted 72-hour stockout risk
2026-08-22,15157,280372,6,0.88,14,High,Balance surplus against predicted 72-hour stockout risk
2026-08-22,99185,724,8,1.48,10,High,Balance surplus against predicted 72-hour stockout risk
2026-08-22,283612,28077,9,4.11,16,High,Balance surplus against predicted 72-hour stockout risk
2026-08-23,18146,284361,5,3.92,15,High,Balance surplus against predicted 72-hour stockout risk
2026-08-23,284305,23120,6,79.36,142,High,Balance surplus against predicted 72-hour stockout risk
2026-08-23,1731,728,6,0.0,13,High,Balance surplus against predicted 72-hour stockout risk
2026-08-23,284359,18049,13,5.16,21,High,Balance surplus against predicted 72-hour stockout risk
2026-08-23,280748,284314,7,4.17,14,High,Balance surplus against predicted 72-hour stockout risk
2026-08-23,283392,30082,5,8.71,30,High,Balance surplus against predicted 72-hour stockout risk
2026-08-23,30021,285143,8,25.73,51,High,Balance surplus against predicted 72-hour stockout risk
2026-08-23,283888,284118,9,0.96,19,High,Balance surplus against predicted 72-hour stockout risk
2026-08-23,847,280455,6,1.23,19,High,Balance surplus against predicted 72-hour stockout risk
2026-08-23,10163,10120,6,5.33,20,High,Balance surplus against predicted 72-hour stockout risk
2026-08-23,283242,36156,6,0.93,19,High,Balance surplus against predicted 72-hour stockout risk
2026-08-23,6003,6001,5,5.94,18,High,Balance surplus against predicted 72-hour stockout risk
2026-08-23,282777,11053,8,48.29,91,High,Balance surplus against predicted 72-hour stockout risk
2026-08-23,280911,280912,6,2.78,23,High,Balance surplus against predicted 72-hour stockout risk
2026-08-23,284847,99130,5,2.62,15,High,Balance surplus against predicted 72-hour stockout risk
2026-08-23,283470,283000,5,3.18,17,High,Balance surplus against predicted 72-hour stockout risk
2026-08-23,284363,284398,6,0.0,17,High,Balance surplus against predicted 72-hour stockout risk
2026-08-23,284577,283563,5,1.8,17,High,Balance surplus against predicted 72-hour stockout risk
2026-08-23,10152,10109,5,5.86,19,High,Balance surplus against predicted 72-hour stockout risk
2026-08-23,282600,282746,11,1.51,15,High,Balance surplus against predicted 72-hour stockout risk
2026-08-23,28127,285334,6,7.71,24,High,Balance surplus against predicted 72-hour stockout risk
2026-08-23,18124,280130,8,9.78,33,High,Balance surplus against predicted 72-hour stockout risk
2026-08-23,24140,284971,6,2.43,13,High,Balance surplus against predicted 72-hour stockout risk
2026-08-23,284195,283136,6,0.68,13,High,Balance surplus against predicted 72-hour stockout risk
2026-08-23,30067,30010,5,0.0,14,High,Balance surplus against predicted 72-hour stockout risk
2026-08-23,280429,283834,8,3.13,21,High,Balance surplus against predicted 72-hour stockout risk
2026-08-23,284294,284298,7,1.69,16,High,Balance surplus against predicted 72-hour stockout risk
2026-08-23,285072,30060,11,72.6,146,High,Balance surplus against predicted 72-hour stockout risk
2026-08-23,554,557,6,0.0,12,High,Balance surplus against predicted 72-hour stockout risk
2026-08-23,30196,280659,5,5.04,16,High,Balance surplus against predicted 72-hour stockout risk
2026-08-23,11048,11005,7,0.28,14,High,Balance surplus against predicted 72-hour stockout risk
2026-08-23,94135,27011,9,1.4,18,High,Balance surplus against predicted 72-hour stockout risk
2026-08-23,284629,16030,5,35.93,56,High,Balance surplus against predicted 72-hour stockout risk
2026-08-23,16008,282791,6,2.94,15,High,Balance surplus against predicted 72-hour stockout risk
2026-08-24,16005,16016,8,33.04,65,High,Balance surplus against predicted 72-hour stockout risk
2026-08-24,283607,280237,7,6.96,29,High,Balance surplus against predicted 72-hour stockout risk
2026-08-24,24138,858,6,1.55,11,High,Balance surplus against predicted 72-hour stockout risk
2026-08-24,284435,7032,5,1.73,19,High,Balance surplus against predicted 72-hour stockout risk
2026-08-24,283757,1713,7,0.7,10,High,Balance surplus against predicted 72-hour stockout risk
2026-08-24,30286,283268,6,0.0,8,High,Balance surplus against predicted 72-hour stockout risk
2026-08-24,30079,30038,6,0.0,15,High,Balance surplus against predicted 72-hour stockout risk
2026-08-24,284334,280561,7,2.34,16,High,Balance surplus against predicted 72-hour stockout risk
2026-08-24,99133,284724,5,0.83,19,High,Balance surplus against predicted 72-hour stockout risk
2026-08-24,280555,284455,5,0.7,16,High,Balance surplus against predicted 72-hour stockout risk
2026-08-24,24139,284971,7,5.45,25,High,Balance surplus against predicted 72-hour stockout risk
2026-08-24,280642,282813,5,1.51,12,High,Balance surplus against predicted 72-hour stockout risk
2026-08-24,284438,283626,5,1.53,19,High,Balance surplus against predicted 72-hour stockout risk
2026-08-24,283605,282974,12,2.21,17,High,Balance surplus against predicted 72-hour stockout risk
2026-08-24,283830,283570,9,1.23,19,High,Balance surplus against predicted 72-hour stockout risk
2026-08-24,280512,284272,8,3.63,22,High,Balance surplus against predicted 72-hour stockout risk
2026-08-24,284591,2829,7,2.45,20,High,Balance surplus against predicted 72-hour stockout risk
2026-08-24,1718,2713,7,0.0,16,High,Balance surplus against predicted 72-hour stockout risk
2026-08-24,28072,283634,6,0.0,15,High,Balance surplus against predicted 72-hour stockout risk
2026-08-24,282777,11053,6,48.29,91,High,Balance surplus against predicted 72-hour stockout risk
2026-08-24,282796,16017,8,0.0,12,High,Balance surplus against predicted 72-hour stockout risk
2026-08-24,280273,283384,9,0.86,17,High,Balance surplus against predicted 72-hour stockout risk
2026-08-24,284602,282684,5,1.69,19,High,Balance surplus against predicted 72-hour stockout risk
2026-08-24,284702,281696,8,4.62,24,High,Balance surplus against predicted 72-hour stockout risk
2026-08-24,27098,284346,7,1.9,19,High,Balance surplus against predicted 72-hour stockout risk
2026-08-24,284100,21105,5,4.77,18,High,Balance surplus against predicted 72-hour stockout risk
2026-08-24,283763,283552,7,3.06,19,High,Balance surplus against predicted 72-hour stockout risk
2026-08-24,283388,28077,5,0.98,19,High,Balance surplus against predicted 72-hour stockout risk
2026-08-24,18130,18097,6,3.27,22,High,Balance surplus against predicted 72-hour stockout risk
2026-08-24,33105,284024,10,5.47,15,High,Balance surplus against predicted 72-hour stockout risk
2026-08-24,15110,15068,7,17.84,36,High,Balance surplus against predicted 72-hour stockout risk
2026-08-24,283472,30008,7,1.09,11,High,Balance surplus against predicted 72-hour stockout risk
2026-08-24,283566,846,8,7.56,21,High,Balance surplus against predicted 72-hour stockout risk
2026-08-24,18045,18050,5,5.26,18,High,Balance surplus against predicted 72-hour stockout risk
2026-08-24,283477,619,7,1.47,20,High,Balance surplus against predicted 72-hour stockout risk
2026-08-24,6003,285320,7,5.87,25,High,Balance surplus against predicted 72-hour stockout risk
2026-08-24,99223,283841,6,2.63,19,High,Balance surplus against predicted 72-hour stockout risk
2026-08-24,284291,455,5,0.15,10,High,Balance surplus against predicted 72-hour stockout risk
2026-08-24,285336,283976,5,0.0,18,High,Balance surplus against predicted 72-hour stockout risk
2026-08-24,30062,30024,5,35.34,55,High,Balance surplus against predicted 72-hour stockout risk
2026-08-24,10156,283191,6,1.79,13,High,Balance surplus against predicted 72-hour stockout risk
2026-08-24,29068,29124,8,0.0,11,High,Balance surplus against predicted 72-hour stockout risk
2026-08-24,284689,2808,6,0.82,14,High,Balance surplus against predicted 72-hour stockout risk
2026-08-24,284230,283985,5,2.35,20,High,Balance surplus against predicted 72-hour stockout risk
2026-08-24,283470,283000,13,3.18,17,High,Balance surplus against predicted 72-hour stockout risk
2026-08-24,10151,10109,5,1.58,18,High,Balance surplus against predicted 72-hour stockout risk
2026-08-24,94135,27011,5,1.4,18,High,Balance surplus against predicted 72-hour stockout risk
2026-08-24,21106,32087,10,7.04,23,High,Balance surplus against predicted 72-hour stockout risk
2026-08-24,629,618,10,1.48,14,High,Balance surplus against predicted 72-hour stockout risk
2026-08-24,284524,283952,5,1.4,17,High,Balance surplus against predicted 72-hour stockout risk
2026-08-24,280938,2842,7,1.47,19,High,Balance surplus against predicted 72-hour stockout risk
2026-08-24,23142,284469,11,0.0,13,High,Balance surplus against predicted 72-hour stockout risk
2026-08-24,284696,280208,10,0.0,14,High,Balance surplus against predicted 72-hour stockout risk
2026-08-24,23157,285321,5,104.16,182,High,Balance surplus against predicted 72-hour stockout risk
2026-08-24,16008,284893,6,2.76,17,High,Balance surplus against predicted 72-hour stockout risk
2026-08-24,3010,12104,6,3.84,22,High,Balance surplus against predicted 72-hour stockout risk
2026-08-24,20147,14032,8,0.0,11,High,Balance surplus against predicted 72-hour stockout risk
2026-08-24,284254,18223,5,0.45,10,High,Balance surplus against predicted 72-hour stockout risk
2026-08-24,22139,284324,6,4.16,17,High,Balance surplus against predicted 72-hour stockout risk
2026-08-24,22164,7023,6,1.68,12,High,Balance surplus against predicted 72-hour stockout risk
2026-08-24,30067,30010,12,0.0,14,High,Balance surplus against predicted 72-hour stockout risk
2026-08-24,284776,96107,15,35.68,60,High,Balance surplus against predicted 72-hour stockout risk
2026-08-24,280385,32066,6,28.26,57,High,Balance surplus against predicted 72-hour stockout risk
2026-08-24,32090,32023,7,146.83,286,High,Balance surplus against predicted 72-hour stockout risk
2026-08-24,30220,284276,6,2.67,12,High,Balance surplus against predicted 72-hour stockout risk
2026-08-24,22143,280502,9,11.9,32,High,Balance surplus against predicted 72-hour stockout risk
2026-08-25,283199,283153,5,3.2,14,High,Balance surplus against predicted 72-hour stockout risk
2026-08-25,283209,281224,9,7.32,22,High,Balance surplus against predicted 72-hour stockout risk
2026-08-25,283533,36151,7,1.05,18,High,Balance surplus against predicted 72-hour stockout risk
2026-08-25,284700,281552,5,1.99,12,High,Balance surplus against predicted 72-hour stockout risk
2026-08-25,280323,29007,6,1.02,19,High,Balance surplus against predicted 72-hour stockout risk
2026-08-25,23184,587,6,8.8,28,High,Balance surplus against predicted 72-hour stockout risk
2026-08-25,2885,283243,10,0.0,8,High,Balance surplus against predicted 72-hour stockout risk
2026-08-25,284566,280549,8,3.17,20,High,Balance surplus against predicted 72-hour stockout risk
2026-08-25,29083,280418,7,2.74,21,High,Balance surplus against predicted 72-hour stockout risk
2026-08-25,283322,283404,5,2.17,12,High,Balance surplus against predicted 72-hour stockout risk
2026-08-25,23013,34103,9,3.15,18,High,Balance surplus against predicted 72-hour stockout risk
2026-08-25,27098,94152,8,3.84,19,High,Balance surplus against predicted 72-hour stockout risk
2026-08-25,30226,30161,6,2.36,16,High,Balance surplus against predicted 72-hour stockout risk
2026-08-25,284294,283956,8,1.11,10,High,Balance surplus against predicted 72-hour stockout risk
2026-08-25,282777,11066,7,5.34,22,High,Balance surplus against predicted 72-hour stockout risk
2026-08-25,30025,282704,5,0.0,15,High,Balance surplus against predicted 72-hour stockout risk
2026-08-25,30068,283268,7,0.0,13,High,Balance surplus against predicted 72-hour stockout risk
2026-08-25,30067,30010,7,0.0,14,High,Balance surplus against predicted 72-hour stockout risk
2026-08-25,284334,280561,8,2.34,16,High,Balance surplus against predicted 72-hour stockout risk
2026-08-25,30091,280228,7,32.5,51,High,Balance surplus against predicted 72-hour stockout risk
2026-08-25,283547,282880,6,0.0,9,High,Balance surplus against predicted 72-hour stockout risk
2026-08-25,284648,28103,7,0.0,12,High,Balance surplus against predicted 72-hour stockout risk
2026-08-25,284847,99130,8,2.62,15,High,Balance surplus against predicted 72-hour stockout risk
2026-08-25,282763,11002,7,5.21,22,High,Balance surplus against predicted 72-hour stockout risk
2026-08-25,14045,20108,7,2.3,16,High,Balance surplus against predicted 72-hour stockout risk
2026-08-25,28026,283673,15,0.45,15,High,Balance surplus against predicted 72-hour stockout risk
2026-08-25,284005,283753,8,0.0,17,High,Balance surplus against predicted 72-hour stockout risk
2026-08-25,284891,16018,6,5.87,20,High,Balance surplus against predicted 72-hour stockout risk
2026-08-25,1543,567,11,35.59,68,High,Balance surplus against predicted 72-hour stockout risk
2026-08-25,284321,29001,6,0.7,10,High,Balance surplus against predicted 72-hour stockout risk
2026-08-25,28090,28074,5,4.66,24,High,Balance surplus against predicted 72-hour stockout risk
2026-08-25,281565,281719,5,2.7,18,High,Balance surplus against predicted 72-hour stockout risk
2026-08-25,280920,283963,10,0.35,14,High,Balance surplus against predicted 72-hour stockout risk
2026-08-25,27062,94116,5,0.0,12,High,Balance surplus against predicted 72-hour stockout risk
2026-08-25,284435,7032,7,1.73,19,High,Balance surplus against predicted 72-hour stockout risk
2026-08-25,10164,283193,7,0.63,17,High,Balance surplus against predicted 72-hour stockout risk
2026-08-25,280429,283834,7,3.13,21,High,Balance surplus against predicted 72-hour stockout risk
2026-08-25,282744,11018,7,0.68,9,High,Balance surplus against predicted 72-hour stockout risk
2026-08-25,282397,98104,7,5.08,17,High,Balance surplus against predicted 72-hour stockout risk
2026-08-25,284320,282740,7,7.94,29,High,Balance surplus against predicted 72-hour stockout risk
2026-08-25,280240,28008,8,1.06,15,High,Balance surplus against predicted 72-hour stockout risk
2026-08-25,30044,30013,6,0.0,18,High,Balance surplus against predicted 72-hour stockout risk
2026-08-25,280148,18123,17,3.3,14,High,Balance surplus against predicted 72-hour stockout risk
2026-08-25,657,609,10,4.76,20,High,Balance surplus against predicted 72-hour stockout risk
2026-08-25,774,284182,5,8.21,29,High,Balance surplus against predicted 72-hour stockout risk
2026-08-25,99138,283384,7,1.75,14,High,Balance surplus against predicted 72-hour stockout risk
2026-08-25,284132,767,6,3.37,17,High,Balance surplus against predicted 72-hour stockout risk
2026-08-25,285099,23156,6,0.29,15,High,Balance surplus against predicted 72-hour stockout risk
2026-08-25,826,825,7,0.0,11,High,Balance surplus against predicted 72-hour stockout risk
2026-08-25,280730,618,5,1.51,18,High,Balance surplus against predicted 72-hour stockout risk
2026-08-25,33129,283919,5,5.48,21,High,Balance surplus against predicted 72-hour stockout risk
2026-08-25,281189,281063,5,2.25,20,High,Balance surplus against predicted 72-hour stockout risk
2026-08-25,21101,32057,5,3.22,16,High,Balance surplus against predicted 72-hour stockout risk
2026-08-25,18124,280131,8,8.79,26,High,Balance surplus against predicted 72-hour stockout risk
2026-08-25,284614,284618,5,3.09,18,High,Balance surplus against predicted 72-hour stockout risk
2026-08-25,284127,94115,5,40.86,64,High,Balance surplus against predicted 72-hour stockout risk
2026-08-25,96116,11005,5,2.25,13,High,Balance surplus against predicted 72-hour stockout risk
2026-08-25,1820,280514,7,3.48,19,High,Balance surplus against predicted 72-hour stockout risk
2026-08-25,283308,283985,7,0.84,15,High,Balance surplus against predicted 72-hour stockout risk
2026-08-25,284776,96107,7,35.68,60,High,Balance surplus against predicted 72-hour stockout risk
2026-08-25,1819,833,8,91.71,131,High,Balance surplus against predicted 72-hour stockout risk
2026-08-25,280631,285124,5,1.64,12,High,Balance surplus against predicted 72-hour stockout risk
2026-08-25,284014,285274,8,4.25,24,High,Balance surplus against predicted 72-hour stockout risk
2026-08-25,283950,282814,5,1.56,15,High,Balance surplus against predicted 72-hour stockout risk
2026-08-25,283315,95105,11,5.1,20,High,Balance surplus against predicted 72-hour stockout risk
2026-08-25,280555,284455,5,0.7,16,High,Balance surplus against predicted 72-hour stockout risk
2026-08-25,284313,284801,6,4.4,21,High,Balance surplus against predicted 72-hour stockout risk
2026-08-25,15130,29132,5,4.38,19,High,Balance surplus against predicted 72-hour stockout risk
2026-08-25,284315,281506,11,5.79,25,High,Balance surplus against predicted 72-hour stockout risk
2026-08-25,14035,14042,6,14.76,36,High,Balance surplus against predicted 72-hour stockout risk
2026-08-25,30260,33112,5,10.09,25,High,Balance surplus against predicted 72-hour stockout risk
2026-08-25,282755,283396,5,2.4,16,High,Balance surplus against predicted 72-hour stockout risk
2026-08-26,861,24104,9,2.6,23,High,Balance surplus against predicted 72-hour stockout risk
2026-08-26,280429,280524,9,2.89,14,High,Balance surplus against predicted 72-hour stockout risk
2026-08-26,285239,285282,5,0.07,12,High,Balance surplus against predicted 72-hour stockout risk
2026-08-26,24130,24111,6,4.39,20,High,Balance surplus against predicted 72-hour stockout risk
2026-08-26,284230,283985,9,2.35,20,High,Balance surplus against predicted 72-hour stockout risk
2026-08-26,30052,30038,6,0.0,16,High,Balance surplus against predicted 72-hour stockout risk
2026-08-26,872,283154,5,1.43,12,High,Balance surplus against predicted 72-hour stockout risk
2026-08-26,282620,2906,6,2.21,18,High,Balance surplus against predicted 72-hour stockout risk
2026-08-26,30296,30015,8,65.64,116,High,Balance surplus against predicted 72-hour stockout risk
2026-08-26,282763,11002,6,5.21,22,High,Balance surplus against predicted 72-hour stockout risk
2026-08-26,280437,28148,9,1.0,12,High,Balance surplus against predicted 72-hour stockout risk
2026-08-26,284292,414,6,0.73,16,High,Balance surplus against predicted 72-hour stockout risk
2026-08-26,2885,283243,7,0.0,8,High,Balance surplus against predicted 72-hour stockout risk
2026-08-26,283184,280561,8,1.48,13,High,Balance surplus against predicted 72-hour stockout risk
2026-08-26,2913,2851,5,0.0,11,High,Balance surplus against predicted 72-hour stockout risk
2026-08-26,280156,10168,6,0.0,14,High,Balance surplus against predicted 72-hour stockout risk
2026-08-26,283965,11053,5,47.62,74,High,Balance surplus against predicted 72-hour stockout risk
2026-08-26,797,99199,8,1.88,15,High,Balance surplus against predicted 72-hour stockout risk
2026-08-26,283460,732,9,3.88,24,High,Balance surplus against predicted 72-hour stockout risk
2026-08-26,20119,284121,5,6.54,20,High,Balance surplus against predicted 72-hour stockout risk
2026-08-26,280240,28008,9,1.06,15,High,Balance surplus against predicted 72-hour stockout risk
2026-08-26,28038,283675,5,2.68,20,High,Balance surplus against predicted 72-hour stockout risk
2026-08-26,15083,15139,8,0.45,16,High,Balance surplus against predicted 72-hour stockout risk
2026-08-26,466,1416,7,4.03,22,High,Balance surplus against predicted 72-hour stockout risk
2026-08-26,284435,7032,9,1.73,19,High,Balance surplus against predicted 72-hour stockout risk
2026-08-26,2837,280747,5,7.04,24,High,Balance surplus against predicted 72-hour stockout risk
2026-08-26,23142,284469,5,0.0,13,High,Balance surplus against predicted 72-hour stockout risk
2026-08-26,18141,18201,8,0.0,13,High,Balance surplus against predicted 72-hour stockout risk
2026-08-26,28063,285079,6,0.29,12,High,Balance surplus against predicted 72-hour stockout risk
2026-08-26,284321,29001,6,0.7,10,High,Balance surplus against predicted 72-hour stockout risk
2026-08-26,99232,280570,7,0.81,11,High,Balance surplus against predicted 72-hour stockout risk
2026-08-26,23155,567,8,35.51,65,High,Balance surplus against predicted 72-hour stockout risk
2026-08-26,1817,284971,5,42.26,71,High,Balance surplus against predicted 72-hour stockout risk
2026-08-26,27098,284346,5,1.9,19,High,Balance surplus against predicted 72-hour stockout risk
2026-08-26,282684,282678,6,1.62,14,High,Balance surplus against predicted 72-hour stockout risk
2026-08-26,285066,97127,10,0.0,11,High,Balance surplus against predicted 72-hour stockout risk
2026-08-26,18099,282586,16,1.63,15,High,Balance surplus against predicted 72-hour stockout risk
2026-08-26,282047,30182,7,33.36,57,High,Balance surplus against predicted 72-hour stockout risk
2026-08-26,28145,2930,10,27.02,55,High,Balance surplus against predicted 72-hour stockout risk
2026-08-26,284962,23101,5,216.94,400,High,Balance surplus against predicted 72-hour stockout risk
2026-08-26,283845,283379,5,1.96,14,High,Balance surplus against predicted 72-hour stockout risk
2026-08-26,284587,285334,7,5.91,24,High,Balance surplus against predicted 72-hour stockout risk
2026-08-26,2901,2894,6,0.0,12,High,Balance surplus against predicted 72-hour stockout risk
2026-08-26,282595,282573,5,3.49,22,High,Balance surplus against predicted 72-hour stockout risk
2026-08-26,30091,280228,13,32.5,51,High,Balance surplus against predicted 72-hour stockout risk
2026-08-26,27150,27126,5,2.99,22,High,Balance surplus against predicted 72-hour stockout risk
2026-08-26,283581,283690,10,1.7,15,High,Balance surplus against predicted 72-hour stockout risk
2026-08-26,284345,11012,10,5.7,24,High,Balance surplus against predicted 72-hour stockout risk
2026-08-26,285138,280510,10,0.21,10,High,Balance surplus against predicted 72-hour stockout risk
2026-08-26,284014,280537,7,3.54,20,High,Balance surplus against predicted 72-hour stockout risk
2026-08-26,282655,29023,9,1.05,16,High,Balance surplus against predicted 72-hour stockout risk
2026-08-26,280719,27131,8,3.11,20,High,Balance surplus against predicted 72-hour stockout risk
2026-08-26,28090,28001,6,2.89,18,High,Balance surplus against predicted 72-hour stockout risk
2026-08-26,282719,30016,5,0.0,9,High,Balance surplus against predicted 72-hour stockout risk
2026-08-27,15158,15110,7,52.57,109,High,Balance surplus against predicted 72-hour stockout risk
2026-08-27,16054,16078,5,7.03,27,High,Balance surplus against predicted 72-hour stockout risk
2026-08-27,30131,284937,5,2.93,22,High,Balance surplus against predicted 72-hour stockout risk
2026-08-27,15078,15183,9,3.34,17,High,Balance surplus against predicted 72-hour stockout risk
2026-08-27,282771,280888,7,1.6,15,High,Balance surplus against predicted 72-hour stockout risk
2026-08-27,7005,7016,7,2.39,18,High,Balance surplus against predicted 72-hour stockout risk
2026-08-27,282655,29023,6,1.05,16,High,Balance surplus against predicted 72-hour stockout risk
2026-08-27,285178,283957,8,8.16,29,High,Balance surplus against predicted 72-hour stockout risk
2026-08-27,280269,807,5,4.59,21,High,Balance surplus against predicted 72-hour stockout risk
2026-08-27,283169,281221,7,2.74,20,High,Balance surplus against predicted 72-hour stockout risk
2026-08-27,14005,14048,9,3.92,16,High,Balance surplus against predicted 72-hour stockout risk
2026-08-27,283478,11012,6,1.82,21,High,Balance surplus against predicted 72-hour stockout risk
2026-08-27,280115,283223,7,3.72,16,High,Balance surplus against predicted 72-hour stockout risk
2026-08-27,284106,284447,7,1.8,15,High,Balance surplus against predicted 72-hour stockout risk
2026-08-27,280760,95111,5,3.0,20,High,Balance surplus against predicted 72-hour stockout risk
2026-08-27,284081,15157,6,11.19,25,High,Balance surplus against predicted 72-hour stockout risk
2026-08-27,280132,280123,5,0.0,8,High,Balance surplus against predicted 72-hour stockout risk
2026-08-27,30091,280228,6,32.5,51,High,Balance surplus against predicted 72-hour stockout risk
2026-08-27,282620,280938,6,1.43,13,High,Balance surplus against predicted 72-hour stockout risk
2026-08-27,284263,284080,8,0.8,18,High,Balance surplus against predicted 72-hour stockout risk
2026-08-27,284636,28034,7,1.1,13,High,Balance surplus against predicted 72-hour stockout risk
2026-08-27,284759,284740,7,0.6,12,High,Balance surplus against predicted 72-hour stockout risk
2026-08-27,13007,91103,6,7.16,26,High,Balance surplus against predicted 72-hour stockout risk
2026-08-27,280604,283532,7,8.74,23,High,Balance surplus against predicted 72-hour stockout risk
2026-08-27,10151,10109,6,1.58,18,High,Balance surplus against predicted 72-hour stockout risk
2026-08-27,283620,28045,5,3.62,20,High,Balance surplus against predicted 72-hour stockout risk
2026-08-27,284139,36108,7,0.0,16,High,Balance surplus against predicted 72-hour stockout risk
2026-08-27,280240,28008,8,1.06,15,High,Balance surplus against predicted 72-hour stockout risk
2026-08-27,283624,7029,6,0.0,14,High,Balance surplus against predicted 72-hour stockout risk
2026-08-27,284014,280537,6,3.54,20,High,Balance surplus against predicted 72-hour stockout risk
2026-08-27,585,504,8,3.11,21,High,Balance surplus against predicted 72-hour stockout risk
2026-08-27,280151,10125,7,1.59,17,High,Balance surplus against predicted 72-hour stockout risk
2026-08-27,280765,27126,5,7.24,28,High,Balance surplus against predicted 72-hour stockout risk
2026-08-27,14010,284761,7,2.35,18,High,Balance surplus against predicted 72-hour stockout risk
2026-08-27,858,24107,6,1.52,13,High,Balance surplus against predicted 72-hour stockout risk
2026-08-27,19133,487,6,19.72,38,High,Balance surplus against predicted 72-hour stockout risk
2026-08-27,4021,4068,7,25.76,59,High,Balance surplus against predicted 72-hour stockout risk
2026-08-27,284348,36110,11,2.02,12,High,Balance surplus against predicted 72-hour stockout risk
2026-08-27,282684,282678,5,1.62,14,High,Balance surplus against predicted 72-hour stockout risk
2026-08-27,280324,283136,9,1.07,15,High,Balance surplus against predicted 72-hour stockout risk
2026-08-27,284394,284397,6,3.23,16,High,Balance surplus against predicted 72-hour stockout risk
2026-08-27,284853,284628,5,0.13,12,High,Balance surplus against predicted 72-hour stockout risk
2026-08-27,27098,94152,6,3.84,19,High,Balance surplus against predicted 72-hour stockout risk
2026-08-27,99236,2733,6,4.51,21,High,Balance surplus against predicted 72-hour stockout risk
2026-08-27,283321,280836,8,1.25,17,High,Balance surplus against predicted 72-hour stockout risk
2026-08-27,10121,10168,6,0.0,11,High,Balance surplus against predicted 72-hour stockout risk
2026-08-27,283596,32087,5,7.52,24,High,Balance surplus against predicted 72-hour stockout risk
2026-08-27,284150,27168,5,4.98,26,High,Balance surplus against predicted 72-hour stockout risk
2026-08-27,283612,28077,10,4.11,16,High,Balance surplus against predicted 72-hour stockout risk
2026-08-27,283591,284264,11,1.03,13,High,Balance surplus against predicted 72-hour stockout risk
2026-08-27,285055,99188,7,1.44,13,High,Balance surplus against predicted 72-hour stockout risk
2026-08-27,284214,28136,7,3.37,19,High,Balance surplus against predicted 72-hour stockout risk
2026-08-27,18214,284555,7,78.1,125,High,Balance surplus against predicted 72-hour stockout risk
2026-08-27,282719,30016,5,0.0,9,High,Balance surplus against predicted 72-hour stockout risk
2026-08-27,16002,16003,6,0.0,13,High,Balance surplus against predicted 72-hour stockout risk
2026-08-27,28142,281474,6,0.0,8,High,Balance surplus against predicted 72-hour stockout risk
2026-08-27,283227,94125,8,1.56,12,High,Balance surplus against predicted 72-hour stockout risk
2026-08-27,285088,282667,6,3.3,15,High,Balance surplus against predicted 72-hour stockout risk
2026-08-27,20140,20108,5,2.3,12,High,Balance surplus against predicted 72-hour stockout risk
2026-08-27,281318,284023,7,2.48,19,High,Balance surplus against predicted 72-hour stockout risk
2026-08-27,283482,15166,7,5.77,27,High,Balance surplus against predicted 72-hour stockout risk
2026-08-27,11036,11008,6,0.0,15,High,Balance surplus against predicted 72-hour stockout risk
2026-08-27,19141,414,6,0.31,14,High,Balance surplus against predicted 72-hour stockout risk
2026-08-28,283747,283328,6,10.06,26,High,Balance surplus against predicted 72-hour stockout risk
2026-08-28,282735,18027,5,87.39,137,High,Balance surplus against predicted 72-hour stockout risk
2026-08-28,284851,16133,9,6.66,23,High,Balance surplus against predicted 72-hour stockout risk
2026-08-28,284307,1717,7,2.95,19,High,Balance surplus against predicted 72-hour stockout risk
2026-08-28,282653,36105,5,0.54,19,High,Balance surplus against predicted 72-hour stockout risk
2026-08-28,704,785,7,0.0,10,High,Balance surplus against predicted 72-hour stockout risk
2026-08-28,284263,284080,5,0.8,18,High,Balance surplus against predicted 72-hour stockout risk
2026-08-28,284440,2802,8,3.43,16,High,Balance surplus against predicted 72-hour stockout risk
2026-08-28,629,618,5,1.48,14,High,Balance surplus against predicted 72-hour stockout risk
2026-08-28,284438,28045,7,0.47,10,High,Balance surplus against predicted 72-hour stockout risk
2026-08-28,11038,11059,5,3.69,20,High,Balance surplus against predicted 72-hour stockout risk
2026-08-28,15174,15164,5,0.6,13,High,Balance surplus against predicted 72-hour stockout risk
2026-08-28,30286,283374,5,0.0,9,High,Balance surplus against predicted 72-hour stockout risk
2026-08-28,282679,28103,8,25.31,54,High,Balance surplus against predicted 72-hour stockout risk
2026-08-28,284131,99202,5,25.35,52,High,Balance surplus against predicted 72-hour stockout risk
2026-08-28,284513,802,8,7.6,27,High,Balance surplus against predicted 72-hour stockout risk
2026-08-28,30263,30050,8,0.83,15,High,Balance surplus against predicted 72-hour stockout risk
2026-08-28,281656,284582,7,2.42,14,High,Balance surplus against predicted 72-hour stockout risk
2026-08-28,284200,36106,8,1.08,18,High,Balance surplus against predicted 72-hour stockout risk
2026-08-28,15141,29138,6,49.85,84,High,Balance surplus against predicted 72-hour stockout risk
2026-08-28,285110,414,7,1.27,14,High,Balance surplus against predicted 72-hour stockout risk
2026-08-28,280902,284399,7,1.98,15,High,Balance surplus against predicted 72-hour stockout risk
2026-08-28,284433,282586,5,0.46,15,High,Balance surplus against predicted 72-hour stockout risk
2026-08-28,284621,284761,10,3.52,20,High,Balance surplus against predicted 72-hour stockout risk
2026-08-28,7011,7032,6,9.24,29,High,Balance surplus against predicted 72-hour stockout risk
2026-08-28,283387,28077,8,3.7,22,High,Balance surplus against predicted 72-hour stockout risk
2026-08-28,1827,24109,5,31.4,55,High,Balance surplus against predicted 72-hour stockout risk
2026-08-28,18194,18186,7,1.15,13,High,Balance surplus against predicted 72-hour stockout risk
2026-08-28,282684,282678,5,1.62,14,High,Balance surplus against predicted 72-hour stockout risk
2026-08-28,16123,284459,5,6.17,24,High,Balance surplus against predicted 72-hour stockout risk
2026-08-28,93106,93101,9,5.34,22,High,Balance surplus against predicted 72-hour stockout risk
2026-08-28,282719,282709,5,0.0,15,High,Balance surplus against predicted 72-hour stockout risk
2026-08-28,280762,97105,9,1.84,11,High,Balance surplus against predicted 72-hour stockout risk
2026-08-28,99185,724,5,1.48,10,High,Balance surplus against predicted 72-hour stockout risk
2026-08-28,30052,30038,6,0.0,16,High,Balance surplus against predicted 72-hour stockout risk
2026-08-28,280563,23129,8,0.7,13,High,Balance surplus against predicted 72-hour stockout risk
2026-08-28,412,492,6,2.13,19,High,Balance surplus against predicted 72-hour stockout risk
2026-08-28,99222,284540,8,0.88,16,High,Balance surplus against predicted 72-hour stockout risk
2026-08-28,284418,284313,6,1.65,19,High,Balance surplus against predicted 72-hour stockout risk
2026-08-28,15123,15107,5,3.19,17,High,Balance surplus against predicted 72-hour stockout risk
2026-08-28,33130,285113,5,28.18,64,High,Balance surplus against predicted 72-hour stockout risk
2026-08-28,284776,96108,5,33.32,65,High,Balance surplus against predicted 72-hour stockout risk
2026-08-28,284462,283384,7,1.75,18,High,Balance surplus against predicted 72-hour stockout risk
2026-08-28,93105,27060,6,6.67,26,High,Balance surplus against predicted 72-hour stockout risk
2026-08-28,97101,97128,7,2.52,13,High,Balance surplus against predicted 72-hour stockout risk
2026-08-28,30025,282704,6,0.0,15,High,Balance surplus against predicted 72-hour stockout risk
2026-08-28,585,504,5,3.11,21,High,Balance surplus against predicted 72-hour stockout risk
2026-08-28,284165,283362,8,2.74,16,High,Balance surplus against predicted 72-hour stockout risk
2026-08-28,284736,282820,10,0.99,18,High,Balance surplus against predicted 72-hour stockout risk
2026-08-28,16072,282673,16,4.45,23,High,Balance surplus against predicted 72-hour stockout risk
2026-08-28,96103,282573,6,0.0,14,High,Balance surplus against predicted 72-hour stockout risk
2026-08-28,99216,283819,6,0.0,17,High,Balance surplus against predicted 72-hour stockout risk
2026-08-28,283227,94125,6,1.56,12,High,Balance surplus against predicted 72-hour stockout risk
2026-08-28,283210,283504,7,4.98,16,High,Balance surplus against predicted 72-hour stockout risk
2026-08-28,284140,280719,5,4.6,23,High,Balance surplus against predicted 72-hour stockout risk
2026-08-28,284308,99151,9,2.11,14,High,Balance surplus against predicted 72-hour stockout risk
2026-08-28,282944,284635,6,2.09,15,High,Balance surplus against predicted 72-hour stockout risk
2026-08-28,15059,284867,12,0.0,15,High,Balance surplus against predicted 72-hour stockout risk
2026-08-28,10116,285258,10,69.97,143,High,Balance surplus against predicted 72-hour stockout risk
2026-08-28,285310,4066,5,59.12,92,High,Balance surplus against predicted 72-hour stockout risk
2026-08-28,32056,21101,5,2.14,14,High,Balance surplus against predicted 72-hour stockout risk
2026-08-28,20112,14032,6,3.41,17,High,Balance surplus against predicted 72-hour stockout risk
2026-08-28,18135,283840,6,0.0,15,High,Balance surplus against predicted 72-hour stockout risk
2026-08-29,283242,285249,6,1.13,11,High,Balance surplus against predicted 72-hour stockout risk
2026-08-29,30225,283268,7,0.0,9,High,Balance surplus against predicted 72-hour stockout risk
2026-08-29,284481,284167,7,5.14,23,High,Balance surplus against predicted 72-hour stockout risk
2026-08-29,280452,815,7,1.89,19,High,Balance surplus against predicted 72-hour stockout risk
2026-08-29,280904,282790,5,0.0,9,High,Balance surplus against predicted 72-hour stockout risk
2026-08-29,284165,28140,8,1.76,11,High,Balance surplus against predicted 72-hour stockout risk
2026-08-29,11045,282764,5,0.0,18,High,Balance surplus against predicted 72-hour stockout risk
2026-08-29,283965,11053,7,47.62,74,High,Balance surplus against predicted 72-hour stockout risk
2026-08-29,282679,28103,8,25.31,54,High,Balance surplus against predicted 72-hour stockout risk
2026-08-29,894,284385,8,2.55,18,High,Balance surplus against predicted 72-hour stockout risk
2026-08-29,283566,821,6,8.45,26,High,Balance surplus against predicted 72-hour stockout risk
2026-08-29,284848,16020,7,0.79,16,High,Balance surplus against predicted 72-hour stockout risk
2026-08-29,283618,284935,7,3.8,18,High,Balance surplus against predicted 72-hour stockout risk
2026-08-29,99185,724,5,1.48,10,High,Balance surplus against predicted 72-hour stockout risk
2026-08-29,96119,11062,8,0.0,11,High,Balance surplus against predicted 72-hour stockout risk
2026-08-29,2930,284583,5,6.57,24,High,Balance surplus against predicted 72-hour stockout risk
2026-08-29,280762,97105,11,1.84,11,High,Balance surplus against predicted 72-hour stockout risk
2026-08-29,283974,4069,14,2.15,13,High,Balance surplus against predicted 72-hour stockout risk
2026-08-29,18266,18264,5,4.15,24,High,Balance surplus against predicted 72-hour stockout risk
2026-08-29,10123,10139,5,4.17,20,High,Balance surplus against predicted 72-hour stockout risk
2026-08-29,99159,99170,5,0.94,18,High,Balance surplus against predicted 72-hour stockout risk
2026-08-29,283478,11012,7,1.82,21,High,Balance surplus against predicted 72-hour stockout risk
2026-08-29,285311,94118,6,4.83,22,High,Balance surplus against predicted 72-hour stockout risk
2026-08-29,28060,28004,7,0.0,16,High,Balance surplus against predicted 72-hour stockout risk
2026-08-29,36142,36155,6,1.12,16,High,Balance surplus against predicted 72-hour stockout risk
2026-08-29,280553,283723,6,1.02,18,High,Balance surplus against predicted 72-hour stockout risk
2026-08-29,282721,23010,8,125.38,167,High,Balance surplus against predicted 72-hour stockout risk
2026-08-29,285242,30013,5,21.4,46,High,Balance surplus against predicted 72-hour stockout risk
2026-08-29,281316,2829,5,2.83,13,High,Balance surplus against predicted 72-hour stockout risk
2026-08-29,283612,28077,5,4.11,16,High,Balance surplus against predicted 72-hour stockout risk
2026-08-29,27123,18267,7,3.18,21,High,Balance surplus against predicted 72-hour stockout risk
2026-08-29,10173,10129,5,1.9,18,High,Balance surplus against predicted 72-hour stockout risk
2026-08-29,285055,99217,8,1.98,13,High,Balance surplus against predicted 72-hour stockout risk
2026-08-29,284522,284747,5,1.43,11,High,Balance surplus against predicted 72-hour stockout risk
2026-08-29,283888,282966,6,6.1,23,High,Balance surplus against predicted 72-hour stockout risk
2026-08-29,30072,30001,5,0.0,17,High,Balance surplus against predicted 72-hour stockout risk
2026-08-29,15020,15021,5,0.0,14,High,Balance surplus against predicted 72-hour stockout risk
2026-08-29,284866,283591,5,1.86,13,High,Balance surplus against predicted 72-hour stockout risk
2026-08-29,891,802,5,4.16,19,High,Balance surplus against predicted 72-hour stockout risk
2026-08-29,99187,99231,6,1.58,18,High,Balance surplus against predicted 72-hour stockout risk
2026-08-29,30161,282703,8,5.35,17,High,Balance surplus against predicted 72-hour stockout risk
2026-08-29,15165,280972,5,0.84,19,High,Balance surplus against predicted 72-hour stockout risk
2026-08-29,283823,284506,7,5.37,24,High,Balance surplus against predicted 72-hour stockout risk
2026-08-29,280536,27116,6,1.37,10,High,Balance surplus against predicted 72-hour stockout risk
2026-08-29,29093,284502,12,0.86,13,High,Balance surplus against predicted 72-hour stockout risk
2026-08-29,282694,30002,6,0.0,18,High,Balance surplus against predicted 72-hour stockout risk
2026-08-29,284504,892,5,0.0,9,High,Balance surplus against predicted 72-hour stockout risk
2026-08-30,18150,18153,5,5.17,15,High,Balance surplus against predicted 72-hour stockout risk
2026-08-30,283747,283328,6,10.06,26,High,Balance surplus against predicted 72-hour stockout risk
2026-08-30,29068,29105,5,0.0,16,High,Balance surplus against predicted 72-hour stockout risk
2026-08-30,1508,280285,5,3.72,17,High,Balance surplus against predicted 72-hour stockout risk
2026-08-30,16114,284859,5,40.45,70,High,Balance surplus against predicted 72-hour stockout risk
2026-08-30,284390,24121,8,7.7,30,High,Balance surplus against predicted 72-hour stockout risk
2026-08-30,281177,15011,6,2.14,15,High,Balance surplus against predicted 72-hour stockout risk
2026-08-30,15044,283788,7,3.62,23,High,Balance surplus against predicted 72-hour stockout risk
2026-08-30,91109,283875,8,2.35,19,High,Balance surplus against predicted 72-hour stockout risk
2026-08-30,284202,284130,7,1.8,19,High,Balance surplus against predicted 72-hour stockout risk
2026-08-30,280206,284546,8,8.88,26,High,Balance surplus against predicted 72-hour stockout risk
2026-08-30,30166,283383,6,12.8,36,High,Balance surplus against predicted 72-hour stockout risk
2026-08-30,634,280306,7,0.91,12,High,Balance surplus against predicted 72-hour stockout risk
2026-08-30,284552,4015,8,2.02,21,High,Balance surplus against predicted 72-hour stockout risk
2026-08-30,283489,282725,7,5.17,21,High,Balance surplus against predicted 72-hour stockout risk
2026-08-30,283470,283000,8,3.18,17,High,Balance surplus against predicted 72-hour stockout risk
2026-08-30,28089,283461,6,0.0,10,High,Balance surplus against predicted 72-hour stockout risk
2026-08-30,846,821,5,1.83,21,High,Balance surplus against predicted 72-hour stockout risk
2026-08-30,284636,28091,12,1.1,15,High,Balance surplus against predicted 72-hour stockout risk
2026-08-30,30072,30001,5,0.0,17,High,Balance surplus against predicted 72-hour stockout risk
2026-08-30,29161,283169,16,9.6,29,High,Balance surplus against predicted 72-hour stockout risk
2026-08-30,20111,14032,5,3.58,22,High,Balance surplus against predicted 72-hour stockout risk
2026-08-30,283596,32087,6,7.52,24,High,Balance surplus against predicted 72-hour stockout risk
2026-08-30,284410,282956,5,3.26,16,High,Balance surplus against predicted 72-hour stockout risk
2026-08-30,28060,285246,9,0.43,18,High,Balance surplus against predicted 72-hour stockout risk
2026-08-30,283965,11066,9,0.0,12,High,Balance surplus against predicted 72-hour stockout risk
2026-08-30,95109,95101,6,2.67,13,High,Balance surplus against predicted 72-hour stockout risk
2026-08-30,1540,23178,5,3.62,23,High,Balance surplus against predicted 72-hour stockout risk
2026-08-30,16030,16003,9,16.12,33,High,Balance surplus against predicted 72-hour stockout risk
2026-08-30,284263,284080,5,0.8,18,High,Balance surplus against predicted 72-hour stockout risk
2026-08-30,284923,285243,5,2.18,15,High,Balance surplus against predicted 72-hour stockout risk
2026-08-30,1826,865,6,6.32,27,High,Balance surplus against predicted 72-hour stockout risk
2026-08-30,11054,11063,5,0.0,15,High,Balance surplus against predicted 72-hour stockout risk
2026-08-30,280237,28065,9,1.95,15,High,Balance surplus against predicted 72-hour stockout risk
2026-08-30,284610,16155,6,6.89,23,High,Balance surplus against predicted 72-hour stockout risk
2026-08-31,750,747,9,19.48,34,High,Balance surplus against predicted 72-hour stockout risk
2026-08-31,283301,280697,7,6.18,22,High,Balance surplus against predicted 72-hour stockout risk
2026-08-31,283414,23156,5,10.37,32,High,Balance surplus against predicted 72-hour stockout risk
2026-08-31,4012,4066,6,64.18,105,High,Balance surplus against predicted 72-hour stockout risk
2026-08-31,28060,28004,12,0.0,16,High,Balance surplus against predicted 72-hour stockout risk
2026-08-31,7011,7032,7,9.24,29,High,Balance surplus against predicted 72-hour stockout risk
2026-08-31,280507,284159,9,3.05,22,High,Balance surplus against predicted 72-hour stockout risk
2026-08-31,635,284477,5,1.71,16,High,Balance surplus against predicted 72-hour stockout risk
2026-08-31,280888,282771,6,1.6,16,High,Balance surplus against predicted 72-hour stockout risk
2026-08-31,19143,282919,5,4.83,19,High,Balance surplus against predicted 72-hour stockout risk
2026-08-31,280147,280146,5,2.66,13,High,Balance surplus against predicted 72-hour stockout risk
2026-08-31,16088,16077,6,7.8,26,High,Balance surplus against predicted 72-hour stockout risk
2026-08-31,30263,30032,6,0.83,11,High,Balance surplus against predicted 72-hour stockout risk
2026-08-31,27124,18031,7,1.98,12,High,Balance surplus against predicted 72-hour stockout risk
2026-08-31,16163,25001,7,5.11,16,High,Balance surplus against predicted 72-hour stockout risk
2026-08-31,283949,283722,9,32.45,75,High,Balance surplus against predicted 72-hour stockout risk
2026-08-31,284627,16017,5,0.0,14,High,Balance surplus against predicted 72-hour stockout risk
2026-08-31,280701,29105,5,0.0,9,High,Balance surplus against predicted 72-hour stockout risk
2026-08-31,774,284182,7,8.21,29,High,Balance surplus against predicted 72-hour stockout risk
2026-08-31,284030,284420,9,10.33,24,High,Balance surplus against predicted 72-hour stockout risk
2026-08-31,285199,618,6,3.81,21,High,Balance surplus against predicted 72-hour stockout risk
2026-08-31,283472,30008,7,1.09,11,High,Balance surplus against predicted 72-hour stockout risk
2026-08-31,283723,283961,5,0.96,14,High,Balance surplus against predicted 72-hour stockout risk
2026-08-31,281604,284793,5,4.9,17,High,Balance surplus against predicted 72-hour stockout risk
2026-08-31,284941,30010,7,6.2,19,High,Balance surplus against predicted 72-hour stockout risk
2026-08-31,30299,283383,11,16.32,43,High,Balance surplus against predicted 72-hour stockout risk
2026-08-31,285242,30013,9,21.4,46,High,Balance surplus against predicted 72-hour stockout risk
2026-08-31,891,819,5,1.43,20,High,Balance surplus against predicted 72-hour stockout risk
2026-08-31,15065,15099,8,8.62,26,High,Balance surplus against predicted 72-hour stockout risk
2026-08-31,28148,280437,5,1.0,16,High,Balance surplus against predicted 72-hour stockout risk
2026-08-31,28136,280916,5,0.68,11,High,Balance surplus against predicted 72-hour stockout risk
2026-08-31,99232,283752,8,0.95,13,High,Balance surplus against predicted 72-hour stockout risk
2026-08-31,282656,28133,7,1.62,19,High,Balance surplus against predicted 72-hour stockout risk
2026-08-31,18268,18125,6,0.0,9,High,Balance surplus against predicted 72-hour stockout risk
2026-08-31,18243,285265,7,288.88,385,High,Balance surplus against predicted 72-hour stockout risk
2026-08-31,284960,280620,6,0.14,18,High,Balance surplus against predicted 72-hour stockout risk
2026-08-31,21106,32087,8,7.04,23,High,Balance surplus against predicted 72-hour stockout risk
2026-08-31,2879,2895,6,3.96,15,High,Balance surplus against predicted 72-hour stockout risk
2026-08-31,4002,283000,5,4.47,25,High,Balance surplus against predicted 72-hour stockout risk
2026-08-31,29163,15139,5,5.18,19,High,Balance surplus against predicted 72-hour stockout risk
2026-08-31,284410,282956,6,3.26,16,High,Balance surplus against predicted 72-hour stockout risk
2026-08-31,30072,30001,6,0.0,17,High,Balance surplus against predicted 72-hour stockout risk
2026-08-31,282996,36149,5,3.77,16,High,Balance surplus against predicted 72-hour stockout risk
2026-08-31,28116,285229,7,1.18,11,High,Balance surplus against predicted 72-hour stockout risk
2026-08-31,283388,28077,5,0.98,19,High,Balance surplus against predicted 72-hour stockout risk
2026-08-31,18225,283264,8,2.04,13,High,Balance surplus against predicted 72-hour stockout risk
2026-08-31,24139,284971,8,5.45,25,High,Balance surplus against predicted 72-hour stockout risk
2026-08-31,284327,284445,11,2.69,12,High,Balance surplus against predicted 72-hour stockout risk
2026-08-31,284716,284800,9,2.92,13,High,Balance surplus against predicted 72-hour stockout risk
2026-08-31,282595,282573,6,3.49,22,High,Balance surplus against predicted 72-hour stockout risk
2026-08-31,280600,280323,6,2.14,16,High,Balance surplus against predicted 72-hour stockout risk
2026-08-31,10163,10120,6,5.33,20,High,Balance surplus against predicted 72-hour stockout risk
2026-08-31,284192,280641,6,0.45,19,High,Balance surplus against predicted 72-hour stockout risk
2026-08-31,284559,280931,8,1.32,10,High,Balance surplus against predicted 72-hour stockout risk
2026-08-31,283068,28065,5,0.77,16,High,Balance surplus against predicted 72-hour stockout risk
2026-08-31,283845,281486,6,2.19,17,High,Balance surplus against predicted 72-hour stockout risk
2026-08-31,94146,94118,6,12.38,32,High,Balance surplus against predicted 72-hour stockout risk
2026-08-31,30052,30038,6,0.0,16,High,Balance surplus against predicted 72-hour stockout risk
2026-08-31,283953,22137,6,3.06,15,High,Balance surplus against predicted 72-hour stockout risk
2026-08-31,282784,282730,7,6.28,17,High,Balance surplus against predicted 72-hour stockout risk
2026-08-31,20001,20004,5,1.15,12,High,Balance surplus against predicted 72-hour stockout risk
2026-08-31,16030,285060,8,13.09,38,High,Balance surplus against predicted 72-hour stockout risk
2026-08-31,28027,285300,6,1.77,12,High,Balance surplus against predicted 72-hour stockout risk
2026-08-31,285125,284402,12,3.91,15,High,Balance surplus against predicted 72-hour stockout risk
2026-08-31,16114,282788,6,40.45,69,High,Balance surplus against predicted 72-hour stockout risk
2026-08-31,1820,280514,8,3.48,19,High,Balance surplus against predicted 72-hour stockout risk
2026-08-31,10152,10109,6,5.86,19,High,Balance surplus against predicted 72-hour stockout risk
2026-09-01,281536,281517,7,0.64,12,High,Balance surplus against predicted 72-hour stockout risk
2026-09-01,284863,94137,5,19.31,34,High,Balance surplus against predicted 72-hour stockout risk
2026-09-01,280941,284087,9,19.96,52,High,Balance surplus against predicted 72-hour stockout risk
2026-09-01,285224,284769,5,1.59,18,High,Balance surplus against predicted 72-hour stockout risk
2026-09-01,283731,284356,7,7.01,22,High,Balance surplus against predicted 72-hour stockout risk
2026-09-01,280911,280912,5,2.78,23,High,Balance surplus against predicted 72-hour stockout risk
2026-09-01,284665,281755,15,3.69,21,High,Balance surplus against predicted 72-hour stockout risk
2026-09-01,282690,30016,5,0.0,9,High,Balance surplus against predicted 72-hour stockout risk
2026-09-01,284255,91103,5,1.61,16,High,Balance surplus against predicted 72-hour stockout risk
2026-09-01,285062,18089,6,2.75,19,High,Balance surplus against predicted 72-hour stockout risk
2026-09-01,16163,25001,6,5.11,16,High,Balance surplus against predicted 72-hour stockout risk
2026-09-01,18284,18086,9,1.38,11,High,Balance surplus against predicted 72-hour stockout risk
2026-09-01,36133,36159,5,1.36,18,High,Balance surplus against predicted 72-hour stockout risk
2026-09-01,16006,16014,5,25.43,46,High,Balance surplus against predicted 72-hour stockout risk
2026-09-01,24139,284971,5,5.45,25,High,Balance surplus against predicted 72-hour stockout risk
2026-09-01,20001,20002,6,1.9,20,High,Balance surplus against predicted 72-hour stockout risk
2026-09-01,629,618,8,1.48,14,High,Balance surplus against predicted 72-hour stockout risk
2026-09-01,283472,30008,8,1.09,11,High,Balance surplus against predicted 72-hour stockout risk
2026-09-01,285311,94118,5,4.83,22,High,Balance surplus against predicted 72-hour stockout risk
2026-09-01,285254,412,6,7.17,30,High,Balance surplus against predicted 72-hour stockout risk
2026-09-01,284423,28018,5,1.29,13,High,Balance surplus against predicted 72-hour stockout risk
2026-09-01,16005,16028,5,33.04,73,High,Balance surplus against predicted 72-hour stockout risk
2026-09-01,284648,283426,8,6.84,26,High,Balance surplus against predicted 72-hour stockout risk
2026-09-01,281681,284578,7,1.57,14,High,Balance surplus against predicted 72-hour stockout risk
2026-09-01,283953,22152,6,2.27,13,High,Balance surplus against predicted 72-hour stockout risk
2026-09-01,1803,24124,7,5.13,22,High,Balance surplus against predicted 72-hour stockout risk
2026-09-01,284821,11005,12,6.12,21,High,Balance surplus against predicted 72-hour stockout risk
2026-09-01,284499,18096,10,5.81,27,High,Balance surplus against predicted 72-hour stockout risk
2026-09-01,283251,280383,7,11.36,31,High,Balance surplus against predicted 72-hour stockout risk
2026-09-01,280706,11062,7,0.8,17,High,Balance surplus against predicted 72-hour stockout risk
2026-09-01,99156,2719,5,3.02,17,High,Balance surplus against predicted 72-hour stockout risk
2026-09-01,27098,284346,5,1.9,19,High,Balance surplus against predicted 72-hour stockout risk
2026-09-01,280240,28008,7,1.06,15,High,Balance surplus against predicted 72-hour stockout risk
2026-09-01,14042,20136,7,8.78,26,High,Balance surplus against predicted 72-hour stockout risk
2026-09-01,284875,284815,5,0.93,19,High,Balance surplus against predicted 72-hour stockout risk
2026-09-01,32009,32088,8,4.23,23,High,Balance surplus against predicted 72-hour stockout risk
2026-09-01,21106,32087,9,7.04,23,High,Balance surplus against predicted 72-hour stockout risk
2026-09-01,284311,36115,7,4.25,18,High,Balance surplus against predicted 72-hour stockout risk
2026-09-01,99246,284159,5,2.71,15,High,Balance surplus against predicted 72-hour stockout risk
2026-09-01,1802,24106,7,0.83,12,High,Balance surplus against predicted 72-hour stockout risk
2026-09-01,284377,99217,6,2.46,14,High,Balance surplus against predicted 72-hour stockout risk
2026-09-01,281742,281565,6,3.88,19,High,Balance surplus against predicted 72-hour stockout risk
2026-09-01,283505,29166,5,0.0,12,High,Balance surplus against predicted 72-hour stockout risk
2026-09-01,280569,283901,6,8.39,33,High,Balance surplus against predicted 72-hour stockout risk
2026-09-01,280379,284796,6,1.14,20,High,Balance surplus against predicted 72-hour stockout risk
2026-09-01,30229,30005,9,1.3,10,High,Balance surplus against predicted 72-hour stockout risk
2026-09-01,577,554,5,0.0,11,High,Balance surplus against predicted 72-hour stockout risk
2026-09-01,94148,94139,5,4.14,18,High,Balance surplus against predicted 72-hour stockout risk
2026-09-01,283535,29023,6,1.18,16,High,Balance surplus against predicted 72-hour stockout risk
2026-09-01,284925,11012,10,5.53,22,High,Balance surplus against predicted 72-hour stockout risk
2026-09-01,284514,18209,6,9.12,29,High,Balance surplus against predicted 72-hour stockout risk
2026-09-01,29089,280764,8,0.79,9,High,Balance surplus against predicted 72-hour stockout risk
2026-09-01,284533,280420,6,1.92,19,High,Balance surplus against predicted 72-hour stockout risk
2026-09-01,285239,280647,10,0.07,12,High,Balance surplus against predicted 72-hour stockout risk
2026-09-01,2895,282622,7,3.81,21,High,Balance surplus against predicted 72-hour stockout risk
2026-09-01,36141,283328,5,24.84,44,High,Balance surplus against predicted 72-hour stockout risk
2026-09-01,285169,96112,5,3.25,14,High,Balance surplus against predicted 72-hour stockout risk
2026-09-01,16059,282806,5,29.4,48,High,Balance surplus against predicted 72-hour stockout risk
2026-09-01,2801,284685,6,1.81,20,High,Balance surplus against predicted 72-hour stockout risk
2026-09-01,95109,95101,6,2.67,13,High,Balance surplus against predicted 72-hour stockout risk
2026-09-01,23008,23010,5,122.29,241,High,Balance surplus against predicted 72-hour stockout risk
2026-09-01,284410,28014,7,1.99,15,High,Balance surplus against predicted 72-hour stockout risk
2026-09-01,284432,283840,8,0.0,14,High,Balance surplus against predicted 72-hour stockout risk
2026-09-01,18243,18238,10,234.12,441,High,Balance surplus against predicted 72-hour stockout risk
2026-09-01,15141,29138,5,49.85,84,High,Balance surplus against predicted 72-hour stockout risk
2026-09-01,98115,28077,6,3.21,15,High,Balance surplus against predicted 72-hour stockout risk
2026-09-01,284263,284080,7,0.8,18,High,Balance surplus against predicted 72-hour stockout risk
2026-09-01,283069,283626,5,0.93,16,High,Balance surplus against predicted 72-hour stockout risk
2026-09-01,284644,283421,10,2.24,16,High,Balance surplus against predicted 72-hour stockout risk
2026-09-01,1712,284804,5,0.0,12,High,Balance surplus against predicted 72-hour stockout risk
2026-09-01,95134,280709,5,3.15,19,High,Balance surplus against predicted 72-hour stockout risk
2026-09-01,16103,284848,5,1.64,11,High,Balance surplus against predicted 72-hour stockout risk
2026-09-01,14020,14048,5,5.1,22,High,Balance surplus against predicted 72-hour stockout risk
2026-09-01,282682,7012,7,84.21,149,High,Balance surplus against predicted 72-hour stockout risk
2026-09-01,18214,284555,6,78.1,125,High,Balance surplus against predicted 72-hour stockout risk
2026-09-01,32015,32091,6,4.35,19,High,Balance surplus against predicted 72-hour stockout risk
2026-09-02,283256,285170,6,6.19,19,High,Balance surplus against predicted 72-hour stockout risk
2026-09-02,2858,283353,11,0.0,8,High,Balance surplus against predicted 72-hour stockout risk
2026-09-02,280327,29074,8,1.14,14,High,Balance surplus against predicted 72-hour stockout risk
2026-09-02,283957,91109,5,6.78,22,High,Balance surplus against predicted 72-hour stockout risk
2026-09-02,2937,283726,7,0.0,16,High,Balance surplus against predicted 72-hour stockout risk
2026-09-02,30286,283374,6,0.0,9,High,Balance surplus against predicted 72-hour stockout risk
2026-09-02,30074,283383,7,38.56,72,High,Balance surplus against predicted 72-hour stockout risk
2026-09-02,27088,94177,7,11.95,35,High,Balance surplus against predicted 72-hour stockout risk
2026-09-02,284406,280395,6,0.0,14,High,Balance surplus against predicted 72-hour stockout risk
2026-09-02,18253,27177,5,1.01,16,High,Balance surplus against predicted 72-hour stockout risk
2026-09-02,284763,282586,7,6.93,25,High,Balance surplus against predicted 72-hour stockout risk
2026-09-02,11048,11005,6,0.28,14,High,Balance surplus against predicted 72-hour stockout risk
2026-09-02,283440,284199,7,0.99,15,High,Balance surplus against predicted 72-hour stockout risk
2026-09-02,281770,284668,6,4.53,18,High,Balance surplus against predicted 72-hour stockout risk
2026-09-02,23008,23010,8,122.29,241,High,Balance surplus against predicted 72-hour stockout risk
2026-09-02,1802,24106,11,0.83,12,High,Balance surplus against predicted 72-hour stockout risk
2026-09-02,283388,28077,6,0.98,19,High,Balance surplus against predicted 72-hour stockout risk
2026-09-02,624,647,6,4.39,21,High,Balance surplus against predicted 72-hour stockout risk
2026-09-02,94124,283590,5,6.36,21,High,Balance surplus against predicted 72-hour stockout risk
2026-09-02,280386,15101,9,5.24,22,High,Balance surplus against predicted 72-hour stockout risk
2026-09-02,283494,96107,7,7.13,19,High,Balance surplus against predicted 72-hour stockout risk
2026-09-02,91121,284945,5,19.28,48,High,Balance surplus against predicted 72-hour stockout risk
2026-09-02,280760,95111,8,3.0,20,High,Balance surplus against predicted 72-hour stockout risk
2026-09-02,285062,18089,5,2.75,19,High,Balance surplus against predicted 72-hour stockout risk
2026-09-02,283369,23115,7,12.61,31,High,Balance surplus against predicted 72-hour stockout risk
2026-09-02,32015,32091,9,4.35,19,High,Balance surplus against predicted 72-hour stockout risk
2026-09-02,283555,280324,7,3.28,15,High,Balance surplus against predicted 72-hour stockout risk
2026-09-02,28128,282819,12,3.37,22,High,Balance surplus against predicted 72-hour stockout risk
2026-09-02,285217,7016,10,8.87,21,High,Balance surplus against predicted 72-hour stockout risk
2026-09-02,19141,19120,5,0.73,15,High,Balance surplus against predicted 72-hour stockout risk
2026-09-02,30222,30005,7,2.26,12,High,Balance surplus against predicted 72-hour stockout risk
2026-09-02,4019,284930,5,6.38,21,High,Balance surplus against predicted 72-hour stockout risk
2026-09-02,284497,99173,5,1.49,17,High,Balance surplus against predicted 72-hour stockout risk
2026-09-02,10166,10125,8,3.57,21,High,Balance surplus against predicted 72-hour stockout risk
2026-09-02,283449,284544,7,4.65,25,High,Balance surplus against predicted 72-hour stockout risk
2026-09-02,284255,91112,6,3.16,21,High,Balance surplus against predicted 72-hour stockout risk
2026-09-02,28060,28004,7,0.0,16,High,Balance surplus against predicted 72-hour stockout risk
2026-09-02,285312,27126,8,1.44,19,High,Balance surplus against predicted 72-hour stockout risk
2026-09-02,283607,28056,5,7.29,30,High,Balance surplus against predicted 72-hour stockout risk
2026-09-02,283251,15149,7,27.76,46,High,Balance surplus against predicted 72-hour stockout risk
2026-09-02,283570,94114,5,0.0,16,High,Balance surplus against predicted 72-hour stockout risk
2026-09-02,283755,28053,5,15.16,39,High,Balance surplus against predicted 72-hour stockout risk
2026-09-02,10138,10102,5,3.77,15,High,Balance surplus against predicted 72-hour stockout risk
2026-09-02,750,99130,9,45.19,78,High,Balance surplus against predicted 72-hour stockout risk
2026-09-02,16033,16080,7,19.13,36,High,Balance surplus against predicted 72-hour stockout risk
2026-09-02,27170,283264,6,6.06,23,High,Balance surplus against predicted 72-hour stockout risk
2026-09-02,284013,96110,9,5.06,23,High,Balance surplus against predicted 72-hour stockout risk
2026-09-02,99171,99165,5,0.0,15,High,Balance surplus against predicted 72-hour stockout risk
2026-09-03,280836,825,5,3.79,15,High,Balance surplus against predicted 72-hour stockout risk
2026-09-03,285239,282880,5,0.07,15,High,Balance surplus against predicted 72-hour stockout risk
2026-09-03,280765,27150,5,5.54,22,High,Balance surplus against predicted 72-hour stockout risk
2026-09-03,30174,30069,8,4.19,19,High,Balance surplus against predicted 72-hour stockout risk
2026-09-03,284308,99151,13,2.11,14,High,Balance surplus against predicted 72-hour stockout risk
2026-09-03,28149,2867,8,0.0,11,High,Balance surplus against predicted 72-hour stockout risk
2026-09-03,27088,94177,9,11.95,35,High,Balance surplus against predicted 72-hour stockout risk
2026-09-03,284426,280585,6,5.25,18,High,Balance surplus against predicted 72-hour stockout risk
2026-09-03,1732,1762,6,87.76,146,High,Balance surplus against predicted 72-hour stockout risk
2026-09-03,283168,10126,6,0.0,9,High,Balance surplus against predicted 72-hour stockout risk
2026-09-03,28096,283557,7,1.31,10,High,Balance surplus against predicted 72-hour stockout risk
2026-09-03,27105,27118,13,35.93,57,High,Balance surplus against predicted 72-hour stockout risk
2026-09-03,282633,284233,7,3.19,18,High,Balance surplus against predicted 72-hour stockout risk
2026-09-03,284403,4068,7,1.0,13,High,Balance surplus against predicted 72-hour stockout risk
2026-09-03,282777,11066,5,5.34,22,High,Balance surplus against predicted 72-hour stockout risk
2026-09-03,30297,30300,6,61.77,88,High,Balance surplus against predicted 72-hour stockout risk
2026-09-03,285159,282883,14,8.57,27,High,Balance surplus against predicted 72-hour stockout risk
2026-09-03,284497,99173,8,1.49,17,High,Balance surplus against predicted 72-hour stockout risk
2026-09-03,29165,15129,5,3.76,22,High,Balance surplus against predicted 72-hour stockout risk
2026-09-03,564,23101,8,1.21,19,High,Balance surplus against predicted 72-hour stockout risk
2026-09-03,15141,29138,5,49.85,84,High,Balance surplus against predicted 72-hour stockout risk
2026-09-03,2841,2842,5,0.0,13,High,Balance surplus against predicted 72-hour stockout risk
2026-09-03,283736,285323,6,1.04,15,High,Balance surplus against predicted 72-hour stockout risk
2026-09-03,18156,18161,7,4.44,14,High,Balance surplus against predicted 72-hour stockout risk
2026-09-03,284127,94115,5,40.86,64,High,Balance surplus against predicted 72-hour stockout risk
2026-09-03,16159,280912,7,4.14,16,High,Balance surplus against predicted 72-hour stockout risk
2026-09-03,544,23176,9,0.84,13,High,Balance surplus against predicted 72-hour stockout risk
2026-09-03,494,487,10,24.94,54,High,Balance surplus against predicted 72-hour stockout risk
2026-09-03,30074,283383,6,38.56,72,High,Balance surplus against predicted 72-hour stockout risk
2026-09-03,282745,280428,5,0.65,11,High,Balance surplus against predicted 72-hour stockout risk
2026-09-03,280239,28018,9,2.64,22,High,Balance surplus against predicted 72-hour stockout risk
2026-09-03,282661,853,6,39.34,66,High,Balance surplus against predicted 72-hour stockout risk
2026-09-03,282756,283396,8,6.58,26,High,Balance surplus against predicted 72-hour stockout risk
2026-09-03,2937,28121,9,0.0,10,High,Balance surplus against predicted 72-hour stockout risk
2026-09-03,283523,283495,9,1.6,16,High,Balance surplus against predicted 72-hour stockout risk
2026-09-03,99242,283205,5,1.79,11,High,Balance surplus against predicted 72-hour stockout risk
2026-09-03,29128,15128,9,0.71,13,High,Balance surplus against predicted 72-hour stockout risk
2026-09-03,280240,28008,9,1.06,15,High,Balance surplus against predicted 72-hour stockout risk
2026-09-03,2811,28139,7,1.89,11,High,Balance surplus against predicted 72-hour stockout risk
2026-09-03,280379,283195,7,1.42,20,High,Balance surplus against predicted 72-hour stockout risk
2026-09-03,97131,285066,7,0.0,18,High,Balance surplus against predicted 72-hour stockout risk
2026-09-03,283536,95134,6,2.26,19,High,Balance surplus against predicted 72-hour stockout risk
2026-09-03,284672,284586,8,8.84,26,High,Balance surplus against predicted 72-hour stockout risk
2026-09-03,284922,283949,7,25.38,53,High,Balance surplus against predicted 72-hour stockout risk
2026-09-03,27040,94116,8,0.93,12,High,Balance surplus against predicted 72-hour stockout risk
2026-09-03,281552,284353,6,2.92,22,High,Balance surplus against predicted 72-hour stockout risk
2026-09-03,285159,284848,4,8.34,25,High,Balance surplus against predicted 72-hour stockout risk
2026-09-03,283689,283569,7,2.89,19,High,Balance surplus against predicted 72-hour stockout risk
2026-09-03,16052,284616,5,2.67,18,High,Balance surplus against predicted 72-hour stockout risk
2026-09-03,284548,283895,5,5.5,18,High,Balance surplus against predicted 72-hour stockout risk
2026-09-03,285244,282683,8,4.64,18,High,Balance surplus against predicted 72-hour stockout risk
2026-09-03,11055,11069,7,3.36,21,High,Balance surplus against predicted 72-hour stockout risk
2026-09-03,99134,282644,8,2.72,12,High,Balance surplus against predicted 72-hour stockout risk
2026-09-04,282633,284233,8,3.19,18,High,Balance surplus against predicted 72-hour stockout risk
2026-09-04,657,609,9,4.76,20,High,Balance surplus against predicted 72-hour stockout risk
2026-09-04,284518,280323,5,1.71,13,High,Balance surplus against predicted 72-hour stockout risk
2026-09-04,283204,283670,9,4.27,20,High,Balance surplus against predicted 72-hour stockout risk
2026-09-04,283710,284435,5,4.47,19,High,Balance surplus against predicted 72-hour stockout risk
2026-09-04,99215,283384,10,0.84,13,High,Balance surplus against predicted 72-hour stockout risk
2026-09-04,1723,283200,5,5.02,23,High,Balance surplus against predicted 72-hour stockout risk
2026-09-04,10124,280155,6,0.0,10,High,Balance surplus against predicted 72-hour stockout risk
2026-09-04,29093,284502,5,0.86,13,High,Balance surplus against predicted 72-hour stockout risk
2026-09-04,27105,27118,6,35.93,57,High,Balance surplus against predicted 72-hour stockout risk
2026-09-04,33118,30280,5,3.98,16,High,Balance surplus against predicted 72-hour stockout risk
2026-09-04,846,821,8,1.83,21,High,Balance surplus against predicted 72-hour stockout risk
2026-09-04,29063,29002,6,0.53,16,High,Balance surplus against predicted 72-hour stockout risk
2026-09-04,24140,284971,7,2.43,13,High,Balance surplus against predicted 72-hour stockout risk
2026-09-04,11010,282746,11,0.79,14,High,Balance surplus against predicted 72-hour stockout risk
2026-09-04,285312,27150,6,1.58,19,High,Balance surplus against predicted 72-hour stockout risk
2026-09-04,284337,284704,8,1.99,17,High,Balance surplus against predicted 72-hour stockout risk
2026-09-04,280612,29124,7,0.0,13,High,Balance surplus against predicted 72-hour stockout risk
2026-09-04,284284,280703,8,1.74,14,High,Balance surplus against predicted 72-hour stockout risk
2026-09-04,29128,15128,8,0.71,13,High,Balance surplus against predicted 72-hour stockout risk
2026-09-04,280239,28018,5,2.64,22,High,Balance surplus against predicted 72-hour stockout risk
2026-09-04,280510,284243,9,1.26,11,High,Balance surplus against predicted 72-hour stockout risk
2026-09-04,284802,612,5,2.56,21,High,Balance surplus against predicted 72-hour stockout risk
2026-09-04,280763,284690,7,3.78,22,High,Balance surplus against predicted 72-hour stockout risk
2026-09-04,283523,283495,6,1.6,16,High,Balance surplus against predicted 72-hour stockout risk
2026-09-04,284127,94115,5,40.86,64,High,Balance surplus against predicted 72-hour stockout risk
2026-09-04,284797,280659,5,10.16,31,High,Balance surplus against predicted 72-hour stockout risk
2026-09-04,25008,25001,5,5.62,26,High,Balance surplus against predicted 72-hour stockout risk
2026-09-04,280661,283136,6,0.0,8,High,Balance surplus against predicted 72-hour stockout risk
2026-09-04,99171,99165,7,0.0,15,High,Balance surplus against predicted 72-hour stockout risk
2026-09-04,284003,29114,7,11.88,28,High,Balance surplus against predicted 72-hour stockout risk
2026-09-04,285083,16017,5,0.0,14,High,Balance surplus against predicted 72-hour stockout risk
2026-09-04,20124,284244,5,2.62,21,High,Balance surplus against predicted 72-hour stockout risk
2026-09-04,282755,283396,5,2.4,16,High,Balance surplus against predicted 72-hour stockout risk
2026-09-04,283428,28088,6,8.51,25,High,Balance surplus against predicted 72-hour stockout risk
2026-09-04,283198,284844,5,2.21,16,High,Balance surplus against predicted 72-hour stockout risk
2026-09-04,95109,280709,5,5.28,19,High,Balance surplus against predicted 72-hour stockout risk
2026-09-04,284810,93108,5,1.92,21,High,Balance surplus against predicted 72-hour stockout risk
2026-09-04,284522,284747,5,1.43,11,High,Balance surplus against predicted 72-hour stockout risk
2026-09-04,283815,280369,6,6.01,18,High,Balance surplus against predicted 72-hour stockout risk
2026-09-04,410,407,5,1.8,19,High,Balance surplus against predicted 72-hour stockout risk
2026-09-04,36124,36106,10,0.9,18,High,Balance surplus against predicted 72-hour stockout risk
2026-09-04,283177,10153,5,84.85,174,High,Balance surplus against predicted 72-hour stockout risk
2026-09-04,284218,281524,6,2.69,21,High,Balance surplus against predicted 72-hour stockout risk
2026-09-04,20105,20153,6,5.8,21,High,Balance surplus against predicted 72-hour stockout risk
2026-09-04,283830,94114,7,1.23,12,High,Balance surplus against predicted 72-hour stockout risk
2026-09-04,28106,281755,5,5.29,25,High,Balance surplus against predicted 72-hour stockout risk
2026-09-04,1747,1728,6,59.63,95,High,Balance surplus against predicted 72-hour stockout risk
2026-09-04,15046,15139,5,0.39,9,High,Balance surplus against predicted 72-hour stockout risk
2026-09-04,284153,284398,9,0.66,18,High,Balance surplus against predicted 72-hour stockout risk
2026-09-04,280240,28008,6,1.06,15,High,Balance surplus against predicted 72-hour stockout risk
2026-09-04,99187,99231,5,1.58,18,High,Balance surplus against predicted 72-hour stockout risk
2026-09-04,284922,283722,9,9.58,22,High,Balance surplus against predicted 72-hour stockout risk
2026-09-04,29130,284896,6,1.18,15,High,Balance surplus against predicted 72-hour stockout risk
2026-09-04,280397,283673,8,1.06,10,High,Balance surplus against predicted 72-hour stockout risk
2026-09-04,282786,282791,8,1.93,19,High,Balance surplus against predicted 72-hour stockout risk
2026-09-04,285134,28020,11,6.63,27,High,Balance surplus against predicted 72-hour stockout risk
2026-09-04,2726,284730,5,1.23,14,High,Balance surplus against predicted 72-hour stockout risk
2026-09-04,284105,280531,5,1.45,15,High,Balance surplus against predicted 72-hour stockout risk
2026-09-04,28142,2929,7,65.94,139,High,Balance surplus against predicted 72-hour stockout risk
2026-09-04,20147,14032,7,0.0,11,High,Balance surplus against predicted 72-hour stockout risk
2026-09-04,283335,29006,5,1.15,14,High,Balance surplus against predicted 72-hour stockout risk
2026-09-05,36145,36120,6,0.99,11,High,Balance surplus against predicted 72-hour stockout risk
2026-09-05,18250,18027,6,44.2,97,High,Balance surplus against predicted 72-hour stockout risk
2026-09-05,284394,284397,5,3.23,16,High,Balance surplus against predicted 72-hour stockout risk
2026-09-05,284745,285117,7,69.15,117,High,Balance surplus against predicted 72-hour stockout risk
2026-09-05,280516,27119,6,1.44,19,High,Balance surplus against predicted 72-hour stockout risk
2026-09-05,282777,11053,6,48.29,91,High,Balance surplus against predicted 72-hour stockout risk
2026-09-05,1718,284447,6,2.97,16,High,Balance surplus against predicted 72-hour stockout risk
2026-09-05,18194,27174,9,1.71,13,High,Balance surplus against predicted 72-hour stockout risk
2026-09-05,18214,284555,5,78.1,125,High,Balance surplus against predicted 72-hour stockout risk
2026-09-05,30020,282709,5,0.0,14,High,Balance surplus against predicted 72-hour stockout risk
2026-09-05,284308,99151,6,2.11,14,High,Balance surplus against predicted 72-hour stockout risk
2026-09-05,280327,283518,7,1.44,12,High,Balance surplus against predicted 72-hour stockout risk
2026-09-05,284139,36108,8,0.0,16,High,Balance surplus against predicted 72-hour stockout risk
2026-09-05,27152,27117,5,82.86,160,High,Balance surplus against predicted 72-hour stockout risk
2026-09-05,284294,283956,6,1.11,10,High,Balance surplus against predicted 72-hour stockout risk
2026-09-05,18099,282586,9,1.63,15,High,Balance surplus against predicted 72-hour stockout risk
2026-09-05,284951,284422,11,0.0,17,High,Balance surplus against predicted 72-hour stockout risk
2026-09-05,494,487,5,24.94,54,High,Balance surplus against predicted 72-hour stockout risk
2026-09-05,888,280585,7,0.0,16,High,Balance surplus against predicted 72-hour stockout risk
2026-09-05,284196,36139,7,1.3,11,High,Balance surplus against predicted 72-hour stockout risk
2026-09-05,30299,283383,7,16.32,43,High,Balance surplus against predicted 72-hour stockout risk
2026-09-05,31003,280695,5,9.2,32,High,Balance surplus against predicted 72-hour stockout risk
2026-09-05,32009,32088,5,4.23,23,High,Balance surplus against predicted 72-hour stockout risk
2026-09-05,96116,11005,6,2.25,13,High,Balance surplus against predicted 72-hour stockout risk
2026-09-05,280167,10001,6,4.78,23,High,Balance surplus against predicted 72-hour stockout risk
2026-09-05,10158,283191,5,1.5,14,High,Balance surplus against predicted 72-hour stockout risk
2026-09-05,284770,283619,9,3.23,20,High,Balance surplus against predicted 72-hour stockout risk
2026-09-05,1522,23102,9,0.0,8,High,Balance surplus against predicted 72-hour stockout risk
2026-09-05,1732,1762,5,87.76,146,High,Balance surplus against predicted 72-hour stockout risk
2026-09-05,284413,284114,14,7.08,25,High,Balance surplus against predicted 72-hour stockout risk
2026-09-05,284976,99173,5,1.84,12,High,Balance surplus against predicted 72-hour stockout risk
2026-09-05,760,283816,8,53.98,87,High,Balance surplus against predicted 72-hour stockout risk
2026-09-05,29093,283164,6,0.74,10,High,Balance surplus against predicted 72-hour stockout risk
2026-09-05,283479,284867,8,0.0,12,High,Balance surplus against predicted 72-hour stockout risk
2026-09-05,28075,28001,7,1.07,11,High,Balance surplus against predicted 72-hour stockout risk
2026-09-05,283543,284268,9,5.64,19,High,Balance surplus against predicted 72-hour stockout risk
2026-09-05,18167,281039,9,1.07,19,High,Balance surplus against predicted 72-hour stockout risk
2026-09-05,283341,283399,6,4.27,19,High,Balance surplus against predicted 72-hour stockout risk
2026-09-05,283635,94118,6,8.53,23,High,Balance surplus against predicted 72-hour stockout risk
2026-09-05,15158,280358,5,54.73,88,High,Balance surplus against predicted 72-hour stockout risk
2026-09-05,284712,283687,5,1.42,19,High,Balance surplus against predicted 72-hour stockout risk
2026-09-05,285199,618,5,3.81,21,High,Balance surplus against predicted 72-hour stockout risk
2026-09-05,285278,4015,8,0.0,16,High,Balance surplus against predicted 72-hour stockout risk
2026-09-05,16128,282802,10,0.0,15,High,Balance surplus against predicted 72-hour stockout risk
2026-09-05,284696,280208,8,0.0,14,High,Balance surplus against predicted 72-hour stockout risk
2026-09-05,20124,284244,5,2.62,21,High,Balance surplus against predicted 72-hour stockout risk
2026-09-05,283387,28077,6,3.7,22,High,Balance surplus against predicted 72-hour stockout risk
2026-09-05,283575,94115,10,12.71,36,High,Balance surplus against predicted 72-hour stockout risk
2026-09-05,284100,32026,7,0.86,17,High,Balance surplus against predicted 72-hour stockout risk
2026-09-05,847,280455,5,1.23,19,High,Balance surplus against predicted 72-hour stockout risk
2026-09-05,284285,24104,8,6.96,22,High,Balance surplus against predicted 72-hour stockout risk
2026-09-05,280920,283503,5,1.14,17,High,Balance surplus against predicted 72-hour stockout risk
2026-09-05,285134,28020,13,6.63,27,High,Balance surplus against predicted 72-hour stockout risk
2026-09-05,283397,280794,7,8.24,25,High,Balance surplus against predicted 72-hour stockout risk
2026-09-05,852,851,12,1.72,17,High,Balance surplus against predicted 72-hour stockout risk
2026-09-05,283538,280615,7,3.74,22,High,Balance surplus against predicted 72-hour stockout risk
2026-09-06,19141,284291,5,0.73,10,High,Balance surplus against predicted 72-hour stockout risk
2026-09-06,284433,282586,13,0.46,15,High,Balance surplus against predicted 72-hour stockout risk
2026-09-06,283479,284867,8,0.0,12,High,Balance surplus against predicted 72-hour stockout risk
2026-09-06,494,487,7,24.94,54,High,Balance surplus against predicted 72-hour stockout risk
2026-09-06,18164,18154,7,91.01,134,High,Balance surplus against predicted 72-hour stockout risk
2026-09-06,285264,284398,5,1.33,17,High,Balance surplus against predicted 72-hour stockout risk
2026-09-06,284583,283889,6,4.01,21,High,Balance surplus against predicted 72-hour stockout risk
2026-09-06,284462,283213,5,1.61,12,High,Balance surplus against predicted 72-hour stockout risk
2026-09-06,283477,610,6,1.84,17,High,Balance surplus against predicted 72-hour stockout risk
2026-09-06,284921,280520,6,1.63,13,High,Balance surplus against predicted 72-hour stockout risk
2026-09-06,11051,96110,5,4.81,23,High,Balance surplus against predicted 72-hour stockout risk
2026-09-06,2804,284038,5,16.74,44,High,Balance surplus against predicted 72-hour stockout risk
2026-09-06,283427,24114,5,4.33,25,High,Balance surplus against predicted 72-hour stockout risk
2026-09-06,283514,96105,5,3.37,20,High,Balance surplus against predicted 72-hour stockout risk
2026-09-06,847,821,8,1.23,15,High,Balance surplus against predicted 72-hour stockout risk
2026-09-06,283251,15149,6,27.76,46,High,Balance surplus against predicted 72-hour stockout risk
2026-09-06,285229,28116,5,1.18,11,High,Balance surplus against predicted 72-hour stockout risk
2026-09-06,282993,36104,6,2.54,12,High,Balance surplus against predicted 72-hour stockout risk
2026-09-06,285278,4015,6,0.0,16,High,Balance surplus against predicted 72-hour stockout risk
2026-09-06,6003,285320,6,5.87,25,High,Balance surplus against predicted 72-hour stockout risk
2026-09-06,631,648,8,1.04,11,High,Balance surplus against predicted 72-hour stockout risk
2026-09-06,283154,872,5,1.43,14,High,Balance surplus against predicted 72-hour stockout risk
2026-09-06,95101,280709,9,5.06,20,High,Balance surplus against predicted 72-hour stockout risk
2026-09-06,280509,793,6,3.36,14,High,Balance surplus against predicted 72-hour stockout risk
2026-09-06,280726,284456,6,0.0,10,High,Balance surplus against predicted 72-hour stockout risk
2026-09-06,284269,283819,5,9.58,32,High,Balance surplus against predicted 72-hour stockout risk
2026-09-06,284478,33110,5,5.12,20,High,Balance surplus against predicted 72-hour stockout risk
2026-09-06,1827,1826,8,28.02,54,High,Balance surplus against predicted 72-hour stockout risk
2026-09-06,284489,283378,7,6.53,19,High,Balance surplus against predicted 72-hour stockout risk
2026-09-06,32015,32059,5,4.88,22,High,Balance surplus against predicted 72-hour stockout risk
2026-09-06,283498,280440,5,3.34,19,High,Balance surplus against predicted 72-hour stockout risk
2026-09-07,281307,282645,8,10.14,30,High,Balance surplus against predicted 72-hour stockout risk
2026-09-07,283547,282880,8,0.0,9,High,Balance surplus against predicted 72-hour stockout risk
2026-09-07,283532,280632,10,77.41,137,High,Balance surplus against predicted 72-hour stockout risk
2026-09-07,284030,284420,6,10.33,24,High,Balance surplus against predicted 72-hour stockout risk
2026-09-07,283479,284867,12,0.0,12,High,Balance surplus against predicted 72-hour stockout risk
2026-09-07,285248,402,6,3.42,23,High,Balance surplus against predicted 72-hour stockout risk
2026-09-07,36147,29081,6,0.0,8,High,Balance surplus against predicted 72-hour stockout risk
2026-09-07,282785,16124,8,8.88,23,High,Balance surplus against predicted 72-hour stockout risk
2026-09-07,282743,96112,6,3.57,14,High,Balance surplus against predicted 72-hour stockout risk
2026-09-07,30127,283374,6,0.0,11,High,Balance surplus against predicted 72-hour stockout risk
2026-09-07,15163,15041,5,2.07,16,High,Balance surplus against predicted 72-hour stockout risk
2026-09-07,28028,28065,5,2.67,19,High,Balance surplus against predicted 72-hour stockout risk
2026-09-07,285110,414,5,1.27,14,High,Balance surplus against predicted 72-hour stockout risk
2026-09-07,284424,94125,5,1.07,17,High,Balance surplus against predicted 72-hour stockout risk
2026-09-07,282667,283311,6,2.35,18,High,Balance surplus against predicted 72-hour stockout risk
2026-09-07,284403,4068,7,1.0,13,High,Balance surplus against predicted 72-hour stockout risk
2026-09-07,30079,30038,8,0.0,15,High,Balance surplus against predicted 72-hour stockout risk
2026-09-07,28075,28001,8,1.07,11,High,Balance surplus against predicted 72-hour stockout risk
2026-09-07,29117,36111,10,38.42,75,High,Balance surplus against predicted 72-hour stockout risk
2026-09-07,283530,285301,6,2.91,16,High,Balance surplus against predicted 72-hour stockout risk
2026-09-07,282818,10001,7,33.42,74,High,Balance surplus against predicted 72-hour stockout risk
2026-09-07,284553,30220,6,2.67,19,High,Balance surplus against predicted 72-hour stockout risk
2026-09-07,4040,4042,5,60.62,99,High,Balance surplus against predicted 72-hour stockout risk
2026-09-07,285008,29065,12,0.3,9,High,Balance surplus against predicted 72-hour stockout risk
2026-09-07,284129,97132,10,2.67,14,High,Balance surplus against predicted 72-hour stockout risk
2026-09-07,280723,282586,9,5.55,23,High,Balance surplus against predicted 72-hour stockout risk
2026-09-07,283326,282996,5,6.45,20,High,Balance surplus against predicted 72-hour stockout risk
2026-09-07,280273,283384,6,0.86,17,High,Balance surplus against predicted 72-hour stockout risk
2026-09-07,282692,284714,10,21.99,47,High,Balance surplus against predicted 72-hour stockout risk
2026-09-07,5011,10168,9,0.0,14,High,Balance surplus against predicted 72-hour stockout risk
2026-09-07,284546,99202,6,3.62,21,High,Balance surplus against predicted 72-hour stockout risk
2026-09-07,36145,36120,6,0.99,11,High,Balance surplus against predicted 72-hour stockout risk
2026-09-07,283187,10132,11,0.0,12,High,Balance surplus against predicted 72-hour stockout risk
2026-09-07,20001,20002,8,1.9,20,High,Balance surplus against predicted 72-hour stockout risk
2026-09-07,283561,285122,5,7.47,28,High,Balance surplus against predicted 72-hour stockout risk
2026-09-07,19140,284299,9,2.21,18,High,Balance surplus against predicted 72-hour stockout risk
2026-09-07,284950,284383,6,0.56,9,High,Balance surplus against predicted 72-hour stockout risk
2026-09-07,280593,284518,11,5.19,19,High,Balance surplus against predicted 72-hour stockout risk
2026-09-07,11077,282600,5,17.83,31,High,Balance surplus against predicted 72-hour stockout risk
2026-09-07,284564,282883,5,2.48,19,High,Balance surplus against predicted 72-hour stockout risk
2026-09-07,10173,10129,7,1.9,18,High,Balance surplus against predicted 72-hour stockout risk
2026-09-07,280756,94116,5,0.81,11,High,Balance surplus against predicted 72-hour stockout risk
2026-09-07,18095,18096,9,5.43,16,High,Balance surplus against predicted 72-hour stockout risk
2026-09-07,282684,282678,7,1.62,14,High,Balance surplus against predicted 72-hour stockout risk
2026-09-07,283822,15157,10,6.21,19,High,Balance surplus against predicted 72-hour stockout risk
2026-09-07,1540,23178,5,3.62,23,High,Balance surplus against predicted 72-hour stockout risk
2026-09-07,285095,767,5,3.97,14,High,Balance surplus against predicted 72-hour stockout risk
2026-09-07,284975,283605,7,3.16,17,High,Balance surplus against predicted 72-hour stockout risk
2026-09-07,284260,282757,6,34.7,62,High,Balance surplus against predicted 72-hour stockout risk
2026-09-07,283827,655,6,0.92,12,High,Balance surplus against predicted 72-hour stockout risk
2026-09-07,280429,283834,6,3.13,21,High,Balance surplus against predicted 72-hour stockout risk
2026-09-07,284229,810,10,1.32,15,High,Balance surplus against predicted 72-hour stockout risk
2026-09-07,283641,285092,11,2.91,22,High,Balance surplus against predicted 72-hour stockout risk
2026-09-07,284941,282700,5,6.2,23,High,Balance surplus against predicted 72-hour stockout risk
2026-09-07,283515,283968,5,2.24,16,High,Balance surplus against predicted 72-hour stockout risk
2026-09-07,283226,1711,5,0.0,14,High,Balance surplus against predicted 72-hour stockout risk
2026-09-07,1819,833,8,91.71,131,High,Balance surplus against predicted 72-hour stockout risk
2026-09-07,24112,24131,5,94.49,133,High,Balance surplus against predicted 72-hour stockout risk
2026-09-07,280924,284662,8,1.79,12,High,Balance surplus against predicted 72-hour stockout risk
2026-09-07,30091,280228,5,32.5,51,High,Balance surplus against predicted 72-hour stockout risk
2026-09-07,283622,284455,5,3.2,14,High,Balance surplus against predicted 72-hour stockout risk
2026-09-07,284686,2801,5,2.36,14,High,Balance surplus against predicted 72-hour stockout risk
2026-09-07,30174,280581,6,9.95,31,High,Balance surplus against predicted 72-hour stockout risk
2026-09-07,283428,280294,6,8.14,19,High,Balance surplus against predicted 72-hour stockout risk
2026-09-07,282765,280413,6,3.97,24,High,Balance surplus against predicted 72-hour stockout risk
2026-09-07,18135,283840,10,0.0,15,High,Balance surplus against predicted 72-hour stockout risk
2026-09-07,280730,618,10,1.51,18,High,Balance surplus against predicted 72-hour stockout risk
2026-09-07,703,721,11,78.09,136,High,Balance surplus against predicted 72-hour stockout risk
2026-09-07,285005,280191,7,2.08,12,High,Balance surplus against predicted 72-hour stockout risk
2026-09-07,20185,20101,7,3.6,22,High,Balance surplus against predicted 72-hour stockout risk
2026-09-07,285178,91109,6,8.91,25,High,Balance surplus against predicted 72-hour stockout risk
2026-09-08,15015,284544,7,1.41,19,High,Balance surplus against predicted 72-hour stockout risk
2026-09-08,10173,10129,8,1.9,18,High,Balance surplus against predicted 72-hour stockout risk
2026-09-08,27152,27113,11,82.86,122,High,Balance surplus against predicted 72-hour stockout risk
2026-09-08,284685,282820,9,1.43,12,High,Balance surplus against predicted 72-hour stockout risk
2026-09-08,13007,91103,6,7.16,26,High,Balance surplus against predicted 72-hour stockout risk
2026-09-08,284241,284080,13,0.63,16,High,Balance surplus against predicted 72-hour stockout risk
2026-09-08,23016,23001,6,5.25,20,High,Balance surplus against predicted 72-hour stockout risk
2026-09-08,284944,23161,5,5.62,22,High,Balance surplus against predicted 72-hour stockout risk
2026-09-08,640,655,5,5.03,22,High,Balance surplus against predicted 72-hour stockout risk
2026-09-08,5034,10168,5,0.0,8,High,Balance surplus against predicted 72-hour stockout risk
2026-09-08,20158,20126,8,3.66,19,High,Balance surplus against predicted 72-hour stockout risk
2026-09-08,284934,284308,5,2.08,12,High,Balance surplus against predicted 72-hour stockout risk
2026-09-08,284557,2884,5,2.58,16,High,Balance surplus against predicted 72-hour stockout risk
2026-09-08,30159,280566,7,0.0,11,High,Balance surplus against predicted 72-hour stockout risk
2026-09-08,99239,284108,6,1.36,13,High,Balance surplus against predicted 72-hour stockout risk
2026-09-08,19137,455,5,0.15,10,High,Balance surplus against predicted 72-hour stockout risk
2026-09-08,282763,11002,6,5.21,22,High,Balance surplus against predicted 72-hour stockout risk
2026-09-08,284716,284800,7,2.92,13,High,Balance surplus against predicted 72-hour stockout risk
2026-09-08,16128,282802,6,0.0,15,High,Balance surplus against predicted 72-hour stockout risk
2026-09-08,18241,27127,6,79.85,139,High,Balance surplus against predicted 72-hour stockout risk
2026-09-08,797,99200,9,3.48,15,High,Balance surplus against predicted 72-hour stockout risk
2026-09-08,281745,281537,8,0.8,11,High,Balance surplus against predicted 72-hour stockout risk
2026-09-08,283546,283548,6,1.56,13,High,Balance surplus against predicted 72-hour stockout risk
2026-09-08,284091,283741,7,0.0,14,High,Balance surplus against predicted 72-hour stockout risk
2026-09-08,280902,2901,6,5.02,20,High,Balance surplus against predicted 72-hour stockout risk
2026-09-08,283670,283204,8,4.27,20,High,Balance surplus against predicted 72-hour stockout risk
2026-09-08,281696,284233,5,6.01,21,High,Balance surplus against predicted 72-hour stockout risk
2026-09-08,28119,281565,10,1.01,17,High,Balance surplus against predicted 72-hour stockout risk
2026-09-08,285217,7005,9,10.42,23,High,Balance surplus against predicted 72-hour stockout risk
2026-09-08,284594,284249,6,1.14,10,High,Balance surplus against predicted 72-hour stockout risk
2026-09-08,99138,283384,7,1.75,14,High,Balance surplus against predicted 72-hour stockout risk
2026-09-08,280730,618,6,1.51,18,High,Balance surplus against predicted 72-hour stockout risk
2026-09-08,99188,285055,6,1.44,14,High,Balance surplus against predicted 72-hour stockout risk
2026-09-08,283473,4014,5,2.97,20,High,Balance surplus against predicted 72-hour stockout risk
2026-09-08,283973,29139,5,16.43,35,High,Balance surplus against predicted 72-hour stockout risk
2026-09-08,1540,23159,5,2.49,16,High,Balance surplus against predicted 72-hour stockout risk
2026-09-08,284493,30105,7,0.33,16,High,Balance surplus against predicted 72-hour stockout risk
2026-09-08,16114,282788,6,40.45,69,High,Balance surplus against predicted 72-hour stockout risk
2026-09-08,1543,567,6,35.59,68,High,Balance surplus against predicted 72-hour stockout risk
2026-09-08,11037,11066,5,62.62,96,High,Balance surplus against predicted 72-hour stockout risk
2026-09-08,31003,280695,6,9.2,32,High,Balance surplus against predicted 72-hour stockout risk
2026-09-08,99220,284389,6,1.59,11,High,Balance surplus against predicted 72-hour stockout risk
2026-09-08,283563,284577,6,1.8,18,High,Balance surplus against predicted 72-hour stockout risk
2026-09-08,284834,15129,5,5.64,18,High,Balance surplus against predicted 72-hour stockout risk
2026-09-08,284360,18016,9,2.77,16,High,Balance surplus against predicted 72-hour stockout risk
2026-09-08,284511,283830,6,2.38,12,High,Balance surplus against predicted 72-hour stockout risk
2026-09-08,284969,283952,5,0.87,10,High,Balance surplus against predicted 72-hour stockout risk
2026-09-08,283499,15144,13,10.1,30,High,Balance surplus against predicted 72-hour stockout risk
2026-09-08,284390,24121,8,7.7,30,High,Balance surplus against predicted 72-hour stockout risk
2026-09-08,280760,95111,10,3.0,20,High,Balance surplus against predicted 72-hour stockout risk
2026-09-08,280239,28018,11,2.64,22,High,Balance surplus against predicted 72-hour stockout risk
2026-09-08,30178,283268,7,0.0,9,High,Balance surplus against predicted 72-hour stockout risk
2026-09-08,28075,28071,8,2.5,22,High,Balance surplus against predicted 72-hour stockout risk
2026-09-08,18232,18027,11,60.4,106,High,Balance surplus against predicted 72-hour stockout risk
2026-09-08,280726,284696,9,0.0,8,High,Balance surplus against predicted 72-hour stockout risk
2026-09-08,280719,280770,6,4.73,20,High,Balance surplus against predicted 72-hour stockout risk
2026-09-08,18135,283840,9,0.0,15,High,Balance surplus against predicted 72-hour stockout risk
2026-09-08,280762,97105,5,1.84,11,High,Balance surplus against predicted 72-hour stockout risk
2026-09-08,283273,16084,5,42.29,79,High,Balance surplus against predicted 72-hour stockout risk
2026-09-08,576,546,8,0.0,11,High,Balance surplus against predicted 72-hour stockout risk
2026-09-08,283613,7029,7,0.0,15,High,Balance surplus against predicted 72-hour stockout risk
2026-09-08,285140,282810,7,2.08,14,High,Balance surplus against predicted 72-hour stockout risk
2026-09-08,283620,283626,9,5.49,21,High,Balance surplus against predicted 72-hour stockout risk
2026-09-08,284797,280659,13,10.16,31,High,Balance surplus against predicted 72-hour stockout risk
2026-09-08,18095,18096,8,5.43,16,High,Balance surplus against predicted 72-hour stockout risk
2026-09-08,280593,280600,7,4.9,19,High,Balance surplus against predicted 72-hour stockout risk
2026-09-08,15158,280381,9,57.76,118,High,Balance surplus against predicted 72-hour stockout risk
2026-09-08,10170,283183,6,2.34,12,High,Balance surplus against predicted 72-hour stockout risk
2026-09-08,283829,24003,5,1.41,13,High,Balance surplus against predicted 72-hour stockout risk
2026-09-08,30189,30152,6,0.0,12,High,Balance surplus against predicted 72-hour stockout risk
2026-09-08,18161,18236,12,0.0,17,High,Balance surplus against predicted 72-hour stockout risk
2026-09-08,24140,284971,10,2.43,13,High,Balance surplus against predicted 72-hour stockout risk
2026-09-08,1764,1739,8,0.0,9,High,Balance surplus against predicted 72-hour stockout risk
2026-09-08,15137,15084,6,118.57,186,High,Balance surplus against predicted 72-hour stockout risk
2026-09-08,283517,28038,8,3.33,21,High,Balance surplus against predicted 72-hour stockout risk
2026-09-08,280567,283383,5,6.48,21,High,Balance surplus against predicted 72-hour stockout risk
2026-09-08,24132,283246,6,9.7,26,High,Balance surplus against predicted 72-hour stockout risk
2026-09-09,23017,23018,7,1.02,10,High,Balance surplus against predicted 72-hour stockout risk
2026-09-09,5011,10168,9,0.0,14,High,Balance surplus against predicted 72-hour stockout risk
2026-09-09,283774,283394,6,1.18,13,High,Balance surplus against predicted 72-hour stockout risk
2026-09-09,284765,18178,5,2.19,17,High,Balance surplus against predicted 72-hour stockout risk
2026-09-09,280126,283287,8,1.0,18,High,Balance surplus against predicted 72-hour stockout risk
2026-09-09,283199,29103,6,4.25,15,High,Balance surplus against predicted 72-hour stockout risk
2026-09-09,283265,12005,5,81.03,152,High,Balance surplus against predicted 72-hour stockout risk
2026-09-09,16114,282788,7,40.45,69,High,Balance surplus against predicted 72-hour stockout risk
2026-09-09,15023,15180,5,1.29,16,High,Balance surplus against predicted 72-hour stockout risk
2026-09-09,285324,284023,5,1.74,14,High,Balance surplus against predicted 72-hour stockout risk
2026-09-09,20152,20128,8,1.71,13,High,Balance surplus against predicted 72-hour stockout risk
2026-09-09,285066,97127,5,0.0,11,High,Balance surplus against predicted 72-hour stockout risk
2026-09-09,2733,99124,11,1.83,15,High,Balance surplus against predicted 72-hour stockout risk
2026-09-09,629,618,7,1.48,14,High,Balance surplus against predicted 72-hour stockout risk
2026-09-09,24135,819,8,3.06,23,High,Balance surplus against predicted 72-hour stockout risk
2026-09-09,852,24120,7,1.1,17,High,Balance surplus against predicted 72-hour stockout risk
2026-09-09,284950,283658,5,0.7,11,High,Balance surplus against predicted 72-hour stockout risk
2026-09-09,284423,28018,6,1.29,13,High,Balance surplus against predicted 72-hour stockout risk
2026-09-09,284003,29114,10,11.88,28,High,Balance surplus against predicted 72-hour stockout risk
2026-09-09,283441,15082,6,0.0,15,High,Balance surplus against predicted 72-hour stockout risk
2026-09-09,28092,28071,8,9.53,24,High,Balance surplus against predicted 72-hour stockout risk
2026-09-09,672,97104,5,0.55,16,High,Balance surplus against predicted 72-hour stockout risk
2026-09-09,27150,27126,6,2.99,22,High,Balance surplus against predicted 72-hour stockout risk
2026-09-09,7034,7032,12,10.19,30,High,Balance surplus against predicted 72-hour stockout risk
2026-09-09,30299,283383,5,16.32,43,High,Balance surplus against predicted 72-hour stockout risk
2026-09-09,18196,18031,13,1.72,21,High,Balance surplus against predicted 72-hour stockout risk
2026-09-09,10147,280561,7,1.69,12,High,Balance surplus against predicted 72-hour stockout risk
2026-09-09,98121,283633,5,28.25,67,High,Balance surplus against predicted 72-hour stockout risk
2026-09-09,27168,18139,9,39.64,66,High,Balance surplus against predicted 72-hour stockout risk
2026-09-09,284462,283384,7,1.75,18,High,Balance surplus against predicted 72-hour stockout risk
2026-09-09,285095,767,5,3.97,14,High,Balance surplus against predicted 72-hour stockout risk
2026-09-09,660,651,9,3.0,19,High,Balance surplus against predicted 72-hour stockout risk
2026-09-09,4067,4051,6,1.24,16,High,Balance surplus against predicted 72-hour stockout risk
2026-09-09,284797,280659,5,10.16,31,High,Balance surplus against predicted 72-hour stockout risk
2026-09-09,284511,283667,8,2.29,16,High,Balance surplus against predicted 72-hour stockout risk
2026-09-09,283171,29129,8,5.91,17,High,Balance surplus against predicted 72-hour stockout risk
2026-09-09,282995,280688,5,2.11,17,High,Balance surplus against predicted 72-hour stockout risk
2026-09-09,284799,282747,7,4.89,19,High,Balance surplus against predicted 72-hour stockout risk
2026-09-09,36135,283136,7,0.0,15,High,Balance surplus against predicted 72-hour stockout risk
2026-09-09,15158,280381,5,57.76,118,High,Balance surplus against predicted 72-hour stockout risk
2026-09-09,27053,27003,8,27.45,56,High,Balance surplus against predicted 72-hour stockout risk
2026-09-09,18252,284254,13,0.0,17,High,Balance surplus against predicted 72-hour stockout risk
2026-09-09,20147,14032,6,0.0,11,High,Balance surplus against predicted 72-hour stockout risk
2026-09-09,99218,283741,11,0.92,15,High,Balance surplus against predicted 72-hour stockout risk
2026-09-09,10155,283354,6,2.65,13,High,Balance surplus against predicted 72-hour stockout risk
2026-09-09,10144,10120,7,1.43,17,High,Balance surplus against predicted 72-hour stockout risk
2026-09-09,283320,281707,8,2.99,14,High,Balance surplus against predicted 72-hour stockout risk
2026-09-09,94138,94115,5,16.36,38,High,Balance surplus against predicted 72-hour stockout risk
2026-09-09,27088,94177,6,11.95,35,High,Balance surplus against predicted 72-hour stockout risk
2026-09-09,619,610,8,1.06,12,High,Balance surplus against predicted 72-hour stockout risk
2026-09-09,282619,284130,8,0.92,15,High,Balance surplus against predicted 72-hour stockout risk
2026-09-09,285008,283560,6,0.0,14,High,Balance surplus against predicted 72-hour stockout risk
2026-09-09,284353,281573,9,2.53,15,High,Balance surplus against predicted 72-hour stockout risk
2026-09-09,281530,28109,5,2.0,18,High,Balance surplus against predicted 72-hour stockout risk
2026-09-09,284491,30120,5,1.37,16,High,Balance surplus against predicted 72-hour stockout risk
2026-09-09,585,504,7,3.11,21,High,Balance surplus against predicted 72-hour stockout risk
2026-09-09,283252,280815,10,0.91,13,High,Balance surplus against predicted 72-hour stockout risk
2026-09-09,284311,36115,10,4.25,18,High,Balance surplus against predicted 72-hour stockout risk
2026-09-09,280167,10001,5,4.78,23,High,Balance surplus against predicted 72-hour stockout risk
2026-09-09,283864,285055,5,2.41,19,High,Balance surplus against predicted 72-hour stockout risk
2026-09-10,30245,283451,5,30.23,56,High,Balance surplus against predicted 72-hour stockout risk
2026-09-10,285137,284380,6,1.56,12,High,Balance surplus against predicted 72-hour stockout risk
2026-09-10,282785,282807,6,20.19,41,High,Balance surplus against predicted 72-hour stockout risk
2026-09-10,284676,284678,6,2.66,23,High,Balance surplus against predicted 72-hour stockout risk
2026-09-10,28078,98117,7,2.73,20,High,Balance surplus against predicted 72-hour stockout risk
2026-09-10,4067,4051,9,1.24,16,High,Balance surplus against predicted 72-hour stockout risk
2026-09-10,283387,283612,5,2.65,15,High,Balance surplus against predicted 72-hour stockout risk
2026-09-10,285189,28056,5,4.8,23,High,Balance surplus against predicted 72-hour stockout risk
2026-09-10,32052,32059,5,5.49,28,High,Balance surplus against predicted 72-hour stockout risk
2026-09-10,284804,284342,6,1.99,11,High,Balance surplus against predicted 72-hour stockout risk
2026-09-10,30073,283383,7,8.02,24,High,Balance surplus against predicted 72-hour stockout risk
2026-09-10,283353,2828,9,0.0,18,High,Balance surplus against predicted 72-hour stockout risk
2026-09-10,284675,281502,8,102.41,145,High,Balance surplus against predicted 72-hour stockout risk
2026-09-10,30229,30172,7,1.37,11,High,Balance surplus against predicted 72-hour stockout risk
2026-09-10,30294,33112,9,11.23,32,High,Balance surplus against predicted 72-hour stockout risk
2026-09-10,280428,96117,5,1.88,12,High,Balance surplus against predicted 72-hour stockout risk
2026-09-10,284291,455,5,0.15,10,High,Balance surplus against predicted 72-hour stockout risk
2026-09-10,284866,283591,5,1.86,13,High,Balance surplus against predicted 72-hour stockout risk
2026-09-10,564,563,12,4.76,23,High,Balance surplus against predicted 72-hour stockout risk
2026-09-10,10163,10120,6,5.33,20,High,Balance surplus against predicted 72-hour stockout risk
2026-09-10,284334,280561,6,2.34,16,High,Balance surplus against predicted 72-hour stockout risk
2026-09-10,15083,15139,5,0.45,16,High,Balance surplus against predicted 72-hour stockout risk
2026-09-10,285237,2736,6,2.58,18,High,Balance surplus against predicted 72-hour stockout risk
2026-09-10,280378,15134,6,0.0,18,High,Balance surplus against predicted 72-hour stockout risk
2026-09-10,284205,284287,7,0.62,10,High,Balance surplus against predicted 72-hour stockout risk
2026-09-10,284100,32069,9,6.25,23,High,Balance surplus against predicted 72-hour stockout risk
2026-09-10,280563,23129,8,0.7,13,High,Balance surplus against predicted 72-hour stockout risk
2026-09-10,285056,283867,6,1.31,20,High,Balance surplus against predicted 72-hour stockout risk
2026-09-10,285325,283223,5,4.02,23,High,Balance surplus against predicted 72-hour stockout risk
2026-09-10,1818,284135,7,2.07,15,High,Balance surplus against predicted 72-hour stockout risk
2026-09-10,285142,29018,5,1.54,20,High,Balance surplus against predicted 72-hour stockout risk
2026-09-10,282655,29005,10,1.65,10,High,Balance surplus against predicted 72-hour stockout risk
2026-09-10,284764,18253,7,1.77,14,High,Balance surplus against predicted 72-hour stockout risk
2026-09-10,284969,99161,6,0.32,11,High,Balance surplus against predicted 72-hour stockout risk
2026-09-10,284378,284286,8,4.41,18,High,Balance surplus against predicted 72-hour stockout risk
2026-09-10,285307,285277,5,1.03,17,High,Balance surplus against predicted 72-hour stockout risk
2026-09-10,284305,23120,5,79.36,142,High,Balance surplus against predicted 72-hour stockout risk
2026-09-10,283499,15144,5,10.1,30,High,Balance surplus against predicted 72-hour stockout risk
2026-09-10,284226,284242,8,0.38,10,High,Balance surplus against predicted 72-hour stockout risk
2026-09-10,20152,20146,7,0.77,14,High,Balance surplus against predicted 72-hour stockout risk
2026-09-10,27099,94113,9,0.17,10,High,Balance surplus against predicted 72-hour stockout risk
2026-09-10,285134,28020,5,6.63,27,High,Balance surplus against predicted 72-hour stockout risk
2026-09-10,18196,18031,9,1.72,21,High,Balance surplus against predicted 72-hour stockout risk
2026-09-10,1824,283224,10,1.36,12,High,Balance surplus against predicted 72-hour stockout risk
2026-09-10,282624,2859,9,0.74,11,High,Balance surplus against predicted 72-hour stockout risk
2026-09-10,284462,283384,12,1.75,18,High,Balance surplus against predicted 72-hour stockout risk
2026-09-10,30209,280659,6,58.99,83,High,Balance surplus against predicted 72-hour stockout risk
2026-09-10,19141,414,6,0.31,14,High,Balance surplus against predicted 72-hour stockout risk
2026-09-10,283320,281707,6,2.99,14,High,Balance surplus against predicted 72-hour stockout risk
2026-09-10,7015,282682,8,0.0,15,High,Balance surplus against predicted 72-hour stockout risk
2026-09-10,284444,23116,5,1.69,12,High,Balance surplus against predicted 72-hour stockout risk
2026-09-10,284497,99173,7,1.49,17,High,Balance surplus against predicted 72-hour stockout risk
2026-09-10,283341,280727,5,3.67,19,High,Balance surplus against predicted 72-hour stockout risk
2026-09-10,280461,546,5,0.0,17,High,Balance surplus against predicted 72-hour stockout risk
2026-09-10,284057,282709,8,7.4,24,High,Balance surplus against predicted 72-hour stockout risk
2026-09-10,284946,18190,7,0.17,16,High,Balance surplus against predicted 72-hour stockout risk
2026-09-10,30091,280228,6,32.5,51,High,Balance surplus against predicted 72-hour stockout risk
2026-09-10,284119,280306,11,2.19,14,High,Balance surplus against predicted 72-hour stockout risk
2026-09-10,99236,284772,6,3.04,14,High,Balance surplus against predicted 72-hour stockout risk
2026-09-10,893,24131,6,94.22,146,High,Balance surplus against predicted 72-hour stockout risk
2026-09-10,280644,282688,12,1.93,19,High,Balance surplus against predicted 72-hour stockout risk
2026-09-10,283473,4014,8,2.97,20,High,Balance surplus against predicted 72-hour stockout risk
2026-09-10,23017,34103,8,5.83,27,High,Balance surplus against predicted 72-hour stockout risk
2026-09-10,2835,283726,5,0.0,15,High,Balance surplus against predicted 72-hour stockout risk
2026-09-10,285157,284484,9,23.81,51,High,Balance surplus against predicted 72-hour stockout risk
2026-09-10,808,803,8,0.45,18,High,Balance surplus against predicted 72-hour stockout risk
2026-09-10,18287,18086,8,0.96,12,High,Balance surplus against predicted 72-hour stockout risk
2026-09-10,18232,18027,9,60.4,106,High,Balance surplus against predicted 72-hour stockout risk
2026-09-10,30273,30277,5,10.79,35,High,Balance surplus against predicted 72-hour stockout risk
2026-09-10,282813,36115,6,2.75,18,High,Balance surplus against predicted 72-hour stockout risk
2026-09-10,7010,280724,6,1.18,12,High,Balance surplus against predicted 72-hour stockout risk
2026-09-10,285330,280420,12,1.88,19,High,Balance surplus against predicted 72-hour stockout risk
2026-09-10,284481,507,10,1.84,15,High,Balance surplus against predicted 72-hour stockout risk
2026-09-10,285125,99107,7,4.39,15,High,Balance surplus against predicted 72-hour stockout risk
2026-09-10,285301,283530,9,2.91,14,High,Balance surplus against predicted 72-hour stockout risk
2026-09-10,283322,283830,8,1.72,18,High,Balance surplus against predicted 72-hour stockout risk
2026-09-10,99120,284495,5,0.77,18,High,Balance surplus against predicted 72-hour stockout risk
2026-09-10,284376,280187,5,1.02,17,High,Balance surplus against predicted 72-hour stockout risk
2026-09-10,28066,28002,8,0.0,10,High,Balance surplus against predicted 72-hour stockout risk
2026-09-10,624,647,10,4.39,21,High,Balance surplus against predicted 72-hour stockout risk
2026-09-10,282993,284191,6,2.34,12,High,Balance surplus against predicted 72-hour stockout risk
2026-09-10,285200,22152,6,4.78,21,High,Balance surplus against predicted 72-hour stockout risk
2026-09-10,284648,285170,8,3.42,20,High,Balance surplus against predicted 72-hour stockout risk
2026-09-10,280383,15149,5,27.92,66,High,Balance surplus against predicted 72-hour stockout risk
2026-09-11,284399,280902,5,1.98,15,High,Balance surplus against predicted 72-hour stockout risk
2026-09-11,283820,284180,7,0.9,10,High,Balance surplus against predicted 72-hour stockout risk
2026-09-11,285248,439,8,4.18,16,High,Balance surplus against predicted 72-hour stockout risk
2026-09-11,622,632,5,0.39,18,High,Balance surplus against predicted 72-hour stockout risk
2026-09-11,1826,24141,5,6.32,28,High,Balance surplus against predicted 72-hour stockout risk
2026-09-11,283940,284414,8,2.14,20,High,Balance surplus against predicted 72-hour stockout risk
2026-09-11,284274,282919,13,0.0,17,High,Balance surplus against predicted 72-hour stockout risk
2026-09-11,28142,2929,5,65.94,139,High,Balance surplus against predicted 72-hour stockout risk
2026-09-11,629,618,6,1.48,14,High,Balance surplus against predicted 72-hour stockout risk
2026-09-11,283287,284961,6,0.8,11,High,Balance surplus against predicted 72-hour stockout risk
2026-09-11,284676,284678,5,2.66,23,High,Balance surplus against predicted 72-hour stockout risk
2026-09-11,30229,30005,7,1.3,10,High,Balance surplus against predicted 72-hour stockout risk
2026-09-11,585,504,7,3.11,21,High,Balance surplus against predicted 72-hour stockout risk
2026-09-11,30297,284054,5,89.17,136,High,Balance surplus against predicted 72-hour stockout risk
2026-09-11,285312,27126,8,1.44,19,High,Balance surplus against predicted 72-hour stockout risk
2026-09-11,1812,821,12,0.57,17,High,Balance surplus against predicted 72-hour stockout risk
2026-09-11,16079,284611,10,11.55,31,High,Balance surplus against predicted 72-hour stockout risk
2026-09-11,284003,29114,6,11.88,28,High,Balance surplus against predicted 72-hour stockout risk
2026-09-11,7025,22108,12,1.59,17,High,Balance surplus against predicted 72-hour stockout risk
2026-09-11,634,280306,9,0.91,12,High,Balance surplus against predicted 72-hour stockout risk
2026-09-11,283252,280718,9,1.13,12,High,Balance surplus against predicted 72-hour stockout risk
2026-09-11,18196,18031,6,1.72,21,High,Balance surplus against predicted 72-hour stockout risk
2026-09-11,23002,23010,5,127.54,180,High,Balance surplus against predicted 72-hour stockout risk
2026-09-11,30296,30015,7,65.64,116,High,Balance surplus against predicted 72-hour stockout risk
2026-09-11,284117,18209,7,6.74,23,High,Balance surplus against predicted 72-hour stockout risk
2026-09-11,99120,283686,6,0.38,18,High,Balance surplus against predicted 72-hour stockout risk
2026-09-11,33113,280566,7,14.18,34,High,Balance surplus against predicted 72-hour stockout risk
2026-09-11,30149,283472,7,1.58,11,High,Balance surplus against predicted 72-hour stockout risk
2026-09-11,99171,99165,5,0.0,15,High,Balance surplus against predicted 72-hour stockout risk
2026-09-11,285062,18089,9,2.75,19,High,Balance surplus against predicted 72-hour stockout risk
2026-09-11,20184,20153,5,1.26,10,High,Balance surplus against predicted 72-hour stockout risk
2026-09-11,28144,2836,9,39.61,61,High,Balance surplus against predicted 72-hour stockout risk
2026-09-11,27088,94177,7,11.95,35,High,Balance surplus against predicted 72-hour stockout risk
2026-09-11,284160,284659,8,3.83,17,High,Balance surplus against predicted 72-hour stockout risk
2026-09-11,284292,414,5,0.73,16,High,Balance surplus against predicted 72-hour stockout risk
2026-09-11,283583,280764,9,2.17,20,High,Balance surplus against predicted 72-hour stockout risk
2026-09-11,283973,29139,5,16.43,35,High,Balance surplus against predicted 72-hour stockout risk
2026-09-11,284153,284363,6,0.66,16,High,Balance surplus against predicted 72-hour stockout risk
2026-09-11,30286,283374,8,0.0,9,High,Balance surplus against predicted 72-hour stockout risk
2026-09-11,283687,284712,5,1.42,14,High,Balance surplus against predicted 72-hour stockout risk
2026-09-11,283503,283963,5,1.47,15,High,Balance surplus against predicted 72-hour stockout risk
2026-09-11,11031,283493,12,0.0,13,High,Balance surplus against predicted 72-hour stockout risk
2026-09-11,30116,30154,6,1.64,11,High,Balance surplus against predicted 72-hour stockout risk
2026-09-11,284423,28018,7,1.29,13,High,Balance surplus against predicted 72-hour stockout risk
2026-09-11,284113,1717,6,0.0,9,High,Balance surplus against predicted 72-hour stockout risk
2026-09-11,28075,28071,7,2.5,22,High,Balance surplus against predicted 72-hour stockout risk
2026-09-11,32071,32088,5,74.77,115,High,Balance surplus against predicted 72-hour stockout risk
2026-09-11,18135,283840,9,0.0,15,High,Balance surplus against predicted 72-hour stockout risk
2026-09-11,284810,283781,5,1.21,19,High,Balance surplus against predicted 72-hour stockout risk
2026-09-11,284106,284447,15,1.8,15,High,Balance surplus against predicted 72-hour stockout risk
2026-09-11,285242,30013,6,21.4,46,High,Balance surplus against predicted 72-hour stockout risk
2026-09-11,23103,284469,8,6.86,21,High,Balance surplus against predicted 72-hour stockout risk
2026-09-11,280145,18201,7,0.0,15,High,Balance surplus against predicted 72-hour stockout risk
2026-09-11,18140,283142,9,44.87,78,High,Balance surplus against predicted 72-hour stockout risk
2026-09-11,284591,2829,14,2.45,20,High,Balance surplus against predicted 72-hour stockout risk
2026-09-11,284539,24102,8,1.81,15,High,Balance surplus against predicted 72-hour stockout risk
2026-09-11,283897,284257,6,1.05,14,High,Balance surplus against predicted 72-hour stockout risk
2026-09-11,30085,30054,9,0.0,17,High,Balance surplus against predicted 72-hour stockout risk
2026-09-11,282672,94159,6,2.59,20,High,Balance surplus against predicted 72-hour stockout risk
2026-09-12,283242,29125,7,0.89,15,High,Balance surplus against predicted 72-hour stockout risk
2026-09-12,33121,30025,5,4.9,22,High,Balance surplus against predicted 72-hour stockout risk
2026-09-12,634,280306,7,0.91,12,High,Balance surplus against predicted 72-hour stockout risk
2026-09-12,285242,30013,10,21.4,46,High,Balance surplus against predicted 72-hour stockout risk
2026-09-12,99120,1765,7,0.72,13,High,Balance surplus against predicted 72-hour stockout risk
2026-09-12,29163,283797,7,2.82,13,High,Balance surplus against predicted 72-hour stockout risk
2026-09-12,283500,94117,7,10.55,29,High,Balance surplus against predicted 72-hour stockout risk
2026-09-12,36140,284199,6,1.45,15,High,Balance surplus against predicted 72-hour stockout risk
2026-09-12,283388,28077,5,0.98,19,High,Balance surplus against predicted 72-hour stockout risk
2026-09-12,284052,285154,7,0.54,10,High,Balance surplus against predicted 72-hour stockout risk
2026-09-12,284939,284233,18,2.19,13,High,Balance surplus against predicted 72-hour stockout risk
2026-09-12,29082,280589,7,0.0,15,High,Balance surplus against predicted 72-hour stockout risk
2026-09-12,99209,283200,11,5.7,25,High,Balance surplus against predicted 72-hour stockout risk
2026-09-12,96109,282747,6,0.37,18,High,Balance surplus against predicted 72-hour stockout risk
2026-09-12,284595,280934,6,1.25,14,High,Balance surplus against predicted 72-hour stockout risk
2026-09-12,36124,36106,5,0.9,18,High,Balance surplus against predicted 72-hour stockout risk
2026-09-12,18150,18152,9,6.29,28,High,Balance surplus against predicted 72-hour stockout risk
2026-09-12,284844,27128,7,2.11,12,High,Balance surplus against predicted 72-hour stockout risk
2026-09-12,27150,27126,5,2.99,22,High,Balance surplus against predicted 72-hour stockout risk
2026-09-12,282759,96106,8,5.55,21,High,Balance surplus against predicted 72-hour stockout risk
2026-09-12,94146,94118,5,12.38,32,High,Balance surplus against predicted 72-hour stockout risk
2026-09-12,32057,32069,7,2.88,14,High,Balance surplus against predicted 72-hour stockout risk
2026-09-12,283157,11002,5,7.77,28,High,Balance surplus against predicted 72-hour stockout risk
2026-09-12,284106,285119,6,2.26,12,High,Balance surplus against predicted 72-hour stockout risk
2026-09-12,283668,282539,5,3.13,21,High,Balance surplus against predicted 72-hour stockout risk
2026-09-12,283426,28103,7,6.84,29,High,Balance surplus against predicted 72-hour stockout risk
2026-09-12,285122,281063,8,7.58,27,High,Balance surplus against predicted 72-hour stockout risk
2026-09-12,18206,283840,5,17.55,41,High,Balance surplus against predicted 72-hour stockout risk
2026-09-12,285220,282825,7,2.84,21,High,Balance surplus against predicted 72-hour stockout risk
2026-09-12,284834,15068,5,0.82,12,High,Balance surplus against predicted 72-hour stockout risk
2026-09-12,1711,99110,9,0.0,12,High,Balance surplus against predicted 72-hour stockout risk
2026-09-12,280755,283692,7,2.36,20,High,Balance surplus against predicted 72-hour stockout risk
2026-09-12,285301,283530,6,2.91,14,High,Balance surplus against predicted 72-hour stockout risk
2026-09-12,18232,18027,9,60.4,106,High,Balance surplus against predicted 72-hour stockout risk
2026-09-12,285008,29065,5,0.3,9,High,Balance surplus against predicted 72-hour stockout risk
2026-09-12,284727,284130,7,0.5,15,High,Balance surplus against predicted 72-hour stockout risk
2026-09-12,21106,32087,8,7.04,23,High,Balance surplus against predicted 72-hour stockout risk
2026-09-12,24136,280457,5,2.74,13,High,Balance surplus against predicted 72-hour stockout risk
2026-09-12,99189,724,6,1.17,19,High,Balance surplus against predicted 72-hour stockout risk
2026-09-12,284631,282643,15,1.35,14,High,Balance surplus against predicted 72-hour stockout risk
2026-09-12,30067,30010,6,0.0,14,High,Balance surplus against predicted 72-hour stockout risk
2026-09-12,283636,281213,6,5.34,24,High,Balance surplus against predicted 72-hour stockout risk
2026-09-12,18284,18086,6,1.38,11,High,Balance surplus against predicted 72-hour stockout risk
2026-09-12,283771,283344,6,1.0,16,High,Balance surplus against predicted 72-hour stockout risk
2026-09-12,282694,30002,6,0.0,18,High,Balance surplus against predicted 72-hour stockout risk
2026-09-12,576,546,5,0.0,11,High,Balance surplus against predicted 72-hour stockout risk
2026-09-12,284348,36110,5,2.02,12,High,Balance surplus against predicted 72-hour stockout risk
2026-09-12,284764,27114,7,1.9,12,High,Balance surplus against predicted 72-hour stockout risk
2026-09-12,840,871,5,23.8,47,High,Balance surplus against predicted 72-hour stockout risk
2026-09-12,284292,414,9,0.73,16,High,Balance surplus against predicted 72-hour stockout risk
2026-09-12,280191,285094,5,5.74,24,High,Balance surplus against predicted 72-hour stockout risk
2026-09-12,284433,282586,10,0.46,15,High,Balance surplus against predicted 72-hour stockout risk
2026-09-12,15165,280972,5,0.84,19,High,Balance surplus against predicted 72-hour stockout risk
2026-09-12,23008,23010,5,122.29,241,High,Balance surplus against predicted 72-hour stockout risk
2026-09-12,284673,2906,16,1.1,11,High,Balance surplus against predicted 72-hour stockout risk
2026-09-12,27088,94177,6,11.95,35,High,Balance surplus against predicted 72-hour stockout risk
2026-09-12,281310,284556,6,3.01,17,High,Balance surplus against predicted 72-hour stockout risk
2026-09-12,284438,28045,9,0.47,10,High,Balance surplus against predicted 72-hour stockout risk
2026-09-12,283337,22139,6,5.14,24,High,Balance surplus against predicted 72-hour stockout risk
2026-09-12,280760,95111,6,3.0,20,High,Balance surplus against predicted 72-hour stockout risk
2026-09-12,284817,284614,5,3.37,22,High,Balance surplus against predicted 72-hour stockout risk
2026-09-13,32015,32059,7,4.88,22,High,Balance surplus against predicted 72-hour stockout risk
2026-09-13,97101,97128,6,2.52,13,High,Balance surplus against predicted 72-hour stockout risk
2026-09-13,285238,15149,5,29.66,68,High,Balance surplus against predicted 72-hour stockout risk
2026-09-13,283583,280764,6,2.17,20,High,Balance surplus against predicted 72-hour stockout risk
2026-09-13,284211,26023,5,2.03,20,High,Balance surplus against predicted 72-hour stockout risk
2026-09-13,281225,283175,5,3.51,20,High,Balance surplus against predicted 72-hour stockout risk
2026-09-13,283663,284811,8,3.04,16,High,Balance surplus against predicted 72-hour stockout risk
2026-09-13,282953,28040,5,2.69,14,High,Balance surplus against predicted 72-hour stockout risk
2026-09-13,30192,30141,6,1.35,18,High,Balance surplus against predicted 72-hour stockout risk
2026-09-13,282801,16072,7,7.81,28,High,Balance surplus against predicted 72-hour stockout risk
2026-09-13,280699,29129,10,9.87,28,High,Balance surplus against predicted 72-hour stockout risk
2026-09-13,27056,283402,6,1.83,21,High,Balance surplus against predicted 72-hour stockout risk
2026-09-13,30062,30098,5,48.53,79,High,Balance surplus against predicted 72-hour stockout risk
2026-09-13,284823,20004,7,2.28,13,High,Balance surplus against predicted 72-hour stockout risk
2026-09-13,284631,282643,5,1.35,14,High,Balance surplus against predicted 72-hour stockout risk
2026-09-13,96103,282573,6,0.0,14,High,Balance surplus against predicted 72-hour stockout risk
2026-09-13,94133,93101,7,20.08,37,High,Balance surplus against predicted 72-hour stockout risk
2026-09-13,1731,728,7,0.0,13,High,Balance surplus against predicted 72-hour stockout risk
2026-09-13,18232,18027,6,60.4,106,High,Balance surplus against predicted 72-hour stockout risk
2026-09-13,283897,15087,6,1.62,18,High,Balance surplus against predicted 72-hour stockout risk
2026-09-13,284777,28043,8,12.58,32,High,Balance surplus against predicted 72-hour stockout risk
2026-09-13,886,829,5,32.31,64,High,Balance surplus against predicted 72-hour stockout risk
2026-09-13,25008,25002,6,4.86,20,High,Balance surplus against predicted 72-hour stockout risk
2026-09-13,282564,18288,9,3.08,20,High,Balance surplus against predicted 72-hour stockout risk
2026-09-13,281768,282640,10,1.89,13,High,Balance surplus against predicted 72-hour stockout risk
2026-09-13,15156,15140,5,2.93,18,High,Balance surplus against predicted 72-hour stockout risk
2026-09-14,1818,817,13,3.32,21,High,Balance surplus against predicted 72-hour stockout risk
2026-09-14,282735,18027,9,87.39,137,High,Balance surplus against predicted 72-hour stockout risk
2026-09-14,32015,32059,6,4.88,22,High,Balance surplus against predicted 72-hour stockout risk
2026-09-14,285235,29116,9,0.96,11,High,Balance surplus against predicted 72-hour stockout risk
2026-09-14,283624,7029,6,0.0,14,High,Balance surplus against predicted 72-hour stockout risk
2026-09-14,28060,285246,9,0.43,18,High,Balance surplus against predicted 72-hour stockout risk
2026-09-14,283539,280318,10,8.77,31,High,Balance surplus against predicted 72-hour stockout risk
2026-09-14,284969,283952,5,0.87,10,High,Balance surplus against predicted 72-hour stockout risk
2026-09-14,283783,284559,5,11.25,28,High,Balance surplus against predicted 72-hour stockout risk
2026-09-14,283668,282539,6,3.13,21,High,Balance surplus against predicted 72-hour stockout risk
2026-09-14,283652,284935,6,2.74,18,High,Balance surplus against predicted 72-hour stockout risk
2026-09-14,15046,15083,7,0.21,11,High,Balance surplus against predicted 72-hour stockout risk
2026-09-14,26015,26006,6,2.12,13,High,Balance surplus against predicted 72-hour stockout risk
2026-09-14,27098,284346,8,1.9,19,High,Balance surplus against predicted 72-hour stockout risk
2026-09-14,280602,283643,8,0.25,9,High,Balance surplus against predicted 72-hour stockout risk
2026-09-14,1522,23102,12,0.0,8,High,Balance surplus against predicted 72-hour stockout risk
2026-09-14,284889,29036,7,5452.27,7251,High,Balance surplus against predicted 72-hour stockout risk
2026-09-14,27046,93101,6,4.19,16,High,Balance surplus against predicted 72-hour stockout risk
2026-09-14,285200,22152,5,4.78,21,High,Balance surplus against predicted 72-hour stockout risk
2026-09-14,284776,96107,13,35.68,60,High,Balance surplus against predicted 72-hour stockout risk
2026-09-14,99236,284772,5,3.04,14,High,Balance surplus against predicted 72-hour stockout risk
2026-09-14,283612,28077,6,4.11,16,High,Balance surplus against predicted 72-hour stockout risk
2026-09-14,280240,28008,5,1.06,15,High,Balance surplus against predicted 72-hour stockout risk
2026-09-14,99222,99224,5,1.01,11,High,Balance surplus against predicted 72-hour stockout risk
2026-09-14,30063,283358,6,57.78,113,High,Balance surplus against predicted 72-hour stockout risk
2026-09-14,18159,18154,7,43.82,88,High,Balance surplus against predicted 72-hour stockout risk
2026-09-14,23151,23101,10,217.03,343,High,Balance surplus against predicted 72-hour stockout risk
2026-09-14,284922,283722,9,9.58,22,High,Balance surplus against predicted 72-hour stockout risk
2026-09-14,280327,283518,5,1.44,12,High,Balance surplus against predicted 72-hour stockout risk
2026-09-14,18225,27121,12,1.04,19,High,Balance surplus against predicted 72-hour stockout risk
2026-09-14,280708,283223,10,3.44,14,High,Balance surplus against predicted 72-hour stockout risk
2026-09-14,282694,30002,7,0.0,18,High,Balance surplus against predicted 72-hour stockout risk
2026-09-14,280163,10116,5,4.63,22,High,Balance surplus against predicted 72-hour stockout risk
2026-09-14,15060,15027,6,2.93,20,High,Balance surplus against predicted 72-hour stockout risk
2026-09-14,285008,36158,5,0.0,17,High,Balance surplus against predicted 72-hour stockout risk
2026-09-14,789,284865,6,0.0,12,High,Balance surplus against predicted 72-hour stockout risk
2026-09-14,283959,99174,5,5.47,17,High,Balance surplus against predicted 72-hour stockout risk
2026-09-14,760,283816,6,53.98,87,High,Balance surplus against predicted 72-hour stockout risk
2026-09-14,280510,284243,6,1.26,11,High,Balance surplus against predicted 72-hour stockout risk
2026-09-14,283596,32087,8,7.52,24,High,Balance surplus against predicted 72-hour stockout risk
2026-09-14,28124,283726,5,0.0,17,High,Balance surplus against predicted 72-hour stockout risk
2026-09-14,284941,30010,7,6.2,19,High,Balance surplus against predicted 72-hour stockout risk
2026-09-14,604,653,12,1.95,15,High,Balance surplus against predicted 72-hour stockout risk
2026-09-14,283473,4014,9,2.97,20,High,Balance surplus against predicted 72-hour stockout risk
2026-09-14,280627,29002,5,0.0,16,High,Balance surplus against predicted 72-hour stockout risk
2026-09-14,36146,283763,6,1.49,19,High,Balance surplus against predicted 72-hour stockout risk
2026-09-14,99171,284088,9,2456.14,3729,High,Balance surplus against predicted 72-hour stockout risk
2026-09-14,1804,283156,5,3.25,20,High,Balance surplus against predicted 72-hour stockout risk
2026-09-14,282745,11056,6,1.98,15,High,Balance surplus against predicted 72-hour stockout risk
2026-09-14,99171,99165,1,0.0,15,High,Balance surplus against predicted 72-hour stockout risk
2026-09-14,285070,1713,6,0.0,12,High,Balance surplus against predicted 72-hour stockout risk
2026-09-14,284493,30236,5,0.69,15,High,Balance surplus against predicted 72-hour stockout risk
2026-09-14,283897,284257,9,1.05,14,High,Balance surplus against predicted 72-hour stockout risk
2026-09-14,283479,284867,6,0.0,12,High,Balance surplus against predicted 72-hour stockout risk
2026-09-14,10112,280155,5,0.0,9,High,Balance surplus against predicted 72-hour stockout risk
2026-09-14,731,284820,7,1.59,15,High,Balance surplus against predicted 72-hour stockout risk
2026-09-14,18165,281039,6,0.0,17,High,Balance surplus against predicted 72-hour stockout risk
2026-09-14,282995,280688,5,2.11,17,High,Balance surplus against predicted 72-hour stockout risk
2026-09-14,281541,284327,12,7.11,26,High,Balance surplus against predicted 72-hour stockout risk
2026-09-14,284010,546,9,0.0,10,High,Balance surplus against predicted 72-hour stockout risk
2026-09-14,30202,283917,15,1.75,18,High,Balance surplus against predicted 72-hour stockout risk
2026-09-14,93108,283655,8,1.88,17,High,Balance surplus against predicted 72-hour stockout risk
2026-09-14,282708,30082,5,16.77,43,High,Balance surplus against predicted 72-hour stockout risk
2026-09-14,30046,30005,10,0.0,16,High,Balance surplus against predicted 72-hour stockout risk
2026-09-14,280426,861,8,5.18,18,High,Balance surplus against predicted 72-hour stockout risk
2026-09-14,280601,29001,13,0.14,10,High,Balance surplus against predicted 72-hour stockout risk
2026-09-14,280527,280207,6,0.0,11,High,Balance surplus against predicted 72-hour stockout risk
2026-09-14,284320,282740,10,7.94,29,High,Balance surplus against predicted 72-hour stockout risk
2026-09-14,283487,11062,7,2.97,20,High,Balance surplus against predicted 72-hour stockout risk
2026-09-14,284332,10120,6,8.43,20,High,Balance surplus against predicted 72-hour stockout risk
2026-09-14,283690,27060,6,3.58,22,High,Balance surplus against predicted 72-hour stockout risk
2026-09-14,284767,284227,5,1.59,18,High,Balance surplus against predicted 72-hour stockout risk
2026-09-14,23012,34103,6,17.5,43,High,Balance surplus against predicted 72-hour stockout risk
2026-09-14,280151,10125,8,1.59,17,High,Balance surplus against predicted 72-hour stockout risk
2026-09-14,18130,18096,5,0.29,17,High,Balance surplus against predicted 72-hour stockout risk
2026-09-14,18143,284150,7,23.61,46,High,Balance surplus against predicted 72-hour stockout risk
2026-09-14,30289,283268,6,0.0,9,High,Balance surplus against predicted 72-hour stockout risk
2026-09-14,20111,14032,7,3.58,22,High,Balance surplus against predicted 72-hour stockout risk
2026-09-14,654,643,7,2.55,22,High,Balance surplus against predicted 72-hour stockout risk
2026-09-14,281315,2829,5,1.5,17,High,Balance surplus against predicted 72-hour stockout risk
2026-09-15,18150,18153,8,5.17,15,High,Balance surplus against predicted 72-hour stockout risk
2026-09-15,284776,280888,8,35.68,77,High,Balance surplus against predicted 72-hour stockout risk
2026-09-15,282694,30002,6,0.0,18,High,Balance surplus against predicted 72-hour stockout risk
2026-09-15,30202,33118,12,3.91,21,High,Balance surplus against predicted 72-hour stockout risk
2026-09-15,23106,23116,5,0.0,14,High,Balance surplus against predicted 72-hour stockout risk
2026-09-15,284759,99104,7,1.97,12,High,Balance surplus against predicted 72-hour stockout risk
2026-09-15,282791,16004,7,1.83,19,High,Balance surplus against predicted 72-hour stockout risk
2026-09-15,283695,283663,6,2.42,21,High,Balance surplus against predicted 72-hour stockout risk
2026-09-15,27046,93101,8,4.19,16,High,Balance surplus against predicted 72-hour stockout risk
2026-09-15,284733,281588,7,1.44,18,High,Balance surplus against predicted 72-hour stockout risk
2026-09-15,30300,30297,7,61.77,100,High,Balance surplus against predicted 72-hour stockout risk
2026-09-15,284923,15105,5,0.0,10,High,Balance surplus against predicted 72-hour stockout risk
2026-09-15,30072,30040,6,0.61,15,High,Balance surplus against predicted 72-hour stockout risk
2026-09-15,283484,283863,14,1.34,20,High,Balance surplus against predicted 72-hour stockout risk
2026-09-15,280240,28008,10,1.06,15,High,Balance surplus against predicted 72-hour stockout risk
2026-09-15,285124,29134,10,4.57,17,High,Balance surplus against predicted 72-hour stockout risk
2026-09-15,280701,29124,6,0.0,11,High,Balance surplus against predicted 72-hour stockout risk
2026-09-15,284268,280688,6,10.37,30,High,Balance surplus against predicted 72-hour stockout risk
2026-09-15,715,283843,9,0.07,18,High,Balance surplus against predicted 72-hour stockout risk
2026-09-15,282775,96116,5,3.44,18,High,Balance surplus against predicted 72-hour stockout risk
2026-09-15,585,504,7,3.11,21,High,Balance surplus against predicted 72-hour stockout risk
2026-09-15,16097,282678,8,0.12,16,High,Balance surplus against predicted 72-hour stockout risk
2026-09-15,15170,15041,5,0.0,11,High,Balance surplus against predicted 72-hour stockout risk
2026-09-15,280567,283383,9,6.48,21,High,Balance surplus against predicted 72-hour stockout risk
2026-09-15,789,284865,8,0.0,12,High,Balance surplus against predicted 72-hour stockout risk
2026-09-15,283635,94118,6,8.53,23,High,Balance surplus against predicted 72-hour stockout risk
2026-09-15,285272,285321,7,6.57,22,High,Balance surplus against predicted 72-hour stockout risk
2026-09-15,280762,97105,10,1.84,11,High,Balance surplus against predicted 72-hour stockout risk
2026-09-15,10113,10144,8,47.96,78,High,Balance surplus against predicted 72-hour stockout risk
2026-09-15,280157,10141,5,1.39,11,High,Balance surplus against predicted 72-hour stockout risk
2026-09-15,1825,24132,5,5.65,16,High,Balance surplus against predicted 72-hour stockout risk
2026-09-15,23180,581,6,8.57,21,High,Balance surplus against predicted 72-hour stockout risk
2026-09-15,284100,21105,8,4.77,18,High,Balance surplus against predicted 72-hour stockout risk
2026-09-15,10145,10118,5,2.59,19,High,Balance surplus against predicted 72-hour stockout risk
2026-09-15,619,610,7,1.06,12,High,Balance surplus against predicted 72-hour stockout risk
2026-09-15,96103,282573,6,0.0,14,High,Balance surplus against predicted 72-hour stockout risk
2026-09-15,280366,283788,5,5.27,23,High,Balance surplus against predicted 72-hour stockout risk
2026-09-15,10117,10168,6,0.0,9,High,Balance surplus against predicted 72-hour stockout risk
2026-09-15,283297,643,5,0.0,10,High,Balance surplus against predicted 72-hour stockout risk
2026-09-15,14010,20128,5,1.06,18,High,Balance surplus against predicted 72-hour stockout risk
2026-09-15,280788,29125,5,0.54,17,High,Balance surplus against predicted 72-hour stockout risk
2026-09-15,280422,95133,5,2.08,16,High,Balance surplus against predicted 72-hour stockout risk
2026-09-15,751,1714,6,2.23,15,High,Balance surplus against predicted 72-hour stockout risk
2026-09-15,1826,865,11,6.32,27,High,Balance surplus against predicted 72-hour stockout risk
2026-09-15,283472,30149,5,1.58,16,High,Balance surplus against predicted 72-hour stockout risk
2026-09-15,284676,284678,8,2.66,23,High,Balance surplus against predicted 72-hour stockout risk
2026-09-15,2837,28118,8,7.19,29,High,Balance surplus against predicted 72-hour stockout risk
2026-09-15,283822,280372,7,6.63,21,High,Balance surplus against predicted 72-hour stockout risk
2026-09-15,282742,283807,6,11.57,34,High,Balance surplus against predicted 72-hour stockout risk
2026-09-15,283830,283640,13,0.95,10,High,Balance surplus against predicted 72-hour stockout risk
2026-09-15,97101,608,6,1.81,16,High,Balance surplus against predicted 72-hour stockout risk
2026-09-15,634,280306,7,0.91,12,High,Balance surplus against predicted 72-hour stockout risk
2026-09-15,2730,283400,7,1.52,11,High,Balance surplus against predicted 72-hour stockout risk
2026-09-15,94101,6001,9,2.49,18,High,Balance surplus against predicted 72-hour stockout risk
2026-09-15,283670,94154,7,4.27,19,High,Balance surplus against predicted 72-hour stockout risk
2026-09-15,18160,281039,8,64.54,96,High,Balance surplus against predicted 72-hour stockout risk
2026-09-15,284584,28104,6,3.06,19,High,Balance surplus against predicted 72-hour stockout risk
2026-09-15,27116,284095,9,3.46,19,High,Balance surplus against predicted 72-hour stockout risk
2026-09-15,284845,284633,11,3.99,20,High,Balance surplus against predicted 72-hour stockout risk
2026-09-15,283893,28020,6,8.53,29,High,Balance surplus against predicted 72-hour stockout risk
2026-09-15,283821,283153,7,0.87,16,High,Balance surplus against predicted 72-hour stockout risk
2026-09-15,280748,284158,7,4.87,16,High,Balance surplus against predicted 72-hour stockout risk
2026-09-15,283742,284724,5,1.57,14,High,Balance surplus against predicted 72-hour stockout risk
2026-09-15,284933,280388,8,31.97,61,High,Balance surplus against predicted 72-hour stockout risk
2026-09-15,285199,618,9,3.81,21,High,Balance surplus against predicted 72-hour stockout risk
2026-09-15,284341,284021,11,1.97,17,High,Balance surplus against predicted 72-hour stockout risk
2026-09-15,30286,283374,6,0.0,9,High,Balance surplus against predicted 72-hour stockout risk
2026-09-15,282721,23010,6,125.38,167,High,Balance surplus against predicted 72-hour stockout risk
2026-09-15,283949,283573,6,6.17,23,High,Balance surplus against predicted 72-hour stockout risk
2026-09-15,283755,28053,7,15.16,39,High,Balance surplus against predicted 72-hour stockout risk
2026-09-15,15015,15126,5,0.87,16,High,Balance surplus against predicted 72-hour stockout risk
2026-09-15,284492,283255,6,20.57,39,High,Balance surplus against predicted 72-hour stockout risk
2026-09-15,284976,99213,6,2.22,17,High,Balance surplus against predicted 72-hour stockout risk
2026-09-16,27105,27118,6,35.93,57,High,Balance surplus against predicted 72-hour stockout risk
2026-09-16,799,788,8,0.4,9,High,Balance surplus against predicted 72-hour stockout risk
2026-09-16,284291,455,5,0.15,10,High,Balance surplus against predicted 72-hour stockout risk
2026-09-16,1802,24106,8,0.83,12,High,Balance surplus against predicted 72-hour stockout risk
2026-09-16,99185,724,5,1.48,10,High,Balance surplus against predicted 72-hour stockout risk
2026-09-16,284444,23116,6,1.69,12,High,Balance surplus against predicted 72-hour stockout risk
2026-09-16,18094,18097,7,1.75,19,High,Balance surplus against predicted 72-hour stockout risk
2026-09-16,280286,23101,9,215.73,297,High,Balance surplus against predicted 72-hour stockout risk
2026-09-16,27054,94134,6,0.7,11,High,Balance surplus against predicted 72-hour stockout risk
2026-09-16,284423,28018,5,1.29,13,High,Balance surplus against predicted 72-hour stockout risk
2026-09-16,283893,28020,5,8.53,29,High,Balance surplus against predicted 72-hour stockout risk
2026-09-16,282771,96107,5,1.6,19,High,Balance surplus against predicted 72-hour stockout risk
2026-09-16,10170,283183,11,2.34,12,High,Balance surplus against predicted 72-hour stockout risk
2026-09-16,30268,280430,6,17.03,32,High,Balance surplus against predicted 72-hour stockout risk
2026-09-16,283986,11002,5,4.77,25,High,Balance surplus against predicted 72-hour stockout risk
2026-09-16,30072,30040,5,0.61,15,High,Balance surplus against predicted 72-hour stockout risk
2026-09-16,282690,30016,6,0.0,9,High,Balance surplus against predicted 72-hour stockout risk
2026-09-16,284515,99233,5,8.05,25,High,Balance surplus against predicted 72-hour stockout risk
2026-09-16,284127,283770,7,4.12,19,High,Balance surplus against predicted 72-hour stockout risk
2026-09-16,284394,283662,6,3.45,20,High,Balance surplus against predicted 72-hour stockout risk
2026-09-16,283695,283663,6,2.42,21,High,Balance surplus against predicted 72-hour stockout risk
2026-09-16,99218,283741,5,0.92,15,High,Balance surplus against predicted 72-hour stockout risk
2026-09-16,18241,27127,6,79.85,139,High,Balance surplus against predicted 72-hour stockout risk
2026-09-16,285125,284402,5,3.91,15,High,Balance surplus against predicted 72-hour stockout risk
2026-09-16,285235,29116,5,0.96,11,High,Balance surplus against predicted 72-hour stockout risk
2026-09-16,27062,94116,14,0.0,12,High,Balance surplus against predicted 72-hour stockout risk
2026-09-16,97101,97135,9,2.74,19,High,Balance surplus against predicted 72-hour stockout risk
2026-09-16,30245,30048,5,8.38,23,High,Balance surplus against predicted 72-hour stockout risk
2026-09-16,715,280207,6,0.07,10,High,Balance surplus against predicted 72-hour stockout risk
2026-09-16,284976,99173,5,1.84,12,High,Balance surplus against predicted 72-hour stockout risk
2026-09-16,15182,284828,7,0.0,13,High,Balance surplus against predicted 72-hour stockout risk
2026-09-16,22157,7032,9,3.92,20,High,Balance surplus against predicted 72-hour stockout risk
2026-09-16,285278,4015,5,0.0,16,High,Balance surplus against predicted 72-hour stockout risk
2026-09-16,15130,29132,9,4.38,19,High,Balance surplus against predicted 72-hour stockout risk
2026-09-16,282607,284262,9,0.71,11,High,Balance surplus against predicted 72-hour stockout risk
2026-09-16,837,283805,6,2.73,19,High,Balance surplus against predicted 72-hour stockout risk
2026-09-16,285062,18089,6,2.75,19,High,Balance surplus against predicted 72-hour stockout risk
2026-09-16,285199,618,5,3.81,21,High,Balance surplus against predicted 72-hour stockout risk
2026-09-16,15137,15084,6,118.57,186,High,Balance surplus against predicted 72-hour stockout risk
2026-09-16,29022,283591,6,0.0,16,High,Balance surplus against predicted 72-hour stockout risk
2026-09-16,11038,11059,8,3.69,20,High,Balance surplus against predicted 72-hour stockout risk
2026-09-16,654,643,8,2.55,22,High,Balance surplus against predicted 72-hour stockout risk
2026-09-16,284923,15160,7,2.21,13,High,Balance surplus against predicted 72-hour stockout risk
2026-09-16,861,24104,6,2.6,23,High,Balance surplus against predicted 72-hour stockout risk
2026-09-16,282597,94159,5,3.95,18,High,Balance surplus against predicted 72-hour stockout risk
2026-09-16,98114,283367,5,4.95,16,High,Balance surplus against predicted 72-hour stockout risk
2026-09-17,285252,284052,6,0.71,17,High,Balance surplus against predicted 72-hour stockout risk
2026-09-17,283670,94154,8,4.27,19,High,Balance surplus against predicted 72-hour stockout risk
2026-09-17,281565,281719,6,2.7,18,High,Balance surplus against predicted 72-hour stockout risk
2026-09-17,24119,24108,8,0.76,14,High,Balance surplus against predicted 72-hour stockout risk
2026-09-17,285176,284160,8,5.37,27,High,Balance surplus against predicted 72-hour stockout risk
2026-09-17,283477,283294,5,3.17,22,High,Balance surplus against predicted 72-hour stockout risk
2026-09-17,280452,280703,11,1.01,14,High,Balance surplus against predicted 72-hour stockout risk
2026-09-17,15060,15027,10,2.93,20,High,Balance surplus against predicted 72-hour stockout risk
2026-09-17,280589,29099,6,6.49,25,High,Balance surplus against predicted 72-hour stockout risk
2026-09-17,284265,33119,6,5.01,27,High,Balance surplus against predicted 72-hour stockout risk
2026-09-17,20108,280555,8,1.4,11,High,Balance surplus against predicted 72-hour stockout risk
2026-09-17,28149,2867,5,0.0,11,High,Balance surplus against predicted 72-hour stockout risk
2026-09-17,799,788,13,0.4,9,High,Balance surplus against predicted 72-hour stockout risk
2026-09-17,1827,866,5,2.38,15,High,Balance surplus against predicted 72-hour stockout risk
2026-09-17,283499,15149,9,0.0,8,High,Balance surplus against predicted 72-hour stockout risk
2026-09-17,629,618,6,1.48,14,High,Balance surplus against predicted 72-hour stockout risk
2026-09-17,2803,281769,7,54.28,93,High,Balance surplus against predicted 72-hour stockout risk
2026-09-17,283182,10149,6,0.73,13,High,Balance surplus against predicted 72-hour stockout risk
2026-09-17,1722,284710,7,2.17,15,High,Balance surplus against predicted 72-hour stockout risk
2026-09-17,283530,285301,7,2.91,16,High,Balance surplus against predicted 72-hour stockout risk
2026-09-17,30142,30040,9,0.9,12,High,Balance surplus against predicted 72-hour stockout risk
2026-09-17,12012,12017,5,34.84,76,High,Balance surplus against predicted 72-hour stockout risk
2026-09-17,285112,23116,5,0.85,19,High,Balance surplus against predicted 72-hour stockout risk
2026-09-17,280616,280593,5,2.3,18,High,Balance surplus against predicted 72-hour stockout risk
2026-09-17,282637,284337,8,2.5,12,High,Balance surplus against predicted 72-hour stockout risk
2026-09-17,280402,285126,5,1.1,16,High,Balance surplus against predicted 72-hour stockout risk
2026-09-17,283797,15139,5,2.67,17,High,Balance surplus against predicted 72-hour stockout risk
2026-09-17,18088,18089,8,64.54,97,High,Balance surplus against predicted 72-hour stockout risk
2026-09-17,284733,281588,8,1.44,18,High,Balance surplus against predicted 72-hour stockout risk
2026-09-17,27164,18297,9,4.09,23,High,Balance surplus against predicted 72-hour stockout risk
2026-09-17,285099,23156,7,0.29,15,High,Balance surplus against predicted 72-hour stockout risk
2026-09-17,18026,18261,7,5.79,23,High,Balance surplus against predicted 72-hour stockout risk
2026-09-17,280383,283251,6,11.36,28,High,Balance surplus against predicted 72-hour stockout risk
2026-09-17,284314,95108,8,1.1,12,High,Balance surplus against predicted 72-hour stockout risk
2026-09-17,30025,30026,10,0.0,11,High,Balance surplus against predicted 72-hour stockout risk
2026-09-17,770,284416,12,1.15,17,High,Balance surplus against predicted 72-hour stockout risk
2026-09-17,282706,7032,6,0.48,16,High,Balance surplus against predicted 72-hour stockout risk
2026-09-17,280452,284833,3,2.32,14,High,Balance surplus against predicted 72-hour stockout risk
2026-09-17,36144,282653,12,0.43,14,High,Balance surplus against predicted 72-hour stockout risk
2026-09-17,30225,283268,12,0.0,9,High,Balance surplus against predicted 72-hour stockout risk
2026-09-17,1826,24109,7,3.92,23,High,Balance surplus against predicted 72-hour stockout risk
2026-09-17,20152,20128,8,1.71,13,High,Balance surplus against predicted 72-hour stockout risk
2026-09-17,2817,284691,9,2.89,13,High,Balance surplus against predicted 72-hour stockout risk
2026-09-17,281308,281312,10,2.09,11,High,Balance surplus against predicted 72-hour stockout risk
2026-09-17,15077,29139,6,30.51,57,High,Balance surplus against predicted 72-hour stockout risk
2026-09-17,282666,16039,6,0.78,13,High,Balance surplus against predicted 72-hour stockout risk
2026-09-17,18167,18165,5,1.07,14,High,Balance surplus against predicted 72-hour stockout risk
2026-09-17,27074,285277,7,1.03,16,High,Balance surplus against predicted 72-hour stockout risk
2026-09-17,18262,27109,8,0.0,10,High,Balance surplus against predicted 72-hour stockout risk
2026-09-17,284589,27177,6,2.86,13,High,Balance surplus against predicted 72-hour stockout risk
2026-09-17,99154,99187,6,1.72,17,High,Balance surplus against predicted 72-hour stockout risk
2026-09-17,1723,283200,5,5.02,23,High,Balance surplus against predicted 72-hour stockout risk
2026-09-17,283301,95102,7,3.97,20,High,Balance surplus against predicted 72-hour stockout risk
2026-09-17,36115,280629,7,3.79,22,High,Balance surplus against predicted 72-hour stockout risk
2026-09-17,284307,283577,10,0.0,12,High,Balance surplus against predicted 72-hour stockout risk
2026-09-17,281715,281704,12,3.85,23,High,Balance surplus against predicted 72-hour stockout risk
2026-09-17,283859,284723,8,0.73,12,High,Balance surplus against predicted 72-hour stockout risk
2026-09-17,27113,27133,7,73.59,119,High,Balance surplus against predicted 72-hour stockout risk
2026-09-17,30235,30050,9,2.02,15,High,Balance surplus against predicted 72-hour stockout risk
2026-09-17,284888,283396,7,6.96,19,High,Balance surplus against predicted 72-hour stockout risk
2026-09-17,282644,2741,7,1.53,13,High,Balance surplus against predicted 72-hour stockout risk
2026-09-17,27105,27118,6,35.93,57,High,Balance surplus against predicted 72-hour stockout risk
2026-09-17,282597,94159,7,3.95,18,High,Balance surplus against predicted 72-hour stockout risk
2026-09-17,285335,280549,7,2.98,13,High,Balance surplus against predicted 72-hour stockout risk
2026-09-17,284627,16017,6,0.0,14,High,Balance surplus against predicted 72-hour stockout risk
2026-09-17,16097,282678,11,0.12,16,High,Balance surplus against predicted 72-hour stockout risk
2026-09-17,282995,280688,9,2.11,17,High,Balance surplus against predicted 72-hour stockout risk
2026-09-17,2935,281577,9,9.77,32,High,Balance surplus against predicted 72-hour stockout risk
2026-09-17,283425,283424,10,2.2,18,High,Balance surplus against predicted 72-hour stockout risk
2026-09-17,29028,29087,7,0.0,13,High,Balance surplus against predicted 72-hour stockout risk
2026-09-17,15003,280367,8,1.34,17,High,Balance surplus against predicted 72-hour stockout risk
2026-09-17,97101,97128,8,2.52,13,High,Balance surplus against predicted 72-hour stockout risk
2026-09-17,622,659,8,1.15,16,High,Balance surplus against predicted 72-hour stockout risk
2026-09-17,284635,16140,10,3.47,14,High,Balance surplus against predicted 72-hour stockout risk
2026-09-17,1518,23102,6,0.0,16,High,Balance surplus against predicted 72-hour stockout risk
2026-09-17,283997,30257,6,0.0,13,High,Balance surplus against predicted 72-hour stockout risk
2026-09-17,283954,281493,11,2.02,16,High,Balance surplus against predicted 72-hour stockout risk
2026-09-17,283629,285187,7,3.02,22,High,Balance surplus against predicted 72-hour stockout risk
2026-09-17,728,1731,5,0.0,13,High,Balance surplus against predicted 72-hour stockout risk
2026-09-17,283831,28043,5,4.79,24,High,Balance surplus against predicted 72-hour stockout risk
2026-09-17,282610,14010,8,2.54,13,High,Balance surplus against predicted 72-hour stockout risk
2026-09-17,284976,99173,5,1.84,12,High,Balance surplus against predicted 72-hour stockout risk
2026-09-17,18195,282570,7,3.29,19,High,Balance surplus against predicted 72-hour stockout risk
2026-09-17,285242,30013,5,21.4,46,High,Balance surplus against predicted 72-hour stockout risk
2026-09-17,284841,282944,7,2.98,19,High,Balance surplus against predicted 72-hour stockout risk
2026-09-17,281314,2829,7,6.34,24,High,Balance surplus against predicted 72-hour stockout risk
2026-09-17,284584,28104,8,3.06,19,High,Balance surplus against predicted 72-hour stockout risk
2026-09-17,284200,36106,8,1.08,18,High,Balance surplus against predicted 72-hour stockout risk
2026-09-17,703,283226,8,85.21,160,High,Balance surplus against predicted 72-hour stockout risk
2026-09-17,284796,15029,7,0.65,12,High,Balance surplus against predicted 72-hour stockout risk
2026-09-17,284479,283438,5,0.6,14,High,Balance surplus against predicted 72-hour stockout risk
2026-09-17,284240,283675,6,0.65,10,High,Balance surplus against predicted 72-hour stockout risk
2026-09-17,29022,283591,9,0.0,16,High,Balance surplus against predicted 72-hour stockout risk
2026-09-17,283503,280920,6,1.14,15,High,Balance surplus against predicted 72-hour stockout risk
2026-09-17,280931,282624,7,0.35,10,High,Balance surplus against predicted 72-hour stockout risk
2026-09-17,872,823,7,1.23,16,High,Balance surplus against predicted 72-hour stockout risk
2026-09-17,284511,283667,9,2.29,16,High,Balance surplus against predicted 72-hour stockout risk
2026-09-17,285046,283741,9,1.29,12,High,Balance surplus against predicted 72-hour stockout risk
2026-09-17,284334,280561,5,2.34,16,High,Balance surplus against predicted 72-hour stockout risk
2026-09-17,7005,7016,16,2.39,18,High,Balance surplus against predicted 72-hour stockout risk
2026-09-17,283939,282681,5,1.23,19,High,Balance surplus against predicted 72-hour stockout risk
2026-09-17,10113,10126,5,53.83,101,High,Balance surplus against predicted 72-hour stockout risk
2026-09-17,99152,99144,6,0.0,14,High,Balance surplus against predicted 72-hour stockout risk
2026-09-17,22155,280435,6,0.0,17,High,Balance surplus against predicted 72-hour stockout risk
2026-09-17,99182,284500,7,0.0,11,High,Balance surplus against predicted 72-hour stockout risk
2026-09-17,99227,795,5,0.0,9,High,Balance surplus against predicted 72-hour stockout risk
2026-09-17,284013,96110,8,5.06,23,High,Balance surplus against predicted 72-hour stockout risk
2026-09-17,28066,28061,7,1.74,17,High,Balance surplus against predicted 72-hour stockout risk
2026-09-17,284267,284740,6,2.14,11,High,Balance surplus against predicted 72-hour stockout risk
2026-09-17,28129,283520,9,25.46,63,High,Balance surplus against predicted 72-hour stockout risk
2026-09-17,284308,99151,6,2.11,14,High,Balance surplus against predicted 72-hour stockout risk
2026-09-17,99120,1765,8,0.72,13,High,Balance surplus against predicted 72-hour stockout risk
2026-09-17,98115,28077,10,3.21,15,High,Balance surplus against predicted 72-hour stockout risk
2026-09-17,23013,34103,9,3.15,18,High,Balance surplus against predicted 72-hour stockout risk
2026-09-17,285122,281063,7,7.58,27,High,Balance surplus against predicted 72-hour stockout risk
2026-09-17,280371,15147,7,0.35,10,High,Balance surplus against predicted 72-hour stockout risk
2026-09-17,36133,36103,8,1.07,14,High,Balance surplus against predicted 72-hour stockout risk
2026-09-17,283669,284241,7,1.05,10,High,Balance surplus against predicted 72-hour stockout risk
2026-09-17,28112,282640,7,12.18,34,High,Balance surplus against predicted 72-hour stockout risk
2026-09-17,93105,94152,13,6.67,25,High,Balance surplus against predicted 72-hour stockout risk
2026-09-17,587,23115,10,22.04,44,High,Balance surplus against predicted 72-hour stockout risk
2026-09-17,15156,15140,9,2.93,18,High,Balance surplus against predicted 72-hour stockout risk
2026-09-17,283379,283845,6,1.96,17,High,Balance surplus against predicted 72-hour stockout risk
2026-09-17,28067,98104,8,0.0,15,High,Balance surplus against predicted 72-hour stockout risk
2026-09-17,285258,10125,24,8.52,27,High,Balance surplus against predicted 72-hour stockout risk
2026-09-17,283441,284185,6,0.0,10,High,Balance surplus against predicted 72-hour stockout risk
2026-09-17,282574,284201,8,2.46,14,High,Balance surplus against predicted 72-hour stockout risk
2026-09-17,889,282583,5,0.9,13,High,Balance surplus against predicted 72-hour stockout risk
2026-09-17,284134,284563,5,3.28,22,High,Balance surplus against predicted 72-hour stockout risk
2026-09-17,625,650,6,0.98,19,High,Balance surplus against predicted 72-hour stockout risk
2026-09-17,16066,280907,6,12.83,33,High,Balance surplus against predicted 72-hour stockout risk
2026-09-17,15145,29114,6,7.09,30,High,Balance surplus against predicted 72-hour stockout risk
2026-09-17,284601,16104,6,0.16,18,High,Balance surplus against predicted 72-hour stockout risk
2026-09-17,284348,36110,7,2.02,12,High,Balance surplus against predicted 72-hour stockout risk
2026-09-17,16030,285060,7,13.09,38,High,Balance surplus against predicted 72-hour stockout risk
2026-09-17,16123,282807,6,5.39,19,High,Balance surplus against predicted 72-hour stockout risk
2026-09-17,26006,285330,7,1.44,11,High,Balance surplus against predicted 72-hour stockout risk
2026-09-17,284218,281516,7,4.19,18,High,Balance surplus against predicted 72-hour stockout risk
2026-09-17,282729,280731,7,1.24,14,High,Balance surplus against predicted 72-hour stockout risk
2026-09-17,28086,283673,5,0.0,9,High,Balance surplus against predicted 72-hour stockout risk
2026-09-17,1701,283630,5,0.33,18,High,Balance surplus against predicted 72-hour stockout risk
2026-09-17,15167,15078,8,1.88,14,High,Balance surplus against predicted 72-hour stockout risk
2026-09-17,2924,283481,7,1.12,11,High,Balance surplus against predicted 72-hour stockout risk
2026-09-17,29097,283534,8,1.1,20,High,Balance surplus against predicted 72-hour stockout risk
2026-09-17,281496,284679,7,9.58,30,High,Balance surplus against predicted 72-hour stockout risk
2026-09-17,16038,16053,13,1.65,19,High,Balance surplus against predicted 72-hour stockout risk
2026-09-17,285243,15016,5,2.2,16,High,Balance surplus against predicted 72-hour stockout risk
2026-09-17,284274,284273,9,2.12,20,High,Balance surplus against predicted 72-hour stockout risk
2026-09-17,283472,30008,10,1.09,11,High,Balance surplus against predicted 72-hour stockout risk
2026-09-17,282690,30016,7,0.0,9,High,Balance surplus against predicted 72-hour stockout risk
2026-09-17,283869,284233,9,1.97,17,High,Balance surplus against predicted 72-hour stockout risk
2026-09-17,6003,6001,8,5.94,18,High,Balance surplus against predicted 72-hour stockout risk
2026-09-17,18241,27127,11,79.85,139,High,Balance surplus against predicted 72-hour stockout risk
2026-09-17,635,614,6,1.75,19,High,Balance surplus against predicted 72-hour stockout risk
2026-09-17,634,280306,10,0.91,12,High,Balance surplus against predicted 72-hour stockout risk
2026-09-17,280516,18115,5,1.44,10,High,Balance surplus against predicted 72-hour stockout risk
2026-09-17,284676,284677,6,1.76,18,High,Balance surplus against predicted 72-hour stockout risk
2026-09-17,283309,284439,7,0.54,13,High,Balance surplus against predicted 72-hour stockout risk
2026-09-17,285050,33107,9,1.35,19,High,Balance surplus against predicted 72-hour stockout risk
2026-09-17,280273,283384,9,0.86,17,High,Balance surplus against predicted 72-hour stockout risk
2026-09-17,280659,30196,7,5.04,22,High,Balance surplus against predicted 72-hour stockout risk
2026-09-17,10170,283184,7,3.53,15,High,Balance surplus against predicted 72-hour stockout risk
2026-09-17,281530,28109,5,2.0,18,High,Balance surplus against predicted 72-hour stockout risk
2026-09-17,284518,280323,6,1.71,13,High,Balance surplus against predicted 72-hour stockout risk
2026-09-17,715,280207,8,0.07,10,High,Balance surplus against predicted 72-hour stockout risk
2026-09-17,18108,27119,8,0.04,8,High,Balance surplus against predicted 72-hour stockout risk
2026-09-17,2835,283726,8,0.0,15,High,Balance surplus against predicted 72-hour stockout risk
2026-09-17,1802,24106,6,0.83,12,High,Balance surplus against predicted 72-hour stockout risk
2026-09-17,16100,16094,12,1.87,20,High,Balance surplus against predicted 72-hour stockout risk
2026-09-17,280627,284006,5,0.38,13,High,Balance surplus against predicted 72-hour stockout risk
2026-09-17,284191,280617,10,2.51,18,High,Balance surplus against predicted 72-hour stockout risk
2026-09-17,15182,284828,8,0.0,13,High,Balance surplus against predicted 72-hour stockout risk
2026-09-17,283473,4007,5,2.97,17,High,Balance surplus against predicted 72-hour stockout risk
2026-09-17,285325,283223,10,4.02,23,High,Balance surplus against predicted 72-hour stockout risk
2026-09-17,283789,283444,6,2.49,15,High,Balance surplus against predicted 72-hour stockout risk
2026-09-17,32077,32052,5,59.09,86,High,Balance surplus against predicted 72-hour stockout risk
2026-09-17,15031,283504,5,1.69,20,High,Balance surplus against predicted 72-hour stockout risk
2026-09-17,280752,283318,5,1.02,12,High,Balance surplus against predicted 72-hour stockout risk
2026-09-17,280747,283364,6,3.05,19,High,Balance surplus against predicted 72-hour stockout risk
2026-09-17,283385,28060,5,0.74,19,High,Balance surplus against predicted 72-hour stockout risk
2026-09-17,32059,32015,5,4.88,25,High,Balance surplus against predicted 72-hour stockout risk
2026-09-17,280614,280620,5,0.55,9,High,Balance surplus against predicted 72-hour stockout risk
2026-09-17,284909,93106,5,0.97,19,High,Balance surplus against predicted 72-hour stockout risk
2026-09-17,98107,285054,5,0.93,15,High,Balance surplus against predicted 72-hour stockout risk
2026-09-17,16032,16033,5,3.6,13,High,Balance surplus against predicted 72-hour stockout risk
2026-09-17,284802,612,5,2.56,21,High,Balance surplus against predicted 72-hour stockout risk
2026-09-17,284356,283731,5,7.01,26,High,Balance surplus against predicted 72-hour stockout risk
2026-09-17,284799,282747,5,4.89,19,High,Balance surplus against predicted 72-hour stockout risk
2026-09-17,284243,280510,5,1.26,16,High,Balance surplus against predicted 72-hour stockout risk
2026-09-17,281323,284593,6,0.46,14,High,Balance surplus against predicted 72-hour stockout risk
2026-09-17,2935,280437,3,9.9,25,High,Balance surplus against predicted 72-hour stockout risk
2026-09-17,18173,18170,7,5.99,24,High,Balance surplus against predicted 72-hour stockout risk
2026-09-17,282562,18048,6,0.0,15,High,Balance surplus against predicted 72-hour stockout risk
2026-09-17,280146,27160,5,2.12,13,High,Balance surplus against predicted 72-hour stockout risk
2026-09-17,281225,283209,5,5.28,24,High,Balance surplus against predicted 72-hour stockout risk
2026-09-17,23111,23164,5,0.0,10,High,Balance surplus against predicted 72-hour stockout risk
2026-09-17,27062,94116,10,0.0,12,High,Balance surplus against predicted 72-hour stockout risk
2026-09-17,33124,30154,10,0.99,15,High,Balance surplus against predicted 72-hour stockout risk
2026-09-17,30229,30005,8,1.3,10,High,Balance surplus against predicted 72-hour stockout risk
2026-09-17,283341,283399,10,4.27,19,High,Balance surplus against predicted 72-hour stockout risk
2026-09-17,16128,282802,5,0.0,15,High,Balance surplus against predicted 72-hour stockout risk
2026-09-17,282630,284688,7,2.19,11,High,Balance surplus against predicted 72-hour stockout risk
2026-09-17,283633,285180,7,4.09,25,High,Balance surplus against predicted 72-hour stockout risk
2026-09-17,24140,284971,8,2.43,13,High,Balance surplus against predicted 72-hour stockout risk
2026-09-17,30245,30048,6,8.38,23,High,Balance surplus against predicted 72-hour stockout risk
2026-09-17,283996,284546,6,2.68,14,High,Balance surplus against predicted 72-hour stockout risk
2026-09-17,280738,18055,5,1.33,19,High,Balance surplus against predicted 72-hour stockout risk
2026-09-17,284342,702,6,0.74,19,High,Balance surplus against predicted 72-hour stockout risk
2026-09-17,283510,29108,6,0.0,15,High,Balance surplus against predicted 72-hour stockout risk
2026-09-17,284498,18267,5,4.94,22,High,Balance surplus against predicted 72-hour stockout risk
2026-09-17,284057,282719,5,7.4,23,High,Balance surplus against predicted 72-hour stockout risk
2026-09-17,284614,16095,9,3.09,21,High,Balance surplus against predicted 72-hour stockout risk
2026-09-17,30072,30001,5,0.0,17,High,Balance surplus against predicted 72-hour stockout risk
2026-09-17,285224,738,7,1.91,17,High,Balance surplus against predicted 72-hour stockout risk
2026-09-17,28001,28071,5,2.48,16,High,Balance surplus against predicted 72-hour stockout risk
2026-09-17,282630,281595,2,4.45,18,High,Balance surplus against predicted 72-hour stockout risk
2026-09-17,284309,284183,9,1.46,20,High,Balance surplus against predicted 72-hour stockout risk
2026-09-17,847,821,6,1.23,15,High,Balance surplus against predicted 72-hour stockout risk
2026-09-17,284314,95105,2,0.26,14,High,Balance surplus against predicted 72-hour stockout risk
2026-09-17,27045,283586,6,3.97,17,High,Balance surplus against predicted 72-hour stockout risk
2026-09-17,4044,283474,6,1.18,19,High,Balance surplus against predicted 72-hour stockout risk
2026-09-17,284055,30248,5,4.7,15,High,Balance surplus against predicted 72-hour stockout risk
2026-09-17,284644,280209,11,3.44,20,High,Balance surplus against predicted 72-hour stockout risk
2026-09-18,284007,285172,9,2.0,14,High,Balance surplus against predicted 72-hour stockout risk
2026-09-18,280383,285238,5,8.54,26,High,Balance surplus against predicted 72-hour stockout risk
2026-09-18,99222,99224,6,1.01,11,High,Balance surplus against predicted 72-hour stockout risk
2026-09-18,280704,284412,8,1.57,16,High,Balance surplus against predicted 72-hour stockout risk
2026-09-18,99201,99233,7,3.53,13,High,Balance surplus against predicted 72-hour stockout risk
2026-09-18,30173,282699,8,2.36,14,High,Balance surplus against predicted 72-hour stockout risk
2026-09-18,281752,281768,5,2.33,13,High,Balance surplus against predicted 72-hour stockout risk
2026-09-18,10133,10159,5,0.0,14,High,Balance surplus against predicted 72-hour stockout risk
2026-09-18,12012,12005,5,8.93,29,High,Balance surplus against predicted 72-hour stockout risk
2026-09-18,284058,285277,5,0.0,15,High,Balance surplus against predicted 72-hour stockout risk
2026-09-18,283920,30092,5,3.45,15,High,Balance surplus against predicted 72-hour stockout risk
2026-09-18,18102,18105,5,1.43,14,High,Balance surplus against predicted 72-hour stockout risk
2026-09-18,284380,285154,5,1.09,11,High,Balance surplus against predicted 72-hour stockout risk
2026-09-18,284961,280535,5,1.54,12,High,Balance surplus against predicted 72-hour stockout risk
2026-09-18,284689,284687,6,2.13,12,High,Balance surplus against predicted 72-hour stockout risk
2026-09-18,283666,94159,5,0.99,17,High,Balance surplus against predicted 72-hour stockout risk
2026-09-18,284287,284205,6,0.62,16,High,Balance surplus against predicted 72-hour stockout risk
2026-09-18,2901,2887,7,0.0,13,High,Balance surplus against predicted 72-hour stockout risk
2026-09-18,7032,283895,5,1.03,13,Medium,Balance surplus against predicted 72-hour stockout risk
2026-09-18,284769,738,5,0.77,16,Medium,Balance surplus against predicted 72-hour stockout risk
2026-09-18,1824,283224,5,1.36,12,Medium,Balance surplus against predicted 72-hour stockout risk
2026-09-18,29081,29087,5,0.0,8,Medium,Balance surplus against predicted 72-hour stockout risk
