source_bank,destination_bank,distance_km,travel_time_min,vehicle_id,capacity,refrigerated
280695,31003,9.2,28,VH-280695-1,60,True
280695,32050,1517.12,2201,VH-280695-2,48,True
280695,32014,1517.12,2063,VH-280695-3,24,True
31003,280695,9.2,32,VH-31003-1,36,True
31003,32050,1525.73,2568,VH-31003-2,36,True
31003,32048,1525.73,2154,VH-31003-3,48,True
281675,284578,0.56,16,VH-281675-1,24,True
281675,281681,1.02,17,VH-281675-2,60,True
281675,284879,1.91,18,VH-281675-3,36,True
281681,281675,1.02,12,VH-281681-1,36,True
281681,284578,1.57,14,VH-281681-2,48,True
281681,284879,1.58,14,VH-281681-3,24,True
281691,283353,0.0,10,VH-281691-1,36,True
281691,2828,0.0,8,VH-281691-2,48,True
281691,2807,0.0,15,VH-281691-3,36,True
284578,281675,0.56,13,VH-284578-1,24,True
284578,281681,1.57,20,VH-284578-2,60,True
284578,284879,2.16,15,VH-284578-3,36,True
285058,284578,2.19,18,VH-285058-1,24,True
285058,281675,2.74,22,VH-285058-2,36,True
285058,284879,3.59,21,VH-285058-3,36,True
2811,2927,0.91,15,VH-2811-1,60,True
2811,285223,1.29,17,VH-2811-2,48,True
2811,28139,1.89,11,VH-2811-3,60,True
281656,281518,1.42,15,VH-281656-1,48,True
281656,28147,2.32,19,VH-281656-2,24,True
281656,284582,2.42,14,VH-281656-3,48,True
281661,284664,1.38,17,VH-281661-1,24,True
281661,281320,1.63,14,VH-281661-2,48,True
281661,28147,1.87,13,VH-281661-3,24,True
283773,280901,2.03,17,VH-283773-1,48,True
283773,284580,2.95,17,VH-283773-2,60,True
283773,285331,3.01,12,VH-283773-3,36,True
284580,28139,2.26,16,VH-284580-1,36,True
284580,283773,2.95,19,VH-284580-2,60,True
284580,285331,3.47,20,VH-284580-3,24,True
284581,284663,2.11,18,VH-284581-1,36,True
284581,285223,2.2,21,VH-284581-2,48,True
284581,284588,2.27,18,VH-284581-3,60,True
285223,2811,1.29,19,VH-285223-1,36,True
285223,2927,2.17,19,VH-285223-2,36,True
285223,284581,2.2,17,VH-285223-3,24,True
285331,285309,1.38,11,VH-285331-1,36,True
285331,28139,1.51,19,VH-285331-2,24,True
285331,2927,1.51,20,VH-285331-3,24,True
280920,283963,0.35,14,VH-280920-1,24,True
280920,284336,0.55,15,VH-280920-2,48,True
280920,283503,1.14,17,VH-280920-3,24,True
281306,281338,0.52,9,VH-281306-1,60,True
281306,283466,1.14,10,VH-281306-2,36,True
281306,281332,1.41,13,VH-281306-3,48,True
281308,284558,0.49,14,VH-281308-1,24,True
281308,281312,2.09,11,VH-281308-2,36,True
281308,284336,2.27,18,VH-281308-3,24,True
281309,284692,1.09,12,VH-281309-1,60,True
281309,285308,1.25,11,VH-281309-2,48,True
281309,285097,1.78,21,VH-281309-3,36,True
281312,281308,2.09,19,VH-281312-1,36,True
281312,284558,2.48,22,VH-281312-2,36,True
281312,284694,3.66,22,VH-281312-3,60,True
28149,2877,0.0,9,VH-28149-1,24,True
28149,2867,0.0,11,VH-28149-2,48,True
28149,285327,0.0,14,VH-28149-3,48,True
282620,280938,1.43,13,VH-282620-1,36,True
282620,2906,2.21,18,VH-282620-2,60,True
282620,28113,2.21,16,VH-282620-3,60,True
282646,281309,3.67,23,VH-282646-1,24,True
282646,282628,3.67,15,VH-282646-2,60,True
282646,283962,3.97,17,VH-282646-3,48,True
282824,283503,0.61,10,VH-282824-1,60,True
282824,283794,1.44,16,VH-282824-2,60,True
282824,280920,1.69,15,VH-282824-3,48,True
283503,282824,0.61,18,VH-283503-1,24,True
283503,280920,1.14,15,VH-283503-2,48,True
283503,283963,1.47,15,VH-283503-3,24,True
283515,283968,2.24,16,VH-283515-1,48,True
283515,28132,4.71,19,VH-283515-2,60,True
283515,283466,5.69,23,VH-283515-3,60,True
2842,2906,0.0,12,VH-2842-1,48,True
2842,28113,0.0,14,VH-2842-2,60,True
2842,2841,0.0,8,VH-2842-3,24,True
284558,281308,0.49,10,VH-284558-1,24,True
284558,284336,2.02,15,VH-284558-2,24,True
284558,283484,2.07,14,VH-284558-3,24,True
284661,28149,0.94,15,VH-284661-1,24,True
284661,2867,0.94,15,VH-284661-2,60,True
284661,2877,0.94,18,VH-284661-3,36,True
280924,284662,1.79,12,VH-280924-1,60,True
280924,281771,4.24,16,VH-280924-2,36,True
280924,283342,6.65,18,VH-280924-3,36,True
281771,283342,2.53,14,VH-281771-1,36,True
281771,284662,2.57,19,VH-281771-2,24,True
281771,280924,4.24,19,VH-281771-3,24,True
281772,280924,8.44,31,VH-281772-1,60,True
281772,284662,8.93,23,VH-281772-2,60,True
281772,281771,9.0,25,VH-281772-3,60,True
283342,281771,2.53,14,VH-283342-1,48,True
283342,284662,5.08,17,VH-283342-2,24,True
283342,280924,6.65,25,VH-283342-3,24,True
283353,281691,0.0,12,VH-283353-1,48,True
283353,2828,0.0,18,VH-283353-2,36,True
283353,2807,0.0,14,VH-283353-3,60,True
283814,28142,0.0,14,VH-283814-1,60,True
283814,281474,0.0,14,VH-283814-2,48,True
283814,2929,65.94,126,VH-283814-3,36,True
284662,280924,1.79,12,VH-284662-1,24,True
284662,281771,2.57,21,VH-284662-2,48,True
284662,283342,5.08,21,VH-284662-3,24,True
280932,281518,2.03,14,VH-280932-1,24,True
280932,281656,2.55,20,VH-280932-2,36,True
280932,2869,2.97,14,VH-280932-3,24,True
28116,281738,0.74,12,VH-28116-1,36,True
28116,285229,1.18,11,VH-28116-2,60,True
28116,283563,1.36,19,VH-28116-3,24,True
28147,284664,0.56,17,VH-28147-1,60,True
28147,284663,1.37,12,VH-28147-2,48,True
28147,284582,1.51,13,VH-28147-3,24,True
281518,281656,1.42,12,VH-281518-1,36,True
281518,280932,2.03,12,VH-281518-2,24,True
281518,281661,2.34,14,VH-281518-3,60,True
283867,284663,1.04,10,VH-283867-1,48,True
283867,281320,1.21,13,VH-283867-2,48,True
283867,285056,1.31,12,VH-283867-3,48,True
284582,28147,1.51,14,VH-284582-1,60,True
284582,284664,2.07,12,VH-284582-2,48,True
284582,284663,2.1,12,VH-284582-3,48,True
284663,283867,1.04,10,VH-284663-1,36,True
284663,28147,1.37,12,VH-284663-2,36,True
284663,284664,1.41,14,VH-284663-3,60,True
285056,281320,0.41,14,VH-285056-1,24,True
285056,283867,1.31,20,VH-285056-2,36,True
285056,281661,1.97,14,VH-285056-3,60,True
285221,285319,2.28,17,VH-285221-1,60,True
285221,281537,5.0,25,VH-285221-2,24,True
285221,280932,5.49,25,VH-285221-3,36,True
285229,281738,0.51,18,VH-285229-1,36,True
285229,28116,1.18,11,VH-285229-2,60,True
285229,283563,1.87,18,VH-285229-3,60,True
285309,284588,0.92,17,VH-285309-1,48,True
285309,2927,1.2,17,VH-285309-2,24,True
285309,285331,1.38,19,VH-285309-3,60,True
285319,285221,2.28,19,VH-285319-1,48,True
285319,280932,3.39,17,VH-285319-2,36,True
285319,281518,4.03,15,VH-285319-3,24,True
280921,281316,2.67,18,VH-280921-1,60,True
280921,2829,3.54,16,VH-280921-2,24,True
280921,284591,4.09,17,VH-280921-3,24,True
281313,284591,1.43,12,VH-281313-1,60,True
281313,281314,2.52,13,VH-281313-2,36,True
281313,2829,3.86,20,VH-281313-3,48,True
281314,281313,2.52,20,VH-281314-1,24,True
281314,284591,3.9,16,VH-281314-2,24,True
281314,2829,6.34,24,VH-281314-3,36,True
281315,2829,1.5,17,VH-281315-1,48,True
281315,284591,3.34,13,VH-281315-2,60,True
281315,281316,3.71,19,VH-281315-3,36,True
281316,280921,2.67,17,VH-281316-1,24,True
281316,2829,2.83,13,VH-281316-2,60,True
281316,281315,3.71,19,VH-281316-3,36,True
28142,283814,0.0,10,VH-28142-1,48,True
28142,281474,0.0,8,VH-28142-2,60,True
28142,2929,65.94,139,VH-28142-3,60,True
2829,281315,1.5,19,VH-2829-1,36,True
2829,284591,2.45,13,VH-2829-2,24,True
2829,281316,2.83,21,VH-2829-3,60,True
284591,281313,1.43,11,VH-284591-1,48,True
284591,2829,2.45,20,VH-284591-2,24,True
284591,281315,3.34,18,VH-284591-3,36,True
2901,2881,0.0,12,VH-2901-1,48,True
2901,2887,0.0,13,VH-2901-2,48,True
2901,2894,0.0,12,VH-2901-3,60,True
280902,284399,1.98,15,VH-280902-1,60,True
280902,283444,3.36,16,VH-280902-2,36,True
280902,2901,5.02,20,VH-280902-3,48,True
280926,2901,1.13,12,VH-280926-1,48,True
280926,2881,1.13,11,VH-280926-2,36,True
280926,2887,1.13,16,VH-280926-3,48,True
280929,284598,3.25,23,VH-280929-1,60,True
280929,284963,4.75,17,VH-280929-2,48,True
280929,283789,5.2,27,VH-280929-3,24,True
283444,283789,2.49,14,VH-283444-1,48,True
283444,284963,2.8,22,VH-283444-2,24,True
283444,280926,2.91,14,VH-283444-3,24,True
283789,284963,0.47,10,VH-283789-1,24,True
283789,283444,2.49,15,VH-283789-2,60,True
283789,280926,3.76,16,VH-283789-3,48,True
284399,280902,1.98,15,VH-284399-1,36,True
284399,283444,4.06,22,VH-284399-2,60,True
284399,283789,5.75,25,VH-284399-3,36,True
284586,2901,4.45,15,VH-284586-1,24,True
284586,2881,4.45,21,VH-284586-2,36,True
284586,2887,4.45,24,VH-284586-3,60,True
284598,280929,3.25,16,VH-284598-1,36,True
284598,284963,6.61,23,VH-284598-2,36,True
284598,283789,6.96,23,VH-284598-3,60,True
284669,284672,2.83,15,VH-284669-1,24,True
284669,284670,3.62,15,VH-284669-2,60,True
284669,280929,6.46,20,VH-284669-3,60,True
284670,284672,3.17,23,VH-284670-1,36,True
284670,284669,3.62,22,VH-284670-2,48,True
284670,284586,6.41,26,VH-284670-3,24,True
284672,284669,2.83,19,VH-284672-1,36,True
284672,284670,3.17,14,VH-284672-2,24,True
284672,284586,8.84,26,VH-284672-3,24,True
284963,283789,0.47,9,VH-284963-1,48,True
284963,283444,2.8,21,VH-284963-2,60,True
284963,280926,3.68,21,VH-284963-3,60,True
2881,2901,0.0,8,VH-2881-1,24,True
2881,2887,0.0,8,VH-2881-2,48,True
2881,2894,0.0,12,VH-2881-3,60,True
28106,284665,1.75,18,VH-28106-1,36,True
28106,281755,5.29,25,VH-28106-2,36,True
28106,283889,5.29,24,VH-28106-3,48,True
281755,284666,2.14,12,VH-281755-1,36,True
281755,284583,2.37,17,VH-281755-2,60,True
281755,283889,3.05,18,VH-281755-3,24,True
2831,2904,0.0,17,VH-2831-1,36,True
2831,284671,50.53,80,VH-2831-2,24,True
2831,2930,58.78,104,VH-2831-3,36,True
283394,283774,1.18,18,VH-283394-1,60,True
283394,284732,2.16,19,VH-283394-2,48,True
283394,284592,3.87,23,VH-283394-3,48,True
283774,283394,1.18,13,VH-283774-1,36,True
283774,284732,2.48,15,VH-283774-2,36,True
283774,284592,3.97,17,VH-283774-3,48,True
283889,284666,1.69,14,VH-283889-1,48,True
283889,281755,3.05,14,VH-283889-2,48,True
283889,284665,3.61,20,VH-283889-3,24,True
284583,284666,2.35,17,VH-284583-1,24,True
284583,281755,2.37,17,VH-284583-2,24,True
284583,283889,4.01,21,VH-284583-3,24,True
284592,283394,3.87,20,VH-284592-1,24,True
284592,283774,3.97,19,VH-284592-2,60,True
284592,2934,5.87,22,VH-284592-3,24,True
284665,28106,1.75,12,VH-284665-1,60,True
284665,283889,3.61,18,VH-284665-2,60,True
284665,281755,3.69,21,VH-284665-3,36,True
284666,283889,1.69,20,VH-284666-1,24,True
284666,281755,2.14,12,VH-284666-2,36,True
284666,284583,2.35,18,VH-284666-3,60,True
284667,2934,0.97,12,VH-284667-1,24,True
284667,2930,1.65,20,VH-284667-2,24,True
284667,284583,4.95,19,VH-284667-3,48,True
284671,2930,8.8,24,VH-284671-1,60,True
284671,284667,8.85,25,VH-284671-2,24,True
284671,2934,9.43,28,VH-284671-3,60,True
284732,283394,2.16,19,VH-284732-1,48,True
284732,283774,2.48,17,VH-284732-2,24,True
284732,284666,4.24,19,VH-284732-3,24,True
2851,2913,0.0,17,VH-2851-1,60,True
2851,2919,12.48,34,VH-2851-2,24,True
2851,285322,15.7,40,VH-2851-3,60,True
2930,284667,1.65,12,VH-2930-1,48,True
2930,2934,2.55,18,VH-2930-2,24,True
2930,284583,6.57,24,VH-2930-3,60,True
2934,284667,0.97,19,VH-2934-1,48,True
2934,2930,2.55,12,VH-2934-2,48,True
2934,284583,4.24,15,VH-2934-3,48,True
2803,28130,50.37,84,VH-2803-1,48,True
2803,285100,50.93,109,VH-2803-2,36,True
2803,281769,54.28,93,VH-2803-3,24,True
280913,285220,3.18,17,VH-280913-1,36,True
280913,282825,3.42,15,VH-280913-2,24,True
280913,281328,3.9,15,VH-280913-3,36,True
280937,282825,2.38,22,VH-280937-1,48,True
280937,281768,2.9,22,VH-280937-2,24,True
280937,282639,3.25,15,VH-280937-3,36,True
281328,282639,1.19,13,VH-281328-1,24,True
281328,285220,1.54,12,VH-281328-2,60,True
281328,282825,1.86,16,VH-281328-3,24,True
28141,28149,0.0,8,VH-28141-1,24,True
28141,2877,0.0,13,VH-28141-2,24,True
28141,2867,0.0,12,VH-28141-3,24,True
281752,284926,0.81,16,VH-281752-1,60,True
281752,281768,2.33,13,VH-281752-2,36,True
281752,282640,3.98,15,VH-281752-3,60,True
281768,282640,1.89,13,VH-281768-1,60,True
281768,284926,1.97,16,VH-281768-2,36,True
281768,281752,2.33,18,VH-281768-3,48,True
282639,281328,1.19,10,VH-282639-1,36,True
282639,282825,2.51,15,VH-282639-2,60,True
282639,285220,2.55,14,VH-282639-3,60,True
282640,281768,1.89,12,VH-282640-1,36,True
282640,280937,3.79,20,VH-282640-2,60,True
282640,284926,3.81,16,VH-282640-3,24,True
282825,281328,1.86,18,VH-282825-1,36,True
282825,280937,2.38,20,VH-282825-2,60,True
282825,282639,2.51,19,VH-282825-3,36,True
2837,283364,5.25,23,VH-2837-1,24,True
2837,280747,7.04,24,VH-2837-2,60,True
2837,28118,7.19,29,VH-2837-3,60,True
2845,2906,0.0,16,VH-2845-1,36,True
2845,2842,0.0,16,VH-2845-2,36,True
2845,28113,0.0,16,VH-2845-3,60,True
284926,281752,0.81,16,VH-284926-1,60,True
284926,281768,1.97,11,VH-284926-2,36,True
284926,280937,3.7,19,VH-284926-3,36,True
285220,281328,1.54,17,VH-285220-1,60,True
285220,282639,2.55,21,VH-285220-2,48,True
285220,282825,2.84,21,VH-285220-3,48,True
2810,282626,2.49,18,VH-2810-1,60,True
2810,284561,2.9,21,VH-2810-2,60,True
2810,284596,3.37,18,VH-2810-3,48,True
28139,2927,1.42,12,VH-28139-1,60,True
28139,285331,1.51,10,VH-28139-2,48,True
28139,2811,1.89,13,VH-28139-3,36,True
282622,282626,2.26,14,VH-282622-1,36,True
282622,2893,2.72,15,VH-282622-2,24,True
282622,284596,3.09,15,VH-282622-3,48,True
282626,282622,2.26,11,VH-282626-1,36,True
282626,2889,2.28,12,VH-282626-2,24,True
282626,2810,2.49,19,VH-282626-3,24,True
283243,283726,0.0,10,VH-283243-1,24,True
283243,28121,0.0,11,VH-283243-2,24,True
283243,2885,0.0,13,VH-283243-3,24,True
283563,28116,1.36,13,VH-283563-1,48,True
283563,281738,1.42,17,VH-283563-2,24,True
283563,284577,1.8,18,VH-283563-3,48,True
283873,283563,2.02,14,VH-283873-1,60,True
283873,284577,2.21,14,VH-283873-2,24,True
283873,28116,3.31,15,VH-283873-3,48,True
284017,283873,5.58,19,VH-284017-1,48,True
284017,2893,6.3,21,VH-284017-2,24,True
284017,284577,7.04,20,VH-284017-3,48,True
2843,281759,39.89,86,VH-2843-1,48,True
2843,28145,50.89,80,VH-2843-2,48,True
2843,284671,53.7,94,VH-2843-3,24,True
284561,2810,2.9,20,VH-284561-1,48,True
284561,281745,3.42,17,VH-284561-2,48,True
284561,281537,3.69,23,VH-284561-3,24,True
284596,2893,1.23,14,VH-284596-1,36,True
284596,284577,2.25,16,VH-284596-2,36,True
284596,282622,3.09,14,VH-284596-3,60,True
2879,2895,3.96,15,VH-2879-1,36,True
2879,2889,4.55,17,VH-2879-2,48,True
2879,282626,6.31,19,VH-2879-3,48,True
2885,283726,0.0,14,VH-2885-1,36,True
2885,28121,0.0,13,VH-2885-2,24,True
2885,283243,0.0,8,VH-2885-3,24,True
2889,2895,0.59,10,VH-2889-1,24,True
2889,282626,2.28,20,VH-2889-2,48,True
2889,282622,3.22,21,VH-2889-3,48,True
2893,284596,1.23,15,VH-2893-1,36,True
2893,284577,2.46,14,VH-2893-2,24,True
2893,282622,2.72,21,VH-2893-3,36,True
2895,2889,0.59,13,VH-2895-1,48,True
2895,282626,2.7,17,VH-2895-2,36,True
2895,282622,3.81,21,VH-2895-3,60,True
2927,2811,0.91,14,VH-2927-1,60,True
2927,285309,1.2,14,VH-2927-2,24,True
2927,28139,1.42,15,VH-2927-3,24,True
280928,283772,0.98,16,VH-280928-1,48,True
280928,285332,1.38,18,VH-280928-2,60,True
280928,284584,3.15,14,VH-280928-3,48,True
28104,281318,2.51,17,VH-28104-1,48,True
28104,284584,3.06,17,VH-28104-2,60,True
28104,284023,3.08,19,VH-28104-3,36,True
28105,284585,0.98,10,VH-28105-1,36,True
28105,284212,3.22,21,VH-28105-2,60,True
28105,283808,4.27,22,VH-28105-3,24,True
281318,284023,2.48,19,VH-281318-1,60,True
281318,28104,2.51,18,VH-281318-2,36,True
281318,285324,2.9,16,VH-281318-3,24,True
281319,284584,4.01,20,VH-281319-1,48,True
281319,285332,6.45,19,VH-281319-2,24,True
281319,280928,6.54,18,VH-281319-3,48,True
283772,280928,0.98,19,VH-283772-1,24,True
283772,285332,1.25,15,VH-283772-2,60,True
283772,283808,3.23,23,VH-283772-3,48,True
283808,284212,2.88,13,VH-283808-1,48,True
283808,283772,3.23,22,VH-283808-2,36,True
283808,280928,3.87,19,VH-283808-3,60,True
284023,285324,1.74,11,VH-284023-1,36,True
284023,281318,2.48,15,VH-284023-2,60,True
284023,28104,3.08,15,VH-284023-3,36,True
284097,284212,3.97,15,VH-284097-1,36,True
284097,283808,5.46,25,VH-284097-2,60,True
284097,284585,7.03,26,VH-284097-3,24,True
284212,283808,2.88,13,VH-284212-1,48,True
284212,28105,3.22,16,VH-284212-2,24,True
284212,284585,3.31,14,VH-284212-3,24,True
284404,284585,5.14,18,VH-284404-1,48,True
284404,28105,5.59,20,VH-284404-2,48,True
284404,285324,6.52,21,VH-284404-3,48,True
284584,28104,3.06,19,VH-284584-1,60,True
284584,280928,3.15,13,VH-284584-2,24,True
284584,285332,3.79,24,VH-284584-3,60,True
284585,28105,0.98,10,VH-284585-1,60,True
284585,284212,3.31,21,VH-284585-2,24,True
284585,283808,4.94,24,VH-284585-3,36,True
2848,285332,6.51,25,VH-2848-1,60,True
2848,283772,7.57,26,VH-2848-2,24,True
2848,280928,7.87,29,VH-2848-3,48,True
285324,284023,1.74,14,VH-285324-1,24,True
285324,281318,2.9,20,VH-285324-2,36,True
285324,28104,4.52,23,VH-285324-3,36,True
285332,283772,1.25,19,VH-285332-1,48,True
285332,280928,1.38,12,VH-285332-2,24,True
285332,284584,3.79,21,VH-285332-3,48,True
2871,28149,0.0,8,VH-2871-1,60,True
2871,2877,0.0,12,VH-2871-2,36,True
2871,2867,0.0,12,VH-2871-3,48,True
2907,283726,0.0,17,VH-2907-1,60,True
2907,28121,0.0,13,VH-2907-2,36,True
2907,2885,0.0,15,VH-2907-3,60,True
280936,282819,3.12,17,VH-280936-1,36,True
280936,284758,3.61,20,VH-280936-2,36,True
280936,284964,3.65,16,VH-280936-3,36,True
28127,284587,7.69,21,VH-28127-1,60,True
28127,285334,7.71,24,VH-28127-2,48,True
28127,28128,8.02,26,VH-28127-3,36,True
28128,284758,2.17,12,VH-28128-1,24,True
28128,282819,3.37,22,VH-28128-2,48,True
28128,285334,3.42,21,VH-28128-3,48,True
28129,283520,25.46,63,VH-28129-1,48,True
28129,28127,64.34,102,VH-28129-2,60,True
28129,281307,65.82,128,VH-28129-3,60,True
28130,281307,6.34,21,VH-28130-1,48,True
28130,281311,14.92,42,VH-28130-2,36,True
28130,282645,15.16,34,VH-28130-3,48,True
2828,281691,0.0,18,VH-2828-1,24,True
2828,283353,0.0,8,VH-2828-2,60,True
2828,2807,0.0,9,VH-2828-3,36,True
282819,284964,0.96,12,VH-282819-1,24,True
282819,285334,1.32,15,VH-282819-2,60,True
282819,280936,3.12,14,VH-282819-3,36,True
283485,283726,0.0,18,VH-283485-1,60,True
283485,28121,0.0,12,VH-283485-2,24,True
283485,2885,0.0,14,VH-283485-3,36,True
284373,285333,5.25,25,VH-284373-1,60,True
284373,280936,6.34,23,VH-284373-2,48,True
284373,284964,6.57,17,VH-284373-3,36,True
284587,285334,5.91,24,VH-284587-1,24,True
284587,284964,6.02,19,VH-284587-2,60,True
284587,282819,6.88,21,VH-284587-3,48,True
284758,28128,2.17,17,VH-284758-1,60,True
284758,280936,3.61,21,VH-284758-2,36,True
284758,282819,3.63,20,VH-284758-3,48,True
284964,282819,0.96,16,VH-284964-1,36,True
284964,285334,1.24,18,VH-284964-2,36,True
284964,280936,3.65,17,VH-284964-3,24,True
285333,280936,4.75,23,VH-285333-1,24,True
285333,284373,5.25,24,VH-285333-2,36,True
285333,282819,7.52,24,VH-285333-3,60,True
285334,284964,1.24,10,VH-285334-1,48,True
285334,282819,1.32,11,VH-285334-2,36,True
285334,28128,3.42,14,VH-285334-3,24,True
2891,283726,0.0,13,VH-2891-1,60,True
2891,28121,0.0,17,VH-2891-2,36,True
2891,2885,0.0,17,VH-2891-3,24,True
280916,28133,0.0,10,VH-280916-1,48,True
280916,28136,0.68,10,VH-280916-2,24,True
280916,282656,1.62,17,VH-280916-3,24,True
28133,280916,0.0,17,VH-28133-1,48,True
28133,28136,0.68,13,VH-28133-2,36,True
28133,282656,1.62,13,VH-28133-3,24,True
28136,28133,0.68,16,VH-28136-1,24,True
28136,280916,0.68,11,VH-28136-2,48,True
28136,2903,1.65,19,VH-28136-3,48,True
281486,283845,2.19,15,VH-281486-1,48,True
281486,284680,2.86,22,VH-281486-2,48,True
281486,282656,3.74,15,VH-281486-3,48,True
281493,283954,2.02,15,VH-281493-1,48,True
281493,284674,2.64,21,VH-281493-2,60,True
281493,280916,2.91,19,VH-281493-3,24,True
281502,285314,1.73,13,VH-281502-1,36,True
281502,283954,3.23,15,VH-281502-2,36,True
281502,281493,4.78,22,VH-281502-3,48,True
281506,2903,0.86,19,VH-281506-1,24,True
281506,284674,1.26,17,VH-281506-2,24,True
281506,284457,1.9,14,VH-281506-3,24,True
282656,28133,1.62,19,VH-282656-1,48,True
282656,280916,1.62,13,VH-282656-2,36,True
282656,284680,1.63,18,VH-282656-3,36,True
283379,283845,1.96,17,VH-283379-1,60,True
283379,284680,2.52,18,VH-283379-2,36,True
283379,28136,3.51,22,VH-283379-3,36,True
283520,28129,25.46,46,VH-283520-1,36,True
283520,28130,41.41,65,VH-283520-2,60,True
283520,281307,42.09,69,VH-283520-3,48,True
283845,284680,1.36,13,VH-283845-1,48,True
283845,283379,1.96,14,VH-283845-2,60,True
283845,281486,2.19,17,VH-283845-3,60,True
283954,285314,1.53,16,VH-283954-1,36,True
283954,281493,2.02,16,VH-283954-2,48,True
283954,281502,3.23,18,VH-283954-3,60,True
284214,281506,2.2,15,VH-284214-1,24,True
284214,2903,2.22,17,VH-284214-2,24,True
284214,28136,3.37,19,VH-284214-3,24,True
284315,284214,4.99,17,VH-284315-1,48,True
284315,281506,5.79,25,VH-284315-2,48,True
284315,284457,5.84,17,VH-284315-3,36,True
284457,284674,1.74,12,VH-284457-1,60,True
284457,281506,1.9,17,VH-284457-2,36,True
284457,2903,2.62,17,VH-284457-3,36,True
284674,281506,1.26,13,VH-284674-1,48,True
284674,2903,1.36,15,VH-284674-2,24,True
284674,284457,1.74,12,VH-284674-3,60,True
284675,281502,102.41,145,VH-284675-1,48,True
284675,285314,103.44,165,VH-284675-2,60,True
284675,284315,103.82,164,VH-284675-3,60,True
284680,283845,1.36,19,VH-284680-1,48,True
284680,282656,1.63,18,VH-284680-2,60,True
284680,28136,2.34,16,VH-284680-3,48,True
285314,283954,1.53,11,VH-285314-1,24,True
285314,281502,1.73,18,VH-285314-2,36,True
285314,281493,3.12,13,VH-285314-3,24,True
2903,281506,0.86,18,VH-2903-1,60,True
2903,284674,1.36,16,VH-2903-2,48,True
2903,28136,1.65,14,VH-2903-3,48,True
2937,283726,0.0,16,VH-2937-1,60,True
2937,28121,0.0,10,VH-2937-2,24,True
2937,2885,0.0,13,VH-2937-3,60,True
2938,283726,0.0,13,VH-2938-1,24,True
2938,28121,0.0,17,VH-2938-2,48,True
2938,2885,0.0,12,VH-2938-3,36,True
284879,281681,1.58,12,VH-284879-1,60,True
284879,283601,1.86,13,VH-284879-2,36,True
284879,28131,1.86,14,VH-284879-3,48,True
285322,283601,2.01,20,VH-285322-1,36,True
285322,28131,2.01,19,VH-285322-2,36,True
285322,283353,2.04,17,VH-285322-3,36,True
2858,281691,0.0,11,VH-2858-1,36,True
2858,283353,0.0,8,VH-2858-2,24,True
2858,2828,0.0,17,VH-2858-3,24,True
280938,282620,1.43,15,VH-280938-1,24,True
280938,2906,1.47,13,VH-280938-2,36,True
280938,2842,1.47,19,VH-280938-3,24,True
28124,283726,0.0,17,VH-28124-1,48,True
28124,28121,0.0,9,VH-28124-2,48,True
28124,2885,0.0,8,VH-28124-3,24,True
28126,2906,0.0,10,VH-28126-1,60,True
28126,2842,0.0,14,VH-28126-2,36,True
28126,28113,0.0,9,VH-28126-3,24,True
28131,283601,0.0,10,VH-28131-1,60,True
28131,284879,1.86,16,VH-28131-2,48,True
28131,283353,1.89,18,VH-28131-3,24,True
28132,282620,3.29,16,VH-28132-1,36,True
28132,281338,4.05,17,VH-28132-2,36,True
28132,283466,4.06,22,VH-28132-3,60,True
281332,283466,1.1,10,VH-281332-1,48,True
281332,281306,1.41,19,VH-281332-2,48,True
281332,285097,1.56,11,VH-281332-3,48,True
281336,282620,4.65,24,VH-281336-1,24,True
281336,2825,4.9,25,VH-281336-2,24,True
281336,28132,5.16,23,VH-281336-3,36,True
281338,281306,0.52,17,VH-281338-1,60,True
281338,283466,1.26,19,VH-281338-2,24,True
281338,28149,1.44,16,VH-281338-3,48,True
2825,280938,2.39,15,VH-2825-1,60,True
2825,282620,2.73,15,VH-2825-2,36,True
2825,283794,3.26,13,VH-2825-3,60,True
282628,283516,0.4,11,VH-282628-1,48,True
282628,285097,2.05,13,VH-282628-2,36,True
282628,283863,2.15,21,VH-282628-3,48,True
283466,281332,1.1,15,VH-283466-1,48,True
283466,281306,1.14,18,VH-283466-2,36,True
283466,281338,1.26,14,VH-283466-3,36,True
283484,284336,1.26,16,VH-283484-1,48,True
283484,283863,1.34,20,VH-283484-2,36,True
283484,283963,1.46,16,VH-283484-3,60,True
283516,282628,0.4,14,VH-283516-1,48,True
283516,283863,1.76,15,VH-283516-2,24,True
283516,285097,2.14,14,VH-283516-3,48,True
283863,283484,1.34,17,VH-283863-1,48,True
283863,283516,1.76,17,VH-283863-2,48,True
283863,284661,2.02,21,VH-283863-3,24,True
283962,284694,1.29,12,VH-283962-1,48,True
283962,283516,2.83,16,VH-283962-2,60,True
283962,282628,2.91,13,VH-283962-3,60,True
283963,284336,0.21,13,VH-283963-1,24,True
283963,280920,0.35,12,VH-283963-2,36,True
283963,283484,1.46,18,VH-283963-3,48,True
283968,283515,2.24,17,VH-283968-1,36,True
283968,283466,3.76,19,VH-283968-2,24,True
283968,281332,4.24,18,VH-283968-3,48,True
284213,283794,2.56,17,VH-284213-1,48,True
284213,282824,3.99,16,VH-284213-2,48,True
284213,283503,4.35,20,VH-284213-3,24,True
284336,283963,0.21,17,VH-284336-1,36,True
284336,280920,0.55,10,VH-284336-2,24,True
284336,283484,1.26,20,VH-284336-3,36,True
284673,2906,1.1,11,VH-284673-1,36,True
284673,2842,1.1,19,VH-284673-2,36,True
284673,28113,1.1,12,VH-284673-3,36,True
284692,285308,0.72,18,VH-284692-1,36,True
284692,281309,1.09,12,VH-284692-2,48,True
284692,285097,2.42,19,VH-284692-3,24,True
284694,283962,1.29,13,VH-284694-1,24,True
284694,284558,2.58,20,VH-284694-2,48,True
284694,281308,2.89,21,VH-284694-3,24,True
285097,281332,1.56,14,VH-285097-1,36,True
285097,281309,1.78,20,VH-285097-2,48,True
285097,285308,1.94,11,VH-285097-3,24,True
285308,284692,0.72,10,VH-285308-1,24,True
285308,281309,1.25,11,VH-285308-2,24,True
285308,285097,1.94,19,VH-285308-3,24,True
2894,2901,0.0,11,VH-2894-1,48,True
2894,2881,0.0,13,VH-2894-2,36,True
2894,2887,0.0,14,VH-2894-3,48,True
2909,28149,0.0,17,VH-2909-1,60,True
2909,2877,0.0,17,VH-2909-2,60,True
2909,2867,0.0,11,VH-2909-3,60,True
281344,284679,1.16,10,VH-281344-1,60,True
281344,284011,3.65,15,VH-281344-2,24,True
281344,284676,4.21,16,VH-281344-3,36,True
281462,284676,3.57,19,VH-281462-1,48,True
281462,284677,4.97,23,VH-281462-2,24,True
281462,281344,5.43,22,VH-281462-3,24,True
281471,284679,3.78,16,VH-281471-1,36,True
281471,281344,4.3,19,VH-281471-2,36,True
281471,284020,5.2,26,VH-281471-3,36,True
281474,28142,0.0,13,VH-281474-1,60,True
281474,283814,0.0,14,VH-281474-2,60,True
281474,2929,65.94,122,VH-281474-3,36,True
281477,281344,5.48,16,VH-281477-1,36,True
281477,281471,6.15,23,VH-281477-2,60,True
281477,284679,6.33,25,VH-281477-3,24,True
281496,281471,6.19,21,VH-281496-1,60,True
281496,281477,7.23,20,VH-281496-2,24,True
281496,284679,9.58,30,VH-281496-3,36,True
282636,284020,3.43,15,VH-282636-1,48,True
282636,284011,7.01,24,VH-282636-2,36,True
282636,284678,7.51,26,VH-282636-3,48,True
284011,284676,2.23,20,VH-284011-1,24,True
284011,284677,2.51,20,VH-284011-2,60,True
284011,284679,2.84,16,VH-284011-3,48,True
284020,282636,3.43,15,VH-284020-1,60,True
284020,281471,5.2,19,VH-284020-2,60,True
284020,284011,6.09,22,VH-284020-3,48,True
2841,2906,0.0,18,VH-2841-1,24,True
2841,2842,0.0,13,VH-2841-2,48,True
2841,28113,0.0,16,VH-2841-3,36,True
284676,284677,1.76,18,VH-284676-1,24,True
284676,284011,2.23,16,VH-284676-2,60,True
284676,284678,2.66,23,VH-284676-3,60,True
284677,284678,0.9,15,VH-284677-1,36,True
284677,284676,1.76,17,VH-284677-2,48,True
284677,284011,2.51,14,VH-284677-3,24,True
284678,284677,0.9,11,VH-284678-1,60,True
284678,284676,2.66,14,VH-284678-2,36,True
284678,284011,3.07,15,VH-284678-3,48,True
284679,281344,1.16,19,VH-284679-1,60,True
284679,284011,2.84,19,VH-284679-2,24,True
284679,281471,3.78,21,VH-284679-3,36,True
2913,2851,0.0,11,VH-2913-1,60,True
2913,2919,12.48,31,VH-2913-2,48,True
2913,285322,15.7,37,VH-2913-3,24,True
280931,282624,0.35,10,VH-280931-1,36,True
280931,2859,0.78,11,VH-280931-2,36,True
280931,284559,1.32,12,VH-280931-3,24,True
280934,284595,1.25,14,VH-280934-1,60,True
280934,282624,1.29,16,VH-280934-2,36,True
280934,2859,1.46,13,VH-280934-3,60,True
281322,284215,1.93,11,VH-281322-1,36,True
281322,284595,2.56,18,VH-281322-2,36,True
281322,284734,3.21,20,VH-281322-3,24,True
281323,284593,0.46,14,VH-281323-1,48,True
281323,284216,2.24,19,VH-281323-2,24,True
281323,284697,2.58,12,VH-281323-3,36,True
282624,280931,0.35,12,VH-282624-1,36,True
282624,2859,0.74,11,VH-282624-2,24,True
282624,280934,1.29,14,VH-282624-3,48,True
283783,284593,10.75,28,VH-283783-1,24,True
283783,281323,11.19,32,VH-283783-2,24,True
283783,284559,11.25,28,VH-283783-3,48,True
284215,281322,1.93,13,VH-284215-1,36,True
284215,284595,2.71,19,VH-284215-2,36,True
284215,284217,3.65,19,VH-284215-3,48,True
284216,281323,2.24,15,VH-284216-1,48,True
284216,284593,2.4,13,VH-284216-2,36,True
284216,284697,3.26,15,VH-284216-3,36,True
284217,284215,3.65,19,VH-284217-1,60,True
284217,281322,3.87,22,VH-284217-2,48,True
284217,284595,6.09,25,VH-284217-3,48,True
284559,280931,1.32,10,VH-284559-1,48,True
284559,282624,1.67,13,VH-284559-2,24,True
284559,2859,1.68,14,VH-284559-3,24,True
284593,281323,0.46,9,VH-284593-1,48,True
284593,284216,2.4,15,VH-284593-2,60,True
284593,284697,3.04,13,VH-284593-3,24,True
284595,280934,1.25,14,VH-284595-1,48,True
284595,284734,2.29,18,VH-284595-2,36,True
284595,282624,2.46,14,VH-284595-3,24,True
284697,284734,1.39,17,VH-284697-1,60,True
284697,2859,2.2,20,VH-284697-2,48,True
284697,281323,2.58,20,VH-284697-3,36,True
284734,284697,1.39,18,VH-284734-1,24,True
284734,280934,1.52,19,VH-284734-2,36,True
284734,2859,1.66,11,VH-284734-3,48,True
2859,282624,0.74,12,VH-2859-1,24,True
2859,280931,0.78,14,VH-2859-2,36,True
2859,280934,1.46,13,VH-2859-3,36,True
281537,281745,0.8,16,VH-281537-1,48,True
281537,281661,3.12,17,VH-281537-2,24,True
281537,285056,3.12,15,VH-281537-3,36,True
281738,285229,0.51,14,VH-281738-1,24,True
281738,28116,0.74,10,VH-281738-2,60,True
281738,283563,1.42,19,VH-281738-3,48,True
281745,281537,0.8,11,VH-281745-1,36,True
281745,285056,3.1,12,VH-281745-2,60,True
281745,281320,3.3,16,VH-281745-3,36,True
284577,283563,1.8,17,VH-284577-1,24,True
284577,28116,2.15,15,VH-284577-2,48,True
284577,283873,2.21,15,VH-284577-3,36,True
284698,285309,1.84,18,VH-284698-1,48,True
284698,285331,1.91,18,VH-284698-2,60,True
284698,285229,1.97,14,VH-284698-3,48,True
2869,280932,2.97,18,VH-2869-1,24,True
2869,281656,3.14,17,VH-2869-2,24,True
2869,281518,3.94,19,VH-2869-3,60,True
280901,283773,2.03,15,VH-280901-1,36,True
280901,284698,2.41,19,VH-280901-2,48,True
280901,285331,2.46,21,VH-280901-3,48,True
281320,285056,0.41,9,VH-281320-1,60,True
281320,283867,1.21,20,VH-281320-2,48,True
281320,281661,1.63,12,VH-281320-3,60,True
284588,285309,0.92,18,VH-284588-1,48,True
284588,2927,1.95,17,VH-284588-2,36,True
284588,284698,1.99,12,VH-284588-3,24,True
284664,28147,0.56,9,VH-284664-1,36,True
284664,281661,1.38,15,VH-284664-2,36,True
284664,284663,1.41,12,VH-284664-3,24,True
280763,284690,3.78,22,VH-280763-1,60,True
280763,284699,5.98,23,VH-280763-2,24,True
280763,281536,9.36,32,VH-280763-3,36,True
28109,281530,2.0,11,VH-28109-1,60,True
28109,284220,5.21,24,VH-28109-2,48,True
28109,283736,5.26,20,VH-28109-3,60,True
28112,282640,12.18,34,VH-28112-1,24,True
28112,281768,13.76,31,VH-28112-2,24,True
28112,281752,14.71,44,VH-28112-3,24,True
28113,2906,0.0,18,VH-28113-1,48,True
28113,2842,0.0,13,VH-28113-2,60,True
28113,2841,0.0,11,VH-28113-3,60,True
281516,281524,1.64,19,VH-281516-1,48,True
281516,284760,2.38,15,VH-281516-2,60,True
281516,284218,4.19,17,VH-281516-3,36,True
281517,284220,0.59,11,VH-281517-1,48,True
281517,281536,0.64,19,VH-281517-2,60,True
281517,281521,3.48,14,VH-281517-3,48,True
281521,285219,1.64,15,VH-281521-1,48,True
281521,281536,3.01,17,VH-281521-2,36,True
281521,281517,3.48,17,VH-281521-3,60,True
281524,284760,0.74,18,VH-281524-1,48,True
281524,281516,1.64,16,VH-281524-2,48,True
281524,284218,2.69,18,VH-281524-3,24,True
281530,28109,2.0,18,VH-281530-1,60,True
281530,281517,5.44,18,VH-281530-2,36,True
281530,284220,5.5,20,VH-281530-3,24,True
281536,281517,0.64,12,VH-281536-1,60,True
281536,284220,0.94,12,VH-281536-2,48,True
281536,281521,3.01,18,VH-281536-3,48,True
283736,285323,1.04,15,VH-283736-1,48,True
283736,284220,4.96,24,VH-283736-2,48,True
283736,28109,5.26,21,VH-283736-3,48,True
284218,284760,2.11,15,VH-284218-1,60,True
284218,281524,2.69,21,VH-284218-2,24,True
284218,281516,4.19,18,VH-284218-3,24,True
284220,281517,0.59,18,VH-284220-1,60,True
284220,281536,0.94,15,VH-284220-2,48,True
284220,284699,3.68,21,VH-284220-3,48,True
284690,284699,3.11,18,VH-284690-1,24,True
284690,280763,3.78,19,VH-284690-2,60,True
284690,281521,5.73,25,VH-284690-3,48,True
284699,284690,3.11,17,VH-284699-1,48,True
284699,281536,3.51,22,VH-284699-2,36,True
284699,284220,3.68,20,VH-284699-3,24,True
284760,281524,0.74,18,VH-284760-1,24,True
284760,284218,2.11,13,VH-284760-2,36,True
284760,281516,2.38,21,VH-284760-3,36,True
285219,281521,1.64,19,VH-285219-1,24,True
285219,281524,4.28,21,VH-285219-2,24,True
285219,284760,4.36,19,VH-285219-3,36,True
285323,283736,1.04,13,VH-285323-1,60,True
285323,284220,4.54,22,VH-285323-2,36,True
285323,284699,4.75,24,VH-285323-3,36,True
2801,284685,1.81,20,VH-2801-1,60,True
2801,282820,1.88,15,VH-2801-2,60,True
2801,2808,2.04,20,VH-2801-3,60,True
280623,284683,3.15,15,VH-280623-1,48,True
280623,284681,3.59,21,VH-280623-2,36,True
280623,284686,3.89,15,VH-280623-3,60,True
2808,284689,0.82,14,VH-2808-1,48,True
2808,2801,2.04,15,VH-2808-2,60,True
2808,284687,2.16,13,VH-2808-3,60,True
281595,285328,2.87,14,VH-281595-1,60,True
281595,284689,3.4,23,VH-281595-2,48,True
281595,284685,3.44,19,VH-281595-3,24,True
282630,284688,2.19,11,VH-282630-1,60,True
282630,285328,4.24,22,VH-282630-2,48,True
282630,281595,4.45,18,VH-282630-3,48,True
282820,284736,0.99,17,VH-282820-1,24,True
282820,284685,1.43,13,VH-282820-2,36,True
282820,2801,1.88,19,VH-282820-3,36,True
2834,2831,71.08,113,VH-2834-1,24,True
2834,2904,71.08,104,VH-2834-2,48,True
2834,284099,75.76,109,VH-2834-3,24,True
284681,280623,3.59,22,VH-284681-1,24,True
284681,284682,4.89,20,VH-284681-2,36,True
284681,284736,5.26,18,VH-284681-3,48,True
284682,284736,4.05,20,VH-284682-1,48,True
284682,284681,4.89,24,VH-284682-2,24,True
284682,282820,4.98,20,VH-284682-3,60,True
284683,284684,2.49,16,VH-284683-1,24,True
284683,284686,2.65,12,VH-284683-2,24,True
284683,280623,3.15,20,VH-284683-3,60,True
284684,284686,1.98,14,VH-284684-1,24,True
284684,284683,2.49,19,VH-284684-2,36,True
284684,2801,3.11,18,VH-284684-3,24,True
284685,282820,1.43,12,VH-284685-1,24,True
284685,2801,1.81,17,VH-284685-2,48,True
284685,284736,2.13,14,VH-284685-3,48,True
284686,284684,1.98,20,VH-284686-1,24,True
284686,2801,2.36,14,VH-284686-2,36,True
284686,284683,2.65,13,VH-284686-3,48,True
284687,284689,2.13,14,VH-284687-1,36,True
284687,2808,2.16,11,VH-284687-2,60,True
284687,2801,3.64,16,VH-284687-3,48,True
284688,282630,2.19,19,VH-284688-1,48,True
284688,281595,3.85,21,VH-284688-2,60,True
284688,285328,5.04,24,VH-284688-3,60,True
284689,2808,0.82,14,VH-284689-1,48,True
284689,284687,2.13,12,VH-284689-2,24,True
284689,284685,2.61,16,VH-284689-3,24,True
284736,282820,0.99,18,VH-284736-1,36,True
284736,284685,2.13,18,VH-284736-2,36,True
284736,2801,2.86,15,VH-284736-3,48,True
285328,281595,2.87,18,VH-285328-1,48,True
285328,282630,4.24,18,VH-285328-2,60,True
285328,284689,4.85,17,VH-285328-3,36,True
2867,28149,0.0,12,VH-2867-1,24,True
2867,285327,0.0,11,VH-2867-2,48,True
2867,2877,0.0,14,VH-2867-3,48,True
2877,28149,0.0,12,VH-2877-1,36,True
2877,285327,0.0,16,VH-2877-2,60,True
2877,2867,0.0,13,VH-2877-3,24,True
2892,280924,58.19,83,VH-2892-1,48,True
2892,281772,58.77,111,VH-2892-2,48,True
2892,284662,59.96,111,VH-2892-3,60,True
281307,28130,6.34,25,VH-281307-1,36,True
281307,281311,8.58,21,VH-281307-2,36,True
281307,282645,10.14,30,VH-281307-3,48,True
281310,284556,3.01,17,VH-281310-1,36,True
281310,2872,4.31,19,VH-281310-2,36,True
281310,281311,5.86,20,VH-281310-3,60,True
281311,284556,3.0,17,VH-281311-1,48,True
281311,2872,4.13,20,VH-281311-2,48,True
281311,281310,5.86,22,VH-281311-3,24,True
282645,281310,7.73,25,VH-282645-1,36,True
282645,284556,8.05,26,VH-282645-2,48,True
282645,281311,8.17,23,VH-282645-3,48,True
283794,282824,1.44,15,VH-283794-1,60,True
283794,283503,1.88,20,VH-283794-2,60,True
283794,280920,2.56,14,VH-283794-3,36,True
284556,2872,2.38,21,VH-284556-1,24,True
284556,281311,3.0,15,VH-284556-2,48,True
284556,281310,3.01,15,VH-284556-3,36,True
2872,284556,2.38,14,VH-2872-1,60,True
2872,281311,4.13,20,VH-2872-2,48,True
2872,281310,4.31,17,VH-2872-3,36,True
2922,28144,2.53,16,VH-2922-1,48,True
2922,2850,4.16,14,VH-2922-2,48,True
2922,2836,37.49,77,VH-2922-3,24,True
28144,2850,1.82,13,VH-28144-1,60,True
28144,2922,2.53,20,VH-28144-2,48,True
28144,2836,39.61,61,VH-28144-3,36,True
281541,284966,5.24,20,VH-281541-1,60,True
281541,284445,7.01,17,VH-281541-2,36,True
281541,284327,7.11,26,VH-281541-3,60,True
281545,284700,1.0,16,VH-281545-1,60,True
281545,282823,1.4,17,VH-281545-2,24,True
281545,281573,1.52,11,VH-281545-3,24,True
281552,284700,1.99,19,VH-281552-1,24,True
281552,285057,2.3,15,VH-281552-2,36,True
281552,284353,2.92,22,VH-281552-3,36,True
281573,282821,0.86,14,VH-281573-1,60,True
281573,281545,1.52,15,VH-281573-2,24,True
281573,284700,1.64,20,VH-281573-3,24,True
281577,282631,2.51,16,VH-281577-1,24,True
281577,282821,2.61,19,VH-281577-2,24,True
281577,284353,2.72,14,VH-281577-3,36,True
282631,281577,2.51,16,VH-282631-1,48,True
282631,282821,5.06,22,VH-282631-2,24,True
282631,284353,5.07,16,VH-282631-3,36,True
282632,28131,2.31,15,VH-282632-1,48,True
282632,283601,2.31,12,VH-282632-2,60,True
282632,285322,3.07,21,VH-282632-3,60,True
282821,281573,0.86,14,VH-282821-1,36,True
282821,284353,2.13,16,VH-282821-2,60,True
282821,284445,2.18,14,VH-282821-3,60,True
282823,284099,1.21,10,VH-282823-1,24,True
282823,281545,1.4,12,VH-282823-2,24,True
282823,284700,2.12,16,VH-282823-3,48,True
284099,282823,1.21,14,VH-284099-1,60,True
284099,281545,2.61,17,VH-284099-2,48,True
284099,284327,2.98,21,VH-284099-3,36,True
284327,284966,1.92,14,VH-284327-1,24,True
284327,284445,2.69,12,VH-284327-2,48,True
284327,282823,2.83,20,VH-284327-3,36,True
284353,282821,2.13,12,VH-284353-1,48,True
284353,281573,2.53,15,VH-284353-2,60,True
284353,281577,2.72,21,VH-284353-3,60,True
284445,282821,2.18,21,VH-284445-1,48,True
284445,281573,2.31,21,VH-284445-2,24,True
284445,284966,2.6,16,VH-284445-3,24,True
284700,281545,1.0,15,VH-284700-1,60,True
284700,281573,1.64,12,VH-284700-2,48,True
284700,281552,1.99,12,VH-284700-3,36,True
284966,284327,1.92,16,VH-284966-1,36,True
284966,284445,2.6,12,VH-284966-2,36,True
284966,282823,4.56,18,VH-284966-3,24,True
2850,28144,1.82,13,VH-2850-1,36,True
2850,2922,4.16,17,VH-2850-2,60,True
2850,2836,41.42,61,VH-2850-3,36,True
285057,281552,2.3,18,VH-285057-1,36,True
285057,284353,3.14,15,VH-285057-2,24,True
285057,284700,4.19,25,VH-285057-3,60,True
2904,2831,0.0,16,VH-2904-1,36,True
2904,284671,50.53,104,VH-2904-2,24,True
2904,2930,58.78,93,VH-2904-3,36,True
280923,284793,0.88,13,VH-280923-1,24,True
280923,284597,2.57,20,VH-280923-2,48,True
280923,2846,2.87,15,VH-280923-3,60,True
281317,284691,0.53,16,VH-281317-1,48,True
281317,281588,2.19,17,VH-281317-2,36,True
281317,2817,2.54,14,VH-281317-3,24,True
281588,2846,0.43,15,VH-281588-1,36,True
281588,284733,1.44,12,VH-281588-2,48,True
281588,284691,1.66,19,VH-281588-3,24,True
281604,284597,3.04,13,VH-281604-1,24,True
281604,2817,4.25,17,VH-281604-2,60,True
281604,284793,4.9,17,VH-281604-3,24,True
281640,283481,1.46,12,VH-281640-1,48,True
281640,2924,2.42,16,VH-281640-2,48,True
281640,284705,2.42,16,VH-281640-3,48,True
2817,281317,2.54,12,VH-2817-1,36,True
2817,284691,2.89,13,VH-2817-2,24,True
2817,284597,3.03,20,VH-2817-3,48,True
283481,2924,1.12,11,VH-283481-1,24,True
283481,284705,1.12,11,VH-283481-2,24,True
283481,281640,1.46,18,VH-283481-3,48,True
283601,28131,0.0,12,VH-283601-1,36,True
283601,284879,1.86,12,VH-283601-2,48,True
283601,281691,1.89,16,VH-283601-3,36,True
283726,28121,0.0,9,VH-283726-1,60,True
283726,2885,0.0,16,VH-283726-2,24,True
283726,283243,0.0,14,VH-283726-3,48,True
284590,281317,3.41,22,VH-284590-1,36,True
284590,2817,3.83,19,VH-284590-2,60,True
284590,284691,3.89,21,VH-284590-3,48,True
284597,284793,1.89,13,VH-284597-1,60,True
284597,280923,2.57,14,VH-284597-2,36,True
284597,2817,3.03,17,VH-284597-3,60,True
2846,281588,0.43,9,VH-2846-1,24,True
2846,284733,1.51,13,VH-2846-2,48,True
2846,284691,2.03,14,VH-2846-3,24,True
284691,281317,0.53,12,VH-284691-1,24,True
284691,281588,1.66,16,VH-284691-2,48,True
284691,2846,2.03,17,VH-284691-3,48,True
284701,284590,5.57,19,VH-284701-1,24,True
284701,284733,5.69,21,VH-284701-2,48,True
284701,281317,6.27,20,VH-284701-3,36,True
284733,281588,1.44,18,VH-284733-1,24,True
284733,2846,1.51,14,VH-284733-2,48,True
284733,284691,2.7,21,VH-284733-3,48,True
284793,280923,0.88,12,VH-284793-1,48,True
284793,284597,1.89,12,VH-284793-2,36,True
284793,2846,3.07,20,VH-284793-3,36,True
285327,28149,0.0,10,VH-285327-1,24,True
285327,2867,0.0,16,VH-285327-2,60,True
285327,2877,0.0,9,VH-285327-3,48,True
2923,2931,1.07,17,VH-2923-1,48,True
2923,284705,3.5,18,VH-2923-2,24,True
2923,2924,3.5,19,VH-2923-3,36,True
2924,284705,0.0,14,VH-2924-1,60,True
2924,283481,1.12,11,VH-2924-2,60,True
2924,281640,2.42,16,VH-2924-3,48,True
2929,280923,6.22,19,VH-2929-1,60,True
2929,281640,6.62,22,VH-2929-2,36,True
2929,284793,6.92,29,VH-2929-3,60,True
2931,2923,1.07,11,VH-2931-1,48,True
2931,284705,2.45,18,VH-2931-2,24,True
2931,2924,2.45,21,VH-2931-3,36,True
2804,281710,12.55,39,VH-2804-1,48,True
2804,281704,14.88,34,VH-2804-2,60,True
2804,284038,16.74,44,VH-2804-3,60,True
280437,28148,1.0,12,VH-280437-1,36,True
280437,2880,1.78,18,VH-280437-2,36,True
280437,2897,3.71,19,VH-280437-3,36,True
280458,283802,0.95,14,VH-280458-1,48,True
280458,280626,1.45,13,VH-280458-2,24,True
280458,283869,1.61,12,VH-280458-3,60,True
280626,280458,1.45,14,VH-280626-1,24,True
280626,283802,1.88,19,VH-280626-2,36,True
280626,282635,2.35,14,VH-280626-3,48,True
28108,284703,2.7,18,VH-28108-1,36,True
28108,283802,3.28,18,VH-28108-2,48,True
28108,2880,3.5,18,VH-28108-3,24,True
28148,2880,0.93,16,VH-28148-1,36,True
28148,280437,1.0,16,VH-28148-2,60,True
28148,2897,2.85,20,VH-28148-3,36,True
2815,2884,0.29,12,VH-2815-1,48,True
2815,2914,0.66,15,VH-2815-2,60,True
2815,283750,2.04,17,VH-2815-3,60,True
281696,284939,3.85,15,VH-281696-1,48,True
281696,284702,4.62,23,VH-281696-2,60,True
281696,284233,6.01,21,VH-281696-3,48,True
282633,284557,2.08,21,VH-282633-1,60,True
282633,284233,3.19,18,VH-282633-2,60,True
282633,284702,3.41,18,VH-282633-3,24,True
282634,283940,0.09,12,VH-282634-1,48,True
282634,284414,2.09,22,VH-282634-2,60,True
282634,284227,2.39,14,VH-282634-3,48,True
282635,2847,1.25,19,VH-282635-1,48,True
282635,280626,2.35,17,VH-282635-2,36,True
282635,2897,2.56,15,VH-282635-3,48,True
283750,2815,2.04,15,VH-283750-1,60,True
283750,2884,2.3,15,VH-283750-2,24,True
283750,2914,2.64,14,VH-283750-3,24,True
283782,284767,1.64,13,VH-283782-1,24,True
283782,283869,2.73,20,VH-283782-2,48,True
283782,284233,2.82,19,VH-283782-3,60,True
283802,280458,0.95,13,VH-283802-1,24,True
283802,280626,1.88,16,VH-283802-2,48,True
283802,283869,2.18,14,VH-283802-3,24,True
283869,280458,1.61,12,VH-283869-1,36,True
283869,284233,1.97,17,VH-283869-2,36,True
283869,283802,2.18,15,VH-283869-3,60,True
283940,282634,0.09,12,VH-283940-1,60,True
283940,284414,2.14,20,VH-283940-2,36,True
283940,284227,2.37,17,VH-283940-3,36,True
284227,284767,1.59,17,VH-284227-1,36,True
284227,283940,2.37,20,VH-284227-2,48,True
284227,282634,2.39,16,VH-284227-3,24,True
284233,283869,1.97,13,VH-284233-1,36,True
284233,284939,2.19,20,VH-284233-2,36,True
284233,283782,2.82,22,VH-284233-3,48,True
284414,282634,2.09,17,VH-284414-1,24,True
284414,283940,2.14,16,VH-284414-2,24,True
284414,284227,4.41,17,VH-284414-3,48,True
284557,282633,2.08,16,VH-284557-1,24,True
284557,2884,2.58,16,VH-284557-2,24,True
284557,2914,2.62,18,VH-284557-3,48,True
2847,282635,1.25,11,VH-2847-1,48,True
2847,280626,3.5,21,VH-2847-2,36,True
2847,2897,3.61,19,VH-2847-3,48,True
284702,282633,3.41,18,VH-284702-1,48,True
284702,284939,3.73,19,VH-284702-2,36,True
284702,281696,4.62,24,VH-284702-3,24,True
284703,28108,2.7,15,VH-284703-1,48,True
284703,283802,4.84,16,VH-284703-2,36,True
284703,280458,5.77,27,VH-284703-3,60,True
284705,2924,0.0,17,VH-284705-1,48,True
284705,283481,1.12,13,VH-284705-2,60,True
284705,281640,2.42,19,VH-284705-3,60,True
284767,284227,1.59,18,VH-284767-1,24,True
284767,283782,1.64,18,VH-284767-2,36,True
284767,2914,3.54,15,VH-284767-3,24,True
284939,284233,2.19,13,VH-284939-1,36,True
284939,283869,3.09,18,VH-284939-2,48,True
284939,282633,3.54,21,VH-284939-3,60,True
2880,28148,0.93,16,VH-2880-1,36,True
2880,280437,1.78,16,VH-2880-2,60,True
2880,2897,1.94,19,VH-2880-3,36,True
2884,2815,0.29,16,VH-2884-1,36,True
2884,2914,0.36,16,VH-2884-2,48,True
2884,283750,2.3,13,VH-2884-3,36,True
2887,2901,0.0,14,VH-2887-1,36,True
2887,2881,0.0,15,VH-2887-2,36,True
2887,2894,0.0,14,VH-2887-3,60,True
2897,2880,1.94,15,VH-2897-1,60,True
2897,282635,2.56,20,VH-2897-2,36,True
2897,280626,2.75,14,VH-2897-3,24,True
2914,2884,0.36,9,VH-2914-1,24,True
2914,2815,0.66,14,VH-2914-2,36,True
2914,284557,2.62,17,VH-2914-3,60,True
2935,282631,7.76,24,VH-2935-1,48,True
2935,281577,9.77,32,VH-2935-2,60,True
2935,280437,9.9,25,VH-2935-3,24,True
280747,28118,2.23,18,VH-280747-1,48,True
280747,283364,3.05,19,VH-280747-2,60,True
280747,285222,4.73,23,VH-280747-3,36,True
28118,283364,2.02,15,VH-28118-1,24,True
28118,280747,2.23,14,VH-28118-2,60,True
28118,285222,3.1,19,VH-28118-3,24,True
28119,281565,1.01,17,VH-28119-1,36,True
28119,285222,2.34,17,VH-28119-2,24,True
28119,281719,2.94,18,VH-28119-3,36,True
28121,283726,0.0,17,VH-28121-1,24,True
28121,2885,0.0,17,VH-28121-2,36,True
28121,283243,0.0,16,VH-28121-3,36,True
281565,28119,1.01,13,VH-281565-1,24,True
281565,281719,2.7,18,VH-281565-2,36,True
281565,285222,3.35,15,VH-281565-3,36,True
281704,281710,2.33,12,VH-281704-1,48,True
281704,284038,2.47,19,VH-281704-2,36,True
281704,281715,3.85,23,VH-281704-3,60,True
281707,281742,1.67,19,VH-281707-1,48,True
281707,281719,2.71,17,VH-281707-2,36,True
281707,283320,2.99,21,VH-281707-3,48,True
281710,281704,2.33,17,VH-281710-1,48,True
281710,284038,4.49,18,VH-281710-2,48,True
281710,281715,5.57,16,VH-281710-3,48,True
281715,281565,3.8,24,VH-281715-1,48,True
281715,281704,3.85,23,VH-281715-2,36,True
281715,28119,4.61,19,VH-281715-3,48,True
281719,281742,1.64,19,VH-281719-1,48,True
281719,281565,2.7,18,VH-281719-2,48,True
281719,281707,2.71,13,VH-281719-3,60,True
281742,281719,1.64,17,VH-281742-1,60,True
281742,281707,1.67,17,VH-281742-2,48,True
281742,281565,3.88,19,VH-281742-3,60,True
283320,281707,2.99,14,VH-283320-1,60,True
283320,281742,4.31,22,VH-283320-2,24,True
283320,281719,5.68,19,VH-283320-3,36,True
283364,28118,2.02,13,VH-283364-1,36,True
283364,280747,3.05,16,VH-283364-2,60,True
283364,281719,4.38,20,VH-283364-3,36,True
2836,2922,37.49,79,VH-2836-1,24,True
2836,28144,39.61,75,VH-2836-2,24,True
2836,2850,41.42,81,VH-2836-3,36,True
284038,281704,2.47,16,VH-284038-1,24,True
284038,2910,2.89,20,VH-284038-2,48,True
284038,28119,3.15,17,VH-284038-3,24,True
285222,2910,2.09,12,VH-285222-1,24,True
285222,28119,2.34,15,VH-285222-2,36,True
285222,28118,3.1,13,VH-285222-3,24,True
2910,285222,2.09,16,VH-2910-1,36,True
2910,284038,2.89,22,VH-2910-2,36,True
2910,28119,3.95,17,VH-2910-3,36,True
2802,2932,0.14,14,VH-2802-1,60,True
2802,281766,1.29,16,VH-2802-2,48,True
2802,285085,2.79,21,VH-2802-3,60,True
28145,284592,23.34,50,VH-28145-1,60,True
28145,283394,26.86,53,VH-28145-2,36,True
28145,2930,27.02,55,VH-28145-3,24,True
281759,284440,25.35,51,VH-281759-1,24,True
281759,2900,26.01,51,VH-281759-2,36,True
281759,285085,26.36,51,VH-281759-3,24,True
281766,2802,1.29,10,VH-281766-1,48,True
281766,2932,1.34,10,VH-281766-2,36,True
281766,285085,1.69,13,VH-281766-3,60,True
281769,2802,3.21,18,VH-281769-1,36,True
281769,2932,3.23,16,VH-281769-2,24,True
281769,281766,4.42,22,VH-281769-3,36,True
282637,284704,0.52,10,VH-282637-1,24,True
282637,284573,1.84,20,VH-282637-2,24,True
282637,284337,2.5,12,VH-282637-3,24,True
284337,284605,0.64,11,VH-284337-1,36,True
284337,284573,1.05,18,VH-284337-2,60,True
284337,284704,1.99,17,VH-284337-3,24,True
284440,285085,1.69,15,VH-284440-1,36,True
284440,281766,2.15,17,VH-284440-2,48,True
284440,2802,3.43,16,VH-284440-3,24,True
284573,284605,0.91,17,VH-284573-1,24,True
284573,284337,1.05,12,VH-284573-2,60,True
284573,284704,1.42,12,VH-284573-3,48,True
284605,284337,0.64,14,VH-284605-1,48,True
284605,284573,0.91,14,VH-284605-2,48,True
284605,284704,2.22,13,VH-284605-3,36,True
284704,282637,0.52,15,VH-284704-1,36,True
284704,284573,1.42,19,VH-284704-2,36,True
284704,284337,1.99,14,VH-284704-3,36,True
284735,28149,0.0,14,VH-284735-1,48,True
284735,2877,0.0,11,VH-284735-2,60,True
284735,2867,0.0,11,VH-284735-3,36,True
285085,281766,1.69,12,VH-285085-1,36,True
285085,284440,1.69,14,VH-285085-2,36,True
285085,2900,2.23,15,VH-285085-3,36,True
285100,281769,5.09,19,VH-285100-1,36,True
285100,2802,7.87,33,VH-285100-2,48,True
285100,2932,7.94,21,VH-285100-3,48,True
2900,285085,2.23,16,VH-2900-1,36,True
2900,284440,3.57,22,VH-2900-2,24,True
2900,281766,3.8,15,VH-2900-3,36,True
2919,281310,12.22,30,VH-2919-1,24,True
2919,2913,12.48,34,VH-2919-2,48,True
2919,2851,12.48,32,VH-2919-3,24,True
2932,2802,0.14,14,VH-2932-1,36,True
2932,281766,1.34,14,VH-2932-2,60,True
2932,285085,2.78,19,VH-2932-3,48,True
2806,282630,27.93,52,VH-2806-1,24,True
2806,284688,28.15,57,VH-2806-2,48,True
2806,284682,29.66,51,VH-2806-3,48,True
2807,281691,0.0,9,VH-2807-1,48,True
2807,283353,0.0,11,VH-2807-2,36,True
2807,2858,0.0,18,VH-2807-3,24,True
28140,283362,1.33,11,VH-28140-1,60,True
28140,284668,1.65,21,VH-28140-2,60,True
28140,284165,1.76,18,VH-28140-3,60,True
281770,2824,3.22,16,VH-281770-1,24,True
281770,283362,4.3,22,VH-281770-2,24,True
281770,284668,4.53,18,VH-281770-3,36,True
281773,281774,2.13,12,VH-281773-1,60,True
281773,284768,5.58,20,VH-281773-2,24,True
281773,28140,5.6,26,VH-281773-3,60,True
281774,281773,2.13,20,VH-281774-1,48,True
281774,284768,4.19,23,VH-281774-2,36,True
281774,284668,6.74,26,VH-281774-3,36,True
2824,284165,1.85,16,VH-2824-1,24,True
2824,28140,3.22,15,VH-2824-2,36,True
2824,281770,3.22,15,VH-2824-3,24,True
283362,284668,0.44,15,VH-283362-1,24,True
283362,28140,1.33,12,VH-283362-2,36,True
283362,284165,2.74,15,VH-283362-3,24,True
2835,283726,0.0,15,VH-2835-1,24,True
2835,28121,0.0,14,VH-2835-2,48,True
2835,2885,0.0,14,VH-2835-3,24,True
284165,28140,1.76,11,VH-284165-1,48,True
284165,2824,1.85,15,VH-284165-2,24,True
284165,283362,2.74,16,VH-284165-3,60,True
284668,283362,0.44,16,VH-284668-1,48,True
284668,28140,1.65,14,VH-284668-2,36,True
284668,284165,3.17,23,VH-284668-3,24,True
284768,281774,4.19,14,VH-284768-1,36,True
284768,281773,5.58,22,VH-284768-2,36,True
284768,284668,6.38,29,VH-284768-3,24,True
2906,28113,0.0,8,VH-2906-1,48,True
2906,2841,0.0,16,VH-2906-2,48,True
2906,2845,0.0,10,VH-2906-3,60,True
3007,3008,62.98,104,VH-3007-1,24,True
3007,3012,64.88,91,VH-3007-2,24,True
3007,12105,65.62,120,VH-3007-3,36,True
284487,3013,13437.22,20873,VH-284487-1,48,True
284487,3002,13478.22,21243,VH-284487-2,60,True
284487,3010,13502.33,22563,VH-284487-3,36,True
3002,12104,71.9,113,VH-3002-1,60,True
3002,3010,73.3,143,VH-3002-2,48,True
3002,12102,74.19,122,VH-3002-3,36,True
3005,12102,1.38,12,VH-3005-1,36,True
3005,3010,1.93,19,VH-3005-2,48,True
3005,12105,3.16,18,VH-3005-3,24,True
284528,3006,0.0,17,VH-284528-1,60,True
284528,3003,69.64,130,VH-284528-2,24,True
284528,12105,72.5,120,VH-284528-3,48,True
3006,284528,0.0,15,VH-3006-1,36,True
3006,3003,69.64,124,VH-3006-2,48,True
3006,12105,72.5,134,VH-3006-3,24,True
12102,3010,0.89,10,VH-12102-1,24,True
12102,3005,1.38,19,VH-12102-2,36,True
12102,12104,4.28,20,VH-12102-3,24,True
12104,3005,3.79,14,VH-12104-1,48,True
12104,3010,3.84,19,VH-12104-2,24,True
12104,12102,4.28,23,VH-12104-3,48,True
3003,12105,3.88,16,VH-3003-1,24,True
3003,3012,4.83,21,VH-3003-2,36,True
3003,12104,4.97,16,VH-3003-3,24,True
3010,12102,0.89,12,VH-3010-1,48,True
3010,3005,1.93,19,VH-3010-2,48,True
3010,12104,3.84,22,VH-3010-3,36,True
3013,3002,89.41,161,VH-3013-1,60,True
3013,12104,161.14,237,VH-3013-2,48,True
3013,3010,162.32,280,VH-3013-3,24,True
3012,12105,1.04,15,VH-3012-1,48,True
3012,3008,2.56,14,VH-3012-2,60,True
3012,3005,3.45,18,VH-3012-3,24,True
3008,3012,2.56,17,VH-3008-1,24,True
3008,12105,3.6,21,VH-3008-2,48,True
3008,3005,5.19,22,VH-3008-3,36,True
12105,3012,1.04,15,VH-12105-1,36,True
12105,3005,3.16,17,VH-12105-2,24,True
12105,3008,3.6,22,VH-12105-3,60,True
283359,283565,2.7,22,VH-283359-1,36,True
283359,282468,3.08,20,VH-283359-2,48,True
283359,4068,5.29,22,VH-283359-3,48,True
284403,4068,1.0,13,VH-284403-1,36,True
284403,282460,2.21,15,VH-284403-2,36,True
284403,282468,3.21,20,VH-284403-3,36,True
4068,284403,1.0,18,VH-4068-1,60,True
4068,282460,1.57,15,VH-4068-2,48,True
4068,282468,2.75,18,VH-4068-3,36,True
282460,4068,1.57,20,VH-282460-1,60,True
282460,284403,2.21,13,VH-282460-2,36,True
282460,282468,4.02,22,VH-282460-3,60,True
283357,4031,1.14,11,VH-283357-1,48,True
283357,4001,5.73,19,VH-283357-2,24,True
283357,4039,48.03,77,VH-283357-3,24,True
4001,4031,5.27,19,VH-4001-1,24,True
4001,283357,5.73,22,VH-4001-2,60,True
4001,4039,42.37,79,VH-4001-3,36,True
4031,283357,1.14,10,VH-4031-1,48,True
4031,4001,5.27,17,VH-4031-2,60,True
4031,4039,47.64,101,VH-4031-3,24,True
18298,4002,0.0,10,VH-18298-1,36,True
18298,283858,3.74,14,VH-18298-2,48,True
18298,283000,4.47,19,VH-18298-3,60,True
283000,283858,0.99,16,VH-283000-1,60,True
283000,283470,3.18,17,VH-283000-2,60,True
283000,4032,3.18,20,VH-283000-3,48,True
283470,4032,0.0,13,VH-283470-1,60,True
283470,283000,3.18,17,VH-283470-2,24,True
283470,283858,3.65,17,VH-283470-3,36,True
283858,283000,0.99,15,VH-283858-1,36,True
283858,283470,3.65,22,VH-283858-2,36,True
283858,4032,3.65,17,VH-283858-3,60,True
4002,18298,0.0,13,VH-4002-1,60,True
4002,283858,3.74,21,VH-4002-2,60,True
4002,283000,4.47,25,VH-4002-3,24,True
4032,283470,0.0,14,VH-4032-1,60,True
4032,283000,3.18,23,VH-4032-2,36,True
4032,283858,3.65,21,VH-4032-3,24,True
285269,4005,4.6,17,VH-285269-1,36,True
285269,4021,48.53,89,VH-285269-2,48,True
285269,283982,50.38,100,VH-285269-3,24,True
4005,285269,4.6,24,VH-4005-1,48,True
4005,283982,45.83,75,VH-4005-2,24,True
4005,284258,47.64,76,VH-4005-3,24,True
4006,4025,71.71,127,VH-4006-1,48,True
4006,285310,79.58,130,VH-4006-2,24,True
4006,4009,95.69,183,VH-4006-3,60,True
4010,283002,0.0,14,VH-4010-1,36,True
4010,284930,54.82,85,VH-4010-2,24,True
4010,4019,59.59,89,VH-4010-3,60,True
283559,4043,0.0,9,VH-283559-1,24,True
283559,4010,12805.01,19378,VH-283559-2,24,True
283559,283002,12805.01,18214,VH-283559-3,48,True
284258,283473,3.17,15,VH-284258-1,48,True
284258,4046,5.17,18,VH-284258-2,60,True
284258,4035,5.7,18,VH-284258-3,60,True
284262,282607,0.71,12,VH-284262-1,48,True
284262,4067,1.17,10,VH-284262-2,36,True
284262,4051,2.08,12,VH-284262-3,24,True
284552,4050,0.99,14,VH-284552-1,24,True
284552,285278,2.02,13,VH-284552-2,24,True
284552,4015,2.02,21,VH-284552-3,60,True
4007,4014,0.0,17,VH-4007-1,24,True
4007,285278,2.76,13,VH-4007-2,48,True
4007,4015,2.76,20,VH-4007-3,48,True
4009,18299,19.33,41,VH-4009-1,36,True
4009,4028,20.34,44,VH-4009-2,48,True
4009,4006,95.69,157,VH-4009-3,36,True
4035,4046,1.53,18,VH-4035-1,24,True
4035,283473,2.92,21,VH-4035-2,60,True
4035,283879,3.03,17,VH-4035-3,24,True
4024,4032,58.89,115,VH-4024-1,48,True
4024,283470,58.89,121,VH-4024-2,48,True
4024,283000,61.42,119,VH-4024-3,24,True
4011,4039,2.03,13,VH-4011-1,48,True
4011,4001,44.08,78,VH-4011-2,48,True
4011,4031,49.35,94,VH-4011-3,48,True
4039,4011,2.03,21,VH-4039-1,36,True
4039,4001,42.37,71,VH-4039-2,36,True
4039,4031,47.64,73,VH-4039-3,24,True
4012,4040,8.19,23,VH-4012-1,60,True
4012,4066,64.18,105,VH-4012-2,36,True
4012,4042,64.5,119,VH-4012-3,60,True
4040,4012,8.19,24,VH-4040-1,24,True
4040,4066,60.09,89,VH-4040-2,36,True
4040,4042,60.62,99,VH-4040-3,60,True
4013,283858,32.06,62,VH-4013-1,36,True
4013,283000,32.59,75,VH-4013-2,60,True
4013,18298,33.31,70,VH-4013-3,36,True
285228,4056,0.7,13,VH-285228-1,36,True
285228,283359,46.55,85,VH-285228-2,60,True
285228,282468,46.95,97,VH-285228-3,36,True
4056,285228,0.7,18,VH-4056-1,60,True
4056,283359,46.88,92,VH-4056-2,60,True
4056,282468,47.24,86,VH-4056-3,24,True
4042,4066,1.89,11,VH-4042-1,24,True
4042,285310,58.59,115,VH-4042-2,60,True
4042,4040,60.62,105,VH-4042-3,24,True
4043,283559,0.0,16,VH-4043-1,36,True
4043,4010,12805.01,17543,VH-4043-2,48,True
4043,283002,12805.01,23628,VH-4043-3,48,True
4066,4042,1.89,16,VH-4066-1,48,True
4066,285310,59.12,96,VH-4066-2,60,True
4066,4040,60.09,118,VH-4066-3,60,True
18300,4055,3.25,13,VH-18300-1,60,True
18300,4075,4.17,22,VH-18300-2,24,True
18300,4050,4.57,18,VH-18300-3,60,True
282607,284262,0.71,11,VH-282607-1,60,True
282607,4067,1.82,13,VH-282607-2,36,True
282607,285278,2.26,19,VH-282607-3,36,True
283879,4067,2.45,21,VH-283879-1,48,True
283879,4051,2.64,16,VH-283879-2,60,True
283879,4035,3.03,14,VH-283879-3,48,True
285278,4015,0.0,16,VH-285278-1,36,True
285278,4050,1.56,17,VH-285278-2,24,True
285278,284552,2.02,12,VH-285278-3,48,True
4046,4035,1.53,17,VH-4046-1,48,True
4046,283473,3.15,19,VH-4046-2,60,True
4046,283879,4.41,16,VH-4046-3,60,True
4051,4067,1.24,13,VH-4051-1,48,True
4051,284262,2.08,13,VH-4051-2,48,True
4051,283879,2.64,19,VH-4051-3,24,True
4055,18300,3.25,14,VH-4055-1,48,True
4055,282607,5.78,18,VH-4055-2,48,True
4055,284262,5.92,20,VH-4055-3,48,True
4067,284262,1.17,13,VH-4067-1,60,True
4067,4051,1.24,16,VH-4067-2,24,True
4067,282607,1.82,16,VH-4067-3,24,True
4075,4076,2.08,18,VH-4075-1,60,True
4075,4044,2.89,14,VH-4075-2,36,True
4075,283474,4.06,13,VH-4075-3,24,True
283473,4035,2.92,22,VH-283473-1,36,True
283473,4007,2.97,17,VH-283473-2,24,True
283473,4014,2.97,20,VH-283473-3,48,True
283474,4044,1.18,11,VH-283474-1,36,True
283474,4053,2.76,22,VH-283474-2,48,True
283474,285091,3.36,20,VH-283474-3,60,True
283974,285091,1.18,11,VH-283974-1,24,True
283974,4069,2.15,13,VH-283974-2,36,True
283974,284552,3.68,17,VH-283974-3,24,True
283976,4057,0.0,16,VH-283976-1,60,True
283976,285336,0.0,10,VH-283976-2,48,True
283976,4022,1.09,17,VH-283976-3,60,True
283982,4069,2.49,13,VH-283982-1,48,True
283982,283974,4.1,17,VH-283982-2,24,True
283982,285091,5.27,23,VH-283982-3,60,True
285091,283974,1.18,13,VH-285091-1,24,True
285091,284552,2.81,14,VH-285091-2,48,True
285091,4069,3.18,21,VH-285091-3,48,True
4014,4007,0.0,13,VH-4014-1,48,True
4014,285278,2.76,18,VH-4014-2,24,True
4014,4015,2.76,23,VH-4014-3,60,True
4015,285278,0.0,17,VH-4015-1,36,True
4015,4050,1.56,15,VH-4015-2,48,True
4015,284552,2.02,14,VH-4015-3,48,True
4044,283474,1.18,19,VH-4044-1,48,True
4044,4075,2.89,16,VH-4044-2,48,True
4044,4053,3.79,22,VH-4044-3,60,True
4050,284552,0.99,11,VH-4050-1,48,True
4050,285278,1.56,12,VH-4050-2,60,True
4050,4015,1.56,14,VH-4050-3,36,True
4053,283474,2.76,18,VH-4053-1,36,True
4053,4044,3.79,15,VH-4053-2,48,True
4053,285091,3.91,16,VH-4053-3,48,True
4069,283974,2.15,21,VH-4069-1,60,True
4069,283982,2.49,16,VH-4069-2,48,True
4069,285091,3.18,21,VH-4069-3,48,True
4076,4075,2.08,14,VH-4076-1,60,True
4076,4044,4.82,18,VH-4076-2,60,True
4076,18300,5.68,19,VH-4076-3,36,True
4017,4056,76.41,150,VH-4017-1,60,True
4017,285228,76.49,111,VH-4017-2,36,True
4017,4012,105.9,178,VH-4017-3,48,True
4018,4013,38.15,72,VH-4018-1,60,True
4018,283000,53.9,86,VH-4018-2,60,True
4018,283858,54.1,107,VH-4018-3,60,True
284930,4019,6.38,23,VH-284930-1,24,True
284930,4010,54.82,86,VH-284930-2,24,True
284930,283002,54.82,95,VH-284930-3,48,True
4019,284930,6.38,21,VH-4019-1,24,True
4019,4010,59.59,90,VH-4019-2,48,True
4019,283002,59.59,101,VH-4019-3,60,True
283565,282468,0.39,18,VH-283565-1,60,True
283565,283359,2.7,13,VH-283565-2,48,True
283565,4068,2.94,18,VH-283565-3,48,True
282468,283565,0.39,9,VH-282468-1,24,True
282468,4068,2.75,22,VH-282468-2,48,True
282468,283359,3.08,19,VH-282468-3,36,True
4021,282460,24.57,49,VH-4021-1,48,True
4021,284403,25.54,45,VH-4021-2,24,True
4021,4068,25.76,59,VH-4021-3,60,True
285267,283976,6.36,21,VH-285267-1,60,True
285267,285336,6.36,18,VH-285267-2,36,True
285267,4057,6.36,24,VH-285267-3,60,True
285336,283976,0.0,18,VH-285336-1,60,True
285336,4057,0.0,14,VH-285336-2,48,True
285336,4022,1.09,11,VH-285336-3,60,True
4022,283976,1.09,19,VH-4022-1,60,True
4022,285336,1.09,12,VH-4022-2,36,True
4022,4057,1.09,16,VH-4022-3,24,True
4057,283976,0.0,12,VH-4057-1,60,True
4057,285336,0.0,15,VH-4057-2,48,True
4057,4022,1.09,11,VH-4057-3,36,True
284741,4059,0.0,9,VH-284741-1,48,True
284741,4023,6.8,19,VH-284741-2,60,True
284741,4076,45.33,83,VH-284741-3,48,True
4023,284741,6.8,25,VH-4023-1,60,True
4023,4059,6.8,28,VH-4023-2,36,True
4023,4076,48.68,78,VH-4023-3,36,True
4059,284741,0.0,10,VH-4059-1,36,True
4059,4023,6.8,23,VH-4059-2,36,True
4059,4076,45.33,68,VH-4059-3,60,True
285310,4025,7.9,28,VH-285310-1,24,True
285310,4042,58.59,83,VH-285310-2,36,True
285310,4066,59.12,92,VH-285310-3,36,True
4025,285310,7.9,24,VH-4025-1,48,True
4025,4042,60.88,99,VH-4025-2,36,True
4025,4066,61.17,90,VH-4025-3,36,True
283646,4027,19.68,44,VH-283646-1,60,True
283646,4022,48.05,87,VH-283646-2,60,True
283646,283976,48.05,78,VH-283646-3,24,True
4027,283646,19.68,47,VH-4027-1,36,True
4027,4022,42.6,90,VH-4027-2,60,True
4027,283976,43.05,80,VH-4027-3,48,True
4063,4040,63.22,96,VH-4063-1,60,True
4063,4012,67.26,136,VH-4063-2,36,True
4063,4027,71.69,126,VH-4063-3,24,True
18299,4028,1.28,12,VH-18299-1,24,True
18299,4009,19.33,35,VH-18299-2,48,True
18299,4006,99.67,144,VH-18299-3,36,True
4028,18299,1.28,19,VH-4028-1,36,True
4028,4009,20.34,44,VH-4028-2,24,True
4028,4006,99.21,186,VH-4028-3,24,True
283002,4010,0.0,9,VH-283002-1,60,True
283002,284930,54.82,86,VH-283002-2,36,True
283002,4019,59.59,95,VH-283002-3,48,True
10140,10143,0.0,9,VH-10140-1,24,True
10140,10141,0.0,13,VH-10140-2,60,True
10140,10106,0.0,16,VH-10140-3,36,True
284908,10148,1.35,17,VH-284908-1,36,True
284908,10140,1.72,15,VH-284908-2,24,True
284908,10141,1.72,13,VH-284908-3,48,True
10143,10140,0.0,17,VH-10143-1,36,True
10143,10141,0.0,9,VH-10143-2,48,True
10143,10106,0.0,18,VH-10143-3,60,True
10104,280155,0.0,14,VH-10104-1,48,True
10104,280156,0.0,17,VH-10104-2,24,True
10104,10168,0.0,9,VH-10104-3,48,True
10141,10140,0.0,18,VH-10141-1,36,True
10141,10143,0.0,9,VH-10141-2,24,True
10141,10106,0.0,10,VH-10141-3,24,True
10105,10169,45.17,73,VH-10105-1,60,True
10105,10115,45.53,86,VH-10105-2,60,True
10105,10159,78.02,142,VH-10105-3,24,True
10154,10170,1.6,17,VH-10154-1,36,True
10154,283183,1.77,12,VH-10154-2,48,True
10154,283184,3.08,17,VH-10154-3,24,True
280155,10104,0.0,14,VH-280155-1,48,True
280155,280156,0.0,12,VH-280155-2,60,True
280155,10168,0.0,10,VH-280155-3,48,True
280156,10104,0.0,10,VH-280156-1,36,True
280156,280155,0.0,11,VH-280156-2,36,True
280156,10168,0.0,14,VH-280156-3,24,True
10102,10142,3.77,16,VH-10102-1,48,True
10102,10138,3.77,20,VH-10102-2,60,True
10102,283179,5.24,22,VH-10102-3,24,True
10142,10138,0.0,9,VH-10142-1,60,True
10142,10102,3.77,18,VH-10142-2,24,True
10142,282812,4.27,21,VH-10142-3,24,True
282812,10142,4.27,22,VH-282812-1,48,True
282812,10138,4.27,14,VH-282812-2,36,True
282812,10165,6.35,25,VH-282812-3,24,True
283179,10142,4.83,23,VH-283179-1,60,True
283179,10138,4.83,20,VH-283179-2,24,True
283179,10102,5.24,17,VH-283179-3,36,True
10106,10140,0.0,14,VH-10106-1,24,True
10106,10143,0.0,15,VH-10106-2,24,True
10106,10141,0.0,11,VH-10106-3,48,True
10168,10104,0.0,11,VH-10168-1,48,True
10168,280155,0.0,17,VH-10168-2,60,True
10168,280156,0.0,14,VH-10168-3,24,True
280157,10148,1.17,18,VH-280157-1,48,True
280157,10140,1.39,19,VH-280157-2,24,True
280157,10141,1.39,11,VH-280157-3,60,True
280689,10114,0.02,15,VH-280689-1,60,True
280689,10166,34.37,76,VH-280689-2,36,True
280689,280152,35.83,69,VH-280689-3,24,True
10108,10160,4.59,18,VH-10108-1,48,True
10108,10127,74.75,151,VH-10108-2,48,True
10108,10144,76.23,125,VH-10108-3,36,True
10160,10108,4.59,21,VH-10160-1,60,True
10160,10127,79.03,132,VH-10160-2,48,True
10160,10144,80.32,139,VH-10160-3,24,True
10107,10146,0.0,11,VH-10107-1,60,True
10107,283354,2.57,18,VH-10107-2,60,True
10107,10155,2.87,21,VH-10107-3,48,True
10146,10107,0.0,12,VH-10146-1,48,True
10146,283354,2.57,21,VH-10146-2,48,True
10146,10155,2.87,16,VH-10146-3,36,True
10153,10146,3.79,17,VH-10153-1,24,True
10153,10107,3.79,19,VH-10153-2,24,True
10153,283354,4.96,18,VH-10153-3,60,True
10155,283354,2.65,13,VH-10155-1,36,True
10155,10107,2.87,13,VH-10155-2,36,True
10155,10146,2.87,21,VH-10155-3,60,True
283188,10155,4.34,21,VH-283188-1,36,True
283188,10107,4.46,17,VH-283188-2,36,True
283188,10146,4.46,22,VH-283188-3,48,True
283354,10146,2.57,16,VH-283354-1,36,True
283354,10107,2.57,18,VH-283354-2,36,True
283354,10155,2.65,13,VH-283354-3,24,True
10109,10151,1.58,21,VH-10109-1,48,True
10109,10152,5.86,23,VH-10109-2,60,True
10109,10140,25.85,65,VH-10109-3,24,True
10148,10140,0.43,13,VH-10148-1,48,True
10148,10143,0.43,17,VH-10148-2,60,True
10148,10141,0.43,17,VH-10148-3,24,True
10151,10109,1.58,18,VH-10151-1,24,True
10151,10152,4.96,19,VH-10151-2,60,True
10151,10140,27.35,46,VH-10151-3,36,True
10152,10151,4.96,19,VH-10152-1,24,True
10152,10109,5.86,19,VH-10152-2,48,True
10152,280161,23.22,46,VH-10152-3,48,True
280161,284512,6.65,27,VH-280161-1,24,True
280161,10131,8.21,27,VH-280161-2,24,True
280161,282812,14.96,35,VH-280161-3,24,True
10110,283178,0.0,10,VH-10110-1,60,True
10110,283352,6.75,24,VH-10110-2,48,True
10110,285259,34.85,64,VH-10110-3,36,True
283178,10110,0.0,9,VH-283178-1,48,True
283178,283352,6.75,19,VH-283178-2,48,True
283178,285259,34.85,73,VH-283178-3,48,True
283352,10110,6.75,24,VH-283352-1,24,True
283352,283178,6.75,22,VH-283352-2,24,True
283352,285259,39.66,71,VH-283352-3,24,True
10111,10123,0.0,10,VH-10111-1,48,True
10111,10167,3.05,16,VH-10111-2,24,True
10111,10139,4.17,17,VH-10111-3,60,True
10112,10104,0.0,13,VH-10112-1,24,True
10112,280155,0.0,9,VH-10112-2,36,True
10112,10168,0.0,12,VH-10112-3,48,True
10158,283191,1.5,14,VH-10158-1,36,True
10158,284334,1.9,19,VH-10158-2,48,True
10158,10164,2.0,16,VH-10158-3,48,True
10113,10144,47.96,78,VH-10113-1,36,True
10113,10120,49.39,94,VH-10113-2,48,True
10113,10126,53.83,101,VH-10113-3,60,True
10114,280689,0.02,12,VH-10114-1,48,True
10114,10166,34.38,60,VH-10114-2,24,True
10114,280152,35.84,55,VH-10114-3,36,True
280162,10104,0.0,12,VH-280162-1,36,True
280162,280155,0.0,12,VH-280162-2,48,True
280162,10168,0.0,15,VH-280162-3,36,True
10115,10169,2.43,20,VH-10115-1,60,True
10115,10105,45.53,71,VH-10115-2,24,True
10115,283258,54.95,92,VH-10115-3,24,True
10169,10115,2.43,13,VH-10169-1,60,True
10169,10105,45.17,81,VH-10169-2,60,True
10169,283258,57.24,99,VH-10169-3,36,True
10116,280163,4.63,17,VH-10116-1,60,True
10116,285258,69.97,143,VH-10116-2,24,True
10116,283180,74.89,149,VH-10116-3,24,True
280163,10116,4.63,22,VH-280163-1,36,True
280163,285258,74.56,121,VH-280163-2,60,True
280163,283180,79.51,110,VH-280163-3,24,True
10117,10104,0.0,10,VH-10117-1,36,True
10117,280155,0.0,16,VH-10117-2,36,True
10117,10168,0.0,9,VH-10117-3,36,True
10118,10145,2.59,22,VH-10118-1,24,True
10118,10132,26.27,46,VH-10118-2,48,True
10118,283187,26.27,57,VH-10118-3,60,True
10145,10118,2.59,19,VH-10145-1,36,True
10145,10132,28.72,53,VH-10145-2,60,True
10145,283187,28.72,59,VH-10145-3,36,True
10119,10104,0.0,15,VH-10119-1,24,True
10119,280155,0.0,17,VH-10119-2,36,True
10119,10168,0.0,17,VH-10119-3,36,True
283181,10104,0.0,9,VH-283181-1,60,True
283181,280155,0.0,17,VH-283181-2,24,True
283181,10168,0.0,11,VH-283181-3,36,True
10120,10144,1.43,14,VH-10120-1,24,True
10120,10163,5.33,18,VH-10120-2,24,True
10120,10127,6.52,21,VH-10120-3,48,True
10121,10104,0.0,17,VH-10121-1,60,True
10121,280155,0.0,17,VH-10121-2,24,True
10121,10168,0.0,11,VH-10121-3,36,True
10122,10104,0.0,15,VH-10122-1,36,True
10122,280155,0.0,15,VH-10122-2,36,True
10122,10168,0.0,11,VH-10122-3,36,True
280165,10104,0.0,15,VH-280165-1,24,True
280165,280155,0.0,12,VH-280165-2,24,True
280165,10168,0.0,16,VH-280165-3,60,True
283190,10104,0.0,17,VH-283190-1,48,True
283190,280155,0.0,16,VH-283190-2,60,True
283190,10168,0.0,15,VH-283190-3,48,True
283191,10164,0.88,18,VH-283191-1,36,True
283191,283193,1.36,14,VH-283191-2,36,True
283191,10158,1.5,16,VH-283191-3,48,True
284334,10158,1.9,17,VH-284334-1,60,True
284334,280561,2.34,16,VH-284334-2,36,True
284334,10161,2.99,18,VH-284334-3,36,True
284538,10130,1.5,16,VH-284538-1,48,True
284538,283351,2.66,13,VH-284538-2,60,True
284538,284920,3.2,22,VH-284538-3,36,True
10123,10111,0.0,16,VH-10123-1,36,True
10123,10167,3.05,17,VH-10123-2,36,True
10123,10139,4.17,20,VH-10123-3,48,True
10139,283257,3.96,22,VH-10139-1,36,True
10139,10111,4.17,17,VH-10139-2,36,True
10139,10123,4.17,20,VH-10139-3,48,True
10167,283257,2.22,21,VH-10167-1,48,True
10167,10111,3.05,19,VH-10167-2,48,True
10167,10123,3.05,14,VH-10167-3,48,True
283257,10167,2.22,12,VH-283257-1,24,True
283257,10139,3.96,23,VH-283257-2,36,True
283257,10123,4.56,23,VH-283257-3,36,True
10124,10104,0.0,15,VH-10124-1,48,True
10124,280155,0.0,10,VH-10124-2,48,True
10124,10168,0.0,18,VH-10124-3,60,True
10173,10129,1.9,18,VH-10173-1,36,True
10173,284164,3.64,18,VH-10173-2,48,True
10173,10149,5.56,21,VH-10173-3,48,True
283355,283349,0.59,18,VH-283355-1,60,True
283355,284538,6.38,21,VH-283355-2,48,True
283355,10164,6.76,21,VH-283355-3,48,True
10127,284332,2.69,14,VH-10127-1,36,True
10127,10163,3.36,20,VH-10127-2,48,True
10127,10120,6.52,28,VH-10127-3,24,True
10163,10127,3.36,19,VH-10163-1,24,True
10163,284332,3.64,19,VH-10163-2,60,True
10163,10120,5.33,20,VH-10163-3,48,True
10129,10173,1.9,12,VH-10129-1,48,True
10129,284164,2.1,19,VH-10129-2,48,True
10129,10149,3.66,20,VH-10129-3,48,True
10130,284538,1.5,17,VH-10130-1,24,True
10130,283351,2.3,16,VH-10130-2,36,True
10130,284920,2.44,21,VH-10130-3,36,True
10131,284512,2.08,22,VH-10131-1,36,True
10131,280161,8.21,24,VH-10131-2,24,True
10131,282812,10.45,28,VH-10131-3,36,True
10149,283176,0.02,10,VH-10149-1,36,True
10149,284920,0.11,17,VH-10149-2,48,True
10149,283182,0.73,10,VH-10149-3,48,True
10156,283191,1.79,13,VH-10156-1,48,True
10156,10158,2.36,20,VH-10156-2,36,True
10156,10164,2.62,16,VH-10156-3,36,True
10164,283193,0.63,17,VH-10164-1,36,True
10164,283191,0.88,13,VH-10164-2,24,True
10164,10162,1.57,16,VH-10164-3,60,True
280561,283184,1.48,16,VH-280561-1,48,True
280561,10147,1.69,16,VH-280561-2,36,True
280561,10158,2.32,17,VH-280561-3,36,True
283176,10149,0.02,13,VH-283176-1,60,True
283176,284920,0.11,12,VH-283176-2,60,True
283176,283182,0.71,12,VH-283176-3,36,True
283183,283184,1.32,20,VH-283183-1,60,True
283183,10154,1.77,16,VH-283183-2,60,True
283183,10170,2.34,20,VH-283183-3,60,True
283184,283183,1.32,14,VH-283184-1,36,True
283184,280561,1.48,13,VH-283184-2,60,True
283184,10147,2.97,16,VH-283184-3,36,True
283193,10164,0.63,12,VH-283193-1,24,True
283193,10162,0.97,15,VH-283193-2,48,True
283193,283191,1.36,17,VH-283193-3,24,True
283349,283355,0.59,11,VH-283349-1,60,True
283349,284538,6.01,19,VH-283349-2,60,True
283349,10164,6.86,22,VH-283349-3,48,True
283351,5076,0.63,16,VH-283351-1,48,True
283351,284920,0.84,11,VH-283351-2,24,True
283351,10149,0.95,15,VH-283351-3,24,True
283356,5014,0.4,18,VH-283356-1,36,True
283356,5036,1.57,15,VH-283356-2,36,True
283356,5076,3.36,18,VH-283356-3,60,True
284164,10129,2.1,20,VH-284164-1,36,True
284164,283182,2.42,16,VH-284164-2,48,True
284164,283176,2.63,18,VH-284164-3,24,True
284382,5036,3.89,17,VH-284382-1,24,True
284382,283356,4.89,20,VH-284382-2,60,True
284382,284164,4.95,21,VH-284382-3,48,True
284512,10131,2.08,18,VH-284512-1,24,True
284512,280161,6.65,22,VH-284512-2,48,True
284512,282812,12.15,30,VH-284512-3,24,True
284920,10149,0.11,9,VH-284920-1,60,True
284920,283176,0.11,15,VH-284920-2,36,True
284920,283182,0.77,13,VH-284920-3,60,True
285260,10104,0.0,16,VH-285260-1,24,True
285260,280155,0.0,10,VH-285260-2,36,True
285260,10168,0.0,8,VH-285260-3,24,True
5009,10104,0.0,11,VH-5009-1,24,True
5009,280155,0.0,12,VH-5009-2,60,True
5009,10168,0.0,11,VH-5009-3,24,True
5011,10104,0.0,10,VH-5011-1,48,True
5011,280155,0.0,14,VH-5011-2,48,True
5011,10168,0.0,14,VH-5011-3,36,True
5013,10104,0.0,13,VH-5013-1,36,True
5013,280155,0.0,18,VH-5013-2,24,True
5013,10168,0.0,9,VH-5013-3,60,True
5014,283356,0.4,15,VH-5014-1,24,True
5014,5036,1.97,13,VH-5014-2,36,True
5014,10147,3.1,21,VH-5014-3,60,True
5028,10104,0.0,15,VH-5028-1,24,True
5028,280155,0.0,15,VH-5028-2,48,True
5028,10168,0.0,17,VH-5028-3,24,True
5037,10104,0.0,13,VH-5037-1,60,True
5037,280155,0.0,16,VH-5037-2,60,True
5037,10168,0.0,15,VH-5037-3,36,True
5040,10104,0.0,17,VH-5040-1,36,True
5040,280155,0.0,14,VH-5040-2,24,True
5040,10168,0.0,10,VH-5040-3,60,True
5047,10104,0.0,12,VH-5047-1,60,True
5047,280155,0.0,10,VH-5047-2,24,True
5047,10168,0.0,16,VH-5047-3,36,True
5049,10104,0.0,17,VH-5049-1,36,True
5049,280155,0.0,14,VH-5049-2,48,True
5049,10168,0.0,15,VH-5049-3,24,True
5067,10156,3.86,23,VH-5067-1,48,True
5067,10161,4.02,18,VH-5067-2,24,True
5067,283191,5.65,19,VH-5067-3,48,True
5072,10104,0.0,10,VH-5072-1,36,True
5072,280155,0.0,11,VH-5072-2,48,True
5072,10168,0.0,11,VH-5072-3,48,True
5073,10104,0.0,10,VH-5073-1,60,True
5073,280155,0.0,17,VH-5073-2,48,True
5073,10168,0.0,13,VH-5073-3,36,True
5076,283351,0.63,18,VH-5076-1,48,True
5076,284920,0.81,15,VH-5076-2,24,True
5076,283182,0.84,13,VH-5076-3,24,True
10147,10162,1.23,11,VH-10147-1,60,True
10147,283193,1.64,11,VH-10147-2,36,True
10147,280561,1.69,12,VH-10147-3,48,True
10161,284334,2.99,17,VH-10161-1,24,True
10161,10156,3.86,19,VH-10161-2,24,True
10161,10158,3.97,22,VH-10161-3,60,True
10162,10104,0.77,15,VH-10162-1,48,True
10162,280155,0.77,17,VH-10162-2,24,True
10162,10168,0.77,14,VH-10162-3,24,True
10170,10154,1.6,11,VH-10170-1,48,True
10170,283183,2.34,12,VH-10170-2,60,True
10170,283184,3.53,15,VH-10170-3,48,True
283182,283176,0.71,17,VH-283182-1,48,True
283182,10149,0.73,13,VH-283182-2,60,True
283182,284920,0.77,18,VH-283182-3,60,True
5034,10104,0.0,12,VH-5034-1,48,True
5034,280155,0.0,9,VH-5034-2,48,True
5034,10168,0.0,8,VH-5034-3,48,True
5036,283356,1.57,11,VH-5036-1,60,True
5036,5014,1.97,16,VH-5036-2,48,True
5036,283182,2.51,14,VH-5036-3,48,True
10125,280151,1.59,13,VH-10125-1,60,True
10125,283180,1.73,13,VH-10125-2,24,True
10125,10166,3.57,13,VH-10125-3,48,True
10166,280152,3.03,19,VH-10166-1,36,True
10166,10125,3.57,21,VH-10166-2,60,True
10166,280151,5.13,26,VH-10166-3,60,True
280151,283180,0.14,9,VH-280151-1,36,True
280151,10125,1.59,17,VH-280151-2,24,True
280151,10166,5.13,20,VH-280151-3,24,True
280152,10166,3.03,12,VH-280152-1,24,True
280152,10125,5.93,26,VH-280152-2,24,True
280152,280151,7.26,28,VH-280152-3,48,True
283180,280151,0.14,8,VH-283180-1,60,True
283180,10125,1.73,15,VH-283180-2,36,True
283180,10166,5.25,21,VH-283180-3,48,True
285258,283180,6.83,23,VH-285258-1,48,True
285258,280151,6.97,24,VH-285258-2,48,True
285258,10125,8.52,27,VH-285258-3,36,True
10126,283168,0.0,12,VH-10126-1,48,True
10126,10163,9.79,29,VH-10126-2,36,True
10126,10120,11.13,30,VH-10126-3,24,True
280153,10104,0.0,12,VH-280153-1,48,True
280153,280155,0.0,12,VH-280153-2,24,True
280153,10168,0.0,18,VH-280153-3,36,True
280154,10104,0.0,15,VH-280154-1,36,True
280154,280155,0.0,14,VH-280154-2,60,True
280154,10168,0.0,11,VH-280154-3,60,True
283168,10126,0.0,9,VH-283168-1,36,True
283168,10163,9.79,29,VH-283168-2,24,True
283168,10120,11.13,27,VH-283168-3,24,True
5048,10104,0.0,10,VH-5048-1,36,True
5048,280155,0.0,15,VH-5048-2,36,True
5048,10168,0.0,8,VH-5048-3,24,True
10132,283187,0.0,16,VH-10132-1,60,True
10132,283258,2.23,13,VH-10132-2,48,True
10132,283185,12.91,37,VH-10132-3,60,True
283185,283258,12.6,29,VH-283185-1,60,True
283185,10132,12.91,27,VH-283185-2,48,True
283185,283187,12.91,31,VH-283185-3,36,True
283187,10132,0.0,12,VH-283187-1,48,True
283187,283258,2.23,17,VH-283187-2,36,True
283187,283185,12.91,26,VH-283187-3,48,True
283258,283187,2.23,14,VH-283258-1,60,True
283258,10132,2.23,18,VH-283258-2,24,True
283258,283185,12.6,40,VH-283258-3,36,True
10133,10159,0.0,14,VH-10133-1,48,True
10133,10153,39.98,87,VH-10133-2,60,True
10133,283188,41.77,81,VH-10133-3,24,True
10159,10133,0.0,11,VH-10159-1,36,True
10159,10153,39.98,83,VH-10159-2,60,True
10159,283188,41.77,74,VH-10159-3,24,True
10134,284812,1.1,12,VH-10134-1,48,True
10134,280157,31.48,55,VH-10134-2,36,True
10134,10148,32.61,64,VH-10134-3,48,True
284812,10134,1.1,19,VH-284812-1,60,True
284812,280157,32.35,58,VH-284812-2,60,True
284812,10148,33.49,64,VH-284812-3,48,True
10144,10120,1.43,17,VH-10144-1,36,True
10144,10163,6.76,24,VH-10144-2,60,True
10144,10127,7.85,23,VH-10144-3,24,True
10136,283177,2.52,21,VH-10136-1,36,True
10136,283354,81.46,117,VH-10136-2,60,True
10136,10153,82.37,156,VH-10136-3,36,True
283177,10136,2.52,20,VH-283177-1,36,True
283177,283354,83.97,170,VH-283177-2,24,True
283177,10153,84.85,174,VH-283177-3,36,True
10137,285259,3.12,18,VH-10137-1,48,True
10137,10157,6.34,24,VH-10137-2,60,True
10137,283178,34.89,63,VH-10137-3,36,True
10157,10137,6.34,28,VH-10157-1,60,True
10157,285259,6.99,23,VH-10157-2,24,True
10157,283178,41.21,66,VH-10157-3,60,True
285259,10137,3.12,17,VH-285259-1,48,True
285259,10157,6.99,23,VH-285259-2,24,True
285259,10110,34.85,68,VH-285259-3,60,True
284332,10127,2.69,20,VH-284332-1,60,True
284332,10163,3.64,24,VH-284332-2,36,True
284332,10120,8.43,20,VH-284332-3,60,True
10138,10142,0.0,13,VH-10138-1,24,True
10138,10102,3.77,15,VH-10138-2,60,True
10138,282812,4.27,22,VH-10138-3,60,True
10165,282812,6.35,22,VH-10165-1,36,True
10165,283179,6.5,25,VH-10165-2,60,True
10165,10142,6.89,25,VH-10165-3,48,True
285320,94101,0.98,11,VH-285320-1,60,True
285320,6001,1.79,15,VH-285320-2,36,True
285320,6004,4.52,17,VH-285320-3,24,True
6001,285320,1.79,19,VH-6001-1,36,True
6001,94101,2.49,22,VH-6001-2,48,True
6001,6004,5.61,21,VH-6001-3,48,True
6003,6004,3.4,17,VH-6003-1,60,True
6003,285320,5.87,25,VH-6003-2,60,True
6003,6001,5.94,18,VH-6003-3,36,True
6004,6003,3.4,18,VH-6004-1,36,True
6004,285320,4.52,19,VH-6004-2,24,True
6004,94101,5.01,20,VH-6004-3,36,True
94101,285320,0.98,16,VH-94101-1,36,True
94101,6001,2.49,18,VH-94101-2,24,True
94101,6004,5.01,23,VH-94101-3,48,True
22119,283796,0.0,11,VH-22119-1,24,True
22119,22121,0.0,12,VH-22119-2,36,True
22119,22128,0.0,16,VH-22119-3,24,True
283695,284811,1.83,19,VH-283695-1,24,True
283695,283663,2.42,21,VH-283695-2,36,True
283695,7047,2.58,17,VH-283695-3,48,True
285135,283628,0.34,17,VH-285135-1,60,True
285135,7047,2.91,17,VH-285135-2,36,True
285135,283695,3.41,18,VH-285135-3,24,True
280475,283677,4.9,18,VH-280475-1,24,True
280475,284230,5.65,24,VH-280475-2,48,True
280475,283796,6.72,27,VH-280475-3,60,True
283796,22119,0.0,9,VH-283796-1,36,True
283796,22121,0.0,14,VH-283796-2,24,True
283796,22128,0.0,16,VH-283796-3,24,True
284230,283677,2.0,12,VH-284230-1,60,True
284230,283985,2.35,20,VH-284230-2,36,True
284230,22119,2.4,12,VH-284230-3,48,True
22153,7044,3.42,16,VH-22153-1,24,True
22153,284320,3.56,21,VH-22153-2,24,True
22153,282740,6.47,20,VH-22153-3,48,True
282740,7044,3.32,16,VH-282740-1,36,True
282740,22153,6.47,20,VH-282740-2,60,True
282740,284320,7.94,31,VH-282740-3,60,True
284320,22153,3.56,22,VH-284320-1,36,True
284320,7044,5.94,24,VH-284320-2,48,True
284320,282740,7.94,29,VH-284320-3,60,True
7044,282740,3.32,20,VH-7044-1,48,True
7044,22153,3.42,15,VH-7044-2,36,True
7044,284320,5.94,18,VH-7044-3,24,True
22128,22119,0.0,15,VH-22128-1,24,True
22128,283796,0.0,9,VH-22128-2,24,True
22128,22121,0.0,17,VH-22128-3,48,True
22121,22119,0.0,17,VH-22121-1,60,True
22121,283796,0.0,11,VH-22121-2,24,True
22121,22128,0.0,16,VH-22121-3,60,True
22150,283230,2.97,17,VH-22150-1,24,True
22150,283231,4.19,16,VH-22150-2,48,True
22150,22163,8.84,23,VH-22150-3,60,True
283230,22150,2.97,15,VH-283230-1,24,True
283230,283231,4.0,18,VH-283230-2,36,True
283230,22163,5.98,23,VH-283230-3,24,True
22108,7012,0.0,17,VH-22108-1,24,True
22108,7025,1.59,13,VH-22108-2,24,True
22108,22162,61.92,108,VH-22108-3,60,True
22115,22139,5.08,24,VH-22115-1,48,True
22115,22162,5.35,26,VH-22115-2,36,True
22115,7013,5.79,23,VH-22115-3,24,True
22139,7013,1.98,17,VH-22139-1,48,True
22139,283317,3.1,22,VH-22139-2,48,True
22139,284324,4.16,17,VH-22139-3,24,True
22162,284324,5.2,19,VH-22162-1,60,True
22162,7013,5.27,16,VH-22162-2,48,True
22162,22115,5.35,18,VH-22162-3,24,True
22167,22119,0.0,12,VH-22167-1,24,True
22167,283796,0.0,11,VH-22167-2,36,True
22167,22128,0.0,13,VH-22167-3,48,True
283317,7007,2.73,14,VH-283317-1,24,True
283317,22139,3.1,16,VH-283317-2,24,True
283317,7013,3.65,21,VH-283317-3,60,True
283337,22139,5.14,24,VH-283337-1,24,True
283337,283317,5.58,24,VH-283337-2,24,True
283337,7013,7.1,18,VH-283337-3,48,True
283613,280725,0.0,11,VH-283613-1,60,True
283613,7029,0.0,15,VH-283613-2,60,True
283613,283624,0.0,8,VH-283613-3,60,True
284324,7013,2.22,20,VH-284324-1,36,True
284324,22139,4.16,23,VH-284324-2,24,True
284324,283317,4.83,16,VH-284324-3,60,True
7007,283317,2.73,14,VH-7007-1,36,True
7007,284324,4.89,25,VH-7007-2,24,True
7007,7013,4.94,16,VH-7007-3,36,True
7013,22139,1.98,11,VH-7013-1,60,True
7013,284324,2.22,19,VH-7013-2,60,True
7013,283317,3.65,18,VH-7013-3,24,True
7025,22108,1.59,17,VH-7025-1,48,True
7025,7012,1.59,15,VH-7025-2,36,True
7025,22162,60.35,110,VH-7025-3,48,True
22131,7030,30.32,50,VH-22131-1,24,True
22131,7033,39.19,77,VH-22131-2,60,True
22131,22153,93.71,134,VH-22131-3,36,True
7030,7033,9.9,33,VH-7030-1,48,True
7030,22131,30.32,64,VH-7030-2,24,True
7030,22153,116.13,179,VH-7030-3,48,True
7033,7030,9.9,25,VH-7033-1,48,True
7033,22131,39.19,80,VH-7033-2,60,True
7033,22153,120.31,226,VH-7033-3,60,True
22133,280728,3.71,20,VH-22133-1,36,True
22133,284795,7.55,24,VH-22133-2,48,True
22133,283232,59.71,109,VH-22133-3,48,True
280728,22133,3.71,22,VH-280728-1,36,True
280728,284795,10.88,28,VH-280728-2,36,True
280728,22149,60.91,100,VH-280728-3,60,True
284795,22133,7.55,24,VH-284795-1,24,True
284795,280728,10.88,32,VH-284795-2,48,True
284795,283232,53.26,82,VH-284795-3,60,True
22126,280777,0.0,17,VH-22126-1,24,True
22126,284548,2.21,19,VH-22126-2,48,True
22126,283895,3.92,16,VH-22126-3,48,True
22157,282706,3.61,17,VH-22157-1,60,True
22157,7032,3.92,20,VH-22157-2,24,True
22157,283895,4.11,25,VH-22157-3,24,True
280551,22119,0.0,13,VH-280551-1,36,True
280551,283796,0.0,12,VH-280551-2,48,True
280551,22128,0.0,17,VH-280551-3,60,True
280725,283613,0.0,13,VH-280725-1,36,True
280725,7029,0.0,13,VH-280725-2,24,True
280725,283624,0.0,16,VH-280725-3,48,True
282706,7032,0.48,16,VH-282706-1,60,True
282706,283895,1.44,13,VH-282706-2,36,True
282706,284435,1.71,20,VH-282706-3,48,True
283710,7011,4.15,25,VH-283710-1,48,True
283710,284435,4.47,19,VH-283710-2,24,True
283710,282706,6.03,19,VH-283710-3,48,True
283895,7032,1.03,11,VH-283895-1,24,True
283895,282706,1.44,11,VH-283895-2,36,True
283895,284435,2.6,15,VH-283895-3,36,True
284435,282706,1.71,19,VH-284435-1,60,True
284435,7032,1.73,19,VH-284435-2,60,True
284435,283895,2.6,21,VH-284435-3,48,True
284548,22126,2.21,21,VH-284548-1,60,True
284548,280777,2.21,18,VH-284548-2,48,True
284548,283895,5.5,18,VH-284548-3,36,True
7011,283710,4.15,20,VH-7011-1,36,True
7011,284435,7.56,27,VH-7011-2,48,True
7011,7032,9.24,29,VH-7011-3,48,True
7032,282706,0.48,10,VH-7032-1,60,True
7032,283895,1.03,13,VH-7032-2,24,True
7032,284435,1.73,19,VH-7032-3,24,True
22127,22103,0.0,14,VH-22127-1,48,True
22127,22140,25.41,46,VH-22127-2,60,True
22127,280502,27.93,45,VH-22127-3,24,True
284460,283231,5.04,19,VH-284460-1,60,True
284460,22163,6.21,25,VH-284460-2,48,True
284460,283230,7.68,28,VH-284460-3,60,True
22106,22119,0.0,14,VH-22106-1,48,True
22106,283796,0.0,11,VH-22106-2,36,True
22106,22128,0.0,13,VH-22106-3,60,True
283628,285135,0.34,12,VH-283628-1,48,True
283628,7047,2.63,18,VH-283628-2,60,True
283628,283756,3.18,15,VH-283628-3,36,True
283756,7047,1.07,11,VH-283756-1,36,True
283756,22119,1.49,11,VH-283756-2,24,True
283756,22128,1.49,13,VH-283756-3,36,True
284811,283695,1.83,14,VH-284811-1,48,True
284811,284813,2.87,14,VH-284811-2,24,True
284811,283663,3.04,21,VH-284811-3,36,True
284813,284811,2.87,18,VH-284813-1,48,True
284813,283695,4.55,22,VH-284813-2,48,True
284813,283677,5.02,20,VH-284813-3,24,True
22149,22163,5.65,19,VH-22149-1,36,True
22149,283230,6.69,23,VH-22149-2,48,True
22149,22150,9.32,23,VH-22149-3,24,True
22163,22149,5.65,24,VH-22163-1,60,True
22163,283230,5.98,23,VH-22163-2,48,True
22163,284460,6.21,19,VH-22163-3,24,True
22122,285136,5.84,25,VH-22122-1,36,True
22122,283698,5.85,25,VH-22122-2,48,True
22122,283337,100.2,172,VH-22122-3,48,True
283698,22122,5.85,24,VH-283698-1,60,True
283698,285136,11.65,34,VH-283698-2,60,True
283698,283337,106.01,166,VH-283698-3,48,True
285136,22122,5.84,19,VH-285136-1,60,True
285136,283698,11.65,29,VH-285136-2,60,True
285136,283337,94.37,147,VH-285136-3,48,True
22134,283877,2.52,17,VH-22134-1,36,True
22134,283232,3.61,19,VH-22134-2,36,True
22134,22161,6.19,18,VH-22134-3,48,True
22161,283877,3.71,19,VH-22161-1,36,True
22161,22134,6.19,20,VH-22161-2,48,True
22161,283232,8.57,22,VH-22161-3,24,True
283232,22134,3.61,18,VH-283232-1,24,True
283232,283877,5.1,16,VH-283232-2,48,True
283232,22161,8.57,27,VH-283232-3,48,True
283877,22134,2.52,14,VH-283877-1,60,True
283877,22161,3.71,22,VH-283877-2,60,True
283877,283232,5.1,16,VH-283877-3,24,True
22102,22119,0.0,16,VH-22102-1,60,True
22102,283796,0.0,18,VH-22102-2,48,True
22102,22128,0.0,16,VH-22102-3,48,True
22146,283228,8.17,27,VH-22146-1,24,True
22146,284809,8.85,32,VH-22146-2,36,True
22146,285200,51.75,78,VH-22146-3,24,True
282682,7015,0.0,12,VH-282682-1,60,True
282682,22108,84.21,165,VH-282682-2,24,True
282682,7012,84.21,149,VH-282682-3,60,True
283228,284809,0.69,13,VH-283228-1,36,True
283228,22146,8.17,24,VH-283228-2,36,True
283228,285200,44.14,72,VH-283228-3,60,True
284809,283228,0.69,18,VH-284809-1,24,True
284809,22146,8.85,31,VH-284809-2,60,True
284809,285200,43.47,82,VH-284809-3,60,True
7015,282682,0.0,15,VH-7015-1,36,True
7015,22108,84.21,155,VH-7015-2,36,True
7015,7012,84.21,150,VH-7015-3,36,True
7031,22119,0.0,17,VH-7031-1,60,True
7031,283796,0.0,17,VH-7031-2,24,True
7031,22128,0.0,9,VH-7031-3,36,True
283308,283985,0.84,15,VH-283308-1,60,True
283308,284230,3.2,20,VH-283308-2,24,True
283308,283756,3.83,17,VH-283308-3,36,True
283663,283695,2.42,12,VH-283663-1,24,True
283663,284811,3.04,16,VH-283663-2,48,True
283663,285135,3.88,19,VH-283663-3,24,True
7047,283756,1.07,14,VH-7047-1,24,True
7047,22119,1.55,14,VH-7047-2,48,True
7047,22128,1.55,19,VH-7047-3,60,True
7048,22119,0.0,10,VH-7048-1,24,True
7048,283796,0.0,13,VH-7048-2,36,True
7048,22128,0.0,9,VH-7048-3,60,True
22103,22127,0.0,14,VH-22103-1,36,True
22103,22140,25.41,46,VH-22103-2,60,True
22103,280502,27.93,61,VH-22103-3,60,True
22140,280502,2.54,18,VH-22140-1,36,True
22140,22159,6.14,24,VH-22140-2,36,True
22140,22143,13.36,36,VH-22140-3,60,True
22143,22159,7.22,26,VH-22143-1,60,True
22143,280502,11.9,32,VH-22143-2,60,True
22143,22140,13.36,32,VH-22143-3,24,True
22159,280502,4.91,16,VH-22159-1,36,True
22159,22140,6.14,26,VH-22159-2,24,True
22159,22143,7.22,28,VH-22159-3,60,True
280502,22140,2.54,14,VH-280502-1,48,True
280502,22159,4.91,20,VH-280502-2,48,True
280502,22143,11.9,32,VH-280502-3,24,True
283624,283613,0.0,17,VH-283624-1,24,True
283624,280725,0.0,10,VH-283624-2,48,True
283624,7029,0.0,14,VH-283624-3,24,True
22165,283613,0.0,16,VH-22165-1,24,True
22165,280725,0.0,16,VH-22165-2,36,True
22165,7029,0.0,18,VH-22165-3,24,True
280777,22126,0.0,9,VH-280777-1,36,True
280777,284548,2.21,15,VH-280777-2,60,True
280777,283895,3.92,21,VH-280777-3,24,True
283231,283230,4.0,25,VH-283231-1,36,True
283231,22150,4.19,16,VH-283231-2,36,True
283231,284460,5.04,20,VH-283231-3,36,True
22132,22119,0.0,9,VH-22132-1,60,True
22132,283796,0.0,10,VH-22132-2,48,True
22132,22128,0.0,16,VH-22132-3,24,True
7018,22161,85.05,153,VH-7018-1,36,True
7018,22134,85.73,155,VH-7018-2,60,True
7018,283877,85.77,134,VH-7018-3,36,True
22137,283229,2.41,14,VH-22137-1,24,True
22137,283953,3.06,16,VH-22137-2,36,True
22137,285200,4.37,20,VH-22137-3,36,True
22138,7028,1.02,15,VH-22138-1,36,True
22138,283229,3.41,14,VH-22138-2,60,True
22138,283953,3.58,13,VH-22138-3,24,True
22152,283953,2.27,14,VH-22152-1,36,True
22152,283229,2.91,18,VH-22152-2,36,True
22152,285200,4.78,18,VH-22152-3,48,True
283229,283953,0.71,19,VH-283229-1,48,True
283229,22137,2.41,13,VH-283229-2,60,True
283229,22152,2.91,13,VH-283229-3,60,True
283639,22119,0.0,9,VH-283639-1,24,True
283639,283796,0.0,17,VH-283639-2,48,True
283639,22128,0.0,15,VH-283639-3,24,True
283953,283229,0.71,12,VH-283953-1,36,True
283953,22152,2.27,13,VH-283953-2,48,True
283953,22137,3.06,15,VH-283953-3,24,True
284466,22152,6.93,23,VH-284466-1,24,True
284466,283953,8.85,26,VH-284466-2,60,True
284466,283229,9.56,27,VH-284466-3,48,True
285200,22137,4.37,25,VH-285200-1,36,True
285200,22152,4.78,21,VH-285200-2,24,True
285200,283229,4.91,22,VH-285200-3,48,True
7021,282682,104.23,193,VH-7021-1,60,True
7021,7015,104.23,149,VH-7021-2,36,True
7021,7012,160.89,284,VH-7021-3,36,True
7028,22138,1.02,16,VH-7028-1,36,True
7028,283229,4.42,24,VH-7028-2,60,True
7028,283953,4.6,17,VH-7028-3,60,True
22118,7023,1.44,12,VH-22118-1,24,True
22118,280500,1.71,12,VH-22118-2,48,True
22118,280499,1.79,15,VH-22118-3,24,True
22120,22154,0.95,16,VH-22120-1,24,True
22120,285069,2.86,20,VH-22120-2,24,True
22120,283820,3.09,16,VH-22120-3,36,True
22144,283613,1.28,11,VH-22144-1,60,True
22144,280725,1.28,12,VH-22144-2,24,True
22144,283624,1.28,18,VH-22144-3,36,True
22154,22120,0.95,17,VH-22154-1,36,True
22154,7004,3.44,21,VH-22154-2,36,True
22154,285069,3.7,20,VH-22154-3,60,True
22155,280435,0.0,17,VH-22155-1,36,True
22155,280499,0.0,9,VH-22155-2,48,True
22155,283220,1.6,16,VH-22155-3,60,True
22156,284180,0.55,12,VH-22156-1,60,True
22156,283820,1.44,18,VH-22156-2,24,True
22156,284319,1.85,17,VH-22156-3,36,True
22164,284319,0.93,17,VH-22164-1,60,True
22164,283706,1.13,11,VH-22164-2,24,True
22164,7023,1.68,12,VH-22164-3,60,True
280435,280499,0.0,15,VH-280435-1,24,True
280435,22155,0.0,17,VH-280435-2,24,True
280435,283220,1.6,14,VH-280435-3,24,True
280436,280724,2.33,19,VH-280436-1,48,True
280436,285173,3.16,17,VH-280436-2,48,True
280436,283706,3.19,16,VH-280436-3,36,True
280499,280435,0.0,14,VH-280499-1,48,True
280499,22155,0.0,18,VH-280499-2,48,True
280499,283220,1.6,15,VH-280499-3,60,True
280500,7020,0.65,17,VH-280500-1,24,True
280500,283613,1.68,15,VH-280500-2,36,True
280500,22165,1.68,17,VH-280500-3,36,True
280724,7010,1.18,18,VH-280724-1,60,True
280724,285173,1.45,19,VH-280724-2,60,True
280724,283706,2.02,20,VH-280724-3,36,True
280755,283692,2.36,20,VH-280755-1,36,True
280755,284007,5.53,23,VH-280755-2,24,True
280755,280435,6.2,21,VH-280755-3,24,True
283220,7022,0.87,14,VH-283220-1,36,True
283220,285172,1.22,15,VH-283220-2,36,True
283220,280435,1.6,12,VH-283220-3,60,True
283692,280755,2.36,13,VH-283692-1,48,True
283692,284007,3.17,21,VH-283692-2,60,True
283692,283220,3.94,16,VH-283692-3,48,True
283706,284319,0.46,12,VH-283706-1,60,True
283706,285173,0.76,14,VH-283706-2,24,True
283706,22164,1.13,15,VH-283706-3,24,True
283820,285069,0.67,16,VH-283820-1,48,True
283820,284180,0.9,10,VH-283820-2,60,True
283820,22156,1.44,14,VH-283820-3,24,True
284007,283220,1.75,11,VH-284007-1,48,True
284007,285172,2.0,14,VH-284007-2,36,True
284007,7022,2.48,14,VH-284007-3,24,True
284180,22156,0.55,18,VH-284180-1,48,True
284180,283820,0.9,15,VH-284180-2,48,True
284180,285069,1.44,18,VH-284180-3,24,True
284319,283706,0.46,9,VH-284319-1,36,True
284319,22164,0.93,11,VH-284319-2,60,True
284319,285173,1.22,13,VH-284319-3,36,True
284729,280436,5.02,26,VH-284729-1,48,True
284729,280724,5.52,19,VH-284729-2,60,True
284729,7014,6.45,27,VH-284729-3,48,True
285069,283820,0.67,13,VH-285069-1,60,True
285069,284180,1.44,11,VH-285069-2,24,True
285069,22156,1.98,21,VH-285069-3,48,True
285172,7022,1.07,16,VH-285172-1,48,True
285172,283220,1.22,19,VH-285172-2,24,True
285172,284007,2.0,13,VH-285172-3,24,True
285173,7010,0.65,9,VH-285173-1,36,True
285173,283706,0.76,10,VH-285173-2,36,True
285173,284319,1.22,15,VH-285173-3,60,True
285256,280425,0.64,15,VH-285256-1,24,True
285256,283613,1.33,11,VH-285256-2,24,True
285256,283624,1.33,12,VH-285256-3,48,True
7004,7023,1.38,15,VH-7004-1,36,True
7004,22164,2.14,16,VH-7004-2,36,True
7004,7022,2.74,19,VH-7004-3,60,True
7010,285173,0.65,11,VH-7010-1,36,True
7010,280724,1.18,12,VH-7010-2,36,True
7010,283706,1.41,13,VH-7010-3,48,True
7012,22108,0.0,17,VH-7012-1,60,True
7012,7025,1.59,13,VH-7012-2,36,True
7012,22162,61.92,106,VH-7012-3,36,True
7014,285256,1.44,20,VH-7014-1,60,True
7014,280425,1.75,16,VH-7014-2,48,True
7014,22144,1.94,15,VH-7014-3,60,True
7020,280500,0.65,13,VH-7020-1,60,True
7020,280425,1.43,19,VH-7020-2,48,True
7020,285256,1.48,20,VH-7020-3,48,True
7022,283220,0.87,14,VH-7022-1,24,True
7022,285172,1.07,17,VH-7022-2,36,True
7022,280499,1.66,17,VH-7022-3,24,True
7023,7004,1.38,17,VH-7023-1,48,True
7023,22118,1.44,11,VH-7023-2,48,True
7023,22164,1.68,13,VH-7023-3,36,True
7029,283613,0.0,16,VH-7029-1,24,True
7029,280725,0.0,9,VH-7029-2,24,True
7029,283624,0.0,8,VH-7029-3,36,True
7034,22157,7.29,27,VH-7034-1,48,True
7034,282706,9.72,33,VH-7034-2,48,True
7034,7032,10.19,30,VH-7034-3,36,True
22113,22119,0.0,15,VH-22113-1,24,True
22113,283796,0.0,9,VH-22113-2,48,True
22113,22128,0.0,17,VH-22113-3,60,True
22147,22119,0.0,16,VH-22147-1,36,True
22147,283796,0.0,17,VH-22147-2,48,True
22147,22128,0.0,14,VH-22147-3,60,True
280271,22119,0.0,18,VH-280271-1,60,True
280271,283796,0.0,18,VH-280271-2,24,True
280271,22128,0.0,14,VH-280271-3,60,True
280425,285256,0.64,19,VH-280425-1,48,True
280425,283613,0.7,16,VH-280425-2,36,True
280425,22165,0.7,17,VH-280425-3,36,True
280505,284548,35.61,64,VH-280505-1,60,True
280505,22126,36.02,67,VH-280505-2,24,True
280505,280777,36.02,63,VH-280505-3,60,True
283677,22119,1.82,12,VH-283677-1,36,True
283677,283796,1.82,18,VH-283677-2,36,True
283677,22128,1.82,15,VH-283677-3,24,True
283985,283308,0.84,12,VH-283985-1,48,True
283985,284230,2.35,13,VH-283985-2,36,True
283985,283756,3.31,14,VH-283985-3,36,True
22123,22119,0.0,16,VH-22123-1,60,True
22123,283796,0.0,17,VH-22123-2,24,True
22123,22128,0.0,18,VH-22123-3,48,True
22145,7005,3.93,21,VH-22145-1,60,True
22145,7037,4.91,21,VH-22145-2,24,True
22145,7016,6.16,18,VH-22145-3,36,True
22148,7037,2.84,16,VH-22148-1,48,True
22148,7040,6.36,27,VH-22148-2,24,True
22148,7016,6.81,26,VH-22148-3,48,True
285217,7040,8.85,21,VH-285217-1,48,True
285217,7016,8.87,21,VH-285217-2,60,True
285217,7005,10.42,23,VH-285217-3,24,True
7005,7016,2.39,18,VH-7005-1,36,True
7005,7040,3.44,16,VH-7005-2,36,True
7005,22145,3.93,14,VH-7005-3,24,True
7016,7040,1.16,20,VH-7016-1,60,True
7016,7005,2.39,14,VH-7016-2,60,True
7016,22145,6.16,22,VH-7016-3,24,True
7037,22148,2.84,12,VH-7037-1,36,True
7037,22145,4.91,18,VH-7037-2,60,True
7037,7005,5.55,21,VH-7037-3,24,True
7040,7016,1.16,19,VH-7040-1,36,True
7040,7005,3.44,17,VH-7040-2,36,True
7040,7037,6.28,26,VH-7040-3,48,True
8001,9001,4.06,19,VH-8001-1,60,True
8001,1827,16.95,43,VH-8001-2,60,True
8001,866,17.94,35,VH-8001-3,36,True
9001,8001,4.06,24,VH-9001-1,36,True
9001,1827,12.93,26,VH-9001-2,24,True
9001,866,14.05,28,VH-9001-3,48,True
280306,634,0.91,16,VH-280306-1,60,True
280306,664,1.88,16,VH-280306-2,36,True
280306,653,2.1,18,VH-280306-3,60,True
608,97128,1.09,16,VH-608-1,48,True
608,97101,1.81,20,VH-608-2,60,True
608,280306,2.41,17,VH-608-3,60,True
620,629,3.74,18,VH-620-1,60,True
620,644,4.22,22,VH-620-2,36,True
620,283040,4.37,21,VH-620-3,36,True
634,280306,0.91,12,VH-634-1,60,True
634,664,1.15,14,VH-634-2,48,True
634,653,1.38,17,VH-634-3,36,True
664,653,0.23,9,VH-664-1,48,True
664,634,1.15,17,VH-664-2,60,True
664,280306,1.88,16,VH-664-3,24,True
97134,97128,1.93,16,VH-97134-1,60,True
97134,608,2.79,14,VH-97134-2,24,True
97134,284119,4.17,20,VH-97134-3,36,True
283040,280440,0.29,17,VH-283040-1,48,True
283040,283295,0.54,11,VH-283040-2,48,True
283040,97135,1.23,16,VH-283040-3,36,True
284128,647,1.37,13,VH-284128-1,24,True
284128,614,1.45,16,VH-284128-2,60,True
284128,284742,1.87,19,VH-284128-3,60,True
284477,635,1.71,11,VH-284477-1,60,True
284477,284742,2.17,15,VH-284477-2,48,True
284477,619,2.2,14,VH-284477-3,36,True
614,284742,1.36,19,VH-614-1,48,True
614,284128,1.45,14,VH-614-2,48,True
614,635,1.75,20,VH-614-3,36,True
616,624,2.62,20,VH-616-1,60,True
616,647,3.27,14,VH-616-2,60,True
616,284128,4.62,22,VH-616-3,60,True
635,284742,0.5,13,VH-635-1,36,True
635,284477,1.71,16,VH-635-2,48,True
635,614,1.75,19,VH-635-3,48,True
647,284128,1.37,14,VH-647-1,48,True
647,284742,2.6,18,VH-647-2,36,True
647,614,2.74,21,VH-647-3,48,True
280440,283040,0.29,18,VH-280440-1,48,True
280440,283295,0.69,12,VH-280440-2,60,True
280440,97135,0.94,17,VH-280440-3,36,True
283295,283040,0.54,18,VH-283295-1,36,True
283295,280440,0.69,9,VH-283295-2,24,True
283295,97135,1.53,18,VH-283295-3,36,True
283498,97135,2.42,16,VH-283498-1,36,True
283498,280440,3.34,19,VH-283498-2,24,True
283498,97101,3.52,15,VH-283498-3,60,True
284119,664,1.9,14,VH-284119-1,36,True
284119,653,1.91,13,VH-284119-2,48,True
284119,280306,2.19,14,VH-284119-3,24,True
604,653,1.95,15,VH-604-1,48,True
604,664,2.18,21,VH-604-2,24,True
604,284119,3.04,22,VH-604-3,24,True
644,634,2.01,15,VH-644-1,48,True
644,280306,2.22,13,VH-644-2,36,True
644,664,2.96,22,VH-644-3,60,True
97101,608,1.81,16,VH-97101-1,60,True
97101,97128,2.52,13,VH-97101-2,60,True
97101,97135,2.74,19,VH-97101-3,48,True
97111,615,19.56,42,VH-97111-1,60,True
97111,651,21.25,45,VH-97111-2,24,True
97111,97105,21.43,42,VH-97111-3,36,True
97128,608,1.09,17,VH-97128-1,48,True
97128,97134,1.93,16,VH-97128-2,36,True
97128,97101,2.52,22,VH-97128-3,60,True
97135,280440,0.94,15,VH-97135-1,24,True
97135,283040,1.23,15,VH-97135-2,24,True
97135,283295,1.53,11,VH-97135-3,24,True
280730,618,1.51,18,VH-280730-1,36,True
280730,629,2.15,21,VH-280730-2,60,True
280730,285199,4.05,22,VH-280730-3,60,True
285199,618,3.81,21,VH-285199-1,24,True
285199,280730,4.05,18,VH-285199-2,48,True
285199,656,4.67,18,VH-285199-3,36,True
618,629,1.48,17,VH-618-1,48,True
618,280730,1.51,19,VH-618-2,36,True
618,285199,3.81,18,VH-618-3,48,True
629,618,1.48,14,VH-629-1,36,True
629,280730,2.15,16,VH-629-2,48,True
629,644,3.54,23,VH-629-3,48,True
283294,283477,3.17,21,VH-283294-1,24,True
283294,610,3.66,25,VH-283294-2,60,True
283294,619,4.19,22,VH-283294-3,24,True
283477,619,1.47,20,VH-283477-1,60,True
283477,610,1.84,17,VH-283477-2,60,True
283477,283294,3.17,22,VH-283477-3,24,True
284742,635,0.5,16,VH-284742-1,36,True
284742,614,1.36,15,VH-284742-2,36,True
284742,284128,1.87,17,VH-284742-3,36,True
619,610,1.06,12,VH-619-1,36,True
619,283477,1.47,14,VH-619-2,48,True
619,284477,2.2,20,VH-619-3,48,True
280451,643,1.88,20,VH-280451-1,48,True
280451,283297,1.88,14,VH-280451-2,36,True
280451,654,2.87,14,VH-280451-3,60,True
284802,642,2.52,22,VH-284802-1,60,True
284802,612,2.56,21,VH-284802-2,60,True
284802,639,2.57,19,VH-284802-3,24,True
612,284802,2.56,13,VH-612-1,36,True
612,642,3.54,15,VH-612-2,48,True
612,646,4.48,21,VH-612-3,24,True
613,639,0.39,15,VH-613-1,36,True
613,97133,1.46,19,VH-613-2,36,True
613,650,2.31,17,VH-613-3,48,True
623,656,1.23,15,VH-623-1,36,True
623,97127,3.58,20,VH-623-2,36,True
623,97131,3.58,19,VH-623-3,36,True
624,616,2.62,18,VH-624-1,60,True
624,647,4.39,21,VH-624-2,48,True
624,284128,5.67,22,VH-624-3,48,True
625,650,0.98,19,VH-625-1,24,True
625,642,2.02,18,VH-625-2,48,True
625,613,2.6,15,VH-625-3,24,True
639,613,0.39,18,VH-639-1,48,True
639,97133,1.64,16,VH-639-2,36,True
639,284802,2.57,22,VH-639-3,60,True
650,625,0.98,10,VH-650-1,48,True
650,658,2.15,17,VH-650-2,48,True
650,613,2.31,11,VH-650-3,36,True
656,623,1.23,11,VH-656-1,24,True
656,97131,3.44,20,VH-656-2,48,True
656,97127,3.44,14,VH-656-3,36,True
658,97133,1.61,17,VH-658-1,48,True
658,650,2.15,14,VH-658-2,24,True
658,97127,2.44,17,VH-658-3,36,True
97127,97131,0.0,11,VH-97127-1,60,True
97127,285066,0.0,11,VH-97127-2,60,True
97127,658,2.44,18,VH-97127-3,48,True
97131,97127,0.0,17,VH-97131-1,36,True
97131,285066,0.0,18,VH-97131-2,24,True
97131,658,2.44,21,VH-97131-3,36,True
97133,613,1.46,17,VH-97133-1,36,True
97133,658,1.61,16,VH-97133-2,48,True
97133,639,1.64,18,VH-97133-3,60,True
610,619,1.06,15,VH-610-1,24,True
610,283477,1.84,17,VH-610-2,48,True
610,284477,2.59,15,VH-610-3,24,True
284870,659,0.51,11,VH-284870-1,48,True
284870,632,1.23,12,VH-284870-2,24,True
284870,622,1.61,18,VH-284870-3,60,True
284958,97132,3.18,17,VH-284958-1,24,True
284958,284870,4.06,20,VH-284958-2,24,True
284958,659,4.34,21,VH-284958-3,48,True
622,632,0.39,18,VH-622-1,60,True
622,659,1.15,16,VH-622-2,60,True
622,284870,1.61,14,VH-622-3,48,True
630,284129,0.83,16,VH-630-1,48,True
630,97132,2.34,15,VH-630-2,48,True
630,666,2.8,21,VH-630-3,48,True
631,648,1.04,11,VH-631-1,48,True
631,637,1.78,18,VH-631-2,48,True
631,666,2.39,19,VH-631-3,48,True
632,622,0.39,11,VH-632-1,60,True
632,659,0.76,11,VH-632-2,36,True
632,284870,1.23,10,VH-632-3,48,True
641,622,2.66,17,VH-641-1,24,True
641,632,2.98,18,VH-641-2,24,True
641,659,3.67,21,VH-641-3,36,True
648,631,1.04,18,VH-648-1,24,True
648,637,2.5,17,VH-648-2,48,True
648,666,2.71,22,VH-648-3,48,True
659,284870,0.51,14,VH-659-1,60,True
659,632,0.76,19,VH-659-2,60,True
659,622,1.15,17,VH-659-3,48,True
663,641,3.85,19,VH-663-1,60,True
663,622,4.16,18,VH-663-2,24,True
663,636,4.23,17,VH-663-3,36,True
666,637,1.09,13,VH-666-1,60,True
666,631,2.39,16,VH-666-2,60,True
666,648,2.71,15,VH-666-3,24,True
672,97104,0.55,16,VH-672-1,36,True
672,631,3.22,16,VH-672-2,36,True
672,648,3.58,15,VH-672-3,48,True
97132,630,2.34,12,VH-97132-1,60,True
97132,284129,2.67,16,VH-97132-2,48,True
97132,666,2.97,22,VH-97132-3,24,True
284129,630,0.83,15,VH-284129-1,36,True
284129,97132,2.67,14,VH-284129-2,36,True
284129,666,3.63,20,VH-284129-3,48,True
636,632,3.12,17,VH-636-1,24,True
636,637,3.13,17,VH-636-2,60,True
636,622,3.16,20,VH-636-3,24,True
637,666,1.09,13,VH-637-1,36,True
637,631,1.78,13,VH-637-2,48,True
637,648,2.5,18,VH-637-3,24,True
280737,660,3.73,20,VH-280737-1,48,True
280737,283318,4.45,22,VH-280737-2,48,True
280737,609,5.21,20,VH-280737-3,60,True
280752,283318,1.02,12,VH-280752-1,60,True
280752,280762,1.52,20,VH-280752-2,24,True
280752,660,2.25,20,VH-280752-3,36,True
280762,280752,1.52,19,VH-280762-1,36,True
280762,97105,1.84,11,VH-280762-2,60,True
280762,651,1.99,20,VH-280762-3,48,True
283297,643,0.0,10,VH-283297-1,48,True
283297,280451,1.88,11,VH-283297-2,60,True
283297,654,2.55,17,VH-283297-3,36,True
283318,280752,1.02,15,VH-283318-1,36,True
283318,660,2.04,20,VH-283318-2,48,True
283318,280762,2.53,13,VH-283318-3,36,True
615,97105,1.87,13,VH-615-1,48,True
615,651,1.96,20,VH-615-2,24,True
615,280762,3.67,20,VH-615-3,24,True
651,97105,0.96,10,VH-651-1,60,True
651,615,1.96,21,VH-651-2,60,True
651,280762,1.99,16,VH-651-3,24,True
657,640,3.63,18,VH-657-1,36,True
657,609,4.76,20,VH-657-2,36,True
657,606,7.01,21,VH-657-3,60,True
660,283318,2.04,17,VH-660-1,60,True
660,280752,2.25,17,VH-660-2,60,True
660,651,3.0,19,VH-660-3,60,True
97104,672,0.55,11,VH-97104-1,60,True
97104,631,3.74,19,VH-97104-2,24,True
97104,648,4.03,23,VH-97104-3,24,True
97105,651,0.96,17,VH-97105-1,24,True
97105,280762,1.84,16,VH-97105-2,36,True
97105,615,1.87,21,VH-97105-3,36,True
283827,655,0.92,12,VH-283827-1,48,True
283827,606,2.69,17,VH-283827-2,48,True
283827,646,2.89,12,VH-283827-3,60,True
285066,97131,0.0,13,VH-285066-1,36,True
285066,97127,0.0,11,VH-285066-2,60,True
285066,658,2.44,19,VH-285066-3,48,True
606,655,2.03,19,VH-606-1,48,True
606,283827,2.69,15,VH-606-2,48,True
606,640,4.09,14,VH-606-3,36,True
609,657,4.76,22,VH-609-1,60,True
609,280737,5.21,21,VH-609-2,36,True
609,640,7.03,21,VH-609-3,24,True
640,657,3.63,23,VH-640-1,36,True
640,606,4.09,14,VH-640-2,60,True
640,655,5.03,22,VH-640-3,48,True
642,625,2.02,17,VH-642-1,36,True
642,613,2.52,21,VH-642-2,48,True
642,284802,2.52,16,VH-642-3,24,True
643,283297,0.0,8,VH-643-1,24,True
643,280451,1.88,11,VH-643-2,48,True
643,654,2.55,12,VH-643-3,36,True
646,283827,2.89,22,VH-646-1,24,True
646,283297,2.98,21,VH-646-2,36,True
646,643,2.98,14,VH-646-3,36,True
653,664,0.23,14,VH-653-1,60,True
653,634,1.38,18,VH-653-2,24,True
653,284119,1.91,14,VH-653-3,48,True
654,643,2.55,22,VH-654-1,36,True
654,283297,2.55,17,VH-654-2,36,True
654,280451,2.87,20,VH-654-3,60,True
655,283827,0.92,16,VH-655-1,60,True
655,606,2.03,20,VH-655-2,48,True
655,646,3.79,20,VH-655-3,24,True
10001,280167,4.78,22,VH-10001-1,36,True
10001,10005,19.77,40,VH-10001-2,60,True
10001,10002,29.72,66,VH-10001-3,36,True
10005,280167,15.11,42,VH-10005-1,24,True
10005,10001,19.77,45,VH-10005-2,48,True
10005,10002,49.2,96,VH-10005-3,24,True
280167,10001,4.78,23,VH-280167-1,24,True
280167,10005,15.11,42,VH-280167-2,24,True
280167,10002,34.14,68,VH-280167-3,60,True
10002,282818,4.76,19,VH-10002-1,60,True
10002,10001,29.72,57,VH-10002-2,24,True
10002,280167,34.14,58,VH-10002-3,48,True
282818,10002,4.76,24,VH-282818-1,24,True
282818,10001,33.42,74,VH-282818-2,48,True
282818,280167,37.66,68,VH-282818-3,48,True
24101,284504,0.0,11,VH-24101-1,24,True
24101,283247,0.0,14,VH-24101-2,36,True
24101,892,0.0,8,VH-24101-3,24,True
24108,24119,0.76,13,VH-24108-1,36,True
24108,811,0.95,13,VH-24108-2,36,True
24108,24101,1.44,16,VH-24108-3,48,True
24113,280576,1.64,11,VH-24113-1,60,True
24113,280745,2.05,18,VH-24113-2,36,True
24113,280453,2.34,21,VH-24113-3,48,True
24118,284472,0.64,19,VH-24118-1,24,True
24118,284169,0.97,18,VH-24118-2,60,True
24118,284449,1.58,20,VH-24118-3,24,True
24119,24108,0.76,14,VH-24119-1,36,True
24119,280414,0.77,14,VH-24119-2,60,True
24119,811,1.08,17,VH-24119-3,24,True
280414,24119,0.77,14,VH-280414-1,24,True
280414,284833,0.78,15,VH-280414-2,24,True
280414,284172,0.83,11,VH-280414-3,60,True
280452,280703,1.01,14,VH-280452-1,60,True
280452,815,1.89,19,VH-280452-2,60,True
280452,284833,2.32,14,VH-280452-3,60,True
280453,280745,0.84,13,VH-280453-1,48,True
280453,284172,1.43,15,VH-280453-2,24,True
280453,280414,2.23,17,VH-280453-3,24,True
280515,284284,0.76,13,VH-280515-1,24,True
280515,817,1.04,18,VH-280515-2,24,True
280515,280703,1.48,12,VH-280515-3,24,True
280576,24113,1.64,19,VH-280576-1,36,True
280576,280745,2.23,18,VH-280576-2,36,True
280576,280453,2.95,14,VH-280576-3,60,True
280580,284472,3.37,19,VH-280580-1,48,True
280580,24118,3.74,21,VH-280580-2,60,True
280580,284169,4.67,23,VH-280580-3,36,True
280703,280452,1.01,16,VH-280703-1,48,True
280703,280515,1.48,19,VH-280703-2,24,True
280703,284284,1.74,15,VH-280703-3,36,True
280745,280453,0.84,13,VH-280745-1,48,True
280745,284172,1.51,12,VH-280745-2,48,True
280745,24113,2.05,20,VH-280745-3,48,True
280754,284283,3.49,15,VH-280754-1,36,True
280754,809,3.54,17,VH-280754-2,24,True
280754,819,4.05,17,VH-280754-3,60,True
284135,815,1.79,21,VH-284135-1,36,True
284135,1818,2.07,19,VH-284135-2,60,True
284135,284833,2.12,13,VH-284135-3,24,True
284169,284449,0.61,18,VH-284169-1,48,True
284169,24118,0.97,18,VH-284169-2,60,True
284169,284472,1.55,16,VH-284169-3,24,True
284172,280414,0.83,10,VH-284172-1,60,True
284172,284833,0.92,18,VH-284172-2,24,True
284172,24119,1.29,17,VH-284172-3,36,True
284283,809,1.34,13,VH-284283-1,36,True
284283,806,1.41,12,VH-284283-2,60,True
284283,24101,1.73,13,VH-284283-3,24,True
284284,817,0.57,14,VH-284284-1,60,True
284284,280515,0.76,11,VH-284284-2,48,True
284284,280703,1.74,14,VH-284284-3,24,True
284449,284169,0.61,18,VH-284449-1,36,True
284449,284785,1.36,14,VH-284449-2,48,True
284449,24118,1.58,19,VH-284449-3,36,True
284472,24118,0.64,12,VH-284472-1,48,True
284472,284169,1.55,12,VH-284472-2,60,True
284472,284449,2.17,13,VH-284472-3,60,True
284785,808,0.35,16,VH-284785-1,24,True
284785,803,0.66,16,VH-284785-2,36,True
284785,284449,1.36,13,VH-284785-3,24,True
284833,815,0.51,16,VH-284833-1,24,True
284833,280414,0.78,17,VH-284833-2,60,True
284833,284172,0.92,12,VH-284833-3,36,True
802,807,2.8,21,VH-802-1,48,True
802,817,3.4,19,VH-802-2,60,True
802,280515,3.45,19,VH-802-3,24,True
803,808,0.45,16,VH-803-1,48,True
803,284785,0.66,18,VH-803-2,48,True
803,811,1.42,19,VH-803-3,24,True
806,284283,1.41,12,VH-806-1,48,True
806,24101,1.73,18,VH-806-2,60,True
806,284504,1.73,19,VH-806-3,24,True
807,817,2.18,14,VH-807-1,48,True
807,284284,2.75,21,VH-807-2,24,True
807,802,2.8,13,VH-807-3,48,True
808,284785,0.35,10,VH-808-1,48,True
808,803,0.45,18,VH-808-2,60,True
808,24108,1.48,11,VH-808-3,60,True
809,284283,1.34,15,VH-809-1,36,True
809,284169,2.05,20,VH-809-2,36,True
809,24118,2.22,20,VH-809-3,48,True
810,282580,0.0,8,VH-810-1,48,True
810,284229,1.32,11,VH-810-2,60,True
810,807,4.57,19,VH-810-3,24,True
811,24101,0.49,18,VH-811-1,36,True
811,284504,0.49,10,VH-811-2,48,True
811,892,0.49,10,VH-811-3,60,True
815,284833,0.51,16,VH-815-1,24,True
815,280414,1.17,12,VH-815-2,60,True
815,284172,1.43,17,VH-815-3,36,True
817,284284,0.57,10,VH-817-1,60,True
817,280515,1.04,14,VH-817-2,60,True
817,807,2.18,15,VH-817-3,24,True
818,284785,2.35,16,VH-818-1,60,True
818,284449,2.42,21,VH-818-2,48,True
818,808,2.57,21,VH-818-3,48,True
819,891,1.43,13,VH-819-1,48,True
819,24135,3.06,14,VH-819-2,36,True
819,280754,4.05,21,VH-819-3,48,True
821,284018,0.0,11,VH-821-1,60,True
821,280455,0.0,9,VH-821-2,24,True
821,1812,0.57,16,VH-821-3,48,True
280742,870,3.54,14,VH-280742-1,60,True
280742,284136,3.75,23,VH-280742-2,36,True
280742,285225,6.91,18,VH-280742-3,48,True
284136,280742,3.75,22,VH-284136-1,60,True
284136,285225,4.88,22,VH-284136-2,60,True
284136,870,5.24,24,VH-284136-3,60,True
285225,284136,4.88,22,VH-285225-1,60,True
285225,870,5.32,23,VH-285225-2,24,True
285225,280742,6.91,25,VH-285225-3,48,True
870,280742,3.54,19,VH-870-1,48,True
870,284136,5.24,23,VH-870-2,48,True
870,285225,5.32,20,VH-870-3,60,True
24125,283154,0.0,16,VH-24125-1,36,True
24125,823,0.55,17,VH-24125-2,36,True
24125,872,1.43,11,VH-24125-3,36,True
280456,24125,5.5,23,VH-280456-1,36,True
280456,283154,5.5,17,VH-280456-2,60,True
280456,823,6.0,24,VH-280456-3,24,True
283154,24125,0.0,18,VH-283154-1,36,True
283154,823,0.55,18,VH-283154-2,60,True
283154,872,1.43,14,VH-283154-3,48,True
822,823,9.02,28,VH-822-1,48,True
822,24125,9.17,23,VH-822-2,24,True
822,283154,9.17,26,VH-822-3,36,True
823,24125,0.55,17,VH-823-1,60,True
823,283154,0.55,10,VH-823-2,48,True
823,872,1.23,14,VH-823-3,24,True
871,280456,6.37,23,VH-871-1,48,True
871,24125,9.45,33,VH-871-2,24,True
871,283154,9.45,21,VH-871-3,48,True
872,823,1.23,16,VH-872-1,48,True
872,24125,1.43,15,VH-872-2,24,True
872,283154,1.43,12,VH-872-3,60,True
1819,280412,1.07,19,VH-1819-1,24,True
1819,284927,47.62,92,VH-1819-2,48,True
1819,833,91.71,131,VH-1819-3,60,True
280412,1819,1.07,13,VH-280412-1,48,True
280412,284927,48.02,97,VH-280412-2,36,True
280412,833,91.31,140,VH-280412-3,36,True
24102,284421,1.52,19,VH-24102-1,36,True
24102,284539,1.81,12,VH-24102-2,60,True
24102,875,1.81,15,VH-24102-3,48,True
24133,874,1.46,16,VH-24133-1,48,True
24133,24102,3.47,23,VH-24133-2,36,True
24133,875,3.69,16,VH-24133-3,48,True
282579,284979,1.04,15,VH-282579-1,60,True
282579,284539,3.97,23,VH-282579-2,48,True
282579,875,3.97,16,VH-282579-3,24,True
283316,24133,5.38,18,VH-283316-1,36,True
283316,874,5.91,18,VH-283316-2,48,True
283316,284421,7.0,29,VH-283316-3,48,True
284421,24102,1.52,17,VH-284421-1,36,True
284421,873,1.93,16,VH-284421-2,48,True
284421,874,3.06,12,VH-284421-3,60,True
284504,24101,0.0,12,VH-284504-1,48,True
284504,283247,0.0,16,VH-284504-2,36,True
284504,892,0.0,9,VH-284504-3,48,True
284539,875,0.0,12,VH-284539-1,24,True
284539,24102,1.81,15,VH-284539-2,36,True
284539,874,2.58,21,VH-284539-3,48,True
284979,282579,1.04,16,VH-284979-1,60,True
284979,284539,4.2,15,VH-284979-2,48,True
284979,875,4.2,24,VH-284979-3,48,True
824,879,3.04,21,VH-824-1,48,True
824,282579,29.18,57,VH-824-2,60,True
824,284979,29.63,64,VH-824-3,48,True
873,284421,1.93,16,VH-873-1,24,True
873,24102,2.15,11,VH-873-2,60,True
873,284539,2.95,17,VH-873-3,36,True
874,24133,1.46,14,VH-874-1,24,True
874,24102,2.01,20,VH-874-2,60,True
874,284539,2.58,14,VH-874-3,24,True
875,284539,0.0,17,VH-875-1,36,True
875,24102,1.81,13,VH-875-2,24,True
875,874,2.58,20,VH-875-3,24,True
879,824,3.04,20,VH-879-1,36,True
879,282579,32.2,65,VH-879-2,60,True
879,284979,32.63,65,VH-879-3,60,True
282662,284086,4.55,19,VH-282662-1,48,True
282662,828,2903.98,5022,VH-282662-2,36,True
282662,1811,2944.72,4165,VH-282662-3,36,True
284086,282662,4.55,23,VH-284086-1,48,True
284086,828,2899.66,3994,VH-284086-2,48,True
284086,1811,2940.49,4813,VH-284086-3,60,True
881,855,118.97,200,VH-881-1,48,True
881,280303,187.36,288,VH-881-2,24,True
881,1801,187.36,270,VH-881-3,48,True
882,284390,59.16,110,VH-882-1,24,True
882,850,59.22,124,VH-882-2,24,True
882,24121,64.62,136,VH-882-3,24,True
280836,283321,1.25,11,VH-280836-1,48,True
280836,883,2.9,18,VH-280836-2,24,True
280836,825,3.79,15,VH-280836-3,36,True
283245,883,1.15,13,VH-283245-1,36,True
283245,825,2.23,17,VH-283245-2,48,True
283245,826,2.23,15,VH-283245-3,24,True
283321,280836,1.25,17,VH-283321-1,60,True
283321,883,2.67,17,VH-283321-2,24,True
283321,283245,3.8,23,VH-283321-3,24,True
825,826,0.0,11,VH-825-1,24,True
825,283245,2.23,15,VH-825-2,24,True
825,883,2.29,18,VH-825-3,60,True
826,825,0.0,11,VH-826-1,24,True
826,283245,2.23,19,VH-826-2,48,True
826,883,2.29,18,VH-826-3,48,True
883,283245,1.15,18,VH-883-1,36,True
883,825,2.29,18,VH-883-2,36,True
883,826,2.29,18,VH-883-3,48,True
885,284136,99.48,180,VH-885-1,36,True
885,280742,99.91,188,VH-885-2,36,True
885,870,103.43,197,VH-885-3,24,True
884,280559,3.18,13,VH-884-1,60,True
884,280578,3.34,18,VH-884-2,48,True
884,24136,4.68,17,VH-884-3,60,True
280578,280559,0.26,10,VH-280578-1,36,True
280578,24136,2.1,20,VH-280578-2,48,True
280578,884,3.34,17,VH-280578-3,36,True
280585,888,0.0,12,VH-280585-1,36,True
280585,889,0.16,13,VH-280585-2,36,True
280585,282583,0.84,13,VH-280585-3,24,True
282583,280585,0.84,19,VH-282583-1,60,True
282583,888,0.84,9,VH-282583-2,48,True
282583,889,0.9,12,VH-282583-3,60,True
284426,280585,5.25,18,VH-284426-1,24,True
284426,888,5.25,20,VH-284426-2,36,True
284426,889,5.4,19,VH-284426-3,60,True
889,280585,0.16,17,VH-889-1,48,True
889,888,0.16,16,VH-889-2,24,True
889,282583,0.9,13,VH-889-3,60,True
283155,24101,0.0,17,VH-283155-1,60,True
283155,284504,0.0,9,VH-283155-2,36,True
283155,283247,0.0,9,VH-283155-3,36,True
280559,280578,0.26,11,VH-280559-1,24,True
280559,24136,2.01,14,VH-280559-2,60,True
280559,884,3.18,22,VH-280559-3,36,True
24104,24105,0.0,12,VH-24104-1,48,True
24104,861,2.6,15,VH-24104-2,24,True
24104,283224,3.43,18,VH-24104-3,48,True
24135,891,1.89,21,VH-24135-1,60,True
24135,819,3.06,23,VH-24135-2,24,True
24135,802,4.58,17,VH-24135-3,60,True
24137,1805,29.37,60,VH-24137-1,48,True
24137,280438,31.44,52,VH-24137-2,48,True
24137,284115,39.1,84,VH-24137-3,48,True
284229,810,1.32,15,VH-284229-1,48,True
284229,282580,1.32,17,VH-284229-2,48,True
284229,280269,4.96,20,VH-284229-3,48,True
284513,24135,5.97,19,VH-284513-1,36,True
284513,802,7.6,27,VH-284513-2,24,True
284513,891,7.74,25,VH-284513-3,60,True
833,834,16.91,38,VH-833-1,36,True
833,880,20.26,41,VH-833-2,48,True
833,280269,21.19,57,VH-833-3,24,True
834,280269,4.79,25,VH-834-1,36,True
834,284229,5.27,20,VH-834-2,60,True
834,282580,6.41,21,VH-834-3,36,True
891,819,1.43,20,VH-891-1,36,True
891,24135,1.89,20,VH-891-2,36,True
891,802,4.16,19,VH-891-3,36,True
892,24101,0.0,8,VH-892-1,48,True
892,284504,0.0,12,VH-892-2,48,True
892,283247,0.0,9,VH-892-3,36,True
284385,894,2.55,16,VH-284385-1,60,True
284385,896,72.8,124,VH-284385-2,60,True
284385,283805,111.15,155,VH-284385-3,36,True
894,284385,2.55,18,VH-894-1,48,True
894,896,72.12,105,VH-894-2,36,True
894,283805,110.2,154,VH-894-3,48,True
24136,280559,2.01,15,VH-24136-1,24,True
24136,280578,2.1,20,VH-24136-2,24,True
24136,280457,2.74,13,VH-24136-3,24,True
24112,893,1.06,14,VH-24112-1,24,True
24112,283566,92.62,150,VH-24112-2,24,True
24112,24131,94.49,133,VH-24112-3,24,True
893,24112,1.06,16,VH-893-1,24,True
893,283566,92.45,127,VH-893-2,60,True
893,24131,94.22,146,VH-893-3,60,True
283805,897,2.69,19,VH-283805-1,24,True
283805,837,2.73,18,VH-283805-2,60,True
283805,895,3.22,19,VH-283805-3,24,True
837,897,0.09,12,VH-837-1,24,True
837,895,0.65,16,VH-837-2,48,True
837,283805,2.73,19,VH-837-3,60,True
895,837,0.65,15,VH-895-1,60,True
895,897,0.74,17,VH-895-2,24,True
895,283805,3.22,21,VH-895-3,24,True
896,283805,39.41,59,VH-896-1,60,True
896,897,42.1,73,VH-896-2,60,True
896,837,42.13,72,VH-896-3,60,True
897,837,0.09,17,VH-897-1,48,True
897,895,0.74,13,VH-897-2,60,True
897,283805,2.69,19,VH-897-3,24,True
283247,24101,0.0,14,VH-283247-1,24,True
283247,284504,0.0,10,VH-283247-2,24,True
283247,892,0.0,12,VH-283247-3,24,True
828,830,71.49,113,VH-828-1,24,True
828,893,108.1,163,VH-828-2,36,True
828,24112,108.16,181,VH-828-3,60,True
829,886,32.31,70,VH-829-1,60,True
829,280518,91.01,157,VH-829-2,48,True
829,280303,106.31,169,VH-829-3,24,True
830,828,71.49,101,VH-830-1,48,True
830,893,122.78,234,VH-830-2,60,True
830,24112,123.45,200,VH-830-3,48,True
886,829,32.31,64,VH-886-1,24,True
886,280518,58.71,92,VH-886-2,36,True
886,280303,74.01,137,VH-886-3,36,True
1801,24126,0.0,10,VH-1801-1,36,True
1801,280303,0.0,15,VH-1801-2,36,True
1801,1823,0.0,13,VH-1801-3,24,True
24126,1801,0.0,11,VH-24126-1,24,True
24126,280303,0.0,12,VH-24126-2,24,True
24126,1823,0.0,15,VH-24126-3,24,True
280740,840,6.9,20,VH-280740-1,24,True
280740,839,11.31,27,VH-280740-2,48,True
280740,871,29.94,55,VH-280740-3,36,True
282661,853,39.34,66,VH-282661-1,24,True
282661,1825,55.56,106,VH-282661-2,48,True
282661,24132,61.21,104,VH-282661-3,48,True
839,840,4.45,19,VH-839-1,24,True
839,280740,11.31,29,VH-839-2,24,True
839,872,20.5,41,VH-839-3,48,True
840,839,4.45,15,VH-840-1,48,True
840,280740,6.9,19,VH-840-2,24,True
840,871,23.8,47,VH-840-3,24,True
1802,24106,0.83,12,VH-1802-1,36,True
1802,280714,11.88,30,VH-1802-2,60,True
1802,284170,13.37,36,VH-1802-3,48,True
1803,280714,1.68,18,VH-1803-1,60,True
1803,284839,4.19,15,VH-1803-2,24,True
1803,24124,5.13,22,VH-1803-3,48,True
24124,284839,3.96,23,VH-24124-1,36,True
24124,1803,5.13,21,VH-24124-2,48,True
24124,280714,6.8,20,VH-24124-3,36,True
280714,1803,1.68,11,VH-280714-1,36,True
280714,284839,5.52,19,VH-280714-2,48,True
280714,24124,6.8,21,VH-280714-3,24,True
284170,284839,6.92,26,VH-284170-1,60,True
284170,280714,7.06,20,VH-284170-2,36,True
284170,1803,7.45,26,VH-284170-3,60,True
284839,24124,3.96,15,VH-284839-1,60,True
284839,1803,4.19,20,VH-284839-2,24,True
284839,280714,5.52,23,VH-284839-3,36,True
841,24124,10.1,23,VH-841-1,60,True
841,284839,11.05,29,VH-841-2,60,True
841,1803,14.64,32,VH-841-3,60,True
283246,842,0.0,14,VH-283246-1,36,True
283246,284840,3.72,15,VH-283246-2,36,True
283246,1804,6.95,23,VH-283246-3,60,True
284840,283246,3.72,19,VH-284840-1,36,True
284840,842,3.72,17,VH-284840-2,36,True
284840,1804,10.3,23,VH-284840-3,48,True
280457,24136,2.74,12,VH-280457-1,36,True
280457,280559,4.59,23,VH-280457-2,60,True
280457,280578,4.6,18,VH-280457-3,48,True
284411,280578,4.29,19,VH-284411-1,36,True
284411,280559,4.55,24,VH-284411-2,48,True
284411,24136,5.64,25,VH-284411-3,36,True
284526,884,6.41,18,VH-284526-1,48,True
284526,280559,9.59,23,VH-284526-2,36,True
284526,280578,9.75,26,VH-284526-3,60,True
280303,24126,0.0,13,VH-280303-1,48,True
280303,1801,0.0,11,VH-280303-2,48,True
280303,1823,0.0,10,VH-280303-3,24,True
284927,1819,47.62,83,VH-284927-1,48,True
284927,280412,48.02,84,VH-284927-2,60,True
284927,833,66.62,128,VH-284927-3,60,True
1804,283156,3.25,20,VH-1804-1,24,True
1804,283246,6.95,25,VH-1804-2,36,True
1804,842,6.95,23,VH-1804-3,60,True
1825,24132,5.65,16,VH-1825-1,48,True
1825,1804,11.1,23,VH-1825-2,36,True
1825,283156,14.19,35,VH-1825-3,48,True
24132,1825,5.65,25,VH-24132-1,24,True
24132,1804,8.76,30,VH-24132-2,60,True
24132,283246,9.7,26,VH-24132-3,48,True
283156,1804,3.25,15,VH-283156-1,48,True
283156,283246,7.88,19,VH-283156-2,60,True
283156,842,7.88,29,VH-283156-3,36,True
842,283246,0.0,14,VH-842-1,60,True
842,284840,3.72,17,VH-842-2,60,True
842,1804,6.95,26,VH-842-3,36,True
1805,280438,2.08,11,VH-1805-1,36,True
1805,284115,11.07,31,VH-1805-2,60,True
1805,24137,29.37,46,VH-1805-3,60,True
280438,1805,2.08,12,VH-280438-1,60,True
280438,284115,9.56,29,VH-280438-2,60,True
280438,24137,31.44,57,VH-280438-3,24,True
280518,280303,15.3,31,VH-280518-1,60,True
280518,24126,15.3,36,VH-280518-2,48,True
280518,1801,15.3,36,VH-280518-3,36,True
284115,280438,9.56,30,VH-284115-1,24,True
284115,1805,11.07,34,VH-284115-2,36,True
284115,24137,39.1,67,VH-284115-3,36,True
1806,24130,1.27,17,VH-1806-1,36,True
1806,283422,2.69,16,VH-1806-2,24,True
1806,24111,3.19,16,VH-1806-3,60,True
1807,24111,61.47,89,VH-1807-1,48,True
1807,283422,64.26,100,VH-1807-2,24,True
1807,1806,64.67,97,VH-1807-3,36,True
24111,1806,3.19,20,VH-24111-1,60,True
24111,283422,3.9,18,VH-24111-2,36,True
24111,24130,4.39,18,VH-24111-3,60,True
24122,841,16.11,33,VH-24122-1,36,True
24122,24124,25.51,47,VH-24122-2,48,True
24122,284839,27.12,52,VH-24122-3,24,True
24130,1806,1.27,19,VH-24130-1,48,True
24130,283422,2.67,18,VH-24130-2,36,True
24130,24111,4.39,20,VH-24130-3,48,True
282659,24130,5.56,21,VH-282659-1,48,True
282659,1806,6.29,17,VH-282659-2,48,True
282659,283422,8.15,25,VH-282659-3,36,True
283422,24130,2.67,17,VH-283422-1,36,True
283422,1806,2.69,19,VH-283422-2,60,True
283422,24111,3.9,18,VH-283422-3,24,True
1809,1810,0.0,10,VH-1809-1,24,True
1809,1811,3.2,17,VH-1809-2,48,True
1809,896,95.02,155,VH-1809-3,24,True
1810,1809,0.0,14,VH-1810-1,60,True
1810,1811,3.2,14,VH-1810-2,48,True
1810,896,95.02,166,VH-1810-3,60,True
1811,1810,3.2,16,VH-1811-1,60,True
1811,1809,3.2,14,VH-1811-2,36,True
1811,896,98.03,157,VH-1811-3,60,True
1812,821,0.57,17,VH-1812-1,48,True
1812,280455,0.57,15,VH-1812-2,48,True
1812,284018,0.57,11,VH-1812-3,60,True
1817,284971,42.26,71,VH-1817-1,48,True
1817,24140,43.31,81,VH-1817-2,60,True
1817,283566,44.21,88,VH-1817-3,24,True
24114,845,2.26,22,VH-24114-1,48,True
24114,847,2.58,17,VH-24114-2,24,True
24114,846,3.38,13,VH-24114-3,60,True
24131,846,4.64,26,VH-24131-1,24,True
24131,24114,4.89,16,VH-24131-2,48,True
24131,847,5.12,23,VH-24131-3,48,True
24139,24140,3.09,22,VH-24139-1,24,True
24139,283427,4.71,17,VH-24139-2,48,True
24139,284971,5.45,25,VH-24139-3,36,True
24140,284971,2.43,13,VH-24140-1,36,True
24140,24139,3.09,17,VH-24140-2,24,True
24140,283427,5.09,20,VH-24140-3,24,True
283427,845,3.56,20,VH-283427-1,48,True
283427,24114,4.33,25,VH-283427-2,36,True
283427,24139,4.71,24,VH-283427-3,24,True
283566,846,7.56,21,VH-283566-1,48,True
283566,1812,8.21,28,VH-283566-2,36,True
283566,821,8.45,26,VH-283566-3,36,True
284971,24140,2.43,15,VH-284971-1,36,True
284971,1812,5.29,19,VH-284971-2,36,True
284971,24139,5.45,20,VH-284971-3,24,True
845,847,1.52,20,VH-845-1,48,True
845,821,1.56,20,VH-845-2,24,True
845,280455,1.56,13,VH-845-3,24,True
846,847,1.11,10,VH-846-1,60,True
846,821,1.83,21,VH-846-2,48,True
846,280455,1.83,12,VH-846-3,60,True
847,846,1.11,10,VH-847-1,48,True
847,821,1.23,15,VH-847-2,60,True
847,280455,1.23,19,VH-847-3,36,True
1818,284135,2.07,15,VH-1818-1,24,True
1818,284284,3.22,16,VH-1818-2,36,True
1818,817,3.32,21,VH-1818-3,36,True
1820,280514,3.48,19,VH-1820-1,36,True
1820,284396,7.13,29,VH-1820-2,36,True
1820,833,28.94,60,VH-1820-3,60,True
24106,1802,0.83,15,VH-24106-1,48,True
24106,280714,11.86,31,VH-24106-2,48,True
24106,284170,12.91,25,VH-24106-3,48,True
280514,1820,3.48,18,VH-280514-1,36,True
280514,284396,9.69,33,VH-280514-2,36,True
280514,833,29.64,49,VH-280514-3,48,True
284396,1820,7.13,23,VH-284396-1,24,True
284396,280514,9.69,27,VH-284396-2,48,True
284396,833,23.05,55,VH-284396-3,36,True
24120,852,1.1,13,VH-24120-1,48,True
24120,284483,1.17,19,VH-24120-2,24,True
24120,284968,1.6,20,VH-24120-3,24,True
24121,284952,2.15,21,VH-24121-1,24,True
24121,851,3.46,16,VH-24121-2,24,True
24121,284968,3.94,21,VH-24121-3,60,True
280415,284483,0.51,13,VH-280415-1,48,True
280415,24120,1.61,18,VH-280415-2,48,True
280415,849,1.85,18,VH-280415-3,48,True
280455,821,0.0,10,VH-280455-1,60,True
280455,284018,0.0,10,VH-280455-2,24,True
280455,1812,0.57,11,VH-280455-3,48,True
280715,849,2.88,13,VH-280715-1,60,True
280715,284968,2.88,13,VH-280715-2,24,True
280715,280415,2.96,16,VH-280715-3,24,True
284390,851,7.19,26,VH-284390-1,36,True
284390,24121,7.7,30,VH-284390-2,48,True
284390,852,8.79,25,VH-284390-3,48,True
284483,280415,0.51,13,VH-284483-1,48,True
284483,24120,1.17,19,VH-284483-2,48,True
284483,852,1.54,15,VH-284483-3,48,True
284952,24121,2.15,14,VH-284952-1,24,True
284952,284968,3.93,18,VH-284952-2,36,True
284952,849,3.93,16,VH-284952-3,24,True
284968,849,0.0,14,VH-284968-1,48,True
284968,24120,1.6,17,VH-284968-2,60,True
284968,284483,1.83,11,VH-284968-3,48,True
849,284968,0.0,12,VH-849-1,36,True
849,24120,1.6,18,VH-849-2,24,True
849,284483,1.83,12,VH-849-3,60,True
850,284952,8.72,32,VH-850-1,36,True
850,24121,9.27,29,VH-850-2,48,True
850,284390,12.39,29,VH-850-3,36,True
851,852,1.72,12,VH-851-1,36,True
851,24120,2.11,13,VH-851-2,60,True
851,284483,3.09,14,VH-851-3,24,True
852,24120,1.1,17,VH-852-1,48,True
852,284483,1.54,13,VH-852-2,36,True
852,851,1.72,17,VH-852-3,48,True
853,1825,28.07,49,VH-853-1,36,True
853,283156,29.02,51,VH-853-2,36,True
853,1804,29.05,72,VH-853-3,48,True
888,280585,0.0,16,VH-888-1,24,True
888,889,0.16,18,VH-888-2,36,True
888,282583,0.84,19,VH-888-3,36,True
1822,854,1.74,17,VH-1822-1,36,True
1822,280573,1.74,15,VH-1822-2,48,True
1822,280741,4.15,25,VH-1822-3,48,True
280573,854,0.0,11,VH-280573-1,24,True
280573,1822,1.74,13,VH-280573-2,60,True
280573,280741,2.48,17,VH-280573-3,36,True
280741,854,2.48,19,VH-280741-1,36,True
280741,280573,2.48,15,VH-280741-2,48,True
280741,1822,4.15,17,VH-280741-3,48,True
854,280573,0.0,11,VH-854-1,24,True
854,1822,1.74,19,VH-854-2,60,True
854,280741,2.48,21,VH-854-3,24,True
1823,280303,0.0,16,VH-1823-1,60,True
1823,24126,0.0,17,VH-1823-2,36,True
1823,1801,0.0,15,VH-1823-3,36,True
855,881,118.97,181,VH-855-1,24,True
855,24126,306.33,448,VH-855-2,36,True
855,280303,306.33,506,VH-855-3,48,True
1824,24107,0.94,18,VH-1824-1,48,True
1824,283224,1.36,12,VH-1824-2,36,True
1824,860,1.69,20,VH-1824-3,48,True
24105,24104,0.0,14,VH-24105-1,36,True
24105,861,2.6,14,VH-24105-2,36,True
24105,283224,3.43,23,VH-24105-3,60,True
24107,1824,0.94,13,VH-24107-1,24,True
24107,283224,1.3,15,VH-24107-2,24,True
24107,858,1.52,10,VH-24107-3,48,True
24138,860,0.0,12,VH-24138-1,36,True
24138,858,1.55,11,VH-24138-2,24,True
24138,1824,1.69,18,VH-24138-3,24,True
24141,865,0.0,11,VH-24141-1,36,True
24141,24109,2.42,17,VH-24141-2,48,True
24141,1826,6.32,26,VH-24141-3,24,True
280426,861,5.18,18,VH-280426-1,60,True
280426,284228,6.66,22,VH-280426-2,36,True
280426,24104,6.97,24,VH-280426-3,36,True
282809,284471,3.48,16,VH-282809-1,48,True
282809,24138,4.35,20,VH-282809-2,24,True
282809,860,4.35,16,VH-282809-3,24,True
283224,24107,1.3,17,VH-283224-1,36,True
283224,1824,1.36,20,VH-283224-2,48,True
283224,861,2.13,19,VH-283224-3,36,True
284228,858,2.03,15,VH-284228-1,36,True
284228,24107,2.73,20,VH-284228-2,48,True
284228,283224,3.53,14,VH-284228-3,48,True
284285,284471,6.23,22,VH-284285-1,48,True
284285,282809,6.93,20,VH-284285-2,36,True
284285,24104,6.96,22,VH-284285-3,48,True
284471,1824,2.13,17,VH-284471-1,24,True
284471,24138,2.92,16,VH-284471-2,36,True
284471,860,2.92,20,VH-284471-3,48,True
858,24107,1.52,13,VH-858-1,48,True
858,24138,1.55,16,VH-858-2,48,True
858,860,1.55,15,VH-858-3,60,True
860,24138,0.0,17,VH-860-1,48,True
860,858,1.55,12,VH-860-2,48,True
860,1824,1.69,15,VH-860-3,24,True
861,283224,2.13,16,VH-861-1,24,True
861,24104,2.6,23,VH-861-2,36,True
861,24105,2.6,14,VH-861-3,36,True
862,284228,4.24,20,VH-862-1,24,True
862,858,5.11,19,VH-862-2,36,True
862,24138,6.29,20,VH-862-3,36,True
1826,24109,3.92,23,VH-1826-1,36,True
1826,24141,6.32,28,VH-1826-2,36,True
1826,865,6.32,27,VH-1826-3,48,True
1827,866,2.38,15,VH-1827-1,24,True
1827,1826,28.02,54,VH-1827-2,60,True
1827,24109,31.4,55,VH-1827-3,60,True
24109,865,2.42,14,VH-24109-1,24,True
24109,24141,2.42,20,VH-24109-2,48,True
24109,1826,3.92,18,VH-24109-3,36,True
284018,821,0.0,10,VH-284018-1,24,True
284018,280455,0.0,10,VH-284018-2,60,True
284018,1812,0.57,10,VH-284018-3,60,True
865,24141,0.0,14,VH-865-1,60,True
865,24109,2.42,19,VH-865-2,36,True
865,1826,6.32,20,VH-865-3,24,True
866,1827,2.38,19,VH-866-1,60,True
866,1826,27.05,53,VH-866-2,24,True
866,24109,30.29,65,VH-866-3,36,True
280269,807,4.59,21,VH-280269-1,48,True
280269,834,4.79,20,VH-280269-2,60,True
280269,284229,4.96,19,VH-280269-3,60,True
282580,810,0.0,18,VH-282580-1,24,True
282580,284229,1.32,10,VH-282580-2,24,True
282580,807,4.57,16,VH-282580-3,48,True
880,284229,5.61,23,VH-880-1,48,True
880,810,6.44,27,VH-880-2,60,True
880,282580,6.44,23,VH-880-3,36,True
11042,283807,0.0,10,VH-11042-1,48,True
11042,282757,0.0,10,VH-11042-2,36,True
11042,282742,11.57,32,VH-11042-3,36,True
11044,282616,7.24,22,VH-11044-1,24,True
11044,11047,8.83,23,VH-11044-2,36,True
11044,283331,8.83,25,VH-11044-3,24,True
11047,283331,0.0,15,VH-11047-1,48,True
11047,282616,2.03,15,VH-11047-2,48,True
11047,11044,8.83,31,VH-11047-3,24,True
282616,11047,2.03,13,VH-282616-1,60,True
282616,283331,2.03,19,VH-282616-2,36,True
282616,11044,7.24,22,VH-282616-3,60,True
282742,96114,10.84,28,VH-282742-1,24,True
282742,11042,11.57,33,VH-282742-2,48,True
282742,283807,11.57,34,VH-282742-3,36,True
283807,11042,0.0,17,VH-283807-1,36,True
283807,282757,0.0,9,VH-283807-2,60,True
283807,282742,11.57,36,VH-283807-3,24,True
284260,11041,0.0,15,VH-284260-1,48,True
284260,11042,34.7,53,VH-284260-2,24,True
284260,282757,34.7,62,VH-284260-3,36,True
96114,282742,10.84,28,VH-96114-1,48,True
96114,282616,13.2,34,VH-96114-2,24,True
96114,11047,13.28,36,VH-96114-3,24,True
282743,96112,3.57,14,VH-282743-1,36,True
282743,285169,5.99,23,VH-282743-2,60,True
282743,11020,61.49,108,VH-282743-3,48,True
285169,96112,3.25,14,VH-285169-1,48,True
285169,282743,5.99,19,VH-285169-2,36,True
285169,11058,66.14,112,VH-285169-3,36,True
96112,285169,3.25,20,VH-96112-1,24,True
96112,282743,3.57,17,VH-96112-2,24,True
96112,11020,64.33,106,VH-96112-3,36,True
283478,11012,1.82,21,VH-283478-1,36,True
283478,284925,3.71,13,VH-283478-2,36,True
283478,284345,3.88,15,VH-283478-3,48,True
284925,284345,0.26,15,VH-284925-1,48,True
284925,283478,3.71,18,VH-284925-2,48,True
284925,11012,5.53,22,VH-284925-3,24,True
11018,282744,0.68,11,VH-11018-1,60,True
11018,284799,1.3,17,VH-11018-2,60,True
11018,282747,3.73,20,VH-11018-3,36,True
11054,11063,0.0,15,VH-11054-1,48,True
11054,282745,2.22,13,VH-11054-2,60,True
11054,11060,2.23,15,VH-11054-3,48,True
11056,96117,0.0,12,VH-11056-1,24,True
11056,280428,1.88,18,VH-11056-2,48,True
11056,282745,1.98,13,VH-11056-3,36,True
11060,280706,1.97,17,VH-11060-1,60,True
11060,11062,2.19,19,VH-11060-2,36,True
11060,283564,2.19,13,VH-11060-3,24,True
11062,283564,0.0,16,VH-11062-1,36,True
11062,96119,0.0,11,VH-11062-2,48,True
11062,280706,0.8,14,VH-11062-3,24,True
11063,11054,0.0,17,VH-11063-1,36,True
11063,282745,2.22,19,VH-11063-2,48,True
11063,11060,2.23,21,VH-11063-3,24,True
280428,282745,0.65,19,VH-280428-1,60,True
280428,11056,1.88,12,VH-280428-2,24,True
280428,96117,1.88,12,VH-280428-3,60,True
280706,283564,0.8,13,VH-280706-1,36,True
280706,11062,0.8,17,VH-280706-2,36,True
280706,96119,0.8,17,VH-280706-3,60,True
280887,283564,1.55,12,VH-280887-1,60,True
280887,11062,1.55,14,VH-280887-2,24,True
280887,96119,1.55,12,VH-280887-3,24,True
282744,11018,0.68,9,VH-282744-1,36,True
282744,284799,1.83,19,VH-282744-2,36,True
282744,282747,3.65,23,VH-282744-3,36,True
282745,280428,0.65,11,VH-282745-1,24,True
282745,11056,1.98,15,VH-282745-2,48,True
282745,96117,1.98,12,VH-282745-3,36,True
282746,11010,0.79,14,VH-282746-1,36,True
282746,282600,1.51,11,VH-282746-2,24,True
282746,11077,19.29,39,VH-282746-3,48,True
282747,96109,0.37,16,VH-282747-1,48,True
282747,280706,2.34,18,VH-282747-2,24,True
282747,284977,2.35,15,VH-282747-3,36,True
283487,283564,2.97,14,VH-283487-1,60,True
283487,11062,2.97,20,VH-283487-2,60,True
283487,96119,2.97,22,VH-283487-3,36,True
283564,11062,0.0,10,VH-283564-1,60,True
283564,96119,0.0,14,VH-283564-2,24,True
283564,280706,0.8,9,VH-283564-3,60,True
283871,11060,3.86,18,VH-283871-1,24,True
283871,284977,4.43,16,VH-283871-2,60,True
283871,11054,4.55,15,VH-283871-3,60,True
284977,96109,2.08,19,VH-284977-1,24,True
284977,282747,2.35,12,VH-284977-2,24,True
284977,282744,3.96,22,VH-284977-3,36,True
96109,282747,0.37,18,VH-96109-1,24,True
96109,284977,2.08,16,VH-96109-2,48,True
96109,280706,2.45,14,VH-96109-3,36,True
11037,284776,50.16,80,VH-11037-1,48,True
11037,283965,62.62,102,VH-11037-2,60,True
11037,11066,62.62,96,VH-11037-3,60,True
11066,283965,0.0,13,VH-11066-1,60,True
11066,282777,5.34,20,VH-11066-2,24,True
11066,11053,47.62,97,VH-11066-3,60,True
282777,283965,5.34,22,VH-282777-1,60,True
282777,11066,5.34,22,VH-282777-2,36,True
282777,11053,48.29,91,VH-282777-3,48,True
283965,11066,0.0,12,VH-283965-1,48,True
283965,282777,5.34,27,VH-283965-2,60,True
283965,11053,47.62,74,VH-283965-3,60,True
11003,11068,1.22,16,VH-11003-1,24,True
11003,283580,1.71,18,VH-11003-2,36,True
11003,280732,3.03,14,VH-11003-3,24,True
11055,284092,2.4,21,VH-11055-1,24,True
11055,11069,3.36,21,VH-11055-2,60,True
11055,285109,3.65,16,VH-11055-3,36,True
11057,283391,1.58,20,VH-11057-1,24,True
11057,11069,2.21,19,VH-11057-2,60,True
11057,11068,2.38,16,VH-11057-3,48,True
11061,280413,2.19,21,VH-11061-1,48,True
11061,282765,2.88,18,VH-11061-2,24,True
11061,11051,7.68,29,VH-11061-3,60,True
11065,285109,3.09,13,VH-11065-1,48,True
11065,11055,5.57,19,VH-11065-2,24,True
11065,284281,6.0,23,VH-11065-3,36,True
11068,11003,1.22,17,VH-11068-1,24,True
11068,280732,2.19,14,VH-11068-2,24,True
11068,283391,2.21,16,VH-11068-3,24,True
11069,285080,0.93,11,VH-11069-1,24,True
11069,283391,1.21,10,VH-11069-2,36,True
11069,11057,2.21,15,VH-11069-3,60,True
280413,11061,2.19,12,VH-280413-1,24,True
280413,282765,3.97,15,VH-280413-2,24,True
280413,284565,7.7,22,VH-280413-3,60,True
280732,284565,0.88,18,VH-280732-1,48,True
280732,11068,2.19,12,VH-280732-2,36,True
280732,11057,2.67,13,VH-280732-3,24,True
282592,284092,2.23,19,VH-282592-1,60,True
282592,11055,4.34,20,VH-282592-2,24,True
282592,282767,4.5,25,VH-282592-3,48,True
282600,282746,1.51,15,VH-282600-1,24,True
282600,11010,1.51,11,VH-282600-2,48,True
282600,11077,17.83,34,VH-282600-3,60,True
283391,285080,0.92,19,VH-283391-1,36,True
283391,11069,1.21,16,VH-283391-2,36,True
283391,11057,1.58,13,VH-283391-3,48,True
283580,11003,1.71,15,VH-283580-1,24,True
283580,11068,2.78,14,VH-283580-2,60,True
283580,96113,3.61,19,VH-283580-3,60,True
284092,282592,2.23,15,VH-284092-1,48,True
284092,11055,2.4,14,VH-284092-2,60,True
284092,11069,4.65,16,VH-284092-3,48,True
284565,280732,0.88,16,VH-284565-1,48,True
284565,11057,2.86,16,VH-284565-2,24,True
284565,11068,2.99,16,VH-284565-3,48,True
285080,283391,0.92,13,VH-285080-1,24,True
285080,11069,0.93,14,VH-285080-2,36,True
285080,96113,2.0,17,VH-285080-3,48,True
285109,11065,3.09,13,VH-285109-1,24,True
285109,11055,3.65,19,VH-285109-2,36,True
285109,96113,4.74,21,VH-285109-3,60,True
96113,285080,2.0,11,VH-96113-1,36,True
96113,11069,2.75,22,VH-96113-2,24,True
96113,283391,2.8,16,VH-96113-3,60,True
11011,282752,0.09,14,VH-11011-1,48,True
11011,11024,0.94,14,VH-11011-2,48,True
11011,282754,0.96,12,VH-11011-3,36,True
11014,280888,1.91,13,VH-11014-1,24,True
11014,96107,1.91,16,VH-11014-2,24,True
11014,282771,2.24,20,VH-11014-3,48,True
11020,284488,2.22,12,VH-11020-1,24,True
11020,11024,3.26,20,VH-11020-2,36,True
11020,282753,3.38,15,VH-11020-3,60,True
11024,283493,0.24,18,VH-11024-1,48,True
11024,11031,0.24,16,VH-11024-2,48,True
11024,11011,0.94,14,VH-11024-3,48,True
11031,283493,0.0,13,VH-11031-1,24,True
11031,11024,0.24,12,VH-11031-2,48,True
11031,11011,1.05,19,VH-11031-3,24,True
282752,11011,0.09,11,VH-282752-1,36,True
282752,282754,0.88,14,VH-282752-2,48,True
282752,11024,1.02,16,VH-282752-3,24,True
282753,11020,3.38,16,VH-282753-1,36,True
282753,11031,3.83,21,VH-282753-2,36,True
282753,283493,3.83,16,VH-282753-3,60,True
282754,283375,0.57,13,VH-282754-1,24,True
282754,282752,0.88,14,VH-282754-2,60,True
282754,11011,0.96,14,VH-282754-3,24,True
283493,11031,0.0,17,VH-283493-1,48,True
283493,11024,0.24,9,VH-283493-2,36,True
283493,11011,1.05,16,VH-283493-3,36,True
283494,282771,5.55,17,VH-283494-1,48,True
283494,96107,7.13,19,VH-283494-2,24,True
283494,280888,7.13,26,VH-283494-3,60,True
284488,11024,1.65,11,VH-284488-1,48,True
284488,11011,1.76,16,VH-284488-2,24,True
284488,282752,1.78,20,VH-284488-3,36,True
284776,96108,33.32,65,VH-284776-1,36,True
284776,280888,35.68,77,VH-284776-2,48,True
284776,96107,35.68,60,VH-284776-3,24,True
96107,280888,0.0,16,VH-96107-1,24,True
96107,282771,1.6,16,VH-96107-2,60,True
96107,11014,1.91,15,VH-96107-3,48,True
96118,282773,0.77,11,VH-96118-1,48,True
96118,11011,1.69,16,VH-96118-2,36,True
96118,282752,1.69,19,VH-96118-3,36,True
11058,284463,36.49,75,VH-11058-1,36,True
11058,11065,37.34,71,VH-11058-2,36,True
11058,285109,39.08,58,VH-11058-3,60,True
282755,283396,2.4,16,VH-282755-1,24,True
282755,284888,5.65,26,VH-282755-2,48,True
282755,282756,5.97,21,VH-282755-3,24,True
282756,282755,5.97,26,VH-282756-1,36,True
282756,283396,6.58,26,VH-282756-2,24,True
282756,96115,10.29,23,VH-282756-3,48,True
282757,11042,0.0,14,VH-282757-1,60,True
282757,283807,0.0,14,VH-282757-2,24,True
282757,282742,11.57,25,VH-282757-3,36,True
283396,282755,2.4,21,VH-283396-1,60,True
283396,282756,6.58,25,VH-283396-2,36,True
283396,284888,6.96,24,VH-283396-3,60,True
284370,284888,1.09,18,VH-284370-1,36,True
284370,282755,6.2,21,VH-284370-2,36,True
284370,96115,6.44,28,VH-284370-3,48,True
284888,284370,1.09,11,VH-284888-1,60,True
284888,282755,5.65,25,VH-284888-2,48,True
284888,283396,6.96,19,VH-284888-3,60,True
96115,284370,6.44,22,VH-96115-1,36,True
96115,284888,7.27,22,VH-96115-2,24,True
96115,282755,8.15,27,VH-96115-3,60,True
96117,11056,0.0,12,VH-96117-1,48,True
96117,280428,1.88,18,VH-96117-2,60,True
96117,282745,1.98,12,VH-96117-3,36,True
11012,283478,1.82,15,VH-11012-1,60,True
11012,283986,4.0,23,VH-11012-2,60,True
11012,282763,4.17,21,VH-11012-3,60,True
283966,284184,3.96,16,VH-283966-1,60,True
283966,11016,4.15,23,VH-283966-2,24,True
283966,11002,5.2,17,VH-283966-3,36,True
284345,284925,0.26,15,VH-284345-1,24,True
284345,283478,3.88,22,VH-284345-2,24,True
284345,11012,5.7,24,VH-284345-3,60,True
11016,284184,1.88,14,VH-11016-1,36,True
11016,283966,4.15,23,VH-11016-2,24,True
11016,11012,4.39,17,VH-11016-3,48,True
283157,282763,5.92,24,VH-283157-1,36,True
283157,283986,6.25,22,VH-283157-2,48,True
283157,11002,7.77,28,VH-283157-3,60,True
284184,11016,1.88,17,VH-284184-1,60,True
284184,283966,3.96,19,VH-284184-2,24,True
284184,11012,6.13,26,VH-284184-3,48,True
11029,11045,0.0,13,VH-11029-1,60,True
11029,282764,0.0,16,VH-11029-2,24,True
11029,282760,0.0,17,VH-11029-3,60,True
11033,96115,8.24,30,VH-11033-1,24,True
11033,284370,11.5,26,VH-11033-2,36,True
11033,284888,12.59,32,VH-11033-3,24,True
282759,11051,3.6,21,VH-282759-1,48,True
282759,96110,5.11,20,VH-282759-2,60,True
282759,96106,5.55,21,VH-282759-3,24,True
284013,284929,4.26,24,VH-284013-1,48,True
284013,96110,5.06,23,VH-284013-2,48,True
284013,11051,9.7,28,VH-284013-3,60,True
284799,11018,1.3,11,VH-284799-1,48,True
284799,282744,1.83,14,VH-284799-2,60,True
284799,282747,4.89,19,VH-284799-3,24,True
284929,284013,4.26,20,VH-284929-1,48,True
284929,96110,4.54,20,VH-284929-2,60,True
284929,282759,7.74,26,VH-284929-3,24,True
96106,11051,4.53,17,VH-96106-1,24,True
96106,282759,5.55,24,VH-96106-2,48,True
96106,282765,9.0,30,VH-96106-3,24,True
96110,284929,4.54,15,VH-96110-1,60,True
96110,11051,4.81,24,VH-96110-2,24,True
96110,284013,5.06,24,VH-96110-3,48,True
11008,11036,0.0,13,VH-11008-1,36,True
11008,282761,3.43,18,VH-11008-2,24,True
11008,285145,7.07,23,VH-11008-3,24,True
11036,11008,0.0,15,VH-11036-1,36,True
11036,282761,3.43,20,VH-11036-2,48,True
11036,285145,7.07,18,VH-11036-3,60,True
282760,11045,0.0,17,VH-282760-1,60,True
282760,282764,0.0,8,VH-282760-2,60,True
282760,11029,0.0,13,VH-282760-3,36,True
282761,11008,3.43,15,VH-282761-1,36,True
282761,11036,3.43,22,VH-282761-2,48,True
282761,285145,8.1,29,VH-282761-3,36,True
284090,285145,7.22,22,VH-284090-1,36,True
284090,11036,8.63,22,VH-284090-2,60,True
284090,11008,8.63,24,VH-284090-3,36,True
285145,11008,7.07,22,VH-285145-1,48,True
285145,11036,7.07,28,VH-285145-2,24,True
285145,284090,7.22,26,VH-285145-3,36,True
11002,283986,4.77,20,VH-11002-1,24,True
11002,283966,5.2,24,VH-11002-2,36,True
11002,282763,5.21,16,VH-11002-3,24,True
282763,283986,0.56,14,VH-282763-1,60,True
282763,11012,4.17,20,VH-282763-2,48,True
282763,11002,5.21,22,VH-282763-3,36,True
283986,282763,0.56,18,VH-283986-1,48,True
283986,11012,4.0,18,VH-283986-2,36,True
283986,11002,4.77,25,VH-283986-3,36,True
96111,11059,0.0,16,VH-96111-1,48,True
96111,282769,1.14,15,VH-96111-2,36,True
96111,11038,3.69,20,VH-96111-3,60,True
11074,11056,35.3,83,VH-11074-1,48,True
11074,96117,35.3,57,VH-11074-2,60,True
11074,280428,35.76,57,VH-11074-3,60,True
282730,282784,6.28,20,VH-282730-1,48,True
282730,284345,27.46,66,VH-282730-2,24,True
282730,11077,27.64,61,VH-282730-3,24,True
282784,282730,6.28,17,VH-282784-1,48,True
282784,11077,21.65,46,VH-282784-2,36,True
282784,11010,23.36,52,VH-282784-3,24,True
283331,11047,0.0,15,VH-283331-1,48,True
283331,282616,2.03,12,VH-283331-2,36,True
283331,11044,8.83,22,VH-283331-3,24,True
11051,282759,3.6,16,VH-11051-1,60,True
11051,96106,4.53,22,VH-11051-2,36,True
11051,96110,4.81,23,VH-11051-3,36,True
282573,96103,0.0,12,VH-282573-1,36,True
282573,282595,3.49,21,VH-282573-2,48,True
282573,11044,47.22,77,VH-282573-3,60,True
282595,96103,3.49,20,VH-282595-1,36,True
282595,282573,3.49,22,VH-282595-2,48,True
282595,11044,46.17,99,VH-282595-3,36,True
96103,282573,0.0,14,VH-96103-1,60,True
96103,282595,3.49,23,VH-96103-2,36,True
96103,11044,47.22,94,VH-96103-3,24,True
11010,282746,0.79,14,VH-11010-1,24,True
11010,282600,1.51,11,VH-11010-2,60,True
11010,11077,18.91,43,VH-11010-3,48,True
11045,11029,0.0,11,VH-11045-1,60,True
11045,282764,0.0,18,VH-11045-2,36,True
11045,282760,0.0,9,VH-11045-3,36,True
11077,284345,17.81,33,VH-11077-1,36,True
11077,282600,17.83,31,VH-11077-2,24,True
11077,284925,17.83,43,VH-11077-3,36,True
282764,11029,0.0,9,VH-282764-1,36,True
282764,11045,0.0,9,VH-282764-2,60,True
282764,282760,0.0,18,VH-282764-3,24,True
282765,11061,2.88,12,VH-282765-1,60,True
282765,280413,3.97,24,VH-282765-2,24,True
282765,11051,7.28,23,VH-282765-3,60,True
282766,282767,0.94,16,VH-282766-1,36,True
282766,284031,2.06,14,VH-282766-2,48,True
282766,284281,2.79,13,VH-282766-3,60,True
282767,282766,0.94,15,VH-282767-1,60,True
282767,284281,1.99,18,VH-282767-2,48,True
282767,284031,2.72,21,VH-282767-3,24,True
284031,282766,2.06,11,VH-284031-1,24,True
284031,282767,2.72,14,VH-284031-2,36,True
284031,284281,3.73,20,VH-284031-3,36,True
284281,282767,1.99,21,VH-284281-1,60,True
284281,282766,2.79,21,VH-284281-2,48,True
284281,284031,3.73,22,VH-284281-3,36,True
284463,284031,7.74,23,VH-284463-1,24,True
284463,284281,8.09,21,VH-284463-2,36,True
284463,282767,9.15,22,VH-284463-3,48,True
96119,283564,0.0,15,VH-96119-1,48,True
96119,11062,0.0,11,VH-96119-2,36,True
96119,280706,0.8,12,VH-96119-3,24,True
11038,96111,3.69,22,VH-11038-1,60,True
11038,11059,3.69,20,VH-11038-2,36,True
11038,282769,4.61,20,VH-11038-3,24,True
11059,96111,0.0,12,VH-11059-1,36,True
11059,282769,1.14,14,VH-11059-2,24,True
11059,11038,3.69,22,VH-11059-3,60,True
282768,282770,3.25,18,VH-282768-1,36,True
282768,282769,5.0,17,VH-282768-2,60,True
282768,96111,5.26,26,VH-282768-3,24,True
282769,96111,1.14,13,VH-282769-1,24,True
282769,11059,1.14,15,VH-282769-2,60,True
282769,282770,3.96,16,VH-282769-3,48,True
282770,282768,3.25,23,VH-282770-1,24,True
282770,282769,3.96,19,VH-282770-2,60,True
282770,96111,4.87,25,VH-282770-3,60,True
96120,11038,9.12,31,VH-96120-1,48,True
96120,96111,12.02,30,VH-96120-2,60,True
96120,11059,12.02,34,VH-96120-3,60,True
280888,96107,0.0,14,VH-280888-1,60,True
280888,282771,1.6,16,VH-280888-2,48,True
280888,11014,1.91,11,VH-280888-3,36,True
282771,280888,1.6,15,VH-282771-1,48,True
282771,96107,1.6,19,VH-282771-2,48,True
282771,11014,2.24,18,VH-282771-3,36,True
282773,96118,0.77,17,VH-282773-1,48,True
282773,11014,2.28,13,VH-282773-2,48,True
282773,283493,2.31,13,VH-282773-3,60,True
283375,282754,0.57,18,VH-283375-1,48,True
283375,282752,1.43,13,VH-283375-2,24,True
283375,11011,1.52,18,VH-283375-3,36,True
96108,280888,3.86,23,VH-96108-1,24,True
96108,96107,3.86,23,VH-96108-2,24,True
96108,282771,4.55,23,VH-96108-3,36,True
11006,11025,1.03,13,VH-11006-1,24,True
11006,280876,5.02,18,VH-11006-2,24,True
11006,284771,8.63,25,VH-11006-3,36,True
11025,11006,1.03,12,VH-11025-1,60,True
11025,280876,4.56,19,VH-11025-2,24,True
11025,284771,8.21,27,VH-11025-3,48,True
11053,284771,5.99,22,VH-11053-1,60,True
11053,280876,7.79,23,VH-11053-2,60,True
11053,11025,11.35,33,VH-11053-3,36,True
280876,284771,3.65,15,VH-280876-1,36,True
280876,11025,4.56,16,VH-280876-2,24,True
280876,11006,5.02,20,VH-280876-3,36,True
284771,280876,3.65,20,VH-284771-1,60,True
284771,11053,5.99,26,VH-284771-2,24,True
284771,11025,8.21,24,VH-284771-3,60,True
11005,11048,0.28,15,VH-11005-1,60,True
11005,282775,1.51,15,VH-11005-2,60,True
11005,96116,2.25,13,VH-11005-3,24,True
11048,11005,0.28,14,VH-11048-1,60,True
11048,282775,1.79,14,VH-11048-2,48,True
11048,96116,2.1,21,VH-11048-3,48,True
282774,282776,2.08,13,VH-282774-1,36,True
282774,96116,2.6,18,VH-282774-2,36,True
282774,283514,3.18,19,VH-282774-3,36,True
282775,11005,1.51,15,VH-282775-1,36,True
282775,11048,1.79,15,VH-282775-2,60,True
282775,96116,3.44,18,VH-282775-3,60,True
282776,96116,0.56,15,VH-282776-1,24,True
282776,282774,2.08,13,VH-282776-2,48,True
282776,11048,2.11,20,VH-282776-3,48,True
283514,282774,3.18,15,VH-283514-1,48,True
283514,96105,3.37,20,VH-283514-2,48,True
283514,282776,5.05,17,VH-283514-3,60,True
284821,282775,5.54,28,VH-284821-1,60,True
284821,96116,5.75,22,VH-284821-2,24,True
284821,11005,6.12,21,VH-284821-3,48,True
96105,283514,3.37,15,VH-96105-1,24,True
96105,11048,3.62,18,VH-96105-2,48,True
96105,282774,3.68,19,VH-96105-3,48,True
96116,282776,0.56,14,VH-96116-1,48,True
96116,11048,2.1,21,VH-96116-2,48,True
96116,11005,2.25,13,VH-96116-3,36,True
11013,282783,0.42,10,VH-11013-1,24,True
11013,282781,3.66,22,VH-11013-2,36,True
11013,282779,5.16,18,VH-11013-3,60,True
11041,284260,0.0,9,VH-11041-1,24,True
11041,11042,34.7,63,VH-11041-2,48,True
11041,283807,34.7,60,VH-11041-3,36,True
282779,282781,4.66,17,VH-282779-1,36,True
282779,282783,4.73,20,VH-282779-2,48,True
282779,11013,5.16,21,VH-282779-3,36,True
282780,282783,6.09,28,VH-282780-1,24,True
282780,11013,6.22,22,VH-282780-2,60,True
282780,282779,6.92,23,VH-282780-3,60,True
282781,282783,3.5,17,VH-282781-1,60,True
282781,11013,3.66,13,VH-282781-2,48,True
282781,282779,4.66,15,VH-282781-3,60,True
282782,11045,0.0,18,VH-282782-1,60,True
282782,282764,0.0,11,VH-282782-2,60,True
282782,11029,0.0,12,VH-282782-3,36,True
282783,11013,0.42,12,VH-282783-1,60,True
282783,282781,3.5,22,VH-282783-2,60,True
282783,282779,4.73,22,VH-282783-3,60,True
284482,12007,2.9,19,VH-284482-1,24,True
284482,12014,5.0,24,VH-284482-2,24,True
284482,283936,5.8,17,VH-284482-3,60,True
283936,12014,0.81,11,VH-283936-1,60,True
283936,283302,1.93,11,VH-283936-2,48,True
283936,12007,4.38,25,VH-283936-3,48,True
12016,282650,4.83,15,VH-12016-1,48,True
12016,12009,40.34,64,VH-12016-2,36,True
12016,283302,64.99,100,VH-12016-3,24,True
282650,12016,4.83,23,VH-282650-1,36,True
282650,12009,43.08,95,VH-282650-2,36,True
282650,283302,66.07,98,VH-282650-3,24,True
12011,12015,3.3,22,VH-12011-1,36,True
12011,283995,5.23,17,VH-12011-2,60,True
12011,282650,86.65,133,VH-12011-3,36,True
12015,12011,3.3,18,VH-12015-1,36,True
12015,283995,8.53,26,VH-12015-2,60,True
12015,282650,83.57,145,VH-12015-3,48,True
283995,12011,5.23,26,VH-283995-1,24,True
283995,12015,8.53,28,VH-283995-2,60,True
283995,282650,91.64,132,VH-283995-3,48,True
12018,12017,78.49,134,VH-12018-1,36,True
12018,12002,78.92,112,VH-12018-2,48,True
12018,12012,89.41,147,VH-12018-3,48,True
12004,283936,66.16,106,VH-12004-1,60,True
12004,283302,66.82,99,VH-12004-2,48,True
12004,12014,66.85,116,VH-12004-3,48,True
12014,283936,0.81,10,VH-12014-1,36,True
12014,283302,2.25,12,VH-12014-2,60,True
12014,12007,3.63,21,VH-12014-3,36,True
283302,283936,1.93,20,VH-283302-1,60,True
283302,12014,2.25,19,VH-283302-2,36,True
283302,12007,5.66,24,VH-283302-3,36,True
12002,12012,12.96,40,VH-12002-1,60,True
12002,12005,20.66,38,VH-12002-2,48,True
12002,12017,38.03,60,VH-12002-3,48,True
12005,12012,8.93,25,VH-12005-1,24,True
12005,12002,20.66,46,VH-12005-2,60,True
12005,12017,29.43,64,VH-12005-3,60,True
12010,283978,31.7,65,VH-12010-1,48,True
12010,283265,34.67,63,VH-12010-2,36,True
12010,284482,50.3,85,VH-12010-3,36,True
12012,12005,8.93,29,VH-12012-1,60,True
12012,12002,12.96,35,VH-12012-2,24,True
12012,12017,34.84,76,VH-12012-3,60,True
12017,12005,29.43,67,VH-12017-1,24,True
12017,12012,34.84,66,VH-12017-2,60,True
12017,12002,38.03,65,VH-12017-3,60,True
12007,284482,2.9,14,VH-12007-1,36,True
12007,12014,3.63,22,VH-12007-2,60,True
12007,283936,4.38,22,VH-12007-3,48,True
283265,283978,2.98,16,VH-283265-1,48,True
283265,12010,34.67,73,VH-283265-2,36,True
283265,12005,81.03,152,VH-283265-3,24,True
283978,283265,2.98,13,VH-283978-1,48,True
283978,12010,31.7,62,VH-283978-2,36,True
283978,12005,78.68,144,VH-283978-3,60,True
12009,12016,40.34,68,VH-12009-1,24,True
12009,282650,43.08,78,VH-12009-2,60,True
12009,283302,98.5,173,VH-12009-3,48,True
91120,91129,7.15,27,VH-91120-1,36,True
91120,91125,50.58,81,VH-91120-2,36,True
91120,283397,59.17,96,VH-91120-3,60,True
91121,284945,19.28,48,VH-91121-1,24,True
91121,283957,19.78,44,VH-91121-2,24,True
91121,283875,21.62,43,VH-91121-3,60,True
13007,91112,2.56,13,VH-13007-1,60,True
13007,284255,5.58,17,VH-13007-2,24,True
13007,91103,7.16,26,VH-13007-3,24,True
13013,91103,1.1,17,VH-13013-1,36,True
13013,284255,2.7,13,VH-13013-2,48,True
13013,91112,5.85,22,VH-13013-3,60,True
284255,91103,1.61,16,VH-284255-1,36,True
284255,13013,2.7,15,VH-284255-2,24,True
284255,91112,3.16,21,VH-284255-3,36,True
91103,13013,1.1,15,VH-91103-1,48,True
91103,284255,1.61,14,VH-91103-2,36,True
91103,91112,4.77,23,VH-91103-3,60,True
91112,13007,2.56,18,VH-91112-1,24,True
91112,284255,3.16,17,VH-91112-2,24,True
91112,91103,4.77,15,VH-91112-3,24,True
91105,13013,91.71,180,VH-91105-1,24,True
91105,91103,91.8,147,VH-91105-2,36,True
91105,284255,92.23,169,VH-91105-3,24,True
91129,91120,7.15,19,VH-91129-1,60,True
91129,91125,46.39,86,VH-91129-2,36,True
91129,13013,62.26,97,VH-91129-3,60,True
91125,91129,46.39,88,VH-91125-1,60,True
91125,91120,50.58,107,VH-91125-2,36,True
91125,13013,79.67,151,VH-91125-3,24,True
280794,283397,8.24,26,VH-280794-1,60,True
280794,91120,63.2,115,VH-280794-2,60,True
280794,91129,69.53,132,VH-280794-3,24,True
283397,280794,8.24,25,VH-283397-1,60,True
283397,91120,59.17,86,VH-283397-2,48,True
283397,91129,65.11,119,VH-283397-3,48,True
284945,283947,2.39,15,VH-284945-1,36,True
284945,283875,4.84,22,VH-284945-2,48,True
284945,91133,6.42,22,VH-284945-3,24,True
13003,91109,3.43,14,VH-13003-1,60,True
13003,283957,3.44,17,VH-13003-2,24,True
13003,91133,4.27,16,VH-13003-3,48,True
283649,284379,0.97,19,VH-283649-1,60,True
283649,91110,2.26,19,VH-283649-2,48,True
283649,91133,3.65,20,VH-283649-3,24,True
283875,91133,1.65,16,VH-283875-1,36,True
283875,91109,2.35,21,VH-283875-2,24,True
283875,91110,3.15,19,VH-283875-3,24,True
283947,284945,2.39,18,VH-283947-1,48,True
283947,283875,4.03,18,VH-283947-2,24,True
283947,91133,5.25,25,VH-283947-3,36,True
283957,13003,3.44,19,VH-283957-1,48,True
283957,91109,6.78,22,VH-283957-2,36,True
283957,91133,7.52,30,VH-283957-3,24,True
284379,283649,0.97,10,VH-284379-1,36,True
284379,91110,1.33,15,VH-284379-2,60,True
284379,91133,2.68,17,VH-284379-3,48,True
285178,13003,7.29,25,VH-285178-1,48,True
285178,283957,8.16,29,VH-285178-2,60,True
285178,91109,8.91,25,VH-285178-3,36,True
91109,91133,0.96,15,VH-91109-1,24,True
91109,91110,1.56,14,VH-91109-2,60,True
91109,283875,2.35,19,VH-91109-3,36,True
91110,284379,1.33,12,VH-91110-1,24,True
91110,91133,1.54,15,VH-91110-2,60,True
91110,91109,1.56,15,VH-91110-3,36,True
91133,91109,0.96,17,VH-91133-1,60,True
91133,91110,1.54,18,VH-91133-2,60,True
91133,283875,1.65,21,VH-91133-3,24,True
14030,20184,0.0,9,VH-14030-1,60,True
14030,20153,1.26,11,VH-14030-2,60,True
14030,20133,3.31,18,VH-14030-3,48,True
20105,20134,4.47,14,VH-20105-1,60,True
20105,20133,4.47,21,VH-20105-2,48,True
20105,20153,5.8,21,VH-20105-3,24,True
20134,20133,0.0,12,VH-20134-1,24,True
20134,20153,2.67,16,VH-20134-2,24,True
20134,20184,3.31,21,VH-20134-3,24,True
20184,14030,0.0,8,VH-20184-1,24,True
20184,20153,1.26,10,VH-20184-2,36,True
20184,20133,3.31,13,VH-20184-3,24,True
20133,20134,0.0,11,VH-20133-1,60,True
20133,20153,2.67,17,VH-20133-2,24,True
20133,20184,3.31,18,VH-20133-3,60,True
20107,284877,2.64,17,VH-20107-1,48,True
20107,14041,66.2,112,VH-20107-2,24,True
20107,20120,66.2,133,VH-20107-3,60,True
284877,20107,2.64,15,VH-284877-1,36,True
284877,14041,68.83,116,VH-284877-2,48,True
284877,20120,68.83,113,VH-284877-3,36,True
14045,20163,0.0,15,VH-14045-1,36,True
14045,20140,0.0,12,VH-14045-2,36,True
14045,20108,2.3,16,VH-14045-3,24,True
20108,280555,1.4,11,VH-20108-1,60,True
20108,284455,1.9,15,VH-20108-2,60,True
20108,14045,2.3,14,VH-20108-3,36,True
20140,14045,0.0,13,VH-20140-1,48,True
20140,20163,0.0,16,VH-20140-2,48,True
20140,20108,2.3,12,VH-20140-3,48,True
20157,284455,7.74,22,VH-20157-1,60,True
20157,280555,7.84,23,VH-20157-2,36,True
20157,283622,8.22,30,VH-20157-3,60,True
20163,14045,0.0,13,VH-20163-1,24,True
20163,20140,0.0,12,VH-20163-2,48,True
20163,20108,2.3,15,VH-20163-3,48,True
280555,284455,0.7,16,VH-280555-1,48,True
280555,20108,1.4,19,VH-280555-2,24,True
280555,14045,2.66,15,VH-280555-3,48,True
283622,284455,3.2,14,VH-283622-1,36,True
283622,14045,3.58,18,VH-283622-2,48,True
283622,20140,3.58,17,VH-283622-3,36,True
284455,280555,0.7,13,VH-284455-1,24,True
284455,20108,1.9,20,VH-284455-2,60,True
284455,14045,2.45,19,VH-284455-3,48,True
20109,284872,4.5,15,VH-20109-1,24,True
20109,284877,77.93,121,VH-20109-2,24,True
20109,20107,78.99,149,VH-20109-3,36,True
284872,20109,4.5,23,VH-284872-1,48,True
284872,284877,82.42,155,VH-284872-2,48,True
284872,20107,83.49,114,VH-284872-3,60,True
20153,14030,1.26,16,VH-20153-1,48,True
20153,20184,1.26,18,VH-20153-2,60,True
20153,20134,2.67,19,VH-20153-3,36,True
20114,20120,0.04,14,VH-20114-1,24,True
20114,14041,0.04,10,VH-20114-2,48,True
20114,20115,0.04,13,VH-20114-3,36,True
20115,20120,0.0,9,VH-20115-1,36,True
20115,14041,0.0,14,VH-20115-2,60,True
20115,20114,0.04,14,VH-20115-3,24,True
282569,20114,2.86,16,VH-282569-1,36,True
282569,20120,2.89,15,VH-282569-2,48,True
282569,20115,2.89,21,VH-282569-3,36,True
20117,283475,3.32,14,VH-20117-1,60,True
20117,283685,3.9,16,VH-20117-2,24,True
20117,14008,78.52,123,VH-20117-3,36,True
283475,283685,3.2,18,VH-283475-1,60,True
283475,20117,3.32,22,VH-283475-2,24,True
283475,14008,81.64,124,VH-283475-3,24,True
283685,283475,3.2,14,VH-283685-1,24,True
283685,20117,3.9,20,VH-283685-2,60,True
283685,14008,79.8,147,VH-283685-3,24,True
20119,14008,6.37,18,VH-20119-1,36,True
20119,284121,6.54,20,VH-20119-2,60,True
20119,20185,8.6,33,VH-20119-3,60,True
20185,284121,2.58,22,VH-20185-1,24,True
20185,20103,2.75,15,VH-20185-2,36,True
20185,20101,3.6,22,VH-20185-3,24,True
14041,20120,0.0,17,VH-14041-1,36,True
14041,20115,0.0,14,VH-14041-2,60,True
14041,20114,0.04,9,VH-14041-3,48,True
20120,14041,0.0,9,VH-20120-1,24,True
20120,20115,0.0,8,VH-20120-2,48,True
20120,20114,0.04,11,VH-20120-3,48,True
20121,284646,69.62,122,VH-20121-1,36,True
20121,284244,71.35,145,VH-20121-2,36,True
20121,20174,71.71,112,VH-20121-3,48,True
20123,284872,85.61,145,VH-20123-1,60,True
20123,20129,85.98,156,VH-20123-2,24,True
20123,20109,87.92,175,VH-20123-3,48,True
20124,284244,2.62,21,VH-20124-1,60,True
20124,284646,2.7,16,VH-20124-2,60,True
20124,20174,2.84,13,VH-20124-3,48,True
20174,284244,0.49,15,VH-20174-1,60,True
20174,20124,2.84,20,VH-20174-2,48,True
20174,284646,3.37,16,VH-20174-3,24,True
284244,20174,0.49,13,VH-284244-1,24,True
284244,20124,2.62,18,VH-284244-2,48,True
284244,284646,2.89,15,VH-284244-3,36,True
284646,20124,2.7,22,VH-284646-1,60,True
284646,284244,2.89,15,VH-284646-2,36,True
284646,20174,3.37,17,VH-284646-3,36,True
20132,280255,0.0,9,VH-20132-1,48,True
20132,282651,6.87,20,VH-20132-2,24,True
20132,20112,60.02,106,VH-20132-3,48,True
280255,20132,0.0,9,VH-280255-1,24,True
280255,282651,6.87,23,VH-280255-2,36,True
280255,20112,60.02,89,VH-280255-3,48,True
282651,20132,6.87,26,VH-282651-1,60,True
282651,280255,6.87,23,VH-282651-2,36,True
282651,20112,54.4,88,VH-282651-3,48,True
14032,20147,0.0,9,VH-14032-1,48,True
14032,20112,3.41,20,VH-14032-2,36,True
14032,20111,3.58,23,VH-14032-3,60,True
20111,14032,3.58,22,VH-20111-1,24,True
20111,20147,3.58,21,VH-20111-2,24,True
20111,20112,4.81,19,VH-20111-3,48,True
20112,14032,3.41,17,VH-20112-1,24,True
20112,20147,3.41,19,VH-20112-2,48,True
20112,20111,4.81,16,VH-20112-3,36,True
14005,14020,1.2,15,VH-14005-1,36,True
14005,14048,3.92,16,VH-14005-2,24,True
14005,20125,5.41,17,VH-14005-3,60,True
14020,14005,1.2,11,VH-14020-1,36,True
14020,14048,5.1,22,VH-14020-2,24,True
14020,20125,6.08,19,VH-14020-3,60,True
14048,14005,3.92,20,VH-14048-1,48,True
14048,20125,4.05,20,VH-14048-2,36,True
14048,14020,5.1,25,VH-14048-3,36,True
20125,14048,4.05,21,VH-20125-1,36,True
20125,14005,5.41,19,VH-20125-2,60,True
20125,14020,6.08,18,VH-20125-3,24,True
14004,20126,1.15,11,VH-14004-1,24,True
14004,282695,2.36,17,VH-14004-2,60,True
14004,20158,2.51,14,VH-14004-3,36,True
14008,20119,6.37,21,VH-14008-1,48,True
14008,284121,12.74,26,VH-14008-2,60,True
14008,20185,14.47,42,VH-14008-3,24,True
14010,20128,1.06,18,VH-14010-1,24,True
14010,284621,2.19,17,VH-14010-2,48,True
14010,284761,2.35,18,VH-14010-3,60,True
14027,20101,0.56,9,VH-14027-1,36,True
14027,20103,1.25,19,VH-14027-2,24,True
14027,282695,1.74,18,VH-14027-3,60,True
14035,285116,0.0,16,VH-14035-1,24,True
14035,14042,14.76,36,VH-14035-2,24,True
14035,20136,23.42,45,VH-14035-3,48,True
14042,20136,8.78,26,VH-14042-1,36,True
14042,20158,11.48,27,VH-14042-2,36,True
14042,20143,11.99,35,VH-14042-3,36,True
20101,14027,0.56,11,VH-20101-1,60,True
20101,20103,1.3,17,VH-20101-2,60,True
20101,20146,1.52,19,VH-20101-3,24,True
20103,14027,1.25,10,VH-20103-1,60,True
20103,20101,1.3,18,VH-20103-2,36,True
20103,282695,1.92,18,VH-20103-3,36,True
20126,14004,1.15,13,VH-20126-1,24,True
20126,282695,2.22,19,VH-20126-2,36,True
20126,20103,3.05,19,VH-20126-3,24,True
20128,14010,1.06,13,VH-20128-1,60,True
20128,284761,1.47,12,VH-20128-2,24,True
20128,20152,1.71,19,VH-20128-3,48,True
20136,20158,3.05,16,VH-20136-1,48,True
20136,282695,4.42,22,VH-20136-2,48,True
20136,14004,4.66,24,VH-20136-3,36,True
20143,282610,0.26,10,VH-20143-1,24,True
20143,284761,2.47,20,VH-20143-2,60,True
20143,14010,2.72,15,VH-20143-3,24,True
20146,20152,0.77,15,VH-20146-1,60,True
20146,284761,1.2,13,VH-20146-2,48,True
20146,20101,1.52,19,VH-20146-3,36,True
20152,284761,0.5,18,VH-20152-1,60,True
20152,20146,0.77,14,VH-20152-2,48,True
20152,20128,1.71,13,VH-20152-3,60,True
20158,14004,2.51,15,VH-20158-1,48,True
20158,20136,3.05,20,VH-20158-2,36,True
20158,20126,3.66,19,VH-20158-3,48,True
282610,20143,0.26,10,VH-282610-1,60,True
282610,284761,2.21,18,VH-282610-2,36,True
282610,14010,2.54,13,VH-282610-3,36,True
282695,14027,1.74,20,VH-282695-1,24,True
282695,20103,1.92,14,VH-282695-2,24,True
282695,20126,2.22,22,VH-282695-3,48,True
284121,20185,2.58,18,VH-284121-1,24,True
284121,20126,4.01,21,VH-284121-2,24,True
284121,20103,4.1,16,VH-284121-3,48,True
284621,20128,2.19,13,VH-284621-1,24,True
284621,14010,2.19,17,VH-284621-2,36,True
284621,284761,3.52,20,VH-284621-3,48,True
284622,20143,3.14,16,VH-284622-1,36,True
284622,282610,3.28,14,VH-284622-2,48,True
284622,14010,3.63,19,VH-284622-3,36,True
284761,20152,0.5,16,VH-284761-1,48,True
284761,20146,1.2,16,VH-284761-2,36,True
284761,20128,1.47,19,VH-284761-3,24,True
285116,14035,0.0,10,VH-285116-1,36,True
285116,14042,14.76,38,VH-285116-2,36,True
285116,20136,23.42,42,VH-285116-3,36,True
20129,20123,85.98,132,VH-20129-1,24,True
20129,20109,146.46,222,VH-20129-2,24,True
20129,284872,146.54,238,VH-20129-3,36,True
20130,20131,0.0,11,VH-20130-1,48,True
20130,282572,4.93,21,VH-20130-2,60,True
20130,20182,115.82,165,VH-20130-3,60,True
20147,14032,0.0,11,VH-20147-1,48,True
20147,20112,3.41,17,VH-20147-2,48,True
20147,20111,3.58,15,VH-20147-3,36,True
20182,20132,61.81,129,VH-20182-1,60,True
20182,280255,61.81,120,VH-20182-2,60,True
20182,282651,62.11,107,VH-20182-3,36,True
20131,20130,0.0,13,VH-20131-1,60,True
20131,282572,4.93,22,VH-20131-2,24,True
20131,20182,115.82,183,VH-20131-3,24,True
282572,20131,4.93,24,VH-282572-1,24,True
282572,20130,4.93,17,VH-282572-2,48,True
282572,20182,116.22,163,VH-282572-3,48,True
15101,15122,1.95,14,VH-15101-1,48,True
15101,280386,5.24,22,VH-15101-2,48,True
15101,284641,58.11,126,VH-15101-3,24,True
15122,15101,1.95,19,VH-15122-1,36,True
15122,280386,6.93,22,VH-15122-2,36,True
15122,283561,57.37,100,VH-15122-3,48,True
15170,15041,0.0,11,VH-15170-1,36,True
15170,15163,2.07,12,VH-15170-2,24,True
15170,15147,2.07,19,VH-15170-3,36,True
280364,29166,0.0,16,VH-280364-1,36,True
280364,280382,0.0,8,VH-280364-2,60,True
280364,283505,0.0,15,VH-280364-3,24,True
280386,15101,5.24,22,VH-280386-1,48,True
280386,15122,6.93,22,VH-280386-2,36,True
280386,284641,62.51,99,VH-280386-3,36,True
281063,283167,1.87,11,VH-281063-1,36,True
281063,281189,2.25,12,VH-281063-2,24,True
281063,284465,3.25,22,VH-281063-3,48,True
281189,281063,2.25,20,VH-281189-1,36,True
281189,283167,4.09,16,VH-281189-2,24,True
281189,284465,4.68,21,VH-281189-3,24,True
283167,281063,1.87,14,VH-283167-1,60,True
283167,284465,3.44,21,VH-283167-2,60,True
283167,281189,4.09,16,VH-283167-3,24,True
283194,15040,30.02,50,VH-283194-1,48,True
283194,284003,61.53,104,VH-283194-2,24,True
283194,29108,62.48,105,VH-283194-3,24,True
283561,284641,4.66,16,VH-283561-1,48,True
283561,281189,6.98,24,VH-283561-2,24,True
283561,285122,7.47,28,VH-283561-3,60,True
284465,281063,3.25,17,VH-284465-1,48,True
284465,283167,3.44,19,VH-284465-2,60,True
284465,281189,4.68,17,VH-284465-3,36,True
284532,284465,7.71,27,VH-284532-1,24,True
284532,285122,8.57,32,VH-284532-2,36,True
284532,281189,10.26,26,VH-284532-3,48,True
284641,283561,4.66,23,VH-284641-1,36,True
284641,285122,8.46,31,VH-284641-2,36,True
284641,281189,10.65,36,VH-284641-3,36,True
285122,281189,5.7,16,VH-285122-1,48,True
285122,283561,7.47,22,VH-285122-2,36,True
285122,281063,7.58,27,VH-285122-3,48,True
15039,280364,0.0,9,VH-15039-1,60,True
15039,280382,0.0,9,VH-15039-2,24,True
15039,283505,0.0,8,VH-15039-3,36,True
15119,280364,0.0,18,VH-15119-1,24,True
15119,280382,0.0,14,VH-15119-2,48,True
15119,283505,0.0,16,VH-15119-3,36,True
280359,280364,3.15,13,VH-280359-1,36,True
280359,280382,3.15,16,VH-280359-2,24,True
280359,283505,3.15,19,VH-280359-3,36,True
283436,280364,3.51,16,VH-283436-1,60,True
283436,280382,3.51,22,VH-283436-2,48,True
283436,283505,3.51,17,VH-283436-3,36,True
284145,280364,2.54,16,VH-284145-1,60,True
284145,280382,2.54,19,VH-284145-2,24,True
284145,283505,2.54,19,VH-284145-3,48,True
284206,283436,9.1,27,VH-284206-1,36,True
284206,280364,9.77,25,VH-284206-2,24,True
284206,283505,9.77,26,VH-284206-3,48,True
29166,280364,0.0,14,VH-29166-1,36,True
29166,280382,0.0,9,VH-29166-2,48,True
29166,283505,0.0,11,VH-29166-3,48,True
15018,285243,2.33,12,VH-15018-1,48,True
15018,15016,3.22,20,VH-15018-2,36,True
15018,29121,3.34,16,VH-15018-3,48,True
15110,280358,13.41,28,VH-15110-1,24,True
15110,15068,17.84,36,VH-15110-2,60,True
15110,284834,18.47,41,VH-15110-3,48,True
15182,15155,0.0,13,VH-15182-1,24,True
15182,29111,0.0,17,VH-15182-2,24,True
15182,284828,0.0,13,VH-15182-3,36,True
280383,285238,8.54,26,VH-280383-1,36,True
280383,283251,11.36,28,VH-280383-2,60,True
280383,15149,27.92,66,VH-280383-3,24,True
283251,285238,3.91,23,VH-283251-1,48,True
283251,280383,11.36,31,VH-283251-2,48,True
283251,15149,27.76,46,VH-283251-3,48,True
283979,15076,0.0,15,VH-283979-1,36,True
283979,283631,0.0,17,VH-283979-2,24,True
283979,285283,3.28,14,VH-283979-3,60,True
285238,283251,3.91,19,VH-285238-1,36,True
285238,280383,8.54,19,VH-285238-2,60,True
285238,15149,29.66,68,VH-285238-3,60,True
15001,15008,0.23,10,VH-15001-1,60,True
15001,285105,0.23,13,VH-15001-2,48,True
15001,15004,1.22,15,VH-15001-3,48,True
15004,280379,0.91,11,VH-15004-1,48,True
15004,283926,1.09,17,VH-15004-2,24,True
15004,15001,1.22,14,VH-15004-3,60,True
15005,285232,0.0,16,VH-15005-1,60,True
15005,283592,0.0,13,VH-15005-2,24,True
15005,15178,0.49,12,VH-15005-3,36,True
15007,15027,2.21,20,VH-15007-1,60,True
15007,280381,2.78,14,VH-15007-2,36,True
15007,29158,3.1,15,VH-15007-3,36,True
15008,285105,0.06,16,VH-15008-1,60,True
15008,15001,0.23,18,VH-15008-2,36,True
15008,15029,1.13,10,VH-15008-3,36,True
15009,15005,1.0,18,VH-15009-1,60,True
15009,283592,1.0,18,VH-15009-2,60,True
15009,285232,1.0,14,VH-15009-3,60,True
15014,15177,0.64,10,VH-15014-1,36,True
15014,283148,0.94,17,VH-15014-2,48,True
15014,283513,1.06,16,VH-15014-3,48,True
15016,29121,0.4,17,VH-15016-1,60,True
15016,285243,2.2,21,VH-15016-2,24,True
15016,285131,2.51,13,VH-15016-3,24,True
15027,283173,1.17,17,VH-15027-1,24,True
15027,15007,2.21,15,VH-15027-2,24,True
15027,15030,2.27,20,VH-15027-3,36,True
15028,285130,1.72,17,VH-15028-1,36,True
15028,283147,1.72,15,VH-15028-2,24,True
15028,15088,2.53,14,VH-15028-3,36,True
15029,284796,0.65,14,VH-15029-1,36,True
15029,29154,0.78,15,VH-15029-2,24,True
15029,15112,0.94,17,VH-15029-3,36,True
15030,283926,0.6,17,VH-15030-1,60,True
15030,15004,1.4,17,VH-15030-2,48,True
15030,280379,1.75,12,VH-15030-3,60,True
15032,29118,0.86,17,VH-15032-1,24,True
15032,15073,1.45,20,VH-15032-2,24,True
15032,15062,1.83,18,VH-15032-3,60,True
15037,280459,0.24,15,VH-15037-1,36,True
15037,15174,0.77,14,VH-15037-2,36,True
15037,15178,0.8,13,VH-15037-3,36,True
15060,29153,0.0,17,VH-15060-1,60,True
15060,283173,2.53,18,VH-15060-2,48,True
15060,15027,2.93,20,VH-15060-3,60,True
15062,29118,1.5,17,VH-15062-1,48,True
15062,15032,1.83,16,VH-15062-2,36,True
15062,284185,3.08,15,VH-15062-3,48,True
15068,284834,0.82,11,VH-15068-1,48,True
15068,29165,3.02,16,VH-15068-2,24,True
15068,15129,6.22,28,VH-15068-3,24,True
15073,283174,1.18,15,VH-15073-1,36,True
15073,15082,1.2,15,VH-15073-2,36,True
15073,284185,1.2,19,VH-15073-3,36,True
15076,283979,0.0,13,VH-15076-1,24,True
15076,283631,0.0,8,VH-15076-2,48,True
15076,285283,3.28,21,VH-15076-3,60,True
15079,284660,1.02,16,VH-15079-1,60,True
15079,285105,1.29,17,VH-15079-2,36,True
15079,15001,1.32,11,VH-15079-3,48,True
15082,284185,0.0,12,VH-15082-1,48,True
15082,283441,0.0,15,VH-15082-2,60,True
15082,283174,0.34,12,VH-15082-3,60,True
15086,15142,0.62,11,VH-15086-1,36,True
15086,280625,0.76,16,VH-15086-2,48,True
15086,29154,0.83,10,VH-15086-3,24,True
15088,285130,1.16,16,VH-15088-1,60,True
15088,285151,1.16,17,VH-15088-2,60,True
15088,283147,1.73,19,VH-15088-3,24,True
15090,29158,1.86,12,VH-15090-1,36,True
15090,29146,1.96,17,VH-15090-2,24,True
15090,15144,2.52,18,VH-15090-3,24,True
15091,280389,0.84,16,VH-15091-1,48,True
15091,283438,1.21,11,VH-15091-2,60,True
15091,284479,1.52,15,VH-15091-3,24,True
15098,285121,1.03,16,VH-15098-1,48,True
15098,283221,1.19,18,VH-15098-2,48,True
15098,15091,3.12,20,VH-15098-3,24,True
15102,15131,4.0,14,VH-15102-1,48,True
15102,285121,12.68,32,VH-15102-2,48,True
15102,283221,13.26,35,VH-15102-3,60,True
15105,284923,0.0,15,VH-15105-1,24,True
15105,285243,2.18,16,VH-15105-2,48,True
15105,15160,2.21,21,VH-15105-3,36,True
15108,15146,0.37,17,VH-15108-1,36,True
15108,280625,0.89,18,VH-15108-2,36,True
15108,15086,0.92,17,VH-15108-3,60,True
15112,284796,0.5,17,VH-15112-1,24,True
15112,15146,0.81,10,VH-15112-2,24,True
15112,29154,0.82,10,VH-15112-3,24,True
15113,15105,2.92,16,VH-15113-1,24,True
15113,284923,2.92,21,VH-15113-2,60,True
15113,285243,3.93,23,VH-15113-3,24,True
15129,29165,3.76,16,VH-15129-1,24,True
15129,284834,5.64,27,VH-15129-2,36,True
15129,15068,6.22,27,VH-15129-3,36,True
15131,15102,4.0,22,VH-15131-1,24,True
15131,285121,8.95,25,VH-15131-2,48,True
15131,283221,9.35,27,VH-15131-3,48,True
15136,15169,9.13,21,VH-15136-1,36,True
15136,15113,18.32,41,VH-15136-2,48,True
15136,15129,19.8,42,VH-15136-3,48,True
15142,280625,0.44,11,VH-15142-1,36,True
15142,15086,0.62,15,VH-15142-2,24,True
15142,15108,1.18,15,VH-15142-3,24,True
15144,15032,1.89,17,VH-15144-1,36,True
15144,15073,2.27,20,VH-15144-2,48,True
15144,15090,2.52,19,VH-15144-3,36,True
15146,15108,0.37,16,VH-15146-1,24,True
15146,15112,0.81,17,VH-15146-2,48,True
15146,283513,0.99,14,VH-15146-3,60,True
15149,283499,0.0,15,VH-15149-1,24,True
15149,15144,10.1,31,VH-15149-2,24,True
15149,29146,10.59,34,VH-15149-3,60,True
15152,283490,3.53,24,VH-15152-1,36,True
15152,15160,3.73,19,VH-15152-2,48,True
15152,284923,3.76,22,VH-15152-3,60,True
15153,283334,0.0,12,VH-15153-1,60,True
15153,15028,5.44,23,VH-15153-2,48,True
15153,15018,5.78,18,VH-15153-3,36,True
15160,15105,2.21,20,VH-15160-1,60,True
15160,284923,2.21,11,VH-15160-2,24,True
15160,283490,2.47,17,VH-15160-3,24,True
15164,15174,0.6,14,VH-15164-1,60,True
15164,284417,0.88,12,VH-15164-2,60,True
15164,15037,0.92,17,VH-15164-3,24,True
15169,15136,9.13,28,VH-15169-1,24,True
15169,15129,24.28,51,VH-15169-2,48,True
15169,15113,26.98,49,VH-15169-3,48,True
15174,15164,0.6,13,VH-15174-1,24,True
15174,284417,0.72,16,VH-15174-2,48,True
15174,15037,0.77,12,VH-15174-3,24,True
15177,15014,0.64,11,VH-15177-1,60,True
15177,283148,0.65,11,VH-15177-2,60,True
15177,283147,1.48,14,VH-15177-3,36,True
15178,15005,0.49,16,VH-15178-1,60,True
15178,283592,0.49,16,VH-15178-2,24,True
15178,285232,0.49,15,VH-15178-3,60,True
15181,283377,2.37,18,VH-15181-1,48,True
15181,285151,2.37,16,VH-15181-2,24,True
15181,284658,2.91,23,VH-15181-3,48,True
280357,284222,0.16,11,VH-280357-1,60,True
280357,283195,0.46,15,VH-280357-2,36,True
280357,283513,0.97,11,VH-280357-3,36,True
280358,15068,10.44,27,VH-280358-1,36,True
280358,284834,11.25,31,VH-280358-2,48,True
280358,29165,11.54,33,VH-280358-3,24,True
280372,15054,0.0,10,VH-280372-1,60,True
280372,15045,0.88,15,VH-280372-2,60,True
280372,15157,0.88,14,VH-280372-3,48,True
280379,15004,0.91,19,VH-280379-1,36,True
280379,284796,1.14,20,VH-280379-2,48,True
280379,283195,1.42,20,VH-280379-3,48,True
280381,15007,2.78,19,VH-280381-1,24,True
280381,15027,4.91,21,VH-280381-2,48,True
280381,29146,4.97,21,VH-280381-3,48,True
280382,280364,0.0,11,VH-280382-1,24,True
280382,283505,0.0,11,VH-280382-2,48,True
280382,29166,0.0,10,VH-280382-3,36,True
280389,283438,0.45,11,VH-280389-1,36,True
280389,284479,0.69,12,VH-280389-2,36,True
280389,15091,0.84,12,VH-280389-3,36,True
280459,15037,0.24,12,VH-280459-1,48,True
280459,15178,0.67,10,VH-280459-2,36,True
280459,15174,1.01,12,VH-280459-3,24,True
280625,15142,0.44,12,VH-280625-1,48,True
280625,15086,0.76,18,VH-280625-2,48,True
280625,15108,0.89,17,VH-280625-3,36,True
283147,285130,0.6,12,VH-283147-1,60,True
283147,283148,0.91,16,VH-283147-2,36,True
283147,15177,1.48,19,VH-283147-3,48,True
283148,15177,0.65,17,VH-283148-1,60,True
283148,283147,0.91,14,VH-283148-2,36,True
283148,15014,0.94,15,VH-283148-3,36,True
283173,15027,1.17,18,VH-283173-1,36,True
283173,15030,2.19,17,VH-283173-2,60,True
283173,29153,2.53,16,VH-283173-3,24,True
283174,15082,0.34,14,VH-283174-1,36,True
283174,284185,0.34,10,VH-283174-2,48,True
283174,283441,0.34,15,VH-283174-3,48,True
283195,280357,0.46,18,VH-283195-1,48,True
283195,284222,0.62,14,VH-283195-2,36,True
283195,283513,1.39,18,VH-283195-3,36,True
283221,15098,1.19,13,VH-283221-1,48,True
283221,285121,1.67,11,VH-283221-2,48,True
283221,283438,2.78,17,VH-283221-3,36,True
283304,280366,0.0,12,VH-283304-1,48,True
283304,283788,5.27,18,VH-283304-2,60,True
283304,15044,7.35,20,VH-283304-3,60,True
283334,15153,0.0,11,VH-283334-1,60,True
283334,15028,5.44,24,VH-283334-2,60,True
283334,15018,5.78,18,VH-283334-3,48,True
283377,285151,0.86,15,VH-283377-1,48,True
283377,283195,1.76,17,VH-283377-2,60,True
283377,15088,2.0,18,VH-283377-3,60,True
283438,280389,0.45,9,VH-283438-1,48,True
283438,284479,0.6,18,VH-283438-2,60,True
283438,284417,1.17,19,VH-283438-3,24,True
283490,283884,1.91,15,VH-283490-1,48,True
283490,15160,2.47,13,VH-283490-2,36,True
283490,283852,2.47,21,VH-283490-3,24,True
283513,284222,0.81,15,VH-283513-1,36,True
283513,280357,0.97,17,VH-283513-2,60,True
283513,15146,0.99,17,VH-283513-3,24,True
283852,15178,1.03,13,VH-283852-1,36,True
283852,280459,1.24,20,VH-283852-2,24,True
283852,285232,1.25,14,VH-283852-3,60,True
283884,15164,1.86,14,VH-283884-1,24,True
283884,280459,1.87,20,VH-283884-2,36,True
283884,283490,1.91,17,VH-283884-3,36,True
283926,15030,0.6,14,VH-283926-1,36,True
283926,15004,1.09,14,VH-283926-2,60,True
283926,280379,1.74,17,VH-283926-3,60,True
284185,15082,0.0,15,VH-284185-1,24,True
284185,283441,0.0,16,VH-284185-2,24,True
284185,283174,0.34,17,VH-284185-3,60,True
284222,280357,0.16,12,VH-284222-1,36,True
284222,283195,0.62,10,VH-284222-2,48,True
284222,283513,0.81,18,VH-284222-3,48,True
284417,284479,0.6,13,VH-284417-1,36,True
284417,15174,0.72,16,VH-284417-2,48,True
284417,15164,0.88,18,VH-284417-3,36,True
284479,283438,0.6,14,VH-284479-1,24,True
284479,284417,0.6,11,VH-284479-2,24,True
284479,280389,0.69,17,VH-284479-3,60,True
284658,15181,2.91,15,VH-284658-1,24,True
284658,29153,3.92,19,VH-284658-2,60,True
284658,15060,3.92,21,VH-284658-3,24,True
284660,283174,0.92,11,VH-284660-1,36,True
284660,15079,1.02,15,VH-284660-2,36,True
284660,284185,1.23,10,VH-284660-3,48,True
284796,15112,0.5,10,VH-284796-1,36,True
284796,15029,0.65,12,VH-284796-2,60,True
284796,29154,0.99,15,VH-284796-3,36,True
284828,15182,0.0,12,VH-284828-1,48,True
284828,29111,0.0,8,VH-284828-2,36,True
284828,15155,0.0,10,VH-284828-3,24,True
284867,283479,0.0,9,VH-284867-1,36,True
284867,15059,0.0,13,VH-284867-2,24,True
284867,283960,55.08,104,VH-284867-3,36,True
285105,15008,0.06,17,VH-285105-1,24,True
285105,15001,0.23,13,VH-285105-2,36,True
285105,15029,1.18,17,VH-285105-3,60,True
285121,15098,1.03,11,VH-285121-1,48,True
285121,283221,1.67,18,VH-285121-2,48,True
285121,15062,3.93,18,VH-285121-3,36,True
285130,283147,0.6,13,VH-285130-1,60,True
285130,15088,1.16,12,VH-285130-2,48,True
285130,283148,1.39,14,VH-285130-3,60,True
285131,15177,2.03,14,VH-285131-1,48,True
285131,29121,2.19,17,VH-285131-2,48,True
285131,285232,2.29,12,VH-285131-3,24,True
285151,283377,0.86,12,VH-285151-1,36,True
285151,15088,1.16,17,VH-285151-2,36,True
285151,283195,1.58,20,VH-285151-3,60,True
285232,15005,0.0,13,VH-285232-1,24,True
285232,283592,0.0,9,VH-285232-2,24,True
285232,15178,0.49,9,VH-285232-3,60,True
285243,15105,2.18,16,VH-285243-1,24,True
285243,284923,2.18,17,VH-285243-2,48,True
285243,15016,2.2,16,VH-285243-3,36,True
29111,15182,0.0,12,VH-29111-1,48,True
29111,284828,0.0,14,VH-29111-2,36,True
29111,15155,0.0,13,VH-29111-3,48,True
29118,15032,0.86,18,VH-29118-1,36,True
29118,15062,1.5,17,VH-29118-2,36,True
29118,15082,1.63,16,VH-29118-3,48,True
29121,15016,0.4,14,VH-29121-1,48,True
29121,285131,2.19,19,VH-29121-2,36,True
29121,285243,2.56,13,VH-29121-3,48,True
29146,29158,0.81,13,VH-29146-1,36,True
29146,15090,1.96,12,VH-29146-2,36,True
29146,15007,3.3,14,VH-29146-3,60,True
29154,15029,0.78,18,VH-29154-1,36,True
29154,15112,0.82,17,VH-29154-2,48,True
29154,15086,0.83,11,VH-29154-3,48,True
29158,29146,0.81,18,VH-29158-1,36,True
29158,15090,1.86,21,VH-29158-2,36,True
29158,15007,3.1,19,VH-29158-3,60,True
15011,281177,2.14,16,VH-15011-1,36,True
15011,283960,3.9,18,VH-15011-2,24,True
15011,15015,4.04,20,VH-15011-3,24,True
15015,15126,0.87,16,VH-15015-1,36,True
15015,284544,1.41,19,VH-15015-2,48,True
15015,15011,4.04,19,VH-15015-3,60,True
15026,283449,2.97,14,VH-15026-1,24,True
15026,284544,6.54,22,VH-15026-2,60,True
15026,283523,6.59,19,VH-15026-3,36,True
15126,284544,0.55,9,VH-15126-1,24,True
15126,15015,0.87,13,VH-15126-2,60,True
15126,281177,4.8,25,VH-15126-3,60,True
281177,15011,2.14,15,VH-281177-1,48,True
281177,15015,4.05,18,VH-281177-2,36,True
281177,15126,4.8,17,VH-281177-3,60,True
283449,15026,2.97,19,VH-283449-1,24,True
283449,284544,4.65,25,VH-283449-2,60,True
283449,15126,5.19,16,VH-283449-3,36,True
283495,283523,1.6,13,VH-283495-1,36,True
283495,281177,5.4,23,VH-283495-2,24,True
283495,15126,5.46,21,VH-283495-3,36,True
283523,283495,1.6,16,VH-283523-1,48,True
283523,15126,6.4,21,VH-283523-2,24,True
283523,284544,6.46,18,VH-283523-3,60,True
283960,15011,3.9,19,VH-283960-1,24,True
283960,281177,5.88,27,VH-283960-2,48,True
283960,15015,7.29,23,VH-283960-3,48,True
284544,15126,0.55,17,VH-284544-1,48,True
284544,15015,1.41,12,VH-284544-2,60,True
284544,283449,4.65,14,VH-284544-3,24,True
15020,15021,0.0,14,VH-15020-1,60,True
15020,283709,0.95,14,VH-15020-2,36,True
15020,281212,1.88,14,VH-15020-3,24,True
283709,15020,0.95,14,VH-283709-1,60,True
283709,15021,0.95,12,VH-283709-2,24,True
283709,284910,1.14,11,VH-283709-3,60,True
15141,15063,0.0,17,VH-15141-1,36,True
15141,281325,3.9,15,VH-15141-2,36,True
15141,29138,49.85,84,VH-15141-3,24,True
281325,15063,3.9,19,VH-281325-1,36,True
281325,15141,3.9,16,VH-281325-2,60,True
281325,29138,46.72,92,VH-281325-3,36,True
283592,15005,0.0,18,VH-283592-1,36,True
283592,285232,0.0,9,VH-283592-2,48,True
283592,15178,0.49,10,VH-283592-3,60,True
29138,281325,46.72,86,VH-29138-1,48,True
29138,15141,49.85,101,VH-29138-2,24,True
29138,15063,49.85,85,VH-29138-3,36,True
15158,15110,52.57,109,VH-15158-1,36,True
15158,280358,54.73,88,VH-15158-2,24,True
15158,280381,57.76,118,VH-15158-3,60,True
285120,15182,0.0,9,VH-285120-1,48,True
285120,15155,0.0,13,VH-285120-2,24,True
285120,29111,0.0,16,VH-285120-3,36,True
15040,283194,30.02,51,VH-15040-1,60,True
15040,283510,32.67,76,VH-15040-2,24,True
15040,29108,32.67,53,VH-15040-3,60,True
15063,15141,0.0,8,VH-15063-1,60,True
15063,281325,3.9,23,VH-15063-2,36,True
15063,29138,49.85,91,VH-15063-3,48,True
281221,283169,2.74,15,VH-281221-1,36,True
281221,281224,8.94,21,VH-281221-2,48,True
281221,29155,9.34,31,VH-281221-3,24,True
281224,281225,3.35,15,VH-281224-1,36,True
281224,29155,3.98,20,VH-281224-2,24,True
281224,283175,6.04,26,VH-281224-3,36,True
281225,281224,3.35,23,VH-281225-1,48,True
281225,283175,3.51,20,VH-281225-2,48,True
281225,283209,5.28,24,VH-281225-3,60,True
283169,281221,2.74,20,VH-283169-1,60,True
283169,281224,6.23,28,VH-283169-2,24,True
283169,29155,6.77,26,VH-283169-3,24,True
283175,281225,3.51,19,VH-283175-1,24,True
283175,281224,6.04,26,VH-283175-2,48,True
283175,283209,7.75,27,VH-283175-3,36,True
283209,281225,5.28,22,VH-283209-1,60,True
283209,281224,7.32,22,VH-283209-2,60,True
283209,283175,7.75,20,VH-283209-3,60,True
29155,281224,3.98,17,VH-29155-1,36,True
29155,29161,5.2,18,VH-29155-2,36,True
29155,283169,6.77,26,VH-29155-3,24,True
29161,29155,5.2,20,VH-29161-1,60,True
29161,281224,9.15,33,VH-29161-2,60,True
29161,283169,9.6,29,VH-29161-3,36,True
15052,15092,0.0,18,VH-15052-1,36,True
15052,15137,159.56,303,VH-15052-2,24,True
15052,29152,175.24,300,VH-15052-3,36,True
15107,15123,3.19,16,VH-15107-1,48,True
15107,280365,9.19,24,VH-15107-2,36,True
15107,284913,9.25,32,VH-15107-3,24,True
15123,15107,3.19,17,VH-15123-1,36,True
15123,280365,6.34,19,VH-15123-2,36,True
15123,284913,6.35,22,VH-15123-3,60,True
280365,284913,0.31,10,VH-280365-1,60,True
280365,15123,6.34,22,VH-280365-2,60,True
280365,15107,9.19,25,VH-280365-3,60,True
284913,280365,0.31,18,VH-284913-1,48,True
284913,15123,6.35,26,VH-284913-2,36,True
284913,15107,9.25,28,VH-284913-3,48,True
15012,15056,2.02,12,VH-15012-1,48,True
15012,15156,2.08,19,VH-15012-2,36,True
15012,284019,2.34,21,VH-15012-3,36,True
15047,284234,0.0,13,VH-15047-1,60,True
15047,283510,35.07,61,VH-15047-2,36,True
15047,29108,35.07,75,VH-15047-3,36,True
15056,15156,0.13,16,VH-15056-1,60,True
15056,15012,2.02,17,VH-15056-2,48,True
15056,15140,2.99,22,VH-15056-3,48,True
15093,15047,39.16,68,VH-15093-1,36,True
15093,284234,39.16,76,VH-15093-2,48,True
15093,283510,63.73,107,VH-15093-3,36,True
15140,15156,2.93,16,VH-15140-1,48,True
15140,15056,2.99,19,VH-15140-2,48,True
15140,15012,5.01,21,VH-15140-3,36,True
15150,280374,3.91,21,VH-15150-1,24,True
15150,15173,3.99,24,VH-15150-2,36,True
15150,29112,4.23,19,VH-15150-3,60,True
15155,15182,0.0,13,VH-15155-1,60,True
15155,285120,0.0,12,VH-15155-2,36,True
15155,29111,0.0,16,VH-15155-3,60,True
15156,15056,0.13,13,VH-15156-1,60,True
15156,15012,2.08,13,VH-15156-2,60,True
15156,15140,2.93,18,VH-15156-3,36,True
15173,29112,1.18,15,VH-15173-1,36,True
15173,280374,1.47,19,VH-15173-2,36,True
15173,15150,3.99,20,VH-15173-3,36,True
280374,15173,1.47,16,VH-280374-1,60,True
280374,29112,2.64,17,VH-280374-2,36,True
280374,15150,3.91,23,VH-280374-3,60,True
284019,15012,2.34,12,VH-284019-1,48,True
284019,15056,4.19,23,VH-284019-2,24,True
284019,15156,4.28,16,VH-284019-3,60,True
284234,15047,0.0,15,VH-284234-1,48,True
284234,283510,35.07,63,VH-284234-2,36,True
284234,29108,35.07,76,VH-284234-3,36,True
29108,283510,0.0,14,VH-29108-1,48,True
29108,15040,32.67,53,VH-29108-2,48,True
29108,284234,35.07,72,VH-29108-3,36,True
29112,15173,1.18,16,VH-29112-1,36,True
29112,280374,2.64,18,VH-29112-2,60,True
29112,15150,4.23,17,VH-29112-3,36,True
29115,15012,3.56,22,VH-29115-1,60,True
29115,284019,4.4,18,VH-29115-2,48,True
29115,15156,4.83,24,VH-29115-3,24,True
15046,15083,0.21,11,VH-15046-1,24,True
15046,15139,0.39,9,VH-15046-2,24,True
15046,280378,2.54,17,VH-15046-3,60,True
15083,15046,0.21,13,VH-15083-1,36,True
15083,15139,0.45,16,VH-15083-2,24,True
15083,280378,2.41,14,VH-15083-3,36,True
15103,15183,0.0,15,VH-15103-1,36,True
15103,15167,2.98,12,VH-15103-2,60,True
15103,283319,3.0,13,VH-15103-3,60,True
15134,280378,0.0,9,VH-15134-1,24,True
15134,15184,0.0,14,VH-15134-2,60,True
15134,15083,2.41,16,VH-15134-3,36,True
15139,15046,0.39,18,VH-15139-1,36,True
15139,15083,0.45,12,VH-15139-2,60,True
15139,283797,2.67,17,VH-15139-3,48,True
15163,15147,0.0,12,VH-15163-1,48,True
15163,280371,0.35,14,VH-15163-2,48,True
15163,15041,2.07,16,VH-15163-3,60,True
283631,283979,0.0,17,VH-283631-1,48,True
283631,15076,0.0,17,VH-283631-2,60,True
283631,285283,3.28,13,VH-283631-3,48,True
283797,15139,2.67,17,VH-283797-1,24,True
283797,15046,2.78,21,VH-283797-2,24,True
283797,29163,2.82,21,VH-283797-3,60,True
283835,29164,2.85,23,VH-283835-1,24,True
283835,283797,3.35,23,VH-283835-2,36,True
283835,15046,3.95,15,VH-283835-3,48,True
29164,283835,2.85,12,VH-29164-1,36,True
29164,283797,5.77,23,VH-29164-2,24,True
29164,15046,6.8,20,VH-29164-3,24,True
15041,15170,0.0,16,VH-15041-1,60,True
15041,15147,2.07,21,VH-15041-2,48,True
15041,15163,2.07,19,VH-15041-3,36,True
15049,283151,3.3,17,VH-15049-1,36,True
15049,15099,8.82,23,VH-15049-2,24,True
15049,15170,9.59,26,VH-15049-3,48,True
15059,284867,0.0,15,VH-15059-1,24,True
15059,283479,0.0,13,VH-15059-2,24,True
15059,283960,55.08,99,VH-15059-3,48,True
15065,283160,0.0,15,VH-15065-1,24,True
15065,15099,8.62,26,VH-15065-2,24,True
15065,283151,12.3,32,VH-15065-3,24,True
15099,283151,5.53,17,VH-15099-1,60,True
15099,15065,8.62,26,VH-15099-2,36,True
15099,283160,8.62,32,VH-15099-3,60,True
15143,15041,2.2,15,VH-15143-1,48,True
15143,15170,2.2,17,VH-15143-2,48,True
15143,15163,2.37,13,VH-15143-3,60,True
15147,15163,0.0,14,VH-15147-1,48,True
15147,280371,0.35,9,VH-15147-2,24,True
15147,15041,2.07,12,VH-15147-3,36,True
280371,15163,0.35,18,VH-280371-1,60,True
280371,15147,0.35,10,VH-280371-2,48,True
280371,15041,2.07,16,VH-280371-3,48,True
283151,15049,3.3,15,VH-283151-1,48,True
283151,15099,5.53,25,VH-283151-2,24,True
283151,15170,9.74,30,VH-283151-3,36,True
283160,15065,0.0,18,VH-283160-1,36,True
283160,15099,8.62,25,VH-283160-2,60,True
283160,283151,12.3,26,VH-283160-3,36,True
15044,283788,3.62,23,VH-15044-1,60,True
15044,15084,6.69,20,VH-15044-2,60,True
15044,283304,7.35,25,VH-15044-3,24,True
15084,283788,4.61,15,VH-15084-1,48,True
15084,15044,6.69,18,VH-15084-2,60,True
15084,283304,9.34,30,VH-15084-3,60,True
280366,283304,0.0,16,VH-280366-1,60,True
280366,283788,5.27,23,VH-280366-2,48,True
280366,15044,7.35,28,VH-280366-3,60,True
283788,15044,3.62,22,VH-283788-1,24,True
283788,15084,4.61,25,VH-283788-2,36,True
283788,283304,5.27,22,VH-283788-3,60,True
15045,15157,0.59,13,VH-15045-1,60,True
15045,280372,0.88,10,VH-15045-2,48,True
15045,15054,0.88,11,VH-15045-3,60,True
15054,280372,0.0,9,VH-15054-1,36,True
15054,15045,0.88,19,VH-15054-2,60,True
15054,15157,0.88,17,VH-15054-3,24,True
15157,15045,0.59,18,VH-15157-1,48,True
15157,280372,0.88,14,VH-15157-2,36,True
15157,15054,0.88,12,VH-15157-3,48,True
283822,15157,6.21,19,VH-283822-1,48,True
283822,280372,6.63,21,VH-283822-2,24,True
283822,15054,6.63,20,VH-283822-3,60,True
284081,15045,11.14,30,VH-284081-1,36,True
284081,15157,11.19,25,VH-284081-2,24,True
284081,280372,11.99,33,VH-284081-3,24,True
15111,284959,1.79,20,VH-15111-1,60,True
15111,283832,3.52,18,VH-15111-2,48,True
15111,283203,3.62,13,VH-15111-3,24,True
283138,29160,3.32,13,VH-283138-1,24,True
283138,283502,3.49,23,VH-283138-2,60,True
283138,284955,4.0,17,VH-283138-3,24,True
284955,283502,0.79,11,VH-284955-1,36,True
284955,29160,0.89,10,VH-284955-2,24,True
284955,283803,2.48,14,VH-284955-3,48,True
15003,280367,1.34,17,VH-15003-1,36,True
15003,280369,1.61,13,VH-15003-2,60,True
15003,280368,2.51,12,VH-15003-3,36,True
15087,284257,1.43,16,VH-15087-1,48,True
15087,283897,1.62,20,VH-15087-2,48,True
15087,280369,2.05,19,VH-15087-3,36,True
280367,280369,0.63,15,VH-280367-1,48,True
280367,15003,1.34,17,VH-280367-2,24,True
280367,280368,1.4,20,VH-280367-3,36,True
280368,283897,1.17,16,VH-280368-1,48,True
280368,280367,1.4,19,VH-280368-2,24,True
280368,280369,1.83,19,VH-280368-3,60,True
280369,280367,0.63,10,VH-280369-1,24,True
280369,15003,1.61,17,VH-280369-2,48,True
280369,280368,1.83,17,VH-280369-3,48,True
283441,15082,0.0,15,VH-283441-1,60,True
283441,284185,0.0,10,VH-283441-2,24,True
283441,283174,0.34,16,VH-283441-3,60,True
283815,280369,6.01,18,VH-283815-1,24,True
283815,15087,6.25,22,VH-283815-2,60,True
283815,15003,6.44,21,VH-283815-3,48,True
283897,284257,1.05,14,VH-283897-1,36,True
283897,280368,1.17,12,VH-283897-2,36,True
283897,15087,1.62,18,VH-283897-3,48,True
284257,283897,1.05,15,VH-284257-1,36,True
284257,15087,1.43,19,VH-284257-2,24,True
284257,280368,2.21,22,VH-284257-3,48,True
29152,15003,3.74,14,VH-29152-1,60,True
29152,280367,4.99,26,VH-29152-2,48,True
29152,280369,5.35,23,VH-29152-3,24,True
15071,283138,6.36,21,VH-15071-1,24,True
15071,283502,8.91,25,VH-15071-2,36,True
15071,29160,9.29,32,VH-15071-3,60,True
15024,15166,28.8,66,VH-15024-1,24,True
15024,15025,31.42,58,VH-15024-2,48,True
15024,283482,34.37,59,VH-15024-3,36,True
15025,283482,4.64,22,VH-15025-1,36,True
15025,15166,5.38,25,VH-15025-2,48,True
15025,15024,31.42,51,VH-15025-3,48,True
15166,15025,5.38,19,VH-15166-1,48,True
15166,283482,5.77,24,VH-15166-2,48,True
15166,15024,28.8,52,VH-15166-3,48,True
283482,15025,4.64,19,VH-283482-1,48,True
283482,15166,5.77,27,VH-283482-2,36,True
283482,15024,34.37,78,VH-283482-3,60,True
29163,283797,2.82,13,VH-29163-1,36,True
29163,15139,5.18,19,VH-29163-2,60,True
29163,15046,5.4,22,VH-29163-3,60,True
15137,283492,75.73,150,VH-15137-1,60,True
15137,283865,83.95,147,VH-15137-2,48,True
15137,15084,118.57,186,VH-15137-3,36,True
15184,280378,0.0,10,VH-15184-1,24,True
15184,15134,0.0,12,VH-15184-2,60,True
15184,15083,2.41,21,VH-15184-3,36,True
283492,283865,12.29,26,VH-283492-1,48,True
283492,15137,75.73,114,VH-283492-2,60,True
283492,29164,79.36,109,VH-283492-3,36,True
283865,283492,12.29,30,VH-283865-1,36,True
283865,29164,71.98,105,VH-283865-2,36,True
283865,283835,74.06,106,VH-283865-3,48,True
15042,15071,27.9,54,VH-15042-1,36,True
15042,283138,33.56,77,VH-15042-2,60,True
15042,283502,34.49,68,VH-15042-3,48,True
15077,283973,27.29,61,VH-15077-1,60,True
15077,29139,30.51,57,VH-15077-2,36,True
15077,15179,40.12,80,VH-15077-3,48,True
283973,29139,16.43,35,VH-283973-1,36,True
283973,15077,27.29,56,VH-283973-2,48,True
283973,15179,28.55,55,VH-283973-3,60,True
29139,15179,12.42,34,VH-29139-1,24,True
29139,280972,13.54,35,VH-29139-2,36,True
29139,15165,14.04,30,VH-29139-3,48,True
15078,15171,1.29,16,VH-15078-1,60,True
15078,15167,1.88,19,VH-15078-2,36,True
15078,15183,3.34,17,VH-15078-3,24,True
15130,15167,3.74,16,VH-15130-1,36,True
15130,15171,3.77,15,VH-15130-2,48,True
15130,29132,4.38,19,VH-15130-3,60,True
15165,29132,0.79,18,VH-15165-1,36,True
15165,280972,0.84,19,VH-15165-2,24,True
15165,15179,2.82,15,VH-15165-3,60,True
15167,15078,1.88,14,VH-15167-1,60,True
15167,283319,2.11,13,VH-15167-2,24,True
15167,15171,2.32,12,VH-15167-3,36,True
15171,15078,1.29,11,VH-15171-1,24,True
15171,15167,2.32,12,VH-15171-2,24,True
15171,15130,3.77,14,VH-15171-3,24,True
15179,280972,1.98,21,VH-15179-1,24,True
15179,15165,2.82,20,VH-15179-2,24,True
15179,29132,3.55,18,VH-15179-3,36,True
15183,15103,0.0,15,VH-15183-1,24,True
15183,15167,2.98,18,VH-15183-2,48,True
15183,283319,3.0,18,VH-15183-3,60,True
280972,15165,0.84,15,VH-280972-1,36,True
280972,29132,1.59,19,VH-280972-2,48,True
280972,15179,1.98,19,VH-280972-3,60,True
283319,15167,2.11,19,VH-283319-1,36,True
283319,15183,3.0,14,VH-283319-2,24,True
283319,15103,3.0,15,VH-283319-3,24,True
283568,15078,3.9,16,VH-283568-1,48,True
283568,15171,4.08,22,VH-283568-2,48,True
283568,15167,5.77,20,VH-283568-3,36,True
29132,15165,0.79,16,VH-29132-1,24,True
29132,280972,1.59,17,VH-29132-2,24,True
29132,283319,3.16,18,VH-29132-3,36,True
15023,15180,1.29,16,VH-15023-1,60,True
15023,283821,5.96,27,VH-15023-2,36,True
15023,29159,5.99,23,VH-15023-3,60,True
15092,15052,0.0,11,VH-15092-1,48,True
15092,15137,159.56,294,VH-15092-2,36,True
15092,29152,175.24,252,VH-15092-3,60,True
15180,15023,1.29,14,VH-15180-1,24,True
15180,283821,5.12,24,VH-15180-2,24,True
15180,29159,5.31,20,VH-15180-3,60,True
283153,283821,0.87,11,VH-283153-1,48,True
283153,283199,3.2,21,VH-283153-2,24,True
283153,29103,3.79,14,VH-283153-3,48,True
283199,283153,3.2,14,VH-283199-1,36,True
283199,283821,3.88,17,VH-283199-2,48,True
283199,29103,4.25,15,VH-283199-3,24,True
283505,280364,0.0,12,VH-283505-1,48,True
283505,280382,0.0,10,VH-283505-2,48,True
283505,29166,0.0,12,VH-283505-3,36,True
283821,283153,0.87,16,VH-283821-1,60,True
283821,283199,3.88,17,VH-283821-2,24,True
283821,29103,4.56,20,VH-283821-3,36,True
29103,283153,3.79,15,VH-29103-1,36,True
29103,283199,4.25,23,VH-29103-2,36,True
29103,283821,4.56,19,VH-29103-3,36,True
29159,15180,5.31,17,VH-29159-1,48,True
29159,15023,5.99,25,VH-29159-2,60,True
29159,283821,8.94,27,VH-29159-3,48,True
283203,283832,2.88,15,VH-283203-1,60,True
283203,284959,3.16,21,VH-283203-2,60,True
283203,15111,3.62,20,VH-283203-3,36,True
283803,284955,2.48,22,VH-283803-1,48,True
283803,283502,3.15,19,VH-283803-2,24,True
283803,29160,3.18,23,VH-283803-3,48,True
283832,283203,2.88,22,VH-283832-1,36,True
283832,29160,3.4,21,VH-283832-2,36,True
283832,15111,3.52,17,VH-283832-3,48,True
29160,284955,0.89,10,VH-29160-1,24,True
29160,283502,1.1,16,VH-29160-2,36,True
29160,283803,3.18,19,VH-29160-3,48,True
15035,283171,0.86,18,VH-15035-1,48,True
15035,29101,4.2,20,VH-15035-2,48,True
15035,29129,6.76,20,VH-15035-3,48,True
15057,29129,1.98,13,VH-15057-1,48,True
15057,29101,5.69,23,VH-15057-2,48,True
15057,29104,5.97,21,VH-15057-3,24,True
280699,15057,8.8,24,VH-280699-1,36,True
280699,29129,9.87,28,VH-280699-2,48,True
280699,29104,12.86,28,VH-280699-3,60,True
283171,15035,0.86,12,VH-283171-1,48,True
283171,29101,3.85,22,VH-283171-2,24,True
283171,29129,5.91,17,VH-283171-3,48,True
283479,284867,0.0,12,VH-283479-1,60,True
283479,15059,0.0,9,VH-283479-2,60,True
283479,283960,55.08,97,VH-283479-3,48,True
283510,29108,0.0,15,VH-283510-1,36,True
283510,15040,32.67,62,VH-283510-2,48,True
283510,15047,35.07,71,VH-283510-3,60,True
284923,15105,0.0,10,VH-284923-1,48,True
284923,285243,2.18,15,VH-284923-2,24,True
284923,15160,2.21,13,VH-284923-3,48,True
29101,283171,3.85,16,VH-29101-1,48,True
29101,15035,4.2,22,VH-29101-2,36,True
29101,15057,5.69,16,VH-29101-3,48,True
29104,29129,4.0,15,VH-29104-1,36,True
29104,15057,5.97,22,VH-29104-2,60,True
29104,283171,6.24,20,VH-29104-3,60,True
29129,15057,1.98,19,VH-29129-1,60,True
29129,29104,4.0,21,VH-29129-2,36,True
29129,283171,5.91,19,VH-29129-3,48,True
29153,15060,0.0,11,VH-29153-1,24,True
29153,283173,2.53,19,VH-29153-2,36,True
29153,15027,2.93,19,VH-29153-3,60,True
15031,283504,1.69,20,VH-15031-1,24,True
15031,29128,5.81,24,VH-15031-2,36,True
15031,15128,6.43,20,VH-15031-3,24,True
15128,29128,0.71,11,VH-15128-1,60,True
15128,283210,1.31,19,VH-15128-2,24,True
15128,283437,4.63,18,VH-15128-3,24,True
15176,283437,3.42,21,VH-15176-1,48,True
15176,284808,4.57,24,VH-15176-2,48,True
15176,15128,5.02,23,VH-15176-3,24,True
283210,29128,1.22,16,VH-283210-1,24,True
283210,15128,1.31,17,VH-283210-2,24,True
283210,283504,4.98,16,VH-283210-3,24,True
283437,284808,1.56,13,VH-283437-1,24,True
283437,15176,3.42,18,VH-283437-2,48,True
283437,15128,4.63,17,VH-283437-3,24,True
283504,15031,1.69,13,VH-283504-1,36,True
283504,29128,4.12,23,VH-283504-2,36,True
283504,15128,4.75,22,VH-283504-3,48,True
284808,283437,1.56,14,VH-284808-1,60,True
284808,15176,4.57,15,VH-284808-2,60,True
284808,15128,6.09,22,VH-284808-3,36,True
29128,15128,0.71,13,VH-29128-1,60,True
29128,283210,1.22,12,VH-29128-2,36,True
29128,283504,4.12,17,VH-29128-3,48,True
15145,284003,5.13,18,VH-15145-1,24,True
15145,29114,7.09,30,VH-15145-2,48,True
15145,15182,47.32,81,VH-15145-3,48,True
280378,15184,0.0,18,VH-280378-1,24,True
280378,15134,0.0,18,VH-280378-2,36,True
280378,15083,2.41,14,VH-280378-3,60,True
284003,15145,5.13,23,VH-284003-1,36,True
284003,29114,11.88,28,VH-284003-2,36,True
284003,15182,51.37,97,VH-284003-3,60,True
29114,15145,7.09,19,VH-29114-1,48,True
29114,284003,11.88,33,VH-29114-2,24,True
29114,15182,45.03,76,VH-29114-3,24,True
15080,15138,18.97,38,VH-15080-1,36,True
15080,284789,20.25,45,VH-15080-2,24,True
15080,29119,66.79,122,VH-15080-3,24,True
15133,284789,55.57,100,VH-15133-1,48,True
15133,15138,65.56,127,VH-15133-2,36,True
15133,15080,67.9,116,VH-15133-3,36,True
15138,15080,18.97,45,VH-15138-1,60,True
15138,284789,34.02,62,VH-15138-2,36,True
15138,15133,65.56,92,VH-15138-3,24,True
284789,15080,20.25,41,VH-284789-1,60,True
284789,15138,34.02,72,VH-284789-2,60,True
284789,15133,55.57,114,VH-284789-3,60,True
29119,284789,57.13,87,VH-29119-1,60,True
29119,15080,66.79,95,VH-29119-2,36,True
29119,15138,85.67,135,VH-29119-3,48,True
283502,284955,0.79,12,VH-283502-1,60,True
283502,29160,1.1,14,VH-283502-2,48,True
283502,283803,3.15,22,VH-283502-3,36,True
284959,15111,1.79,20,VH-284959-1,48,True
284959,283203,3.16,18,VH-284959-2,48,True
284959,283832,4.43,18,VH-284959-3,60,True
15021,15020,0.0,14,VH-15021-1,24,True
15021,283709,0.95,18,VH-15021-2,24,True
15021,281212,1.88,17,VH-15021-3,36,True
15095,284910,1.58,21,VH-15095-1,48,True
15095,283709,2.16,16,VH-15095-2,60,True
15095,281212,2.82,15,VH-15095-3,48,True
281212,284910,1.25,15,VH-281212-1,60,True
281212,281213,1.46,18,VH-281212-2,36,True
281212,283709,1.57,13,VH-281212-3,36,True
281213,281212,1.46,18,VH-281213-1,24,True
281213,15020,2.43,15,VH-281213-2,48,True
281213,15021,2.43,15,VH-281213-3,36,True
281215,283899,2.59,17,VH-281215-1,60,True
281215,283979,3.96,14,VH-281215-2,36,True
281215,283631,3.96,17,VH-281215-3,36,True
283499,15149,0.0,8,VH-283499-1,24,True
283499,15144,10.1,30,VH-283499-2,60,True
283499,29146,10.59,29,VH-283499-3,60,True
283636,284235,2.11,19,VH-283636-1,24,True
283636,281212,5.33,19,VH-283636-2,60,True
283636,281213,5.34,24,VH-283636-3,60,True
283754,285283,3.07,18,VH-283754-1,60,True
283754,15020,4.4,21,VH-283754-2,48,True
283754,15021,4.4,18,VH-283754-3,36,True
283899,281215,2.59,16,VH-283899-1,60,True
283899,281213,4.66,18,VH-283899-2,24,True
283899,283979,5.34,18,VH-283899-3,48,True
284235,283636,2.11,18,VH-284235-1,48,True
284235,281212,3.22,19,VH-284235-2,24,True
284235,281213,3.39,15,VH-284235-3,36,True
284910,283709,1.14,11,VH-284910-1,60,True
284910,281212,1.25,10,VH-284910-2,48,True
284910,15095,1.58,13,VH-284910-3,36,True
285283,283754,3.07,14,VH-285283-1,60,True
285283,283979,3.28,18,VH-285283-2,24,True
285283,283631,3.28,19,VH-285283-3,24,True
284834,15068,0.82,12,VH-284834-1,48,True
284834,29165,2.81,15,VH-284834-2,36,True
284834,15129,5.64,18,VH-284834-3,24,True
29165,284834,2.81,19,VH-29165-1,48,True
29165,15068,3.02,17,VH-29165-2,24,True
29165,15129,3.76,22,VH-29165-3,60,True
16032,282882,3.34,16,VH-16032-1,36,True
16032,16033,3.6,13,VH-16032-2,48,True
16032,16080,22.66,57,VH-16032-3,36,True
16033,16032,3.6,16,VH-16033-1,36,True
16033,282882,6.36,25,VH-16033-2,60,True
16033,16080,19.13,36,VH-16033-3,36,True
280904,282790,0.0,9,VH-280904-1,36,True
280904,280930,2.49,22,VH-280904-2,60,True
280904,284603,3.19,19,VH-280904-3,60,True
282882,16032,3.34,21,VH-282882-1,60,True
282882,16033,6.36,27,VH-282882-2,60,True
282882,282804,23.66,57,VH-282882-3,36,True
282883,16020,0.0,16,VH-282883-1,36,True
282883,16021,0.0,10,VH-282883-2,24,True
282883,282681,0.0,8,VH-282883-3,48,True
284087,280941,19.96,40,VH-284087-1,48,True
284087,16100,40.79,66,VH-284087-2,36,True
284087,16094,42.43,74,VH-284087-3,36,True
284933,282882,28.99,53,VH-284933-1,24,True
284933,16032,31.44,61,VH-284933-2,24,True
284933,280388,31.97,61,VH-284933-3,36,True
16036,16086,8.31,26,VH-16036-1,36,True
16036,16045,16.57,39,VH-16036-2,36,True
16036,285088,16.92,48,VH-16036-3,60,True
16038,16053,1.65,19,VH-16038-1,60,True
16038,285140,3.38,23,VH-16038-2,24,True
16038,282666,4.27,17,VH-16038-3,60,True
16039,16042,0.77,19,VH-16039-1,36,True
16039,282666,0.78,18,VH-16039-2,36,True
16039,282810,0.85,15,VH-16039-3,36,True
16042,282810,0.34,17,VH-16042-1,60,True
16042,16039,0.77,17,VH-16042-2,24,True
16042,282666,1.48,14,VH-16042-3,48,True
16043,16045,12.82,31,VH-16043-1,48,True
16043,282787,22.45,47,VH-16043-2,36,True
16043,283311,22.45,50,VH-16043-3,24,True
16044,16047,9.38,28,VH-16044-1,60,True
16044,16051,9.84,32,VH-16044-2,48,True
16044,16054,11.44,37,VH-16044-3,24,True
16045,16043,12.82,35,VH-16045-1,36,True
16045,16036,16.57,38,VH-16045-2,24,True
16045,282787,19.96,49,VH-16045-3,48,True
16047,16051,4.19,17,VH-16047-1,48,True
16047,283266,4.6,16,VH-16047-2,60,True
16047,282810,5.82,18,VH-16047-3,60,True
16050,16078,9.51,26,VH-16050-1,60,True
16050,16052,14.61,35,VH-16050-2,60,True
16050,16054,16.06,34,VH-16050-3,24,True
16051,16054,2.77,15,VH-16051-1,24,True
16051,16047,4.19,18,VH-16051-2,36,True
16051,283266,8.27,19,VH-16051-3,36,True
16052,284707,2.64,12,VH-16052-1,60,True
16052,284616,2.67,18,VH-16052-2,24,True
16052,282805,3.66,14,VH-16052-3,60,True
16053,16038,1.65,13,VH-16053-1,48,True
16053,285140,2.15,13,VH-16053-2,24,True
16053,282666,2.67,20,VH-16053-3,60,True
16054,16051,2.77,14,VH-16054-1,48,True
16054,16047,6.93,28,VH-16054-2,24,True
16054,16078,7.03,27,VH-16054-3,24,True
282666,16039,0.78,13,VH-282666-1,36,True
282666,16042,1.48,16,VH-282666-2,48,True
282666,282810,1.63,14,VH-282666-3,36,True
282805,284616,3.39,18,VH-282805-1,24,True
282805,16052,3.66,15,VH-282805-2,24,True
282805,284707,4.54,22,VH-282805-3,36,True
282810,16042,0.34,17,VH-282810-1,24,True
282810,16039,0.85,13,VH-282810-2,48,True
282810,282666,1.63,16,VH-282810-3,36,True
283266,282810,2.34,16,VH-283266-1,24,True
283266,16042,2.66,18,VH-283266-2,60,True
283266,16039,3.01,20,VH-283266-3,60,True
284604,285140,3.19,12,VH-284604-1,60,True
284604,283266,3.47,24,VH-284604-2,48,True
284604,16053,4.33,25,VH-284604-3,60,True
284616,284707,1.29,10,VH-284616-1,24,True
284616,16052,2.67,17,VH-284616-2,24,True
284616,282666,2.75,13,VH-284616-3,24,True
284707,284616,1.29,13,VH-284707-1,60,True
284707,282666,2.45,15,VH-284707-2,60,True
284707,16052,2.64,21,VH-284707-3,48,True
285140,16039,1.62,14,VH-285140-1,60,True
285140,282666,1.68,18,VH-285140-2,24,True
285140,282810,2.08,14,VH-285140-3,60,True
16055,285088,1.5,16,VH-16055-1,60,True
16055,282667,2.0,18,VH-16055-2,36,True
16055,16056,3.43,21,VH-16055-3,36,True
16056,282667,2.8,17,VH-16056-1,60,True
16056,16055,3.43,14,VH-16056-2,36,True
16056,285088,3.66,24,VH-16056-3,36,True
16059,282931,23.31,43,VH-16059-1,36,True
16059,32102,23.31,49,VH-16059-2,48,True
16059,282806,29.4,48,VH-16059-3,48,True
16060,16033,34.27,63,VH-16060-1,36,True
16060,16032,35.48,72,VH-16060-2,24,True
16060,16080,37.96,70,VH-16060-3,36,True
16061,16056,4.81,23,VH-16061-1,48,True
16061,285088,5.85,21,VH-16061-2,36,True
16061,282806,6.07,23,VH-16061-3,24,True
282667,16055,2.0,15,VH-282667-1,48,True
282667,282787,2.35,17,VH-282667-2,60,True
282667,283311,2.35,18,VH-282667-3,48,True
282787,283311,0.0,9,VH-282787-1,48,True
282787,282667,2.35,17,VH-282787-2,48,True
282787,16055,4.24,15,VH-282787-3,24,True
282806,16061,6.07,25,VH-282806-1,60,True
282806,16056,7.81,28,VH-282806-2,36,True
282806,282667,10.52,27,VH-282806-3,48,True
283273,16085,13.74,27,VH-283273-1,24,True
283273,16158,35.72,54,VH-283273-2,24,True
283273,16084,42.29,79,VH-283273-3,60,True
285088,16055,1.5,14,VH-285088-1,60,True
285088,282667,3.3,15,VH-285088-2,36,True
285088,16056,3.66,16,VH-285088-3,60,True
16002,16003,0.0,13,VH-16002-1,36,True
16002,282791,0.73,15,VH-16002-2,36,True
16002,282786,2.21,16,VH-16002-3,24,True
16003,16002,0.0,17,VH-16003-1,60,True
16003,282791,0.73,13,VH-16003-2,36,True
16003,282786,2.21,18,VH-16003-3,36,True
16004,282791,1.83,18,VH-16004-1,36,True
16004,16002,2.38,14,VH-16004-2,48,True
16004,16003,2.38,21,VH-16004-3,48,True
16005,16064,21.42,55,VH-16005-1,48,True
16005,16016,33.04,65,VH-16005-2,60,True
16005,16028,33.04,73,VH-16005-3,60,True
16008,282786,1.49,11,VH-16008-1,36,True
16008,284893,2.76,17,VH-16008-2,48,True
16008,282791,2.94,15,VH-16008-3,24,True
16014,16004,2.56,18,VH-16014-1,48,True
16014,282791,4.06,13,VH-16014-2,36,True
16014,16008,4.2,23,VH-16014-3,24,True
16030,285060,13.09,38,VH-16030-1,36,True
16030,282894,15.38,44,VH-16030-2,48,True
16030,16003,16.12,33,VH-16030-3,24,True
16062,284856,0.07,9,VH-16062-1,36,True
16062,16004,5.14,25,VH-16062-2,60,True
16062,285060,5.45,21,VH-16062-3,48,True
16064,282793,20.63,42,VH-16064-1,24,True
16064,16005,21.42,45,VH-16064-2,48,True
16064,16030,30.99,58,VH-16064-3,48,True
280907,16066,12.83,34,VH-280907-1,24,True
280907,16017,21.06,43,VH-280907-2,48,True
280907,16018,21.06,40,VH-280907-3,36,True
282786,16008,1.49,15,VH-282786-1,60,True
282786,282791,1.93,19,VH-282786-2,60,True
282786,16002,2.21,16,VH-282786-3,60,True
282791,16003,0.73,17,VH-282791-1,60,True
282791,16002,0.73,15,VH-282791-2,48,True
282791,16004,1.83,19,VH-282791-3,60,True
282793,282894,16.8,32,VH-282793-1,48,True
282793,284893,17.44,39,VH-282793-2,60,True
282793,16030,18.03,37,VH-282793-3,48,True
282894,284893,1.85,18,VH-282894-1,36,True
282894,282786,2.9,21,VH-282894-2,60,True
282894,16003,3.91,19,VH-282894-3,60,True
284856,16062,0.07,16,VH-284856-1,60,True
284856,16004,5.07,26,VH-284856-2,48,True
284856,285060,5.44,25,VH-284856-3,48,True
284893,282894,1.85,17,VH-284893-1,60,True
284893,282786,2.45,12,VH-284893-2,60,True
284893,16008,2.76,19,VH-284893-3,60,True
285060,284856,5.44,19,VH-285060-1,36,True
285060,16062,5.45,23,VH-285060-2,60,True
285060,16002,7.24,28,VH-285060-3,36,True
16015,16016,10.01,28,VH-16015-1,60,True
16015,16028,10.01,21,VH-16015-2,48,True
16015,16005,38.63,67,VH-16015-3,24,True
16016,16028,0.0,13,VH-16016-1,48,True
16016,16015,10.01,34,VH-16016-2,48,True
16016,16005,33.04,55,VH-16016-3,60,True
16017,16018,0.0,11,VH-16017-1,48,True
16017,282906,0.0,15,VH-16017-2,36,True
16017,284719,0.0,16,VH-16017-3,24,True
16018,16017,0.0,15,VH-16018-1,48,True
16018,282906,0.0,14,VH-16018-2,24,True
16018,284719,0.0,13,VH-16018-3,48,True
16066,280907,12.83,33,VH-16066-1,60,True
16066,284617,18.13,34,VH-16066-2,60,True
16066,282811,18.39,41,VH-16066-3,60,True
16067,283925,10.17,28,VH-16067-1,24,True
16067,285059,10.17,24,VH-16067-2,48,True
16067,16068,12.26,32,VH-16067-3,36,True
16068,280909,1.76,18,VH-16068-1,36,True
16068,16067,12.26,34,VH-16068-2,48,True
16068,282801,17.58,37,VH-16068-3,24,True
16071,284633,1.34,19,VH-16071-1,24,True
16071,283333,3.83,16,VH-16071-2,24,True
16071,284845,5.33,23,VH-16071-3,48,True
16072,284891,2.81,17,VH-16072-1,36,True
16072,16111,4.18,16,VH-16072-2,60,True
16072,282673,4.45,23,VH-16072-3,48,True
16076,282811,1.6,19,VH-16076-1,36,True
16076,284845,1.62,13,VH-16076-2,36,True
16076,284617,2.83,15,VH-16076-3,48,True
280909,16068,1.76,16,VH-280909-1,60,True
280909,16067,12.78,31,VH-280909-2,36,True
280909,282801,19.33,38,VH-280909-3,60,True
282811,284617,1.28,19,VH-282811-1,60,True
282811,16076,1.6,17,VH-282811-2,36,True
282811,284845,3.05,19,VH-282811-3,60,True
282906,16018,0.0,14,VH-282906-1,24,True
282906,16017,0.0,10,VH-282906-2,24,True
282906,284719,0.0,8,VH-282906-3,48,True
283333,16071,3.83,20,VH-283333-1,60,True
283333,284633,3.99,20,VH-283333-2,36,True
283333,284845,6.11,20,VH-283333-3,24,True
283857,284948,0.0,9,VH-283857-1,24,True
283857,16149,24.41,55,VH-283857-2,24,True
283857,284859,36.72,69,VH-283857-3,60,True
283925,285059,0.0,15,VH-283925-1,36,True
283925,16071,7.03,19,VH-283925-2,48,True
283925,284633,7.93,27,VH-283925-3,24,True
284617,282811,1.28,12,VH-284617-1,24,True
284617,16076,2.83,22,VH-284617-2,60,True
284617,284845,4.1,19,VH-284617-3,60,True
284633,16071,1.34,17,VH-284633-1,48,True
284633,284845,3.99,14,VH-284633-2,24,True
284633,283333,3.99,24,VH-284633-3,36,True
284719,16018,0.0,14,VH-284719-1,60,True
284719,16017,0.0,14,VH-284719-2,48,True
284719,282906,0.0,17,VH-284719-3,24,True
284845,16076,1.62,10,VH-284845-1,24,True
284845,282811,3.05,23,VH-284845-2,60,True
284845,284633,3.99,20,VH-284845-3,48,True
16077,16159,0.46,14,VH-16077-1,48,True
16077,280911,3.45,17,VH-16077-2,24,True
16077,280912,4.6,16,VH-16077-3,36,True
16078,16054,7.03,26,VH-16078-1,60,True
16078,16051,9.26,30,VH-16078-2,60,True
16078,16050,9.51,22,VH-16078-3,24,True
16079,282808,7.61,24,VH-16079-1,60,True
16079,284611,11.55,31,VH-16079-2,24,True
16079,16086,13.21,33,VH-16079-3,36,True
16080,16079,17.88,44,VH-16080-1,36,True
16080,16033,19.13,35,VH-16080-2,48,True
16080,282808,22.26,55,VH-16080-3,60,True
16081,280911,7.22,25,VH-16081-1,36,True
16081,16084,7.74,29,VH-16081-2,36,True
16081,284611,8.15,28,VH-16081-3,36,True
16084,16081,7.74,20,VH-16084-1,60,True
16084,16158,8.16,29,VH-16084-2,48,True
16084,280911,14.96,33,VH-16084-3,60,True
16085,283273,13.74,27,VH-16085-1,36,True
16085,16158,24.54,53,VH-16085-2,60,True
16085,16084,29.92,52,VH-16085-3,60,True
16086,16036,8.31,33,VH-16086-1,60,True
16086,16079,13.21,29,VH-16086-2,24,True
16086,284611,16.33,38,VH-16086-3,24,True
16088,282804,1.6,15,VH-16088-1,36,True
16088,16077,7.8,26,VH-16088-2,48,True
16088,16159,8.2,25,VH-16088-3,60,True
16158,16084,8.16,23,VH-16158-1,36,True
16158,16081,15.48,43,VH-16158-2,24,True
16158,280911,22.62,45,VH-16158-3,48,True
16159,16077,0.46,16,VH-16159-1,48,True
16159,280911,3.13,20,VH-16159-2,48,True
16159,280912,4.14,16,VH-16159-3,60,True
280911,280912,2.78,23,VH-280911-1,60,True
280911,16159,3.13,18,VH-280911-2,36,True
280911,16077,3.45,22,VH-280911-3,60,True
280912,280911,2.78,20,VH-280912-1,60,True
280912,284611,3.04,12,VH-280912-2,48,True
280912,16159,4.14,18,VH-280912-3,24,True
282804,16088,1.6,16,VH-282804-1,36,True
282804,16077,9.05,23,VH-282804-2,36,True
282804,16159,9.43,26,VH-282804-3,24,True
282808,284611,6.61,21,VH-282808-1,48,True
282808,280912,6.77,27,VH-282808-2,48,True
282808,16079,7.61,26,VH-282808-3,48,True
284611,280912,3.04,17,VH-284611-1,24,True
284611,280911,4.81,15,VH-284611-2,60,True
284611,282808,6.61,25,VH-284611-3,60,True
16006,16062,24.83,50,VH-16006-1,60,True
16006,284856,24.87,43,VH-16006-2,36,True
16006,16014,25.43,46,VH-16006-3,36,True
16007,16093,2.27,13,VH-16007-1,24,True
16007,282678,2.44,14,VH-16007-2,48,True
16007,16097,2.48,15,VH-16007-3,48,True
16019,16097,1.26,10,VH-16019-1,24,True
16019,282678,1.26,12,VH-16019-2,24,True
16019,16091,1.82,11,VH-16019-3,36,True
16091,282678,1.41,19,VH-16091-1,36,True
16091,16097,1.53,16,VH-16091-2,24,True
16091,16019,1.82,12,VH-16091-3,36,True
16093,16007,2.27,19,VH-16093-1,60,True
16093,16098,3.67,19,VH-16093-2,36,True
16093,16091,3.89,23,VH-16093-3,60,True
16094,16100,1.87,17,VH-16094-1,48,True
16094,16098,21.24,54,VH-16094-2,36,True
16094,284817,22.08,47,VH-16094-3,36,True
16095,284618,0.0,11,VH-16095-1,24,True
16095,16107,0.0,9,VH-16095-2,60,True
16095,284853,1.63,12,VH-16095-3,48,True
16096,284628,2.06,20,VH-16096-1,24,True
16096,284853,2.18,20,VH-16096-2,36,True
16096,282797,2.25,11,VH-16096-3,60,True
16097,282678,0.12,16,VH-16097-1,48,True
16097,16019,1.26,17,VH-16097-2,60,True
16097,282684,1.49,11,VH-16097-3,24,True
16098,16093,3.67,24,VH-16098-1,24,True
16098,284614,4.83,17,VH-16098-2,60,True
16098,16007,5.79,25,VH-16098-3,36,True
16100,16094,1.87,20,VH-16100-1,48,True
16100,16098,23.09,49,VH-16100-2,36,True
16100,284817,23.94,53,VH-16100-3,24,True
280914,282684,1.46,17,VH-280914-1,36,True
280914,284602,2.21,13,VH-280914-2,24,True
280914,16019,2.79,20,VH-280914-3,60,True
282678,16097,0.12,11,VH-282678-1,24,True
282678,16019,1.26,14,VH-282678-2,24,True
282678,16091,1.41,15,VH-282678-3,36,True
282684,280914,1.46,14,VH-282684-1,48,True
282684,16097,1.49,13,VH-282684-2,36,True
282684,282678,1.62,14,VH-282684-3,48,True
282788,284859,0.0,13,VH-282788-1,36,True
282788,284855,9.36,21,VH-282788-2,60,True
282788,282942,9.48,29,VH-282788-3,48,True
282797,16096,2.25,13,VH-282797-1,36,True
282797,16019,2.38,21,VH-282797-2,60,True
282797,284628,2.53,14,VH-282797-3,60,True
284602,282684,1.69,19,VH-284602-1,60,True
284602,280914,2.21,19,VH-284602-2,48,True
284602,16097,2.68,13,VH-284602-3,48,True
284614,284618,3.09,18,VH-284614-1,36,True
284614,16095,3.09,21,VH-284614-2,24,True
284614,16107,3.09,17,VH-284614-3,48,True
284628,284853,0.13,16,VH-284628-1,36,True
284628,284618,1.76,16,VH-284628-2,24,True
284628,16107,1.76,17,VH-284628-3,60,True
284817,284614,3.37,22,VH-284817-1,36,True
284817,284618,5.32,24,VH-284817-2,36,True
284817,16107,5.32,22,VH-284817-3,36,True
284853,284628,0.13,12,VH-284853-1,24,True
284853,284618,1.63,11,VH-284853-2,48,True
284853,16107,1.63,14,VH-284853-3,36,True
16020,282883,0.0,16,VH-16020-1,24,True
16020,16021,0.0,15,VH-16020-2,36,True
16020,282681,0.0,16,VH-16020-3,48,True
16021,282883,0.0,15,VH-16021-1,48,True
16021,16020,0.0,11,VH-16021-2,48,True
16021,282681,0.0,14,VH-16021-3,60,True
16103,16108,1.06,18,VH-16103-1,60,True
16103,283939,1.26,12,VH-16103-2,48,True
16103,284848,1.64,11,VH-16103-3,24,True
16104,284601,0.16,12,VH-16104-1,36,True
16104,282883,1.86,20,VH-16104-2,60,True
16104,282681,1.86,15,VH-16104-3,24,True
16107,16095,0.0,16,VH-16107-1,24,True
16107,284618,0.0,10,VH-16107-2,60,True
16107,284853,1.63,11,VH-16107-3,36,True
16108,16103,1.06,15,VH-16108-1,48,True
16108,283939,1.73,12,VH-16108-2,24,True
16108,284848,2.54,22,VH-16108-3,48,True
16109,16104,2.93,18,VH-16109-1,48,True
16109,284601,3.02,16,VH-16109-2,24,True
16109,283939,4.43,15,VH-16109-3,48,True
282681,282883,0.0,12,VH-282681-1,36,True
282681,16020,0.0,18,VH-282681-2,24,True
282681,16021,0.0,17,VH-282681-3,60,True
282931,32102,0.0,12,VH-282931-1,24,True
282931,16059,23.31,57,VH-282931-2,36,True
282931,282806,25.28,45,VH-282931-3,24,True
283939,284848,1.13,11,VH-283939-1,36,True
283939,282883,1.23,15,VH-283939-2,60,True
283939,282681,1.23,19,VH-283939-3,36,True
284564,284848,2.0,16,VH-284564-1,48,True
284564,282883,2.48,19,VH-284564-2,24,True
284564,282681,2.48,12,VH-284564-3,36,True
284601,16104,0.16,18,VH-284601-1,24,True
284601,283939,1.72,18,VH-284601-2,48,True
284601,282883,1.76,20,VH-284601-3,48,True
284618,16095,0.0,14,VH-284618-1,48,True
284618,16107,0.0,13,VH-284618-2,48,True
284618,284853,1.63,12,VH-284618-3,60,True
284848,282883,0.79,11,VH-284848-1,48,True
284848,16021,0.79,14,VH-284848-2,24,True
284848,16020,0.79,16,VH-284848-3,24,True
284858,16109,4.77,23,VH-284858-1,24,True
284858,16104,6.04,25,VH-284858-2,24,True
284858,284601,6.2,20,VH-284858-3,24,True
284948,283857,0.0,15,VH-284948-1,48,True
284948,16149,24.41,56,VH-284948-2,36,True
284948,284859,36.72,68,VH-284948-3,60,True
285159,284564,6.41,25,VH-285159-1,48,True
285159,284848,8.34,25,VH-285159-2,36,True
285159,282883,8.57,27,VH-285159-3,24,True
16111,284891,1.38,14,VH-16111-1,60,True
16111,16072,4.18,18,VH-16111-2,48,True
16111,16018,4.76,17,VH-16111-3,60,True
16112,16114,30.99,70,VH-16112-1,48,True
16112,285159,42.03,63,VH-16112-2,48,True
16112,284564,44.18,75,VH-16112-3,24,True
16113,16114,41.22,67,VH-16113-1,36,True
16113,16112,45.24,84,VH-16113-2,24,True
16113,16141,68.92,115,VH-16113-3,36,True
16114,16112,30.99,61,VH-16114-1,36,True
16114,282788,40.45,69,VH-16114-2,48,True
16114,284859,40.45,70,VH-16114-3,60,True
280910,16129,0.0,12,VH-280910-1,24,True
280910,282798,57.19,88,VH-280910-2,36,True
280910,285090,57.53,119,VH-280910-3,24,True
282673,282801,4.27,24,VH-282673-1,36,True
282673,16072,4.45,18,VH-282673-2,48,True
282673,284891,7.15,26,VH-282673-3,48,True
282796,16018,0.0,9,VH-282796-1,60,True
282796,16017,0.0,12,VH-282796-2,48,True
282796,284719,0.0,17,VH-282796-3,60,True
282801,282673,4.27,16,VH-282801-1,24,True
282801,16072,7.81,28,VH-282801-2,24,True
282801,283333,8.12,23,VH-282801-3,36,True
282802,16136,0.0,11,VH-282802-1,36,True
282802,16128,0.0,11,VH-282802-2,36,True
282802,283389,2.23,15,VH-282802-3,60,True
283311,282787,0.0,13,VH-283311-1,60,True
283311,282667,2.35,14,VH-283311-2,24,True
283311,16055,4.24,19,VH-283311-3,48,True
284627,16018,0.0,13,VH-284627-1,60,True
284627,16017,0.0,14,VH-284627-2,36,True
284627,284719,0.0,16,VH-284627-3,48,True
284891,16111,1.38,18,VH-284891-1,48,True
284891,16072,2.81,18,VH-284891-2,48,True
284891,16018,5.87,20,VH-284891-3,36,True
285059,283925,0.0,11,VH-285059-1,24,True
285059,16071,7.03,21,VH-285059-2,48,True
285059,284633,7.93,23,VH-285059-3,48,True
285083,16018,0.0,11,VH-285083-1,48,True
285083,16017,0.0,14,VH-285083-2,48,True
285083,284719,0.0,13,VH-285083-3,48,True
32102,282931,0.0,16,VH-32102-1,60,True
32102,16059,23.31,48,VH-32102-2,48,True
32102,282806,25.28,47,VH-32102-3,24,True
16121,16122,1.87,13,VH-16121-1,60,True
16121,282789,3.23,17,VH-16121-2,60,True
16121,284459,4.59,18,VH-16121-3,48,True
16122,16121,1.87,15,VH-16122-1,36,True
16122,280388,3.27,22,VH-16122-2,48,True
16122,282789,4.76,17,VH-16122-3,48,True
16123,282807,5.39,19,VH-16123-1,48,True
16123,284459,6.17,24,VH-16123-2,60,True
16123,16121,10.57,29,VH-16123-3,24,True
16124,282785,8.88,31,VH-16124-1,48,True
16124,16072,19.86,44,VH-16124-2,48,True
16124,284891,20.51,47,VH-16124-3,60,True
280388,16122,3.27,15,VH-280388-1,24,True
280388,16121,5.14,18,VH-280388-2,60,True
280388,282789,7.85,28,VH-280388-3,48,True
282785,16124,8.88,23,VH-282785-1,60,True
282785,282807,20.19,41,VH-282785-2,60,True
282785,16123,21.82,39,VH-282785-3,60,True
282789,16121,3.23,17,VH-282789-1,48,True
282789,16122,4.76,20,VH-282789-2,48,True
282789,284459,6.17,21,VH-282789-3,60,True
282800,16015,10729.57,17299,VH-282800-1,60,True
282800,16016,10739.55,19104,VH-282800-2,36,True
282800,16028,10739.55,18645,VH-282800-3,48,True
282807,284459,3.23,22,VH-282807-1,24,True
282807,16123,5.39,22,VH-282807-2,36,True
282807,16121,7.38,21,VH-282807-3,60,True
284459,282807,3.23,14,VH-284459-1,60,True
284459,16121,4.59,21,VH-284459-2,36,True
284459,16122,5.78,18,VH-284459-3,48,True
16023,16126,1.51,16,VH-16023-1,48,True
16023,282795,1.75,11,VH-16023-2,24,True
16023,282802,2.61,15,VH-16023-3,36,True
16125,284603,2.21,19,VH-16125-1,24,True
16125,280930,2.84,21,VH-16125-2,24,True
16125,282798,3.08,17,VH-16125-3,60,True
16126,16023,1.51,12,VH-16126-1,48,True
16126,282795,1.51,20,VH-16126-2,36,True
16126,284603,2.48,14,VH-16126-3,24,True
16127,284936,1.73,19,VH-16127-1,36,True
16127,16126,2.51,17,VH-16127-2,60,True
16127,16023,3.67,17,VH-16127-3,24,True
16128,16136,0.0,10,VH-16128-1,24,True
16128,282802,0.0,15,VH-16128-2,24,True
16128,283389,2.23,18,VH-16128-3,36,True
16129,280910,0.0,9,VH-16129-1,36,True
16129,282798,57.19,90,VH-16129-2,36,True
16129,285090,57.53,83,VH-16129-3,48,True
16133,284851,6.66,22,VH-16133-1,48,True
16133,16127,11.34,28,VH-16133-2,60,True
16133,284936,12.16,31,VH-16133-3,24,True
16156,16133,15.34,34,VH-16156-1,48,True
16156,284851,15.6,35,VH-16156-2,36,True
16156,280939,18.58,41,VH-16156-3,60,True
280930,280904,2.49,12,VH-280930-1,60,True
280930,282790,2.49,13,VH-280930-2,48,True
280930,16125,2.84,13,VH-280930-3,24,True
280939,16156,18.58,38,VH-280939-1,60,True
280939,284851,22.42,42,VH-280939-2,60,True
280939,283389,25.16,50,VH-280939-3,48,True
282790,280904,0.0,16,VH-282790-1,60,True
282790,280930,2.49,17,VH-282790-2,60,True
282790,284603,3.19,23,VH-282790-3,36,True
282795,16126,1.51,13,VH-282795-1,60,True
282795,16023,1.75,14,VH-282795-2,60,True
282795,284603,2.0,12,VH-282795-3,24,True
282798,285090,1.32,15,VH-282798-1,36,True
282798,16125,3.08,13,VH-282798-2,36,True
282798,282802,3.76,21,VH-282798-3,24,True
283389,16128,2.23,21,VH-283389-1,36,True
283389,16136,2.23,17,VH-283389-2,36,True
283389,282802,2.23,16,VH-283389-3,36,True
284603,282795,2.0,16,VH-284603-1,36,True
284603,16125,2.21,20,VH-284603-2,24,True
284603,16126,2.48,13,VH-284603-3,24,True
284851,16133,6.66,23,VH-284851-1,36,True
284851,16023,8.91,29,VH-284851-2,48,True
284851,16127,9.62,31,VH-284851-3,36,True
284936,16127,1.73,20,VH-284936-1,36,True
284936,16126,3.75,17,VH-284936-2,60,True
284936,280904,3.93,14,VH-284936-3,60,True
285090,282798,1.32,18,VH-285090-1,36,True
285090,16128,2.58,20,VH-285090-2,24,True
285090,282802,2.58,18,VH-285090-3,36,True
16026,16140,3.62,15,VH-16026-1,48,True
16026,284635,5.07,24,VH-16026-2,36,True
16026,282944,6.32,23,VH-16026-3,36,True
16136,16128,0.0,16,VH-16136-1,48,True
16136,282802,0.0,11,VH-16136-2,36,True
16136,283389,2.23,12,VH-16136-3,48,True
16140,282944,3.46,19,VH-16140-1,60,True
16140,284635,3.47,22,VH-16140-2,24,True
16140,16026,3.62,23,VH-16140-3,60,True
16141,284855,2.84,20,VH-16141-1,24,True
16141,285089,3.49,21,VH-16141-2,60,True
16141,284645,5.84,26,VH-16141-3,36,True
16145,16050,16.52,42,VH-16145-1,36,True
16145,16148,17.7,34,VH-16145-2,48,True
16145,284615,17.7,43,VH-16145-3,60,True
16148,284615,0.0,10,VH-16148-1,48,True
16148,16026,7.81,24,VH-16148-2,24,True
16148,16140,11.42,34,VH-16148-3,60,True
16149,282788,12.99,28,VH-16149-1,24,True
16149,284859,12.99,32,VH-16149-2,24,True
16149,282942,20.16,43,VH-16149-3,36,True
16152,284562,1.16,12,VH-16152-1,48,True
16152,284645,2.94,19,VH-16152-2,36,True
16152,284798,3.28,21,VH-16152-3,24,True
16155,284841,2.58,14,VH-16155-1,24,True
16155,284798,3.41,24,VH-16155-2,48,True
16155,284635,4.05,24,VH-16155-3,60,True
282942,284798,4.99,17,VH-282942-1,24,True
282942,284562,5.24,25,VH-282942-2,48,True
282942,284645,5.57,25,VH-282942-3,36,True
282944,284635,2.09,15,VH-282944-1,36,True
282944,284841,2.98,21,VH-282944-2,24,True
282944,16140,3.46,17,VH-282944-3,48,True
284562,16152,1.16,11,VH-284562-1,48,True
284562,284798,2.23,12,VH-284562-2,48,True
284562,284645,3.3,16,VH-284562-3,36,True
284610,284841,6.64,27,VH-284610-1,48,True
284610,16155,6.89,23,VH-284610-2,24,True
284610,284635,8.01,23,VH-284610-3,48,True
284615,16148,0.0,9,VH-284615-1,24,True
284615,16026,7.81,22,VH-284615-2,48,True
284615,16140,11.42,34,VH-284615-3,24,True
284635,284841,1.75,11,VH-284635-1,48,True
284635,282944,2.09,14,VH-284635-2,24,True
284635,16140,3.47,14,VH-284635-3,60,True
284645,285089,2.55,12,VH-284645-1,36,True
284645,16152,2.94,21,VH-284645-2,24,True
284645,284562,3.3,22,VH-284645-3,60,True
284798,284562,2.23,12,VH-284798-1,24,True
284798,16152,3.28,13,VH-284798-2,60,True
284798,16155,3.41,14,VH-284798-3,36,True
284841,284635,1.75,13,VH-284841-1,60,True
284841,16155,2.58,12,VH-284841-2,60,True
284841,282944,2.98,19,VH-284841-3,36,True
284855,285089,1.17,14,VH-284855-1,36,True
284855,16141,2.84,18,VH-284855-2,24,True
284855,284645,3.68,18,VH-284855-3,24,True
284859,282788,0.0,16,VH-284859-1,24,True
284859,284855,9.36,30,VH-284859-2,48,True
284859,282942,9.48,30,VH-284859-3,48,True
285089,284855,1.17,14,VH-285089-1,36,True
285089,284645,2.55,13,VH-285089-2,48,True
285089,16141,3.49,16,VH-285089-3,48,True
16028,16016,0.0,11,VH-16028-1,48,True
16028,16015,10.01,31,VH-16028-2,60,True
16028,16005,33.04,60,VH-16028-3,60,True
16160,284629,4.34,23,VH-16160-1,60,True
16160,285161,15.74,39,VH-16160-2,60,True
16160,16030,35.48,74,VH-16160-3,24,True
280941,284087,19.96,52,VH-280941-1,48,True
280941,16100,60.68,98,VH-280941-2,48,True
280941,16094,62.35,97,VH-280941-3,24,True
284629,16160,4.34,18,VH-284629-1,24,True
284629,285161,12.78,31,VH-284629-2,24,True
284629,16030,35.93,56,VH-284629-3,24,True
285161,284629,12.78,33,VH-285161-1,60,True
285161,16160,15.74,37,VH-285161-2,36,True
285161,16030,28.53,60,VH-285161-3,48,True
13014,284696,0.0,18,VH-13014-1,48,True
13014,280210,0.0,18,VH-13014-2,36,True
13014,283671,0.0,18,VH-13014-3,60,True
91116,284389,0.73,19,VH-91116-1,60,True
91116,283193,0.77,11,VH-91116-2,24,True
91116,284145,0.82,11,VH-91116-3,36,True
281804,23166,0.0,12,VH-281804-1,48,True
281804,536,0.0,12,VH-281804-2,60,True
281804,23161,0.0,16,VH-281804-3,24,True
285272,284470,6.23,23,VH-285272-1,24,True
285272,285321,6.57,22,VH-285272-2,36,True
285272,23164,7.67,31,VH-285272-3,24,True
23147,281918,0.0,17,VH-23147-1,24,True
23147,284957,4.63,20,VH-23147-2,36,True
23147,283239,8.55,32,VH-23147-3,48,True
23148,283638,5.66,25,VH-23148-1,24,True
23148,283417,5.8,17,VH-23148-2,24,True
23148,23167,6.61,25,VH-23148-3,24,True
23149,283420,0.0,16,VH-23149-1,36,True
23149,280286,490.2,820,VH-23149-2,60,True
23149,23151,491.58,850,VH-23149-3,60,True
283420,23149,0.0,11,VH-283420-1,48,True
283420,280286,490.2,692,VH-283420-2,48,True
283420,23151,491.58,661,VH-283420-3,36,True
283417,23143,1.32,14,VH-283417-1,60,True
283417,23167,5.62,18,VH-283417-2,60,True
283417,23148,5.8,22,VH-283417-3,48,True
283508,23143,6.86,26,VH-283508-1,60,True
283508,283417,7.33,28,VH-283508-2,60,True
283508,283638,8.05,24,VH-283508-3,24,True
23118,284904,4.26,22,VH-23118-1,24,True
23118,284957,44.98,84,VH-23118-2,60,True
23118,283239,45.71,75,VH-23118-3,48,True
284904,23118,4.26,17,VH-284904-1,60,True
284904,284957,45.54,74,VH-284904-2,48,True
284904,283239,46.79,76,VH-284904-3,48,True
23115,283369,12.61,35,VH-23115-1,24,True
23115,23184,13.45,32,VH-23115-2,36,True
23115,587,22.04,39,VH-23115-3,36,True
23184,283369,1.13,12,VH-23184-1,60,True
23184,587,8.8,28,VH-23184-2,48,True
23184,23115,13.45,28,VH-23184-3,48,True
283369,23184,1.13,19,VH-283369-1,60,True
283369,587,9.84,28,VH-283369-2,48,True
283369,23115,12.61,31,VH-283369-3,24,True
587,23184,8.8,29,VH-587-1,48,True
587,283369,9.84,31,VH-587-2,60,True
587,23115,22.04,44,VH-587-3,48,True
23150,23158,86.25,154,VH-23150-1,36,True
23150,280282,95.09,170,VH-23150-2,36,True
23150,284174,96.1,151,VH-23150-3,60,True
1517,544,0.24,12,VH-1517-1,48,True
1517,23176,0.61,11,VH-1517-2,24,True
1517,283656,1.2,18,VH-1517-3,36,True
1518,1522,0.0,16,VH-1518-1,24,True
1518,23102,0.0,16,VH-1518-2,24,True
1518,284481,12.35,39,VH-1518-3,24,True
1519,283236,0.0,10,VH-1519-1,36,True
1519,542,0.0,10,VH-1519-2,48,True
1519,283409,2.21,16,VH-1519-3,36,True
1520,544,1.97,16,VH-1520-1,60,True
1520,1517,2.21,18,VH-1520-2,36,True
1520,23176,2.75,15,VH-1520-3,24,True
1521,283418,0.0,17,VH-1521-1,36,True
1521,543,1.68,14,VH-1521-2,36,True
1521,283409,2.64,21,VH-1521-3,60,True
1522,23102,0.0,8,VH-1522-1,36,True
1522,1518,0.0,11,VH-1522-2,60,True
1522,284481,12.35,34,VH-1522-3,24,True
23102,1522,0.0,9,VH-23102-1,24,True
23102,1518,0.0,14,VH-23102-2,60,True
23102,284481,12.35,34,VH-23102-3,36,True
23129,280563,0.7,11,VH-23129-1,36,True
23129,283234,2.08,19,VH-23129-2,36,True
23129,284209,2.43,20,VH-23129-3,48,True
23176,1517,0.61,13,VH-23176-1,36,True
23176,283656,0.81,12,VH-23176-2,60,True
23176,544,0.84,12,VH-23176-3,36,True
280563,23129,0.7,13,VH-280563-1,24,True
280563,284209,1.88,17,VH-280563-2,48,True
280563,283234,2.41,19,VH-280563-3,60,True
283234,23129,2.08,21,VH-283234-1,48,True
283234,280563,2.41,22,VH-283234-2,48,True
283234,284209,2.84,17,VH-283234-3,24,True
283235,283656,1.77,20,VH-283235-1,48,True
283235,284208,1.82,19,VH-283235-2,24,True
283235,1517,2.11,16,VH-283235-3,36,True
283236,1519,0.0,14,VH-283236-1,48,True
283236,542,0.0,9,VH-283236-2,24,True
283236,283409,2.21,12,VH-283236-3,36,True
283237,283409,2.46,19,VH-283237-1,48,True
283237,23129,3.37,16,VH-283237-2,48,True
283237,283234,3.48,14,VH-283237-3,24,True
283409,283236,2.21,16,VH-283409-1,24,True
283409,1519,2.21,13,VH-283409-2,24,True
283409,542,2.21,21,VH-283409-3,36,True
283656,23176,0.81,13,VH-283656-1,36,True
283656,1517,1.2,14,VH-283656-2,36,True
283656,544,1.44,13,VH-283656-3,48,True
284167,280563,2.88,20,VH-284167-1,60,True
284167,23129,3.19,19,VH-284167-2,60,True
284167,284209,4.02,23,VH-284167-3,48,True
284208,548,1.53,19,VH-284208-1,60,True
284208,283235,1.82,11,VH-284208-2,48,True
284208,544,2.45,12,VH-284208-3,36,True
284209,280563,1.88,13,VH-284209-1,60,True
284209,23129,2.43,17,VH-284209-2,24,True
284209,283234,2.84,14,VH-284209-3,60,True
284481,507,1.84,15,VH-284481-1,36,True
284481,284209,5.03,25,VH-284481-2,60,True
284481,284167,5.14,23,VH-284481-3,36,True
507,284481,1.84,10,VH-507-1,60,True
507,284209,3.25,16,VH-507-2,36,True
507,280563,4.4,14,VH-507-3,48,True
535,283236,2.25,13,VH-535-1,48,True
535,1519,2.25,20,VH-535-2,48,True
535,542,2.25,21,VH-535-3,60,True
541,23176,2.3,16,VH-541-1,36,True
541,283656,2.5,14,VH-541-2,36,True
541,1517,2.84,15,VH-541-3,24,True
542,283236,0.0,16,VH-542-1,48,True
542,1519,0.0,10,VH-542-2,48,True
542,283409,2.21,16,VH-542-3,48,True
543,1521,1.68,12,VH-543-1,24,True
543,283418,1.68,18,VH-543-2,48,True
543,283409,3.01,14,VH-543-3,36,True
544,1517,0.24,12,VH-544-1,60,True
544,23176,0.84,13,VH-544-2,24,True
544,283656,1.44,13,VH-544-3,48,True
545,284481,8.03,24,VH-545-1,60,True
545,507,8.42,26,VH-545-2,24,True
545,541,9.52,23,VH-545-3,60,True
546,280461,0.0,10,VH-546-1,48,True
546,549,0.0,8,VH-546-2,24,True
546,554,0.0,10,VH-546-3,60,True
548,284208,1.53,20,VH-548-1,48,True
548,1520,3.07,19,VH-548-2,48,True
548,283235,3.34,13,VH-548-3,60,True
23151,284962,2.17,19,VH-23151-1,60,True
23151,280286,3.39,14,VH-23151-2,36,True
23151,23101,217.03,343,VH-23151-3,48,True
280286,23151,3.39,17,VH-280286-1,60,True
280286,284962,5.42,23,VH-280286-2,36,True
280286,23101,215.73,297,VH-280286-3,36,True
284962,23151,2.17,18,VH-284962-1,48,True
284962,280286,5.42,22,VH-284962-2,60,True
284962,23101,216.94,400,VH-284962-3,24,True
283638,23148,5.66,19,VH-283638-1,48,True
283638,283508,8.05,24,VH-283638-2,36,True
283638,283417,9.25,30,VH-283638-3,48,True
23138,283238,3.45,17,VH-23138-1,48,True
23138,284168,3.85,19,VH-23138-2,36,True
23138,283369,72.76,115,VH-23138-3,36,True
283238,23138,3.45,16,VH-283238-1,48,True
283238,284168,4.93,25,VH-283238-2,60,True
283238,283369,75.82,112,VH-283238-3,60,True
284168,23138,3.85,21,VH-284168-1,60,True
284168,283238,4.93,16,VH-284168-2,36,True
284168,283369,71.36,114,VH-284168-3,24,True
23153,589,93.54,130,VH-23153-1,36,True
23153,284711,94.36,155,VH-23153-2,36,True
23153,282582,94.9,178,VH-23153-3,36,True
23154,284469,38.13,67,VH-23154-1,48,True
23154,282593,38.13,62,VH-23154-2,36,True
23154,23142,38.13,84,VH-23154-3,48,True
1543,23155,0.44,14,VH-1543-1,24,True
1543,280541,4.49,23,VH-1543-2,48,True
1543,567,35.59,68,VH-1543-3,24,True
23155,1543,0.44,15,VH-23155-1,24,True
23155,280541,4.27,20,VH-23155-2,36,True
23155,567,35.51,65,VH-23155-3,36,True
280541,23155,4.27,18,VH-280541-1,36,True
280541,1543,4.49,20,VH-280541-2,60,True
280541,567,38.97,74,VH-280541-3,60,True
284469,23142,0.0,11,VH-284469-1,60,True
284469,282593,0.0,15,VH-284469-2,36,True
284469,23144,0.0,15,VH-284469-3,24,True
23156,285099,0.29,11,VH-23156-1,36,True
23156,284852,3.44,19,VH-23156-2,36,True
23156,584,5.81,23,VH-23156-3,60,True
283414,285099,10.27,32,VH-283414-1,60,True
283414,23156,10.37,32,VH-283414-2,48,True
283414,584,11.1,33,VH-283414-3,36,True
284852,23156,3.44,14,VH-284852-1,48,True
284852,285099,3.58,21,VH-284852-2,36,True
284852,584,6.91,24,VH-284852-3,36,True
285099,23156,0.29,15,VH-285099-1,60,True
285099,284852,3.58,16,VH-285099-2,36,True
285099,584,6.06,24,VH-285099-3,48,True
584,23156,5.81,20,VH-584-1,48,True
584,285099,6.06,19,VH-584-2,48,True
584,284852,6.91,28,VH-584-3,24,True
23157,285272,98.08,168,VH-23157-1,24,True
23157,284470,103.87,150,VH-23157-2,60,True
23157,285321,104.16,182,VH-23157-3,48,True
1538,284496,3.23,21,VH-1538-1,36,True
1538,23168,117.26,179,VH-1538-2,36,True
1538,23173,157.56,217,VH-1538-3,60,True
284496,1538,3.23,17,VH-284496-1,36,True
284496,23168,114.18,159,VH-284496-2,24,True
284496,23173,158.25,263,VH-284496-3,48,True
23103,284469,6.86,21,VH-23103-1,36,True
23103,282593,6.86,21,VH-23103-2,48,True
23103,23142,6.86,21,VH-23103-3,48,True
23142,284469,0.0,13,VH-23142-1,36,True
23142,23144,0.0,8,VH-23142-2,24,True
23142,282593,0.0,17,VH-23142-3,48,True
23144,284469,0.0,16,VH-23144-1,48,True
23144,23142,0.0,11,VH-23144-2,48,True
23144,282593,0.0,16,VH-23144-3,24,True
23158,280282,8.84,26,VH-23158-1,36,True
23158,284174,9.88,27,VH-23158-2,24,True
23158,23154,81.66,137,VH-23158-3,36,True
280282,284174,1.13,20,VH-280282-1,60,True
280282,23158,8.84,27,VH-280282-2,24,True
280282,23154,80.17,120,VH-280282-3,60,True
282815,284943,2.47,17,VH-282815-1,36,True
282815,284469,8.15,19,VH-282815-2,36,True
282815,23144,8.15,30,VH-282815-3,60,True
284174,280282,1.13,12,VH-284174-1,48,True
284174,23158,9.88,30,VH-284174-2,24,True
284174,23154,80.53,119,VH-284174-3,36,True
284943,282815,2.47,17,VH-284943-1,48,True
284943,23103,7.17,23,VH-284943-2,48,True
284943,284469,9.05,21,VH-284943-3,36,True
576,546,0.0,11,VH-576-1,48,True
576,549,0.0,10,VH-576-2,48,True
576,554,0.0,11,VH-576-3,24,True
577,546,0.0,15,VH-577-1,48,True
577,549,0.0,13,VH-577-2,60,True
577,554,0.0,11,VH-577-3,24,True
23111,281804,0.0,17,VH-23111-1,60,True
23111,536,0.0,13,VH-23111-2,36,True
23111,23164,0.0,10,VH-23111-3,60,True
284470,285321,0.34,19,VH-284470-1,24,True
284470,281804,1.49,18,VH-284470-2,48,True
284470,23161,1.49,11,VH-284470-3,48,True
1524,546,0.0,9,VH-1524-1,60,True
1524,549,0.0,8,VH-1524-2,24,True
1524,554,0.0,10,VH-1524-3,36,True
1526,1547,1.14,14,VH-1526-1,48,True
1526,283291,1.56,16,VH-1526-2,24,True
1526,1505,3.74,21,VH-1526-3,48,True
23101,564,1.21,12,VH-23101-1,60,True
23101,566,3.38,14,VH-23101-2,60,True
23101,563,5.89,26,VH-23101-3,48,True
23178,280285,0.75,10,VH-23178-1,60,True
23178,284248,1.64,11,VH-23178-2,24,True
23178,546,2.28,11,VH-23178-3,60,True
280285,23178,0.75,14,VH-280285-1,36,True
280285,284248,2.19,19,VH-280285-2,36,True
280285,546,2.78,19,VH-280285-3,60,True
280461,546,0.0,17,VH-280461-1,36,True
280461,557,0.0,17,VH-280461-2,24,True
280461,554,0.0,9,VH-280461-3,24,True
282593,284469,0.0,16,VH-282593-1,48,True
282593,23144,0.0,12,VH-282593-2,24,True
282593,23142,0.0,18,VH-282593-3,36,True
283791,284248,3.16,14,VH-283791-1,24,True
283791,23178,4.79,17,VH-283791-2,36,True
283791,571,5.11,24,VH-283791-3,48,True
284248,23178,1.64,15,VH-284248-1,24,True
284248,280285,2.19,11,VH-284248-2,36,True
284248,571,2.78,16,VH-284248-3,24,True
284878,283291,2.62,14,VH-284878-1,24,True
284878,1547,3.11,20,VH-284878-2,24,True
284878,1526,4.14,23,VH-284878-3,48,True
549,546,0.0,10,VH-549-1,48,True
549,557,0.0,14,VH-549-2,36,True
549,554,0.0,11,VH-549-3,60,True
552,546,0.0,10,VH-552-1,60,True
552,549,0.0,13,VH-552-2,60,True
552,557,0.0,14,VH-552-3,60,True
554,546,0.0,12,VH-554-1,48,True
554,549,0.0,14,VH-554-2,24,True
554,557,0.0,12,VH-554-3,48,True
557,546,0.0,11,VH-557-1,24,True
557,549,0.0,9,VH-557-2,60,True
557,554,0.0,17,VH-557-3,48,True
559,546,0.0,17,VH-559-1,60,True
559,549,0.0,18,VH-559-2,60,True
559,554,0.0,17,VH-559-3,24,True
561,546,0.0,9,VH-561-1,24,True
561,549,0.0,14,VH-561-2,24,True
561,554,0.0,9,VH-561-3,24,True
563,566,2.79,18,VH-563-1,24,True
563,564,4.76,23,VH-563-2,24,True
563,23101,5.89,18,VH-563-3,36,True
564,23101,1.21,19,VH-564-1,48,True
564,566,2.17,16,VH-564-2,60,True
564,563,4.76,23,VH-564-3,36,True
566,564,2.17,14,VH-566-1,60,True
566,563,2.79,22,VH-566-2,48,True
566,23101,3.38,16,VH-566-3,24,True
567,566,11.14,30,VH-567-1,60,True
567,564,12.03,33,VH-567-2,60,True
567,563,12.11,32,VH-567-3,36,True
569,504,0.75,17,VH-569-1,60,True
569,1505,1.43,15,VH-569-2,24,True
569,586,1.76,18,VH-569-3,36,True
571,546,1.43,13,VH-571-1,24,True
571,549,1.43,19,VH-571-2,36,True
571,554,1.43,16,VH-571-3,36,True
1505,586,0.38,18,VH-1505-1,36,True
1505,546,1.32,13,VH-1505-2,36,True
1505,284010,1.32,20,VH-1505-3,36,True
1540,23159,2.49,16,VH-1540-1,48,True
1540,280285,3.0,19,VH-1540-2,48,True
1540,23178,3.62,23,VH-1540-3,48,True
23116,23171,0.0,9,VH-23116-1,24,True
23116,23106,0.0,10,VH-23116-2,48,True
23116,23170,0.0,8,VH-23116-3,48,True
280290,546,0.0,9,VH-280290-1,36,True
280290,549,0.0,10,VH-280290-2,24,True
280290,554,0.0,11,VH-280290-3,36,True
283291,1547,0.49,14,VH-283291-1,24,True
283291,1526,1.56,12,VH-283291-2,48,True
283291,284878,2.62,21,VH-283291-3,24,True
285255,546,0.0,9,VH-285255-1,60,True
285255,549,0.0,8,VH-285255-2,48,True
285255,554,0.0,9,VH-285255-3,24,True
504,569,0.75,9,VH-504-1,36,True
504,1505,2.02,17,VH-504-2,48,True
504,586,2.28,17,VH-504-3,36,True
23160,588,21.09,45,VH-23160-1,48,True
23160,1534,23.56,41,VH-23160-2,60,True
23160,505,88.41,159,VH-23160-3,48,True
588,23160,21.09,41,VH-588-1,60,True
588,1534,26.05,52,VH-588-2,24,True
588,281812,85.07,126,VH-588-3,60,True
23104,284842,110.62,164,VH-23104-1,36,True
23104,23175,111.15,213,VH-23104-2,48,True
23104,285111,111.46,182,VH-23104-3,36,True
1534,23160,23.56,44,VH-1534-1,60,True
1534,588,26.05,64,VH-1534-2,36,True
1534,281812,71.28,115,VH-1534-3,48,True
23161,281804,0.0,11,VH-23161-1,60,True
23161,536,0.0,13,VH-23161-2,24,True
23161,23164,0.0,11,VH-23161-3,36,True
23162,23112,0.0,14,VH-23162-1,60,True
23162,284305,1.4,13,VH-23162-2,24,True
23162,23120,78.31,114,VH-23162-3,24,True
284305,23162,1.4,14,VH-284305-1,24,True
284305,23112,1.4,17,VH-284305-2,24,True
284305,23120,79.36,142,VH-284305-3,48,True
23109,281804,0.0,14,VH-23109-1,60,True
23109,536,0.0,12,VH-23109-2,36,True
23109,23166,0.0,13,VH-23109-3,36,True
284944,281804,5.62,25,VH-284944-1,36,True
284944,536,5.62,19,VH-284944-2,48,True
284944,23161,5.62,22,VH-284944-3,60,True
23164,281804,0.0,18,VH-23164-1,36,True
23164,536,0.0,8,VH-23164-2,24,True
23164,23166,0.0,13,VH-23164-3,60,True
1508,280285,3.72,17,VH-1508-1,48,True
1508,23178,4.16,16,VH-1508-2,48,True
1508,284248,4.18,18,VH-1508-3,60,True
1547,283291,0.49,14,VH-1547-1,24,True
1547,1526,1.14,19,VH-1547-2,24,True
1547,284878,3.11,23,VH-1547-3,36,True
23159,1540,2.49,15,VH-23159-1,24,True
23159,280285,5.48,21,VH-23159-2,60,True
23159,23178,6.06,20,VH-23159-3,48,True
284010,546,0.0,10,VH-284010-1,60,True
284010,549,0.0,9,VH-284010-2,48,True
284010,554,0.0,9,VH-284010-3,60,True
585,504,3.11,21,VH-585-1,60,True
585,569,3.37,18,VH-585-2,48,True
585,1505,4.75,19,VH-585-3,48,True
586,1505,0.38,18,VH-586-1,24,True
586,546,0.94,16,VH-586-2,48,True
586,285255,0.94,17,VH-586-3,60,True
23120,23162,78.31,150,VH-23120-1,60,True
23120,23112,78.31,160,VH-23120-2,48,True
23120,284305,79.36,135,VH-23120-3,24,True
284446,281804,2.62,18,VH-284446-1,60,True
284446,536,2.62,15,VH-284446-2,60,True
284446,23161,2.62,17,VH-284446-3,60,True
536,281804,0.0,12,VH-536-1,60,True
536,23166,0.0,13,VH-536-2,24,True
536,23164,0.0,14,VH-536-3,60,True
23166,281804,0.0,9,VH-23166-1,60,True
23166,536,0.0,16,VH-23166-2,36,True
23166,23164,0.0,14,VH-23166-3,24,True
23167,283417,5.62,18,VH-23167-1,24,True
23167,23143,6.6,22,VH-23167-2,36,True
23167,23148,6.61,28,VH-23167-3,36,True
23168,284496,114.18,187,VH-23168-1,36,True
23168,1538,117.26,162,VH-23168-2,48,True
23168,545,129.46,175,VH-23168-3,24,True
1545,284468,5.57,27,VH-1545-1,24,True
1545,281812,6.93,22,VH-1545-2,60,True
1545,1534,75.88,110,VH-1545-3,24,True
281812,1545,6.93,21,VH-281812-1,48,True
281812,284468,10.85,29,VH-281812-2,48,True
281812,1534,71.28,128,VH-281812-3,24,True
284468,1545,5.57,20,VH-284468-1,48,True
284468,281812,10.85,32,VH-284468-2,48,True
284468,1534,74.5,116,VH-284468-3,24,True
281918,23147,0.0,13,VH-281918-1,36,True
281918,284957,4.63,22,VH-281918-2,60,True
281918,283239,8.55,30,VH-281918-3,24,True
283239,284957,5.71,21,VH-283239-1,48,True
283239,505,6.86,21,VH-283239-2,60,True
283239,23147,8.55,28,VH-283239-3,24,True
284957,23147,4.63,22,VH-284957-1,36,True
284957,281918,4.63,25,VH-284957-2,60,True
284957,283239,5.71,21,VH-284957-3,48,True
505,283239,6.86,25,VH-505-1,24,True
505,23147,9.61,24,VH-505-2,60,True
505,281918,9.61,30,VH-505-3,60,True
282582,589,3.2,12,VH-282582-1,36,True
282582,283365,3.61,21,VH-282582-2,24,True
282582,284711,4.22,24,VH-282582-3,48,True
283365,284711,2.91,16,VH-283365-1,48,True
283365,589,3.43,20,VH-283365-2,36,True
283365,282582,3.61,15,VH-283365-3,24,True
284711,589,1.5,17,VH-284711-1,36,True
284711,283365,2.91,13,VH-284711-2,48,True
284711,282582,4.22,14,VH-284711-3,36,True
589,284711,1.5,20,VH-589-1,24,True
589,282582,3.2,19,VH-589-2,24,True
589,283365,3.43,24,VH-589-3,36,True
23119,281804,0.0,8,VH-23119-1,60,True
23119,536,0.0,14,VH-23119-2,36,True
23119,23161,0.0,17,VH-23119-3,24,True
547,590,84.87,153,VH-547-1,24,True
547,23104,122.91,193,VH-547-2,60,True
547,23172,134.88,224,VH-547-3,36,True
590,547,84.87,141,VH-590-1,48,True
590,23104,180.4,347,VH-590-2,48,True
590,23172,201.31,357,VH-590-3,60,True
23169,23116,0.0,10,VH-23169-1,60,True
23169,23171,0.0,17,VH-23169-2,60,True
23169,23170,0.0,10,VH-23169-3,36,True
284444,23116,1.69,12,VH-284444-1,36,True
284444,23106,1.69,13,VH-284444-2,36,True
284444,23170,1.69,11,VH-284444-3,60,True
285112,23116,0.85,19,VH-285112-1,24,True
285112,23106,0.85,15,VH-285112-2,36,True
285112,23170,0.85,13,VH-285112-3,60,True
23112,23162,0.0,8,VH-23112-1,24,True
23112,284305,1.4,12,VH-23112-2,36,True
23112,23120,78.31,153,VH-23112-3,36,True
283418,1521,0.0,16,VH-283418-1,48,True
283418,543,1.68,14,VH-283418-2,48,True
283418,283409,2.64,15,VH-283418-3,48,True
23107,281804,0.0,13,VH-23107-1,48,True
23107,536,0.0,15,VH-23107-2,60,True
23107,23161,0.0,11,VH-23107-3,48,True
285321,284470,0.34,11,VH-285321-1,24,True
285321,281804,1.15,14,VH-285321-2,36,True
285321,23164,1.15,12,VH-285321-3,48,True
23170,23116,0.0,10,VH-23170-1,48,True
23170,23106,0.0,14,VH-23170-2,60,True
23170,23171,0.0,14,VH-23170-3,48,True
23171,23116,0.0,15,VH-23171-1,48,True
23171,23170,0.0,11,VH-23171-2,60,True
23171,23106,0.0,14,VH-23171-3,60,True
23106,23116,0.0,14,VH-23106-1,48,True
23106,23170,0.0,16,VH-23106-2,48,True
23106,23171,0.0,17,VH-23106-3,48,True
284166,285112,5.85,21,VH-284166-1,36,True
284166,23116,5.93,21,VH-284166-2,24,True
284166,23169,5.93,21,VH-284166-3,36,True
23172,547,134.88,187,VH-23172-1,48,True
23172,590,201.31,265,VH-23172-2,24,True
23172,23104,210.31,319,VH-23172-3,24,True
23143,283417,1.32,10,VH-23143-1,24,True
23143,23167,6.6,20,VH-23143-2,24,True
23143,283508,6.86,21,VH-23143-3,48,True
23173,284711,88.84,144,VH-23173-1,48,True
23173,283365,89.2,161,VH-23173-2,60,True
23173,589,90.31,152,VH-23173-3,60,True
23180,583,3.23,18,VH-23180-1,48,True
23180,284900,5.9,20,VH-23180-2,48,True
23180,581,8.57,21,VH-23180-3,36,True
284900,581,3.46,23,VH-284900-1,36,True
284900,23180,5.9,20,VH-284900-2,36,True
284900,583,7.77,24,VH-284900-3,60,True
581,284900,3.46,16,VH-581-1,24,True
581,23180,8.57,26,VH-581-2,48,True
581,583,9.44,24,VH-581-3,24,True
583,23180,3.23,23,VH-583-1,24,True
583,284900,7.77,21,VH-583-2,60,True
583,581,9.44,27,VH-583-3,48,True
23174,281804,0.0,16,VH-23174-1,60,True
23174,536,0.0,11,VH-23174-2,36,True
23174,23161,0.0,12,VH-23174-3,24,True
23175,284842,5.38,21,VH-23175-1,36,True
23175,285111,6.5,24,VH-23175-2,60,True
23175,284944,95.23,142,VH-23175-3,24,True
284842,23175,5.38,19,VH-284842-1,60,True
284842,285111,11.87,32,VH-284842-2,48,True
284842,284944,100.37,157,VH-284842-3,48,True
285111,23175,6.5,25,VH-285111-1,24,True
285111,284842,11.87,28,VH-285111-2,48,True
285111,284944,89.32,155,VH-285111-3,60,True
18137,18144,0.97,11,VH-18137-1,48,True
18137,18139,2.78,21,VH-18137-2,36,True
18137,18149,5.45,18,VH-18137-3,36,True
18138,18227,0.0,13,VH-18138-1,36,True
18138,27108,0.0,12,VH-18138-2,48,True
18138,284921,70.06,106,VH-18138-3,60,True
18139,18137,2.78,16,VH-18139-1,48,True
18139,18144,3.74,13,VH-18139-2,36,True
18139,18149,6.79,27,VH-18139-3,60,True
18140,18143,32.35,69,VH-18140-1,60,True
18140,284150,41.77,70,VH-18140-2,60,True
18140,283142,44.87,78,VH-18140-3,24,True
18141,18201,0.0,13,VH-18141-1,60,True
18141,280132,0.0,14,VH-18141-2,60,True
18141,280123,0.0,10,VH-18141-3,60,True
18142,18228,0.0,9,VH-18142-1,36,True
18142,18147,3.92,19,VH-18142-2,36,True
18142,18144,11.53,33,VH-18142-3,48,True
18143,284150,23.61,46,VH-18143-1,60,True
18143,27168,24.57,48,VH-18143-2,60,True
18143,18140,32.35,61,VH-18143-3,24,True
18144,18137,0.97,13,VH-18144-1,24,True
18144,18139,3.74,17,VH-18144-2,48,True
18144,18149,5.18,21,VH-18144-3,48,True
18146,27164,1.81,21,VH-18146-1,36,True
18146,18297,3.17,20,VH-18146-2,24,True
18146,284361,3.92,15,VH-18146-3,60,True
18147,18228,3.92,22,VH-18147-1,48,True
18147,18142,3.92,15,VH-18147-2,36,True
18147,18144,14.73,34,VH-18147-3,24,True
18149,283339,1.63,13,VH-18149-1,60,True
18149,18144,5.18,21,VH-18149-2,48,True
18149,18137,5.45,24,VH-18149-3,60,True
283305,283339,5.65,28,VH-283305-1,36,True
283305,18149,7.14,27,VH-283305-2,24,True
283305,18144,9.28,30,VH-283305-3,36,True
283339,18149,1.63,20,VH-283339-1,36,True
283339,283305,5.65,17,VH-283339-2,36,True
283339,18144,6.1,24,VH-283339-3,36,True
284510,285231,0.0,9,VH-284510-1,60,True
284510,284835,0.0,12,VH-284510-2,48,True
284510,18268,0.0,10,VH-284510-3,60,True
18026,18261,5.79,23,VH-18026-1,48,True
18026,27129,5.87,24,VH-18026-2,60,True
18026,18264,6.29,18,VH-18026-3,60,True
18258,18266,3.98,16,VH-18258-1,36,True
18258,18264,4.5,18,VH-18258-2,48,True
18258,27129,4.94,19,VH-18258-3,36,True
18261,18266,2.42,18,VH-18261-1,36,True
18261,27129,4.2,21,VH-18261-2,36,True
18261,18264,4.23,18,VH-18261-3,36,True
18264,27129,0.45,15,VH-18264-1,24,True
18264,18266,4.15,22,VH-18264-2,24,True
18264,18261,4.23,24,VH-18264-3,24,True
18266,18261,2.42,19,VH-18266-1,48,True
18266,18258,3.98,16,VH-18266-2,60,True
18266,18264,4.15,24,VH-18266-3,60,True
27129,18264,0.45,17,VH-27129-1,24,True
27129,18261,4.2,21,VH-27129-2,60,True
27129,18266,4.38,15,VH-27129-3,60,True
18253,27177,1.01,16,VH-18253-1,48,True
18253,27114,1.01,17,VH-18253-2,48,True
18253,284764,1.77,18,VH-18253-3,60,True
18256,18253,60.11,105,VH-18256-1,36,True
18256,284764,60.46,94,VH-18256-2,60,True
18256,284508,60.59,112,VH-18256-3,60,True
18257,284508,15.84,41,VH-18257-1,36,True
18257,284589,18.26,43,VH-18257-2,36,True
18257,284764,20.16,45,VH-18257-3,24,True
27114,27177,0.0,14,VH-27114-1,48,True
27114,18253,1.01,11,VH-27114-2,24,True
27114,284764,1.9,18,VH-27114-3,24,True
27177,27114,0.0,10,VH-27177-1,48,True
27177,18253,1.01,15,VH-27177-2,48,True
27177,284764,1.9,20,VH-27177-3,24,True
284508,284764,8.86,26,VH-284508-1,24,True
284508,284589,9.64,22,VH-284508-2,60,True
284508,18253,10.58,29,VH-284508-3,60,True
284589,27114,2.86,14,VH-284589-1,48,True
284589,27177,2.86,13,VH-284589-2,36,True
284589,284764,2.98,13,VH-284589-3,60,True
284764,18253,1.77,14,VH-284764-1,24,True
284764,27114,1.9,12,VH-284764-2,48,True
284764,27177,1.9,17,VH-284764-3,24,True
18223,18252,0.45,17,VH-18223-1,36,True
18223,284254,0.45,15,VH-18223-2,60,True
18223,284921,1.77,15,VH-18223-3,24,True
18225,27121,1.04,19,VH-18225-1,60,True
18225,18251,1.04,17,VH-18225-2,48,True
18225,283264,2.04,13,VH-18225-3,60,True
18226,282668,0.05,16,VH-18226-1,48,True
18226,18225,2.16,19,VH-18226-2,24,True
18226,27121,2.7,16,VH-18226-3,24,True
18252,284254,0.0,17,VH-18252-1,24,True
18252,18223,0.45,16,VH-18252-2,36,True
18252,280520,1.45,15,VH-18252-3,24,True
27170,283264,6.06,23,VH-27170-1,24,True
27170,27121,6.43,19,VH-27170-2,60,True
27170,18251,6.43,22,VH-27170-3,60,True
280520,18252,1.45,16,VH-280520-1,48,True
280520,284254,1.45,11,VH-280520-2,48,True
280520,284921,1.63,12,VH-280520-3,48,True
282668,18226,0.05,9,VH-282668-1,24,True
282668,18225,2.21,12,VH-282668-2,48,True
282668,27121,2.75,20,VH-282668-3,48,True
283264,18223,1.81,15,VH-283264-1,36,True
283264,18225,2.04,17,VH-283264-2,48,True
283264,18252,2.26,14,VH-283264-3,60,True
284254,18252,0.0,9,VH-284254-1,24,True
284254,18223,0.45,10,VH-284254-2,24,True
284254,280520,1.45,18,VH-284254-3,48,True
284921,284254,1.55,18,VH-284921-1,48,True
284921,18252,1.55,15,VH-284921-2,48,True
284921,280520,1.63,13,VH-284921-3,24,True
27117,27113,0.0,18,VH-27117-1,24,True
27117,27133,73.59,113,VH-27117-2,36,True
27117,18290,74.19,146,VH-27117-3,36,True
283142,18140,44.87,94,VH-283142-1,60,True
283142,284150,49.58,87,VH-283142-2,24,True
283142,27168,54.18,87,VH-283142-3,36,True
18027,27115,3.18,19,VH-18027-1,36,True
18027,284915,8.68,23,VH-18027-2,24,True
18027,18250,44.2,84,VH-18027-3,36,True
18231,18232,27.21,51,VH-18231-1,60,True
18231,27127,55.51,103,VH-18231-2,60,True
18231,282735,60.94,88,VH-18231-3,36,True
18232,18231,27.21,52,VH-18232-1,60,True
18232,18027,60.4,106,VH-18232-2,36,True
18232,27115,63.45,115,VH-18232-3,36,True
27115,18027,3.18,22,VH-27115-1,24,True
27115,284915,5.55,21,VH-27115-2,60,True
27115,18250,45.62,89,VH-27115-3,48,True
282741,283306,0.0,17,VH-282741-1,36,True
282741,18283,0.41,18,VH-282741-2,60,True
282741,18287,1.42,14,VH-282741-3,36,True
284432,283840,0.0,14,VH-284432-1,24,True
284432,18135,0.0,13,VH-284432-2,36,True
284432,283259,0.0,18,VH-284432-3,36,True
284915,27115,5.55,20,VH-284915-1,48,True
284915,18027,8.68,33,VH-284915-2,36,True
284915,18250,47.39,79,VH-284915-3,36,True
18117,18269,1.25,15,VH-18117-1,48,True
18117,18277,2.01,13,VH-18117-2,24,True
18117,18262,2.01,13,VH-18117-3,60,True
18230,18269,5.08,19,VH-18230-1,60,True
18230,18277,5.99,19,VH-18230-2,24,True
18230,18262,5.99,26,VH-18230-3,24,True
18269,18117,1.25,18,VH-18269-1,48,True
18269,18277,2.61,18,VH-18269-2,48,True
18269,18262,2.61,18,VH-18269-3,36,True
18277,18262,0.0,9,VH-18277-1,60,True
18277,27109,0.0,18,VH-18277-2,48,True
18277,18117,2.01,17,VH-18277-3,48,True
18278,18230,44.31,89,VH-18278-1,48,True
18278,18269,49.07,94,VH-18278-2,24,True
18278,18117,50.28,81,VH-18278-3,36,True
18011,18240,6.15,20,VH-18011-1,48,True
18011,27130,93.67,168,VH-18011-2,36,True
18011,285062,94.19,189,VH-18011-3,60,True
18088,285062,63.8,99,VH-18088-1,48,True
18088,18089,64.54,97,VH-18088-2,60,True
18088,27130,67.59,123,VH-18088-3,24,True
18234,18132,0.0,15,VH-18234-1,36,True
18234,18116,0.94,11,VH-18234-2,60,True
18234,18123,2.85,18,VH-18234-3,48,True
18240,18011,6.15,19,VH-18240-1,24,True
18240,27130,96.01,155,VH-18240-2,60,True
18240,285062,96.76,150,VH-18240-3,60,True
27113,27117,0.0,10,VH-27113-1,60,True
27113,27133,73.59,119,VH-27113-2,60,True
27113,18290,74.19,149,VH-27113-3,48,True
285231,18268,0.0,12,VH-285231-1,24,True
285231,284835,0.0,12,VH-285231-2,48,True
285231,18125,0.0,12,VH-285231-3,48,True
18150,18221,4.66,20,VH-18150-1,36,True
18150,18153,5.17,15,VH-18150-2,24,True
18150,18152,6.29,28,VH-18150-3,60,True
18152,27171,1.37,15,VH-18152-1,24,True
18152,18154,4.13,19,VH-18152-2,24,True
18152,18153,4.6,25,VH-18152-3,60,True
18153,18221,0.53,17,VH-18153-1,48,True
18153,27171,3.59,22,VH-18153-2,48,True
18153,18152,4.6,17,VH-18153-3,36,True
18154,27171,2.99,20,VH-18154-1,48,True
18154,18152,4.13,16,VH-18154-2,60,True
18154,18153,4.67,23,VH-18154-3,24,True
18181,18164,44.06,86,VH-18181-1,24,True
18181,18154,97.08,152,VH-18181-2,48,True
18181,27171,99.17,137,VH-18181-3,60,True
18221,18153,0.53,9,VH-18221-1,48,True
18221,27171,3.81,23,VH-18221-2,24,True
18221,18150,4.66,15,VH-18221-3,24,True
27171,18152,1.37,16,VH-27171-1,36,True
27171,18154,2.99,15,VH-27171-2,36,True
27171,18153,3.59,21,VH-27171-3,60,True
18089,285062,2.75,15,VH-18089-1,36,True
18089,27130,4.21,20,VH-18089-2,48,True
18089,18088,64.54,125,VH-18089-3,24,True
27130,285062,3.79,18,VH-27130-1,24,True
27130,18089,4.21,22,VH-27130-2,60,True
27130,18088,67.59,100,VH-27130-3,36,True
285062,18089,2.75,19,VH-285062-1,24,True
285062,27130,3.79,21,VH-285062-2,36,True
285062,18088,63.8,102,VH-285062-3,36,True
27152,27113,82.86,122,VH-27152-1,60,True
27152,27117,82.86,160,VH-27152-2,36,True
27152,18088,129.44,177,VH-27152-3,24,True
18155,18162,10.2,27,VH-18155-1,24,True
18155,285061,24.21,53,VH-18155-2,60,True
18155,18161,28.5,49,VH-18155-3,48,True
18156,18158,3.95,24,VH-18156-1,24,True
18156,18157,4.22,16,VH-18156-2,60,True
18156,18161,4.44,14,VH-18156-3,48,True
18157,18161,0.38,18,VH-18157-1,60,True
18157,18236,0.38,11,VH-18157-2,24,True
18157,283307,3.48,19,VH-18157-3,36,True
18158,18156,3.95,22,VH-18158-1,36,True
18158,18161,4.94,25,VH-18158-2,36,True
18158,18236,4.94,22,VH-18158-3,60,True
18159,18153,43.72,78,VH-18159-1,24,True
18159,18154,43.82,88,VH-18159-2,48,True
18159,18221,44.01,66,VH-18159-3,24,True
18160,284246,22.31,41,VH-18160-1,24,True
18160,18165,64.54,104,VH-18160-2,24,True
18160,281039,64.54,96,VH-18160-3,36,True
18161,18236,0.0,17,VH-18161-1,24,True
18161,18157,0.38,18,VH-18161-2,48,True
18161,283307,3.1,17,VH-18161-3,24,True
18162,18155,10.2,32,VH-18162-1,48,True
18162,285061,14.83,30,VH-18162-2,24,True
18162,18161,18.31,33,VH-18162-3,36,True
283307,18161,3.1,14,VH-283307-1,60,True
283307,18236,3.1,14,VH-283307-2,24,True
283307,18157,3.48,16,VH-283307-3,24,True
285061,283307,6.41,22,VH-285061-1,48,True
285061,18161,8.46,27,VH-285061-2,24,True
285061,18236,8.46,26,VH-285061-3,48,True
18227,18138,0.0,17,VH-18227-1,60,True
18227,27108,0.0,16,VH-18227-2,24,True
18227,284921,70.06,112,VH-18227-3,24,True
18228,18142,0.0,9,VH-18228-1,48,True
18228,18147,3.92,17,VH-18228-2,48,True
18228,18144,11.53,28,VH-18228-3,60,True
283306,282741,0.0,9,VH-283306-1,60,True
283306,18283,0.41,14,VH-283306-2,60,True
283306,18287,1.42,11,VH-283306-3,24,True
18076,18122,1.76,19,VH-18076-1,36,True
18076,280148,2.54,14,VH-18076-2,48,True
18076,18234,3.9,21,VH-18076-3,60,True
18116,18234,0.94,13,VH-18116-1,36,True
18116,18132,0.94,18,VH-18116-2,36,True
18116,18123,2.82,19,VH-18116-3,36,True
18118,18116,3.2,19,VH-18118-1,36,True
18118,18234,3.47,23,VH-18118-2,60,True
18118,18132,3.47,20,VH-18118-3,36,True
18120,18124,19.84,37,VH-18120-1,48,True
18120,280696,25.92,59,VH-18120-2,24,True
18120,280131,27.57,52,VH-18120-3,24,True
18121,18076,19.38,44,VH-18121-1,48,True
18121,18122,21.05,42,VH-18121-2,36,True
18121,280148,21.78,55,VH-18121-3,48,True
18122,280148,0.78,15,VH-18122-1,60,True
18122,18076,1.76,12,VH-18122-2,24,True
18122,18234,3.63,19,VH-18122-3,36,True
18123,18116,2.82,20,VH-18123-1,48,True
18123,18234,2.85,21,VH-18123-2,36,True
18123,18132,2.85,21,VH-18123-3,36,True
18124,280696,7.85,23,VH-18124-1,48,True
18124,280131,8.79,26,VH-18124-2,36,True
18124,280130,9.78,33,VH-18124-3,24,True
18125,285231,0.0,14,VH-18125-1,36,True
18125,284835,0.0,15,VH-18125-2,36,True
18125,18268,0.0,14,VH-18125-3,24,True
18126,280766,1.06,17,VH-18126-1,60,True
18126,18057,3.28,16,VH-18126-2,60,True
18126,18207,7.93,23,VH-18126-3,60,True
18132,18234,0.0,13,VH-18132-1,60,True
18132,18116,0.94,11,VH-18132-2,60,True
18132,18123,2.85,19,VH-18132-3,24,True
280148,18122,0.78,9,VH-280148-1,24,True
280148,18076,2.54,20,VH-280148-2,24,True
280148,18123,3.3,14,VH-280148-3,60,True
284467,18118,5.8,19,VH-284467-1,36,True
284467,18116,8.96,32,VH-284467-2,60,True
284467,18132,9.26,31,VH-284467-3,24,True
18220,18072,4.39,22,VH-18220-1,36,True
18220,18064,4.94,21,VH-18220-2,48,True
18220,284555,5.04,24,VH-18220-3,48,True
18236,18161,0.0,12,VH-18236-1,60,True
18236,18157,0.38,12,VH-18236-2,48,True
18236,283307,3.1,15,VH-18236-3,36,True
18238,27127,71.42,121,VH-18238-1,60,True
18238,18232,100.3,162,VH-18238-2,24,True
18238,18241,102.92,163,VH-18238-3,36,True
18268,285231,0.0,14,VH-18268-1,48,True
18268,18125,0.0,9,VH-18268-2,36,True
18268,284835,0.0,10,VH-18268-3,36,True
27127,18231,55.51,82,VH-27127-1,60,True
27127,18232,64.05,115,VH-27127-2,48,True
27127,18238,71.42,123,VH-27127-3,60,True
282568,18040,9.73,23,VH-282568-1,60,True
282568,283142,61.42,102,VH-282568-2,48,True
282568,18112,74.82,131,VH-282568-3,24,True
283840,284432,0.0,17,VH-283840-1,24,True
283840,18135,0.0,15,VH-283840-2,24,True
283840,283259,0.0,9,VH-283840-3,36,True
284835,285231,0.0,13,VH-284835-1,36,True
284835,18125,0.0,14,VH-284835-2,60,True
284835,18268,0.0,11,VH-284835-3,48,True
18001,18022,0.0,11,VH-18001-1,36,True
18001,18002,0.71,13,VH-18001-2,24,True
18001,18003,1.74,13,VH-18001-3,60,True
18002,18022,0.71,10,VH-18002-1,48,True
18002,18001,0.71,12,VH-18002-2,48,True
18002,18003,2.4,14,VH-18002-3,36,True
18003,18022,1.74,11,VH-18003-1,24,True
18003,18001,1.74,20,VH-18003-2,36,True
18003,18017,1.77,18,VH-18003-3,48,True
18005,18023,1.02,17,VH-18005-1,60,True
18005,18015,1.89,20,VH-18005-2,24,True
18005,18035,2.4,21,VH-18005-3,60,True
18006,18008,0.73,13,VH-18006-1,24,True
18006,18014,1.24,16,VH-18006-2,36,True
18006,18007,3.12,16,VH-18006-3,48,True
18007,18014,2.12,14,VH-18007-1,36,True
18007,18008,2.42,16,VH-18007-2,36,True
18007,18021,2.48,18,VH-18007-3,24,True
18008,18014,0.56,11,VH-18008-1,48,True
18008,18006,0.73,14,VH-18008-2,48,True
18008,18007,2.42,19,VH-18008-3,48,True
18009,18247,0.78,16,VH-18009-1,24,True
18009,18030,1.3,10,VH-18009-2,60,True
18009,18136,1.46,17,VH-18009-3,48,True
18014,18008,0.56,13,VH-18014-1,48,True
18014,18006,1.24,17,VH-18014-2,60,True
18014,18007,2.12,18,VH-18014-3,48,True
18015,18023,1.45,13,VH-18015-1,60,True
18015,18005,1.89,12,VH-18015-2,36,True
18015,18025,1.92,20,VH-18015-3,60,True
18016,27107,0.5,10,VH-18016-1,24,True
18016,280757,1.36,17,VH-18016-2,36,True
18016,284360,2.77,18,VH-18016-3,24,True
18017,18019,0.59,16,VH-18017-1,36,True
18017,18021,1.7,14,VH-18017-2,48,True
18017,27154,1.73,11,VH-18017-3,24,True
18018,18038,0.73,15,VH-18018-1,48,True
18018,18044,0.74,17,VH-18018-2,24,True
18018,18039,1.27,16,VH-18018-3,24,True
18019,18017,0.59,16,VH-18019-1,60,True
18019,27154,1.2,19,VH-18019-2,60,True
18019,18021,1.2,11,VH-18019-3,60,True
18021,27154,0.17,16,VH-18021-1,36,True
18021,18019,1.2,18,VH-18021-2,60,True
18021,18017,1.7,16,VH-18021-3,48,True
18022,18001,0.0,9,VH-18022-1,60,True
18022,18002,0.71,17,VH-18022-2,48,True
18022,18003,1.74,16,VH-18022-3,60,True
18023,18005,1.02,19,VH-18023-1,48,True
18023,18015,1.45,13,VH-18023-2,48,True
18023,280757,2.61,16,VH-18023-3,60,True
18024,18051,2.51,17,VH-18024-1,48,True
18024,18018,5.31,26,VH-18024-2,60,True
18024,18048,5.44,20,VH-18024-3,36,True
18025,18039,1.9,17,VH-18025-1,36,True
18025,18015,1.92,16,VH-18025-2,60,True
18025,18038,1.94,14,VH-18025-3,24,True
18030,18136,1.15,17,VH-18030-1,24,True
18030,280738,1.23,13,VH-18030-2,60,True
18030,18009,1.3,12,VH-18030-3,48,True
18031,18049,0.0,15,VH-18031-1,36,True
18031,18196,1.72,17,VH-18031-2,48,True
18031,27124,1.98,15,VH-18031-3,48,True
18033,18136,4.35,17,VH-18033-1,24,True
18033,18247,4.42,20,VH-18033-2,36,True
18033,18009,4.63,21,VH-18033-3,36,True
18034,18037,0.58,13,VH-18034-1,60,True
18034,18136,4.93,26,VH-18034-2,60,True
18034,18033,5.51,17,VH-18034-3,36,True
18035,280738,2.34,15,VH-18035-1,36,True
18035,18005,2.4,12,VH-18035-2,60,True
18035,18015,2.89,18,VH-18035-3,48,True
18036,284016,1.84,19,VH-18036-1,36,True
18036,18039,2.54,14,VH-18036-2,60,True
18036,18044,2.79,18,VH-18036-3,24,True
18037,18034,0.58,17,VH-18037-1,48,True
18037,18136,5.5,20,VH-18037-2,36,True
18037,18045,5.7,25,VH-18037-3,60,True
18038,18018,0.73,18,VH-18038-1,60,True
18038,18044,0.93,13,VH-18038-2,60,True
18038,18039,1.11,10,VH-18038-3,48,True
18039,18044,0.61,10,VH-18039-1,60,True
18039,18038,1.11,17,VH-18039-2,36,True
18039,18018,1.27,11,VH-18039-3,48,True
18042,18047,3.01,18,VH-18042-1,24,True
18042,18045,3.82,14,VH-18042-2,36,True
18042,18031,5.3,16,VH-18042-3,24,True
18044,18039,0.61,14,VH-18044-1,60,True
18044,18018,0.74,10,VH-18044-2,36,True
18044,18038,0.93,17,VH-18044-3,60,True
18045,18042,3.82,22,VH-18045-1,36,True
18045,18050,5.26,18,VH-18045-2,24,True
18045,18037,5.7,19,VH-18045-3,60,True
18047,18031,2.31,14,VH-18047-1,48,True
18047,18049,2.31,17,VH-18047-2,60,True
18047,18196,2.92,19,VH-18047-3,60,True
18048,282562,0.0,9,VH-18048-1,36,True
18048,18056,3.19,17,VH-18048-2,24,True
18048,18024,5.44,23,VH-18048-3,60,True
18049,18031,0.0,18,VH-18049-1,48,True
18049,18196,1.72,18,VH-18049-2,36,True
18049,27124,1.98,13,VH-18049-3,24,True
18050,18052,2.17,18,VH-18050-1,36,True
18050,18056,4.73,25,VH-18050-2,24,True
18050,18045,5.26,19,VH-18050-3,60,True
18051,18024,2.51,18,VH-18051-1,60,True
18051,18038,3.4,18,VH-18051-2,60,True
18051,18018,3.44,16,VH-18051-3,24,True
18052,18050,2.17,17,VH-18052-1,48,True
18052,18056,2.65,19,VH-18052-2,60,True
18052,282562,5.62,18,VH-18052-3,36,True
18055,280738,1.33,13,VH-18055-1,48,True
18055,18025,2.2,19,VH-18055-2,48,True
18055,18030,2.48,15,VH-18055-3,36,True
18056,18052,2.65,19,VH-18056-1,24,True
18056,18048,3.19,16,VH-18056-2,60,True
18056,282562,3.19,19,VH-18056-3,36,True
18057,18126,3.28,19,VH-18057-1,60,True
18057,280766,3.51,19,VH-18057-2,48,True
18057,18056,6.91,21,VH-18057-3,36,True
18058,18201,0.0,11,VH-18058-1,60,True
18058,280132,0.0,18,VH-18058-2,60,True
18058,280123,0.0,17,VH-18058-3,36,True
18059,18201,0.0,8,VH-18059-1,24,True
18059,280132,0.0,9,VH-18059-2,24,True
18059,280123,0.0,14,VH-18059-3,48,True
18136,18030,1.15,13,VH-18136-1,48,True
18136,18009,1.46,20,VH-18136-2,60,True
18136,18247,2.12,18,VH-18136-3,24,True
18188,18201,0.0,17,VH-18188-1,24,True
18188,280132,0.0,16,VH-18188-2,60,True
18188,280123,0.0,16,VH-18188-3,24,True
18247,18009,0.78,17,VH-18247-1,48,True
18247,18030,2.08,20,VH-18247-2,24,True
18247,18136,2.12,16,VH-18247-3,60,True
27107,18016,0.5,14,VH-27107-1,24,True
27107,280757,1.37,18,VH-27107-2,36,True
27107,18005,2.5,22,VH-27107-3,36,True
27154,18021,0.17,14,VH-27154-1,48,True
27154,18019,1.2,18,VH-27154-2,36,True
27154,18017,1.73,18,VH-27154-3,48,True
280738,18030,1.23,16,VH-280738-1,48,True
280738,18055,1.33,19,VH-280738-2,36,True
280738,18009,2.27,18,VH-280738-3,48,True
280757,18016,1.36,14,VH-280757-1,24,True
280757,27107,1.37,12,VH-280757-2,36,True
280757,18023,2.61,15,VH-280757-3,36,True
284016,18036,1.84,15,VH-284016-1,60,True
284016,18023,4.04,25,VH-284016-2,48,True
284016,18015,4.09,23,VH-284016-3,24,True
284360,18017,2.41,14,VH-284360-1,60,True
284360,18019,2.68,17,VH-284360-2,48,True
284360,18016,2.77,16,VH-284360-3,60,True
18040,282568,9.73,26,VH-18040-1,60,True
18040,283142,63.27,130,VH-18040-2,48,True
18040,18077,83.42,152,VH-18040-3,48,True
18086,18285,0.52,13,VH-18086-1,60,True
18086,18287,0.96,12,VH-18086-2,60,True
18086,18289,1.01,17,VH-18086-3,60,True
18166,18283,2.34,19,VH-18166-1,60,True
18166,282741,2.56,13,VH-18166-2,60,True
18166,283306,2.56,18,VH-18166-3,24,True
18265,18168,0.0,10,VH-18265-1,48,True
18265,284361,0.86,16,VH-18265-2,24,True
18265,18169,1.65,17,VH-18265-3,36,True
18283,282741,0.41,10,VH-18283-1,24,True
18283,283306,0.41,16,VH-18283-2,60,True
18283,18287,1.82,14,VH-18283-3,36,True
18284,18086,1.38,11,VH-18284-1,24,True
18284,18285,1.47,16,VH-18284-2,36,True
18284,18287,1.51,17,VH-18284-3,60,True
18285,18287,0.47,12,VH-18285-1,36,True
18285,18289,0.49,11,VH-18285-2,48,True
18285,18086,0.52,13,VH-18285-3,48,True
18286,283609,1.2,20,VH-18286-1,48,True
18286,282741,2.4,19,VH-18286-2,60,True
18286,283306,2.4,18,VH-18286-3,36,True
18287,18289,0.24,18,VH-18287-1,36,True
18287,18285,0.47,10,VH-18287-2,48,True
18287,18086,0.96,12,VH-18287-3,36,True
18288,27146,0.0,17,VH-18288-1,24,True
18288,282599,0.38,11,VH-18288-2,24,True
18288,18290,0.76,17,VH-18288-3,60,True
18289,18287,0.24,11,VH-18289-1,36,True
18289,18285,0.49,10,VH-18289-2,60,True
18289,18086,1.01,18,VH-18289-3,36,True
18290,27146,0.76,18,VH-18290-1,60,True
18290,18288,0.76,12,VH-18290-2,24,True
18290,282599,1.15,11,VH-18290-3,24,True
27122,27133,1.7,13,VH-27122-1,24,True
27122,18284,2.31,20,VH-27122-2,60,True
27122,18086,3.21,15,VH-27122-3,48,True
27133,27122,1.7,12,VH-27133-1,60,True
27133,18284,3.67,17,VH-27133-2,48,True
27133,282599,3.74,14,VH-27133-3,60,True
27146,18288,0.0,17,VH-27146-1,48,True
27146,282599,0.38,10,VH-27146-2,36,True
27146,18290,0.76,16,VH-27146-3,24,True
282564,283261,1.11,11,VH-282564-1,24,True
282564,18290,3.04,15,VH-282564-2,24,True
282564,18288,3.08,20,VH-282564-3,60,True
282599,27146,0.38,15,VH-282599-1,60,True
282599,18288,0.38,15,VH-282599-2,36,True
282599,18290,1.15,10,VH-282599-3,48,True
283261,282564,1.11,15,VH-283261-1,60,True
283261,18290,3.51,23,VH-283261-2,48,True
283261,18288,3.76,22,VH-283261-3,24,True
283609,18286,1.2,15,VH-283609-1,48,True
283609,18283,2.2,18,VH-283609-2,24,True
283609,282741,2.27,12,VH-283609-3,60,True
18203,18244,1.47,18,VH-18203-1,24,True
18203,280770,3.49,21,VH-18203-2,48,True
18203,284140,3.52,17,VH-18203-3,36,True
18243,18238,234.12,441,VH-18243-1,60,True
18243,18241,260.24,437,VH-18243-2,36,True
18243,285265,288.88,385,VH-18243-3,48,True
18244,18203,1.47,18,VH-18244-1,48,True
18244,284140,3.14,17,VH-18244-2,48,True
18244,280770,4.95,19,VH-18244-3,48,True
27131,280719,3.11,20,VH-27131-1,60,True
27131,285265,6.46,27,VH-27131-2,48,True
27131,280770,7.04,23,VH-27131-3,48,True
280719,27131,3.11,20,VH-280719-1,60,True
280719,284140,4.6,24,VH-280719-2,48,True
280719,280770,4.73,20,VH-280719-3,36,True
280770,285265,3.11,23,VH-280770-1,48,True
280770,18203,3.49,20,VH-280770-2,24,True
280770,280719,4.73,24,VH-280770-3,48,True
284140,18244,3.14,21,VH-284140-1,48,True
284140,18203,3.52,18,VH-284140-2,24,True
284140,280719,4.6,23,VH-284140-3,24,True
285265,280770,3.11,14,VH-285265-1,36,True
285265,280719,5.53,19,VH-285265-2,60,True
285265,27131,6.46,25,VH-285265-3,36,True
18164,18181,44.06,73,VH-18164-1,48,True
18164,18154,91.01,134,VH-18164-2,60,True
18164,18152,91.42,153,VH-18164-3,48,True
27108,18138,0.0,16,VH-27108-1,24,True
27108,18227,0.0,18,VH-27108-2,36,True
27108,284921,70.06,143,VH-27108-3,48,True
284246,18160,22.31,49,VH-284246-1,24,True
284246,18150,53.85,81,VH-284246-2,24,True
284246,18221,55.61,118,VH-284246-3,48,True
18112,18172,28.4,48,VH-18112-1,24,True
18112,27164,29.14,53,VH-18112-2,24,True
18112,18146,30.93,53,VH-18112-3,60,True
18165,281039,0.0,17,VH-18165-1,60,True
18165,18167,1.07,15,VH-18165-2,60,True
18165,18150,54.17,88,VH-18165-3,36,True
18167,281039,1.07,19,VH-18167-1,48,True
18167,18165,1.07,14,VH-18167-2,48,True
18167,18150,55.02,94,VH-18167-3,60,True
18168,18265,0.0,16,VH-18168-1,24,True
18168,284361,0.86,19,VH-18168-2,24,True
18168,18169,1.65,19,VH-18168-3,48,True
18169,18179,0.97,14,VH-18169-1,24,True
18169,18297,1.52,11,VH-18169-2,36,True
18169,18168,1.65,18,VH-18169-3,24,True
18170,18178,0.85,16,VH-18170-1,60,True
18170,284765,1.4,17,VH-18170-2,48,True
18170,18265,2.61,20,VH-18170-3,36,True
18171,18169,2.01,15,VH-18171-1,24,True
18171,18168,2.34,15,VH-18171-2,24,True
18171,18265,2.34,16,VH-18171-3,48,True
18172,27164,5.97,22,VH-18172-1,48,True
18172,18146,6.39,24,VH-18172-2,48,True
18172,27165,7.44,25,VH-18172-3,24,True
18173,18175,5.1,24,VH-18173-1,60,True
18173,18178,5.61,24,VH-18173-2,60,True
18173,18170,5.99,24,VH-18173-3,48,True
18175,18173,5.1,25,VH-18175-1,24,True
18175,27165,5.44,17,VH-18175-2,60,True
18175,284765,7.49,24,VH-18175-3,24,True
18176,18179,1.64,16,VH-18176-1,36,True
18176,18169,2.5,15,VH-18176-2,24,True
18176,18297,2.62,14,VH-18176-3,24,True
18177,18178,3.06,19,VH-18177-1,48,True
18177,18171,3.45,20,VH-18177-2,36,True
18177,18170,3.65,20,VH-18177-3,24,True
18178,18170,0.85,19,VH-18178-1,24,True
18178,284765,2.19,18,VH-18178-2,24,True
18178,18177,3.06,21,VH-18178-3,36,True
18179,18169,0.97,12,VH-18179-1,48,True
18179,18297,1.26,16,VH-18179-2,48,True
18179,18176,1.64,17,VH-18179-3,24,True
18297,18179,1.26,19,VH-18297-1,48,True
18297,18169,1.52,19,VH-18297-2,60,True
18297,284361,2.08,16,VH-18297-3,24,True
27164,18146,1.81,18,VH-27164-1,60,True
27164,18297,4.09,23,VH-27164-2,24,True
27164,18179,5.12,23,VH-27164-3,48,True
27165,18175,5.44,18,VH-27165-1,36,True
27165,284765,5.74,22,VH-27165-2,60,True
27165,18146,6.19,27,VH-27165-3,48,True
281039,18165,0.0,11,VH-281039-1,60,True
281039,18167,1.07,12,VH-281039-2,24,True
281039,18150,54.17,99,VH-281039-3,24,True
284361,18265,0.86,12,VH-284361-1,48,True
284361,18168,0.86,11,VH-284361-2,24,True
284361,18169,1.88,16,VH-284361-3,60,True
284765,18170,1.4,17,VH-284765-1,36,True
284765,18178,2.19,17,VH-284765-2,60,True
284765,18265,2.5,14,VH-284765-3,60,True
18241,27127,79.85,139,VH-18241-1,48,True
18241,280140,90.36,127,VH-18241-2,48,True
18241,280138,95.88,185,VH-18241-3,36,True
18251,27121,0.0,11,VH-18251-1,36,True
18251,18225,1.04,15,VH-18251-2,48,True
18251,18226,2.7,20,VH-18251-3,24,True
282735,18231,60.94,105,VH-282735-1,36,True
282735,18232,79.52,158,VH-282735-2,36,True
282735,18027,87.39,137,VH-282735-3,24,True
18206,284432,17.55,35,VH-18206-1,60,True
18206,283840,17.55,41,VH-18206-2,60,True
18206,283259,17.55,40,VH-18206-3,24,True
18207,18205,2.71,20,VH-18207-1,36,True
18207,280766,7.15,26,VH-18207-2,24,True
18207,18126,7.93,27,VH-18207-3,60,True
18209,283198,1.49,20,VH-18209-1,60,True
18209,27128,2.62,12,VH-18209-2,36,True
18209,284844,2.82,15,VH-18209-3,24,True
27128,284844,2.11,14,VH-27128-1,24,True
27128,18209,2.62,18,VH-27128-2,36,True
27128,283198,3.16,19,VH-27128-3,24,True
280142,284432,0.0,12,VH-280142-1,60,True
280142,283840,0.0,15,VH-280142-2,48,True
280142,18135,0.0,8,VH-280142-3,60,True
280766,18126,1.06,12,VH-280766-1,36,True
280766,18057,3.51,17,VH-280766-2,60,True
280766,18207,7.15,23,VH-280766-3,36,True
282565,27128,5.16,18,VH-282565-1,60,True
282565,284844,7.1,23,VH-282565-2,24,True
282565,18209,7.28,28,VH-282565-3,60,True
283198,18209,1.49,17,VH-283198-1,24,True
283198,284844,2.21,16,VH-283198-2,48,True
283198,27128,3.16,17,VH-283198-3,60,True
284117,18209,6.74,23,VH-284117-1,24,True
284117,283198,7.81,23,VH-284117-2,48,True
284117,27128,8.73,33,VH-284117-3,48,True
284514,284844,7.48,20,VH-284514-1,36,True
284514,283198,7.63,26,VH-284514-2,24,True
284514,18209,9.12,29,VH-284514-3,36,True
284844,27128,2.11,12,VH-284844-1,60,True
284844,283198,2.21,17,VH-284844-2,36,True
284844,18209,2.82,20,VH-284844-3,24,True
18135,284432,0.0,14,VH-18135-1,24,True
18135,283840,0.0,15,VH-18135-2,48,True
18135,280142,0.0,15,VH-18135-3,48,True
18250,18027,44.2,97,VH-18250-1,36,True
18250,27115,45.62,89,VH-18250-2,24,True
18250,284915,47.39,94,VH-18250-3,36,True
18262,18277,0.0,16,VH-18262-1,24,True
18262,27109,0.0,10,VH-18262-2,24,True
18262,18117,2.01,15,VH-18262-3,36,True
27163,285231,0.0,16,VH-27163-1,48,True
27163,284835,0.0,17,VH-27163-2,36,True
27163,18268,0.0,14,VH-27163-3,48,True
27168,284150,4.98,20,VH-27168-1,48,True
27168,18143,24.57,55,VH-27168-2,24,True
27168,18139,39.64,66,VH-27168-3,48,True
284150,27168,4.98,26,VH-284150-1,60,True
284150,18143,23.61,49,VH-284150-2,60,True
284150,18140,41.77,71,VH-284150-3,36,True
18043,18071,0.45,15,VH-18043-1,24,True
18043,18078,0.56,18,VH-18043-2,24,True
18043,280125,1.6,20,VH-18043-3,36,True
18061,18067,0.45,19,VH-18061-1,36,True
18061,18082,0.47,18,VH-18061-2,36,True
18061,280124,1.13,18,VH-18061-3,60,True
18062,18114,0.0,12,VH-18062-1,48,True
18062,18220,9.65,31,VH-18062-2,24,True
18062,283260,11.36,30,VH-18062-3,36,True
18064,18072,0.82,11,VH-18064-1,24,True
18064,18129,0.97,12,VH-18064-2,24,True
18064,284555,1.77,15,VH-18064-3,36,True
18065,282601,1.12,15,VH-18065-1,48,True
18065,18067,1.53,12,VH-18065-2,60,True
18065,280535,1.77,20,VH-18065-3,60,True
18067,18061,0.45,10,VH-18067-1,36,True
18067,18082,0.64,13,VH-18067-2,36,True
18067,280124,0.96,17,VH-18067-3,36,True
18068,284358,1.55,19,VH-18068-1,48,True
18068,280753,1.63,14,VH-18068-2,36,True
18068,18080,1.65,12,VH-18068-3,48,True
18069,284350,0.8,15,VH-18069-1,48,True
18069,284843,0.98,17,VH-18069-2,36,True
18069,280692,1.27,15,VH-18069-3,48,True
18070,18073,0.42,14,VH-18070-1,24,True
18070,18071,2.02,19,VH-18070-2,36,True
18070,18078,2.36,15,VH-18070-3,24,True
18071,18078,0.44,15,VH-18071-1,48,True
18071,18043,0.45,10,VH-18071-2,48,True
18071,280125,1.73,13,VH-18071-3,48,True
18072,18129,0.72,11,VH-18072-1,60,True
18072,18064,0.82,10,VH-18072-2,36,True
18072,284555,2.37,19,VH-18072-3,36,True
18073,18070,0.42,11,VH-18073-1,60,True
18073,18071,2.36,17,VH-18073-2,24,True
18073,18078,2.66,19,VH-18073-3,24,True
18077,18079,1.8,13,VH-18077-1,36,True
18077,18081,6.27,26,VH-18077-2,60,True
18077,282670,8.72,31,VH-18077-3,24,True
18078,18071,0.44,10,VH-18078-1,36,True
18078,18043,0.56,10,VH-18078-2,36,True
18078,280125,1.3,11,VH-18078-3,60,True
18079,18077,1.8,16,VH-18079-1,60,True
18079,18081,4.48,19,VH-18079-2,60,True
18079,282670,9.3,31,VH-18079-3,60,True
18080,284358,1.2,20,VH-18080-1,24,True
18080,284529,1.29,15,VH-18080-2,24,True
18080,18068,1.65,14,VH-18080-3,48,True
18081,18079,4.48,17,VH-18081-1,36,True
18081,18077,6.27,20,VH-18081-2,36,True
18081,282670,11.95,25,VH-18081-3,60,True
18082,18061,0.47,13,VH-18082-1,36,True
18082,18067,0.64,11,VH-18082-2,48,True
18082,282601,1.29,19,VH-18082-3,60,True
18083,284803,2.84,20,VH-18083-1,24,True
18083,27162,3.14,17,VH-18083-2,24,True
18083,282733,4.38,23,VH-18083-3,36,True
18085,284529,1.21,10,VH-18085-1,36,True
18085,284358,1.81,13,VH-18085-2,24,True
18085,280662,2.04,18,VH-18085-3,48,True
18129,18072,0.72,14,VH-18129-1,24,True
18129,18064,0.97,10,VH-18129-2,48,True
18129,284803,2.33,16,VH-18129-3,24,True
27111,282670,1.64,15,VH-27111-1,24,True
27111,18068,3.15,21,VH-27111-2,48,True
27111,18080,3.83,21,VH-27111-3,24,True
27120,280124,1.11,16,VH-27120-1,36,True
27120,284350,1.64,20,VH-27120-2,48,True
27120,283207,1.75,16,VH-27120-3,48,True
27162,284803,1.56,15,VH-27162-1,24,True
27162,283207,1.99,14,VH-27162-2,24,True
27162,280535,2.94,22,VH-27162-3,24,True
27167,283260,0.82,18,VH-27167-1,48,True
27167,280692,2.05,16,VH-27167-2,60,True
27167,18043,2.12,17,VH-27167-3,24,True
280123,18201,0.0,10,VH-280123-1,60,True
280123,280132,0.0,16,VH-280123-2,60,True
280123,284720,0.0,13,VH-280123-3,24,True
280124,18067,0.96,17,VH-280124-1,24,True
280124,27120,1.11,12,VH-280124-2,36,True
280124,18061,1.13,18,VH-280124-3,24,True
280125,18078,1.3,17,VH-280125-1,36,True
280125,284843,1.41,20,VH-280125-2,36,True
280125,18043,1.6,14,VH-280125-3,36,True
280126,284961,0.47,13,VH-280126-1,24,True
280126,283287,1.0,18,VH-280126-2,24,True
280126,280535,1.43,15,VH-280126-3,48,True
280535,283287,0.98,16,VH-280535-1,36,True
280535,280126,1.43,20,VH-280535-2,24,True
280535,284961,1.54,17,VH-280535-3,60,True
280662,284529,1.96,18,VH-280662-1,36,True
280662,18085,2.04,18,VH-280662-2,36,True
280662,18080,3.24,13,VH-280662-3,36,True
280692,18069,1.27,19,VH-280692-1,24,True
280692,284350,1.68,14,VH-280692-2,60,True
280692,284843,1.93,11,VH-280692-3,24,True
280753,284358,1.2,18,VH-280753-1,60,True
280753,282601,1.53,14,VH-280753-2,48,True
280753,18068,1.63,16,VH-280753-3,48,True
282601,18065,1.12,12,VH-282601-1,60,True
282601,18082,1.29,16,VH-282601-2,48,True
282601,18067,1.45,17,VH-282601-3,48,True
282670,27111,1.64,20,VH-282670-1,36,True
282670,18068,4.62,17,VH-282670-2,36,True
282670,18080,4.91,21,VH-282670-3,60,True
282733,283287,1.97,19,VH-282733-1,24,True
282733,284961,2.35,16,VH-282733-2,48,True
282733,280535,2.71,17,VH-282733-3,24,True
283207,27120,1.75,20,VH-283207-1,60,True
283207,27162,1.99,12,VH-283207-2,48,True
283207,284803,2.34,15,VH-283207-3,48,True
283260,27167,0.82,10,VH-283260-1,36,True
283260,18043,2.8,17,VH-283260-2,48,True
283260,280692,2.84,19,VH-283260-3,36,True
283287,284961,0.8,11,VH-283287-1,24,True
283287,280535,0.98,18,VH-283287-2,24,True
283287,280126,1.0,13,VH-283287-3,36,True
284350,18069,0.8,19,VH-284350-1,24,True
284350,280124,1.55,18,VH-284350-2,60,True
284350,27120,1.64,19,VH-284350-3,24,True
284358,280753,1.2,18,VH-284358-1,60,True
284358,18080,1.2,18,VH-284358-2,36,True
284358,18068,1.55,17,VH-284358-3,48,True
284529,18085,1.21,10,VH-284529-1,24,True
284529,18080,1.29,12,VH-284529-2,48,True
284529,284358,1.79,16,VH-284529-3,48,True
284555,18064,1.77,13,VH-284555-1,24,True
284555,18072,2.37,12,VH-284555-2,36,True
284555,18129,2.74,16,VH-284555-3,48,True
284720,18201,0.0,9,VH-284720-1,24,True
284720,280132,0.0,11,VH-284720-2,48,True
284720,285275,0.0,16,VH-284720-3,24,True
284803,27162,1.56,13,VH-284803-1,60,True
284803,18064,2.29,12,VH-284803-2,24,True
284803,18129,2.33,20,VH-284803-3,24,True
284843,18069,0.98,11,VH-284843-1,60,True
284843,280124,1.13,18,VH-284843-2,24,True
284843,18061,1.16,17,VH-284843-3,24,True
284961,280126,0.47,15,VH-284961-1,60,True
284961,283287,0.8,19,VH-284961-2,48,True
284961,280535,1.54,12,VH-284961-3,24,True
285275,18201,0.0,10,VH-285275-1,48,True
285275,280132,0.0,11,VH-285275-2,48,True
285275,284720,0.0,10,VH-285275-3,60,True
18214,18083,75.78,119,VH-18214-1,24,True
18214,282733,77.02,133,VH-18214-2,36,True
18214,284555,78.1,125,VH-18214-3,24,True
18215,280149,2.49,20,VH-18215-1,36,True
18215,284095,3.18,21,VH-18215-2,24,True
18215,280536,6.24,26,VH-18215-3,60,True
18216,285244,1.28,12,VH-18216-1,36,True
18216,283286,2.58,20,VH-18216-2,60,True
18216,27116,5.24,26,VH-18216-3,48,True
27116,280536,1.37,13,VH-27116-1,36,True
27116,284095,3.46,19,VH-27116-2,24,True
27116,285244,5.15,25,VH-27116-3,36,True
280149,18215,2.49,18,VH-280149-1,48,True
280149,284095,4.24,22,VH-280149-2,48,True
280149,280536,5.8,18,VH-280149-3,60,True
280536,27116,1.37,10,VH-280536-1,60,True
280536,284095,3.73,21,VH-280536-2,24,True
280536,280149,5.8,23,VH-280536-3,48,True
282683,283286,3.84,16,VH-282683-1,24,True
282683,285244,4.64,22,VH-282683-2,48,True
282683,18216,5.67,26,VH-282683-3,60,True
283286,285244,2.4,21,VH-283286-1,60,True
283286,18216,2.58,19,VH-283286-2,36,True
283286,282683,3.84,22,VH-283286-3,48,True
284095,18215,3.18,21,VH-284095-1,60,True
284095,27116,3.46,21,VH-284095-2,60,True
284095,280536,3.73,17,VH-284095-3,60,True
285244,18216,1.28,12,VH-285244-1,36,True
285244,283286,2.4,12,VH-285244-2,48,True
285244,282683,4.64,18,VH-285244-3,36,True
27105,27118,35.93,57,VH-27105-1,36,True
27105,280120,63.88,129,VH-27105-2,36,True
27105,284467,125.31,170,VH-27105-3,48,True
27118,280120,28.17,48,VH-27118-1,36,True
27118,27105,35.93,66,VH-27118-2,36,True
27118,18105,99.13,151,VH-27118-3,24,True
280120,27118,28.17,54,VH-280120-1,24,True
280120,27105,63.88,117,VH-280120-2,48,True
280120,18103,74.6,118,VH-280120-3,24,True
18090,18094,0.57,10,VH-18090-1,24,True
18090,18134,1.82,12,VH-18090-2,24,True
18090,18097,1.82,19,VH-18090-3,36,True
18091,18097,0.89,18,VH-18091-1,60,True
18091,18134,0.89,17,VH-18091-2,24,True
18091,18098,2.32,16,VH-18091-3,24,True
18094,18090,0.57,15,VH-18094-1,24,True
18094,18134,1.75,19,VH-18094-2,36,True
18094,18097,1.75,19,VH-18094-3,48,True
18095,280130,0.68,11,VH-18095-1,48,True
18095,280696,3.26,20,VH-18095-2,48,True
18095,18096,5.43,16,VH-18095-3,36,True
18096,18130,0.29,17,VH-18096-1,48,True
18096,18091,2.62,15,VH-18096-2,24,True
18096,18134,3.44,21,VH-18096-3,48,True
18097,18134,0.0,16,VH-18097-1,36,True
18097,18091,0.89,10,VH-18097-2,24,True
18097,18094,1.75,18,VH-18097-3,48,True
18098,18097,2.13,19,VH-18098-1,24,True
18098,18134,2.13,20,VH-18098-2,48,True
18098,18091,2.32,14,VH-18098-3,60,True
18130,18096,0.29,17,VH-18130-1,24,True
18130,18091,2.43,14,VH-18130-2,48,True
18130,18097,3.27,22,VH-18130-3,48,True
18134,18097,0.0,9,VH-18134-1,60,True
18134,18091,0.89,17,VH-18134-2,24,True
18134,18094,1.75,15,VH-18134-3,48,True
27121,18251,0.0,13,VH-27121-1,36,True
27121,18225,1.04,18,VH-27121-2,60,True
27121,18226,2.7,14,VH-27121-3,36,True
280130,18095,0.68,14,VH-280130-1,36,True
280130,280696,2.73,20,VH-280130-2,48,True
280130,18096,6.09,16,VH-280130-3,60,True
280131,18090,3.64,17,VH-280131-1,48,True
280131,18094,4.2,15,VH-280131-2,24,True
280131,18097,4.32,16,VH-280131-3,48,True
280132,18201,0.0,18,VH-280132-1,60,True
280132,284720,0.0,13,VH-280132-2,24,True
280132,280123,0.0,8,VH-280132-3,48,True
280696,280130,2.73,21,VH-280696-1,48,True
280696,18095,3.26,20,VH-280696-2,24,True
280696,18124,7.85,23,VH-280696-3,24,True
283298,18104,0.0,13,VH-283298-1,24,True
283298,284763,50.83,76,VH-283298-2,48,True
283298,284433,53.08,95,VH-283298-3,36,True
284499,18130,5.67,22,VH-284499-1,48,True
284499,18096,5.81,27,VH-284499-2,24,True
284499,18091,6.97,22,VH-284499-3,48,True
18099,282586,1.63,15,VH-18099-1,24,True
18099,284433,1.95,20,VH-18099-2,36,True
18099,280723,6.92,18,VH-18099-3,36,True
18102,280133,0.43,16,VH-18102-1,24,True
18102,18105,1.43,14,VH-18102-2,36,True
18102,18099,55.4,82,VH-18102-3,48,True
18103,280723,21.52,57,VH-18103-1,24,True
18103,284763,23.18,45,VH-18103-2,24,True
18103,282586,25.7,58,VH-18103-3,60,True
18104,283298,0.0,13,VH-18104-1,60,True
18104,284763,50.83,84,VH-18104-2,36,True
18104,284433,53.08,89,VH-18104-3,24,True
18105,18102,1.43,12,VH-18105-1,48,True
18105,280133,1.85,16,VH-18105-2,36,True
18105,18099,56.75,112,VH-18105-3,48,True
27109,18277,0.0,9,VH-27109-1,48,True
27109,18262,0.0,18,VH-27109-2,36,True
27109,18117,2.01,11,VH-27109-3,48,True
280133,18102,0.43,10,VH-280133-1,24,True
280133,18105,1.85,17,VH-280133-2,24,True
280133,18099,54.97,99,VH-280133-3,36,True
280723,284763,2.96,15,VH-280723-1,48,True
280723,282586,5.55,23,VH-280723-2,60,True
280723,284433,5.55,22,VH-280723-3,60,True
282586,284433,0.46,9,VH-282586-1,60,True
282586,18099,1.63,14,VH-282586-2,48,True
282586,280723,5.55,18,VH-282586-3,48,True
284433,282586,0.46,15,VH-284433-1,60,True
284433,18099,1.95,11,VH-284433-2,48,True
284433,280723,5.55,22,VH-284433-3,36,True
284509,282570,0.0,11,VH-284509-1,60,True
284509,18195,3.29,18,VH-284509-2,48,True
284509,18193,8.78,26,VH-284509-3,60,True
284763,280723,2.96,20,VH-284763-1,36,True
284763,284433,6.75,26,VH-284763-2,60,True
284763,282586,6.93,25,VH-284763-3,48,True
27126,285312,1.44,20,VH-27126-1,24,True
27126,27150,2.99,20,VH-27126-2,48,True
27126,280765,7.24,29,VH-27126-3,36,True
27150,285312,1.58,16,VH-27150-1,60,True
27150,27126,2.99,22,VH-27150-2,60,True
27150,280765,5.54,18,VH-27150-3,36,True
280765,27150,5.54,22,VH-280765-1,36,True
280765,285312,6.5,23,VH-280765-2,36,True
280765,27126,7.24,28,VH-280765-3,36,True
285312,27126,1.44,19,VH-285312-1,36,True
285312,27150,1.58,19,VH-285312-2,24,True
285312,280765,6.5,22,VH-285312-3,24,True
18107,18108,0.93,13,VH-18107-1,24,True
18107,18109,0.93,10,VH-18107-2,36,True
18107,27119,0.95,19,VH-18107-3,36,True
18108,18109,0.01,18,VH-18108-1,36,True
18108,27119,0.04,8,VH-18108-2,60,True
18108,18115,0.04,14,VH-18108-3,60,True
18109,18108,0.01,12,VH-18109-1,60,True
18109,27119,0.02,14,VH-18109-2,48,True
18109,18115,0.02,10,VH-18109-3,24,True
18113,285276,2.75,21,VH-18113-1,48,True
18113,280516,3.09,23,VH-18113-2,60,True
18113,27119,4.24,18,VH-18113-3,24,True
18114,18062,0.0,17,VH-18114-1,60,True
18114,18220,9.65,28,VH-18114-2,36,True
18114,283260,11.36,35,VH-18114-3,36,True
18115,27119,0.0,12,VH-18115-1,60,True
18115,18109,0.02,11,VH-18115-2,36,True
18115,18108,0.04,14,VH-18115-3,36,True
18131,18108,0.54,14,VH-18131-1,60,True
18131,18109,0.56,10,VH-18131-2,24,True
18131,27119,0.57,12,VH-18131-3,48,True
27119,18115,0.0,14,VH-27119-1,36,True
27119,18109,0.02,15,VH-27119-2,24,True
27119,18108,0.04,13,VH-27119-3,36,True
280138,280141,4.74,24,VH-280138-1,24,True
280138,18131,6.82,22,VH-280138-2,36,True
280138,280516,7.13,26,VH-280138-3,48,True
280140,18113,7.49,26,VH-280140-1,36,True
280140,280516,9.61,28,VH-280140-2,36,True
280140,285276,10.14,27,VH-280140-3,60,True
280141,18131,2.43,13,VH-280141-1,24,True
280141,18107,2.52,13,VH-280141-2,36,True
280141,280537,2.57,17,VH-280141-3,24,True
280516,18131,1.3,12,VH-280516-1,60,True
280516,27119,1.44,19,VH-280516-2,36,True
280516,18115,1.44,10,VH-280516-3,24,True
280537,18107,1.34,13,VH-280537-1,48,True
280537,285274,1.75,13,VH-280537-2,36,True
280537,280674,2.07,18,VH-280537-3,36,True
280674,284014,1.74,14,VH-280674-1,24,True
280674,280537,2.07,17,VH-280674-2,60,True
280674,285274,2.51,20,VH-280674-3,48,True
282598,285274,2.33,19,VH-282598-1,48,True
282598,280674,2.93,21,VH-282598-2,48,True
282598,280537,3.69,19,VH-282598-3,48,True
283233,283289,6.17,18,VH-283233-1,60,True
283233,282598,6.24,23,VH-283233-2,24,True
283233,285276,6.97,21,VH-283233-3,24,True
283289,282598,4.41,24,VH-283289-1,48,True
283289,283233,6.17,23,VH-283289-2,24,True
283289,280674,6.5,23,VH-283289-3,48,True
284014,280674,1.74,15,VH-284014-1,60,True
284014,280537,3.54,20,VH-284014-2,24,True
284014,285274,4.25,24,VH-284014-3,48,True
285274,18107,1.61,16,VH-285274-1,60,True
285274,280537,1.75,13,VH-285274-2,48,True
285274,18115,2.09,20,VH-285274-3,24,True
285276,280516,1.84,11,VH-285276-1,24,True
285276,27119,1.99,19,VH-285276-2,60,True
285276,18115,1.99,17,VH-285276-3,48,True
18183,18184,0.65,13,VH-18183-1,60,True
18183,285231,0.77,12,VH-18183-2,36,True
18183,18268,0.77,12,VH-18183-3,48,True
18184,18183,0.65,13,VH-18184-1,24,True
18184,27174,1.26,14,VH-18184-2,36,True
18184,18268,1.41,12,VH-18184-3,36,True
18185,284454,0.71,19,VH-18185-1,36,True
18185,284762,1.65,15,VH-18185-2,48,True
18185,27166,1.84,16,VH-18185-3,60,True
18186,27124,0.41,18,VH-18186-1,60,True
18186,18194,1.15,15,VH-18186-2,60,True
18186,18031,2.08,17,VH-18186-3,48,True
18187,18183,1.36,19,VH-18187-1,36,True
18187,285231,1.37,18,VH-18187-2,24,True
18187,18268,1.37,17,VH-18187-3,60,True
18189,18184,1.69,20,VH-18189-1,60,True
18189,27174,2.2,15,VH-18189-2,24,True
18189,18183,2.22,18,VH-18189-3,60,True
18190,284946,0.17,12,VH-18190-1,24,True
18190,285231,0.45,14,VH-18190-2,24,True
18190,18268,0.45,14,VH-18190-3,36,True
18193,18195,6.39,26,VH-18193-1,48,True
18193,282577,7.74,24,VH-18193-2,24,True
18193,282570,8.78,25,VH-18193-3,60,True
18194,18186,1.15,13,VH-18194-1,36,True
18194,27124,1.19,14,VH-18194-2,48,True
18194,27174,1.71,13,VH-18194-3,60,True
18195,284509,3.29,22,VH-18195-1,24,True
18195,282570,3.29,19,VH-18195-2,48,True
18195,18193,6.39,19,VH-18195-3,24,True
18196,18031,1.72,21,VH-18196-1,24,True
18196,18049,1.72,11,VH-18196-2,48,True
18196,18186,2.8,21,VH-18196-3,24,True
18199,280149,9.55,26,VH-18199-1,36,True
18199,18185,11.88,33,VH-18199-2,24,True
18199,18045,11.9,34,VH-18199-3,48,True
18201,280132,0.0,12,VH-18201-1,36,True
18201,284720,0.0,9,VH-18201-2,24,True
18201,280123,0.0,17,VH-18201-3,36,True
18204,18187,5.19,17,VH-18204-1,60,True
18204,282577,5.51,18,VH-18204-2,48,True
18204,27166,5.64,25,VH-18204-3,60,True
18205,18207,2.71,21,VH-18205-1,48,True
18205,280766,9.55,31,VH-18205-2,24,True
18205,18126,10.2,26,VH-18205-3,24,True
27124,18186,0.41,9,VH-27124-1,60,True
27124,18194,1.19,17,VH-27124-2,24,True
27124,18031,1.98,12,VH-27124-3,36,True
27166,284454,1.18,10,VH-27166-1,48,True
27166,284762,1.27,12,VH-27166-2,24,True
27166,18185,1.84,16,VH-27166-3,60,True
27174,18183,0.91,14,VH-27174-1,24,True
27174,285231,1.18,15,VH-27174-2,24,True
27174,18268,1.18,18,VH-27174-3,48,True
280143,18201,0.0,10,VH-280143-1,36,True
280143,280132,0.0,17,VH-280143-2,24,True
280143,280123,0.0,9,VH-280143-3,60,True
280145,18201,0.0,15,VH-280145-1,36,True
280145,280132,0.0,12,VH-280145-2,60,True
280145,280123,0.0,13,VH-280145-3,24,True
282562,18048,0.0,15,VH-282562-1,36,True
282562,18056,3.19,17,VH-282562-2,48,True
282562,18024,5.44,20,VH-282562-3,60,True
282570,284509,0.0,10,VH-282570-1,60,True
282570,18195,3.29,22,VH-282570-2,36,True
282570,18193,8.78,28,VH-282570-3,60,True
282577,18204,5.51,24,VH-282577-1,60,True
282577,18187,6.46,19,VH-282577-2,48,True
282577,18184,7.3,29,VH-282577-3,48,True
283259,284432,0.0,16,VH-283259-1,24,True
283259,283840,0.0,18,VH-283259-2,60,True
283259,18135,0.0,11,VH-283259-3,24,True
284359,18196,3.45,23,VH-284359-1,60,True
284359,18031,5.16,26,VH-284359-2,36,True
284359,18049,5.16,21,VH-284359-3,60,True
284454,18185,0.71,10,VH-284454-1,48,True
284454,284762,1.06,16,VH-284454-2,48,True
284454,27166,1.18,15,VH-284454-3,48,True
284762,284454,1.06,16,VH-284762-1,60,True
284762,27166,1.27,11,VH-284762-2,36,True
284762,18185,1.65,18,VH-284762-3,24,True
284946,18190,0.17,16,VH-284946-1,24,True
284946,285231,0.61,14,VH-284946-2,24,True
284946,18268,0.61,10,VH-284946-3,60,True
18291,27169,3.15,22,VH-18291-1,24,True
18291,18293,4.83,19,VH-18291-2,60,True
18291,18292,7.69,21,VH-18291-3,60,True
18292,27169,6.78,21,VH-18292-1,48,True
18292,18291,7.69,27,VH-18292-2,48,True
18292,18293,11.84,32,VH-18292-3,48,True
18293,18291,4.83,19,VH-18293-1,24,True
18293,27169,5.27,19,VH-18293-2,36,True
18293,18292,11.84,31,VH-18293-3,60,True
27169,18291,3.15,13,VH-27169-1,24,True
27169,18293,5.27,24,VH-27169-2,48,True
27169,18292,6.78,28,VH-27169-3,36,True
18267,284084,2.4,20,VH-18267-1,60,True
18267,27123,3.18,22,VH-18267-2,48,True
18267,284498,4.94,18,VH-18267-3,24,True
27123,284084,1.54,13,VH-27123-1,60,True
27123,284498,2.01,20,VH-27123-2,48,True
27123,18267,3.18,21,VH-27123-3,48,True
284084,27123,1.54,21,VH-284084-1,48,True
284084,18267,2.4,17,VH-284084-2,24,True
284084,284498,3.54,20,VH-284084-3,24,True
284498,27123,2.01,12,VH-284498-1,60,True
284498,284084,3.54,18,VH-284498-2,36,True
284498,18267,4.94,22,VH-284498-3,36,True
18275,280694,2.97,16,VH-18275-1,36,True
18275,280147,3.11,21,VH-18275-2,60,True
18275,280146,3.59,20,VH-18275-3,24,True
27160,284015,1.86,19,VH-27160-1,36,True
27160,280146,2.12,18,VH-27160-2,24,True
27160,280147,4.77,19,VH-27160-3,48,True
280146,284015,1.91,14,VH-280146-1,48,True
280146,27160,2.12,13,VH-280146-2,60,True
280146,280147,2.66,14,VH-280146-3,24,True
280147,280146,2.66,13,VH-280147-1,48,True
280147,18275,3.11,15,VH-280147-2,60,True
280147,284015,4.21,25,VH-280147-3,60,True
280694,18275,2.97,21,VH-280694-1,48,True
280694,284015,3.52,20,VH-280694-2,36,True
280694,280146,4.82,19,VH-280694-3,60,True
284015,27160,1.86,13,VH-284015-1,48,True
284015,280146,1.91,20,VH-284015-2,24,True
284015,280694,3.52,23,VH-284015-3,48,True
14101,280348,5.75,20,VH-14101-1,48,True
14101,283751,7.86,28,VH-14101-2,48,True
14101,284837,10.6,27,VH-14101-3,24,True
280348,283751,2.35,17,VH-280348-1,24,True
280348,14101,5.75,22,VH-280348-2,24,True
280348,284837,10.73,34,VH-280348-3,36,True
283751,280348,2.35,13,VH-283751-1,48,True
283751,14101,7.86,25,VH-283751-2,24,True
283751,284837,10.42,31,VH-283751-3,36,True
19004,280355,5.43,17,VH-19004-1,60,True
19004,14101,12.47,35,VH-19004-2,60,True
19004,284837,17.69,36,VH-19004-3,24,True
280355,19004,5.43,18,VH-280355-1,60,True
280355,14101,17.1,34,VH-280355-2,36,True
280355,284837,19.89,50,VH-280355-3,60,True
284837,283751,10.42,28,VH-284837-1,36,True
284837,14101,10.6,25,VH-284837-2,24,True
284837,280348,10.73,23,VH-284837-3,60,True
283792,283751,13.0,40,VH-283792-1,60,True
283792,280348,15.33,41,VH-283792-2,36,True
283792,284837,17.6,43,VH-283792-3,36,True
280804,20006,3.11,14,VH-280804-1,24,True
280804,20003,6.11,22,VH-280804-2,24,True
280804,20004,8.1,22,VH-280804-3,48,True
20001,283946,0.66,10,VH-20001-1,24,True
20001,20004,1.15,12,VH-20001-2,60,True
20001,20002,1.9,20,VH-20001-3,36,True
20002,283946,1.6,14,VH-20002-1,36,True
20002,20001,1.9,16,VH-20002-2,48,True
20002,20004,2.22,21,VH-20002-3,36,True
20003,20004,2.49,15,VH-20003-1,24,True
20003,20002,3.19,22,VH-20003-2,60,True
20003,20001,3.48,18,VH-20003-3,48,True
20004,20001,1.15,11,VH-20004-1,36,True
20004,283946,1.72,17,VH-20004-2,36,True
20004,20002,2.22,15,VH-20004-3,60,True
20006,280804,3.11,14,VH-20006-1,36,True
20006,20003,6.16,18,VH-20006-2,36,True
20006,20004,7.31,28,VH-20006-3,24,True
282581,283946,2.6,20,VH-282581-1,24,True
282581,20001,2.8,21,VH-282581-2,48,True
282581,284823,2.9,19,VH-282581-3,36,True
284823,20001,2.16,20,VH-284823-1,36,True
284823,20004,2.28,13,VH-284823-2,48,True
284823,283946,2.67,22,VH-284823-3,48,True
20005,282581,212.77,298,VH-20005-1,24,True
20005,283946,214.32,353,VH-20005-2,60,True
20005,20002,214.56,300,VH-20005-3,60,True
20007,280804,37.61,74,VH-20007-1,60,True
20007,20006,39.75,77,VH-20007-2,48,True
20007,20003,43.09,70,VH-20007-3,60,True
283946,20001,0.66,16,VH-283946-1,36,True
283946,20002,1.6,17,VH-283946-2,24,True
283946,20004,1.72,17,VH-283946-3,36,True
21002,21007,6.46,20,VH-21002-1,24,True
21002,280351,9.58,25,VH-21002-2,48,True
21002,21003,85.22,148,VH-21002-3,36,True
21007,21002,6.46,19,VH-21007-1,48,True
21007,280351,15.97,38,VH-21007-2,24,True
21007,21003,82.75,163,VH-21007-3,48,True
280351,21002,9.58,28,VH-280351-1,60,True
280351,21007,15.97,35,VH-280351-2,60,True
280351,21003,91.1,148,VH-280351-3,36,True
21003,21007,82.75,150,VH-21003-1,48,True
21003,21002,85.22,166,VH-21003-2,60,True
21003,280351,91.1,156,VH-21003-3,60,True
21010,21001,52.96,97,VH-21010-1,48,True
21010,21006,55.38,100,VH-21010-2,36,True
21010,21003,145.31,211,VH-21010-3,24,True
21001,21006,5.72,26,VH-21001-1,48,True
21001,21010,52.96,90,VH-21001-2,36,True
21001,21003,114.7,182,VH-21001-3,60,True
21006,21001,5.72,27,VH-21006-1,48,True
21006,21010,55.38,102,VH-21006-2,24,True
21006,21003,108.99,183,VH-21006-3,24,True
281049,283934,3.06,18,VH-281049-1,24,True
281049,22006,7.18,24,VH-281049-2,24,True
281049,4017,90.16,137,VH-281049-3,24,True
283934,281049,3.06,22,VH-283934-1,24,True
283934,22006,6.76,23,VH-283934-2,48,True
283934,4017,88.45,142,VH-283934-3,24,True
22006,283934,6.76,25,VH-22006-1,36,True
22006,281049,7.18,23,VH-22006-2,24,True
22006,4017,94.46,181,VH-22006-3,24,True
32066,280385,28.26,62,VH-32066-1,36,True
32066,32016,31.52,58,VH-32066-2,48,True
32066,32045,34.35,54,VH-32066-3,36,True
32081,32066,51.2,104,VH-32081-1,24,True
32081,280385,51.68,90,VH-32081-2,48,True
32081,32086,54.97,90,VH-32081-3,60,True
32086,32066,41.87,81,VH-32086-1,36,True
32086,32041,54.02,91,VH-32086-2,60,True
32086,32081,54.97,94,VH-32086-3,36,True
280450,32076,24.5,45,VH-280450-1,36,True
280450,32036,48.64,78,VH-280450-2,60,True
280450,32008,71.13,141,VH-280450-3,48,True
32036,32076,25.14,54,VH-32036-1,36,True
32036,32008,42.42,71,VH-32036-2,48,True
32036,280450,48.64,93,VH-32036-3,48,True
32076,280450,24.5,48,VH-32076-1,24,True
32076,32036,25.14,58,VH-32076-2,60,True
32076,32008,49.74,107,VH-32076-3,24,True
280751,32054,2.86,15,VH-280751-1,60,True
280751,32007,12.52,30,VH-280751-2,48,True
280751,32042,34.53,74,VH-280751-3,60,True
32007,280751,12.52,35,VH-32007-1,48,True
32007,32054,15.38,36,VH-32007-2,24,True
32007,32042,45.71,90,VH-32007-3,36,True
32054,280751,2.86,14,VH-32054-1,60,True
32054,32007,15.38,33,VH-32054-2,60,True
32054,32042,32.18,69,VH-32054-3,60,True
32001,32074,50.58,73,VH-32001-1,60,True
32001,32012,51.36,100,VH-32001-2,24,True
32001,32008,87.81,166,VH-32001-3,36,True
32008,32036,42.42,69,VH-32008-1,48,True
32008,32076,49.74,74,VH-32008-2,24,True
32008,280450,71.13,138,VH-32008-3,48,True
32014,32048,0.0,16,VH-32014-1,36,True
32014,32050,0.0,13,VH-32014-2,36,True
32014,32017,50.58,86,VH-32014-3,48,True
32018,32023,0.0,12,VH-32018-1,48,True
32018,32073,0.0,10,VH-32018-2,36,True
32018,32082,8.07,20,VH-32018-3,48,True
21102,283596,2.14,15,VH-21102-1,60,True
21102,21106,3.08,21,VH-21102-2,24,True
21102,32087,9.26,31,VH-21102-3,60,True
21106,283596,0.98,14,VH-21106-1,36,True
21106,21102,3.08,19,VH-21106-2,60,True
21106,32087,7.04,23,VH-21106-3,36,True
283596,21106,0.98,12,VH-283596-1,48,True
283596,21102,2.14,14,VH-283596-2,36,True
283596,32087,7.52,24,VH-283596-3,36,True
32087,21106,7.04,20,VH-32087-1,36,True
32087,283596,7.52,19,VH-32087-2,24,True
32087,21102,9.26,28,VH-32087-3,48,True
32041,32077,50.52,87,VH-32041-1,60,True
32041,32086,54.02,86,VH-32041-2,24,True
32041,32047,58.49,106,VH-32041-3,48,True
32073,32018,0.0,11,VH-32073-1,48,True
32073,32023,0.0,8,VH-32073-2,24,True
32073,32082,8.07,27,VH-32073-3,36,True
32050,32014,0.0,10,VH-32050-1,60,True
32050,32048,0.0,17,VH-32050-2,48,True
32050,32017,50.58,104,VH-32050-3,48,True
32009,32088,4.23,23,VH-32009-1,36,True
32009,32071,75.61,109,VH-32009-2,48,True
32009,32031,97.13,142,VH-32009-3,48,True
32088,32009,4.23,18,VH-32088-1,48,True
32088,32071,74.77,141,VH-32088-2,36,True
32088,32031,95.02,164,VH-32088-3,60,True
32017,32089,0.57,16,VH-32017-1,24,True
32017,32014,50.58,78,VH-32017-2,60,True
32017,32050,50.58,81,VH-32017-3,24,True
32089,32017,0.57,13,VH-32089-1,60,True
32089,32014,51.09,103,VH-32089-2,48,True
32089,32050,51.09,84,VH-32089-3,60,True
32032,32047,46.67,94,VH-32032-1,24,True
32032,32012,54.39,112,VH-32032-2,24,True
32032,32074,55.66,92,VH-32032-3,36,True
284814,32082,3.04,14,VH-284814-1,24,True
284814,32018,8.35,24,VH-284814-2,36,True
284814,32073,8.35,32,VH-284814-3,60,True
32023,32018,0.0,13,VH-32023-1,60,True
32023,32073,0.0,10,VH-32023-2,24,True
32023,32082,8.07,26,VH-32023-3,48,True
32082,284814,3.04,20,VH-32082-1,36,True
32082,32018,8.07,25,VH-32082-2,48,True
32082,32073,8.07,20,VH-32082-3,24,True
32031,32039,6.27,25,VH-32031-1,36,True
32031,280450,90.96,154,VH-32031-2,24,True
32031,32088,95.02,184,VH-32031-3,60,True
32039,32031,6.27,20,VH-32039-1,60,True
32039,280450,84.69,125,VH-32039-2,60,True
32039,32082,99.59,184,VH-32039-3,36,True
32048,32014,0.0,15,VH-32048-1,60,True
32048,32050,0.0,10,VH-32048-2,48,True
32048,32017,50.58,96,VH-32048-3,48,True
32010,32068,0.24,14,VH-32010-1,36,True
32010,32058,53.47,112,VH-32010-2,36,True
32010,32077,88.89,151,VH-32010-3,36,True
32068,32010,0.24,15,VH-32068-1,60,True
32068,32058,53.24,106,VH-32068-2,48,True
32068,32077,89.02,143,VH-32068-3,36,True
21101,32056,2.14,19,VH-21101-1,24,True
21101,32057,3.22,16,VH-21101-2,60,True
21101,21108,3.55,20,VH-21101-3,60,True
21104,21108,2.6,18,VH-21104-1,36,True
21104,32056,3.23,21,VH-21104-2,24,True
21104,21107,3.3,18,VH-21104-3,48,True
21105,32057,1.72,14,VH-21105-1,36,True
21105,32069,2.29,19,VH-21105-2,36,True
21105,32005,2.98,22,VH-21105-3,24,True
21107,283942,2.12,20,VH-21107-1,48,True
21107,21104,3.3,20,VH-21107-2,36,True
21107,32056,5.66,19,VH-21107-3,36,True
21108,21104,2.6,20,VH-21108-1,36,True
21108,21101,3.55,14,VH-21108-2,36,True
21108,32056,4.16,23,VH-21108-3,36,True
283942,21107,2.12,15,VH-283942-1,36,True
283942,21104,3.73,22,VH-283942-2,48,True
283942,21108,5.38,15,VH-283942-3,60,True
284100,32026,0.86,17,VH-284100-1,48,True
284100,21105,4.77,18,VH-284100-2,60,True
284100,32069,6.25,23,VH-284100-3,24,True
32005,32069,0.69,18,VH-32005-1,48,True
32005,21105,2.98,16,VH-32005-2,48,True
32005,32057,3.4,19,VH-32005-3,36,True
32026,284100,0.86,16,VH-32026-1,36,True
32026,21105,5.53,24,VH-32026-2,36,True
32026,32057,7.0,28,VH-32026-3,60,True
32056,21101,2.14,14,VH-32056-1,24,True
32056,21104,3.23,22,VH-32056-2,48,True
32056,32057,4.13,16,VH-32056-3,48,True
32057,21105,1.72,20,VH-32057-1,36,True
32057,32069,2.88,14,VH-32057-2,60,True
32057,21101,3.22,19,VH-32057-3,24,True
32069,32005,0.69,17,VH-32069-1,48,True
32069,21105,2.29,12,VH-32069-2,36,True
32069,32057,2.88,17,VH-32069-3,36,True
32078,21108,5.53,26,VH-32078-1,36,True
32078,21101,6.11,18,VH-32078-2,60,True
32078,32057,7.7,20,VH-32078-3,36,True
32003,32072,1.82,15,VH-32003-1,60,True
32003,32024,6.57,23,VH-32003-2,60,True
32003,32011,70.98,125,VH-32003-3,24,True
32024,32072,5.59,17,VH-32024-1,36,True
32024,32003,6.57,22,VH-32024-2,24,True
32024,32011,68.4,110,VH-32024-3,24,True
32072,32003,1.82,11,VH-32072-1,48,True
32072,32024,5.59,22,VH-32072-2,48,True
32072,32011,69.21,128,VH-32072-3,36,True
32011,32024,68.4,120,VH-32011-1,60,True
32011,32072,69.21,121,VH-32011-2,60,True
32011,32003,70.98,125,VH-32011-3,60,True
32033,32042,54.87,116,VH-32033-1,48,True
32033,32054,66.88,113,VH-32033-2,60,True
32033,280751,66.91,105,VH-32033-3,60,True
32042,32054,32.18,60,VH-32042-1,24,True
32042,280751,34.53,60,VH-32042-2,36,True
32042,32007,45.71,74,VH-32042-3,60,True
32058,32068,53.24,93,VH-32058-1,48,True
32058,32010,53.47,85,VH-32058-2,48,True
32058,32042,82.71,125,VH-32058-3,24,True
32016,32045,9.47,31,VH-32016-1,60,True
32016,280385,10.02,32,VH-32016-2,24,True
32016,32066,31.52,72,VH-32016-3,36,True
32071,32088,74.77,115,VH-32071-1,60,True
32071,32009,75.61,145,VH-32071-2,36,True
32071,32045,83.36,163,VH-32071-3,48,True
32020,32079,76.36,140,VH-32020-1,60,True
32020,32036,76.86,146,VH-32020-2,48,True
32020,284814,78.87,123,VH-32020-3,60,True
32079,32008,75.13,144,VH-32079-1,60,True
32079,32020,76.36,142,VH-32079-2,36,True
32079,32036,80.52,148,VH-32079-3,48,True
32045,280385,6.24,19,VH-32045-1,60,True
32045,32016,9.47,27,VH-32045-2,60,True
32045,32066,34.35,70,VH-32045-3,60,True
281034,32090,6.87,27,VH-281034-1,24,True
281034,32082,149.29,212,VH-281034-2,24,True
281034,32073,149.39,276,VH-281034-3,36,True
32090,281034,6.87,21,VH-32090-1,48,True
32090,32018,146.83,205,VH-32090-2,60,True
32090,32023,146.83,286,VH-32090-3,24,True
32012,32074,1.28,16,VH-32012-1,36,True
32012,32001,51.36,95,VH-32012-2,24,True
32012,32032,54.39,100,VH-32012-3,24,True
32047,32032,46.67,78,VH-32047-1,60,True
32047,32041,58.49,95,VH-32047-2,60,True
32047,32012,63.14,132,VH-32047-3,24,True
32070,32011,11740.99,20876,VH-32070-1,36,True
32070,32024,11809.17,18033,VH-32070-2,24,True
32070,32072,11810.19,16219,VH-32070-3,24,True
32074,32012,1.28,18,VH-32074-1,48,True
32074,32001,50.58,90,VH-32074-2,60,True
32074,32032,55.66,84,VH-32074-3,60,True
280385,32045,6.24,21,VH-280385-1,24,True
280385,32016,10.02,30,VH-280385-2,60,True
280385,32066,28.26,57,VH-280385-3,48,True
283332,32015,3.35,15,VH-283332-1,36,True
283332,32059,4.19,15,VH-283332-2,60,True
283332,32049,4.19,20,VH-283332-3,48,True
32015,283332,3.35,16,VH-32015-1,60,True
32015,32091,4.35,19,VH-32015-2,48,True
32015,32059,4.88,22,VH-32015-3,24,True
32049,32059,0.0,13,VH-32049-1,36,True
32049,283332,4.19,14,VH-32049-2,60,True
32049,32015,4.88,24,VH-32049-3,60,True
32052,32091,2.6,21,VH-32052-1,60,True
32052,32049,5.49,24,VH-32052-2,48,True
32052,32059,5.49,28,VH-32052-3,24,True
32059,32049,0.0,15,VH-32059-1,36,True
32059,283332,4.19,17,VH-32059-2,48,True
32059,32015,4.88,25,VH-32059-3,24,True
32077,32041,50.52,84,VH-32077-1,36,True
32077,32052,59.09,86,VH-32077-2,24,True
32077,32091,59.45,113,VH-32077-3,48,True
32091,32052,2.6,18,VH-32091-1,48,True
32091,32015,4.35,17,VH-32091-2,36,True
32091,32049,5.03,17,VH-32091-3,48,True
23002,282721,5.51,24,VH-23002-1,36,True
23002,23008,5.59,20,VH-23002-2,48,True
23002,23010,127.54,180,VH-23002-3,24,True
23008,282721,4.36,16,VH-23008-1,60,True
23008,23002,5.59,23,VH-23008-2,60,True
23008,23010,122.29,241,VH-23008-3,24,True
282721,23008,4.36,17,VH-282721-1,48,True
282721,23002,5.51,17,VH-282721-2,60,True
282721,23010,125.38,167,VH-282721-3,48,True
23004,23012,11365.64,19196,VH-23004-1,48,True
23004,23014,11375.68,17546,VH-23004-2,48,True
23004,23013,11380.94,18158,VH-23004-3,24,True
23001,23006,0.26,12,VH-23001-1,48,True
23001,23016,5.25,18,VH-23001-2,24,True
23001,23017,7.45,25,VH-23001-3,48,True
23006,23001,0.26,18,VH-23006-1,36,True
23006,23016,5.45,21,VH-23006-2,24,True
23006,23017,7.6,27,VH-23006-3,60,True
23009,23001,16.66,32,VH-23009-1,60,True
23009,23006,16.83,40,VH-23009-2,24,True
23009,23016,17.29,45,VH-23009-3,24,True
23010,23011,2.82,20,VH-23010-1,36,True
23010,23018,15.84,37,VH-23010-2,24,True
23010,23017,16.83,40,VH-23010-3,24,True
23011,23010,2.82,21,VH-23011-1,60,True
23011,23018,13.13,33,VH-23011-2,48,True
23011,23017,14.1,37,VH-23011-3,60,True
23012,23014,10.46,34,VH-23012-1,24,True
23012,23013,15.4,32,VH-23012-2,60,True
23012,34103,17.5,43,VH-23012-3,36,True
23013,34103,3.15,18,VH-23013-1,24,True
23013,23017,5.96,20,VH-23013-2,24,True
23013,23018,5.97,20,VH-23013-3,60,True
23014,23013,7.05,26,VH-23014-1,48,True
23014,34103,10.1,29,VH-23014-2,48,True
23014,23012,10.46,28,VH-23014-3,60,True
23016,23017,2.71,19,VH-23016-1,36,True
23016,23018,3.51,21,VH-23016-2,36,True
23016,23001,5.25,20,VH-23016-3,36,True
23017,23018,1.02,10,VH-23017-1,24,True
23017,23016,2.71,14,VH-23017-2,60,True
23017,34103,5.83,27,VH-23017-3,48,True
23018,23017,1.02,10,VH-23018-1,48,True
23018,23016,3.51,13,VH-23018-2,36,True
23018,23013,5.97,19,VH-23018-3,48,True
34103,23013,3.15,16,VH-34103-1,24,True
34103,23017,5.83,17,VH-34103-2,24,True
34103,23018,6.36,25,VH-34103-3,48,True
27001,282739,0.9,18,VH-27001-1,60,True
27001,283667,5.5,26,VH-27001-2,48,True
27001,284511,6.86,20,VH-27001-3,24,True
27008,94136,23.04,43,VH-27008-1,60,True
27008,27045,38.56,74,VH-27008-2,48,True
27008,27040,42.06,67,VH-27008-3,24,True
27056,283570,1.83,13,VH-27056-1,48,True
27056,94114,1.83,18,VH-27056-2,36,True
27056,283402,1.83,21,VH-27056-3,60,True
27078,283640,1.71,17,VH-27078-1,36,True
27078,280761,2.39,13,VH-27078-2,36,True
27078,283830,2.66,20,VH-27078-3,48,True
27080,282672,0.0,8,VH-27080-1,36,True
27080,283666,1.98,20,VH-27080-2,48,True
27080,94159,2.59,19,VH-27080-3,36,True
27093,283404,1.01,16,VH-27093-1,24,True
27093,283666,2.65,20,VH-27093-2,48,True
27093,283322,2.67,20,VH-27093-3,36,True
280761,27078,2.39,18,VH-280761-1,36,True
280761,27056,3.21,14,VH-280761-2,24,True
280761,283640,3.85,18,VH-280761-3,24,True
282597,94159,3.95,18,VH-282597-1,48,True
282597,283666,4.91,17,VH-282597-2,24,True
282597,282672,6.38,21,VH-282597-3,36,True
282672,27080,0.0,16,VH-282672-1,36,True
282672,283666,1.98,19,VH-282672-2,48,True
282672,94159,2.59,20,VH-282672-3,36,True
282739,27001,0.9,11,VH-282739-1,24,True
282739,283667,5.04,19,VH-282739-2,60,True
282739,284511,6.65,28,VH-282739-3,48,True
283322,283830,1.72,18,VH-283322-1,36,True
283322,283404,2.17,12,VH-283322-2,60,True
283322,283570,2.34,19,VH-283322-3,60,True
283404,27093,1.01,13,VH-283404-1,60,True
283404,283322,2.17,14,VH-283404-2,60,True
283404,283666,3.38,18,VH-283404-3,24,True
283640,283830,0.95,11,VH-283640-1,60,True
283640,94114,1.29,17,VH-283640-2,48,True
283640,283570,1.29,18,VH-283640-3,36,True
283666,94159,0.99,17,VH-283666-1,24,True
283666,27080,1.98,18,VH-283666-2,60,True
283666,282672,1.98,15,VH-283666-3,48,True
283667,284511,2.29,19,VH-283667-1,48,True
283667,283404,4.24,17,VH-283667-2,24,True
283667,283830,4.37,23,VH-283667-3,60,True
283830,283640,0.95,10,VH-283830-1,36,True
283830,94114,1.23,12,VH-283830-2,24,True
283830,283570,1.23,19,VH-283830-3,60,True
284511,283667,2.29,16,VH-284511-1,60,True
284511,283830,2.38,12,VH-284511-2,48,True
284511,283640,2.39,15,VH-284511-3,24,True
284567,27056,6.18,17,VH-284567-1,60,True
284567,280761,7.62,21,VH-284567-2,36,True
284567,283570,7.73,25,VH-284567-3,24,True
94114,283570,0.0,10,VH-94114-1,24,True
94114,283402,0.0,17,VH-94114-2,36,True
94114,283830,1.23,14,VH-94114-3,24,True
94120,284567,70.87,106,VH-94120-1,48,True
94120,282597,75.11,154,VH-94120-2,48,True
94120,282672,75.71,114,VH-94120-3,60,True
94159,283666,0.99,11,VH-94159-1,48,True
94159,27080,2.59,19,VH-94159-2,48,True
94159,282672,2.59,15,VH-94159-3,24,True
94156,94139,35.85,75,VH-94156-1,48,True
94156,94148,39.91,65,VH-94156-2,48,True
94156,284770,40.05,85,VH-94156-3,24,True
27088,284089,4.92,17,VH-27088-1,60,True
27088,94177,11.95,35,VH-27088-2,36,True
27088,27089,13.52,40,VH-27088-3,36,True
27089,94113,2.02,17,VH-27089-1,24,True
27089,27099,2.18,16,VH-27089-2,24,True
27089,280309,2.18,20,VH-27089-3,24,True
27099,280309,0.0,14,VH-27099-1,36,True
27099,94113,0.17,10,VH-27099-2,60,True
27099,27089,2.18,20,VH-27099-3,60,True
283570,94114,0.0,16,VH-283570-1,60,True
283570,283402,0.0,10,VH-283570-2,60,True
283570,283830,1.23,11,VH-283570-3,60,True
283655,93108,1.88,12,VH-283655-1,48,True
283655,284810,2.5,15,VH-283655-2,48,True
283655,283781,3.14,19,VH-283655-3,48,True
283781,284810,1.21,17,VH-283781-1,48,True
283781,93108,1.73,20,VH-283781-2,24,True
283781,283655,3.14,20,VH-283781-3,36,True
284089,27088,4.92,19,VH-284089-1,48,True
284089,27089,8.87,33,VH-284089-2,48,True
284089,94177,9.4,27,VH-284089-3,48,True
284810,283781,1.21,19,VH-284810-1,36,True
284810,93108,1.92,21,VH-284810-2,60,True
284810,283655,2.5,13,VH-284810-3,48,True
285307,27074,0.0,13,VH-285307-1,60,True
285307,284058,1.03,16,VH-285307-2,60,True
285307,285277,1.03,17,VH-285307-3,36,True
93108,283781,1.73,11,VH-93108-1,36,True
93108,283655,1.88,17,VH-93108-2,36,True
93108,284810,1.92,12,VH-93108-3,48,True
94113,27099,0.17,17,VH-94113-1,48,True
94113,280309,0.17,14,VH-94113-2,48,True
94113,27089,2.02,17,VH-94113-3,36,True
94147,27088,23.0,56,VH-94147-1,48,True
94147,284089,27.9,51,VH-94147-2,36,True
94147,94177,32.8,67,VH-94147-3,60,True
94177,284810,4.95,23,VH-94177-1,48,True
94177,283655,5.13,21,VH-94177-2,36,True
94177,283781,6.15,22,VH-94177-3,48,True
283575,284883,4.12,14,VH-283575-1,36,True
283575,94138,6.63,23,VH-283575-2,60,True
283575,94115,12.71,36,VH-283575-3,60,True
284739,284120,42.63,65,VH-284739-1,36,True
284739,94153,43.41,70,VH-284739-2,24,True
284739,284883,92.44,131,VH-284739-3,60,True
284883,283575,4.12,24,VH-284883-1,48,True
284883,94138,8.36,29,VH-284883-2,60,True
284883,94115,16.37,42,VH-284883-3,60,True
94115,283575,12.71,29,VH-94115-1,60,True
94115,94138,16.36,33,VH-94115-2,60,True
94115,284883,16.37,34,VH-94115-3,48,True
94138,283575,6.63,25,VH-94138-1,36,True
94138,284883,8.36,29,VH-94138-2,24,True
94138,94115,16.36,38,VH-94138-3,36,True
284079,94131,3.41,23,VH-284079-1,36,True
284079,284863,4.83,23,VH-284079-2,24,True
284079,94137,19.17,44,VH-284079-3,36,True
284863,94131,4.24,23,VH-284863-1,36,True
284863,284079,4.83,21,VH-284863-2,60,True
284863,94137,19.31,34,VH-284863-3,36,True
94131,284079,3.41,15,VH-94131-1,24,True
94131,284863,4.24,24,VH-94131-2,36,True
94131,94137,22.01,47,VH-94131-3,60,True
284120,94153,2.32,15,VH-284120-1,36,True
284120,284739,42.63,77,VH-284120-2,48,True
284120,93108,88.35,135,VH-284120-3,36,True
94153,284120,2.32,15,VH-94153-1,36,True
94153,284739,43.41,90,VH-94153-2,24,True
94153,93108,90.08,141,VH-94153-3,36,True
283770,94130,2.32,16,VH-283770-1,48,True
283770,284127,4.12,15,VH-283770-2,36,True
283770,94115,44.47,74,VH-283770-3,60,True
284127,94130,2.85,15,VH-284127-1,24,True
284127,283770,4.12,19,VH-284127-2,60,True
284127,94115,40.86,64,VH-284127-3,24,True
94130,283770,2.32,14,VH-94130-1,24,True
94130,284127,2.85,13,VH-94130-2,48,True
94130,94115,42.23,92,VH-94130-3,24,True
27046,284909,2.48,12,VH-27046-1,60,True
27046,93106,3.45,17,VH-27046-2,48,True
27046,93101,4.19,16,VH-27046-3,24,True
284909,93106,0.97,19,VH-284909-1,36,True
284909,27046,2.48,21,VH-284909-2,60,True
284909,93101,4.78,22,VH-284909-3,36,True
93101,27046,4.19,19,VH-93101-1,24,True
93101,284909,4.78,22,VH-93101-2,36,True
93101,93106,5.34,19,VH-93101-3,60,True
93106,284909,0.97,12,VH-93106-1,24,True
93106,27046,3.45,18,VH-93106-2,60,True
93106,93101,5.34,22,VH-93106-3,48,True
94123,27046,18.49,42,VH-94123-1,48,True
94123,93101,20.07,39,VH-94123-2,48,True
94123,284909,20.91,46,VH-94123-3,60,True
94133,93106,19.13,43,VH-94133-1,36,True
94133,284909,19.91,45,VH-94133-2,48,True
94133,93101,20.08,37,VH-94133-3,36,True
27006,94134,1.53,12,VH-27006-1,24,True
27006,27054,1.66,14,VH-27006-2,36,True
27006,27057,2.32,19,VH-27006-3,24,True
27054,94134,0.7,11,VH-27054-1,48,True
27054,27057,0.87,12,VH-27054-2,24,True
27054,27006,1.66,16,VH-27054-3,24,True
27057,94134,0.84,16,VH-27057-1,60,True
27057,27054,0.87,17,VH-27057-2,36,True
27057,27006,2.32,14,VH-27057-3,24,True
283600,27057,5.13,21,VH-283600-1,60,True
283600,27054,5.73,21,VH-283600-2,48,True
283600,94134,5.97,23,VH-283600-3,24,True
94127,94143,21.27,49,VH-94127-1,48,True
94127,93101,45.28,77,VH-94127-2,48,True
94127,94133,45.92,75,VH-94127-3,60,True
94134,27054,0.7,13,VH-94134-1,60,True
94134,27057,0.84,17,VH-94134-2,60,True
94134,27006,1.53,19,VH-94134-3,36,True
94143,94127,21.27,47,VH-94143-1,60,True
94143,94133,28.48,63,VH-94143-2,48,True
94143,93101,36.23,65,VH-94143-3,24,True
27010,27061,0.8,10,VH-27010-1,36,True
27010,27036,1.04,17,VH-27010-2,24,True
27010,283329,1.29,12,VH-27010-3,48,True
27036,27010,1.04,10,VH-27036-1,24,True
27036,27061,1.25,19,VH-27036-2,60,True
27036,283743,1.48,16,VH-27036-3,48,True
27040,94116,0.93,12,VH-27040-1,60,True
27040,27062,0.93,17,VH-27040-2,48,True
27040,284938,1.21,11,VH-27040-3,24,True
27045,283586,3.97,17,VH-27045-1,24,True
27045,27040,4.12,21,VH-27045-2,60,True
27045,27062,5.04,16,VH-27045-3,24,True
27051,280756,1.62,20,VH-27051-1,48,True
27051,283743,1.82,19,VH-27051-2,60,True
27051,27003,1.83,15,VH-27051-3,24,True
27053,27003,27.45,56,VH-27053-1,60,True
27053,283593,28.21,51,VH-27053-2,24,True
27053,284717,28.4,62,VH-27053-3,60,True
27061,27010,0.8,16,VH-27061-1,48,True
27061,27036,1.25,16,VH-27061-2,60,True
27061,283329,2.07,12,VH-27061-3,48,True
27062,94116,0.0,12,VH-27062-1,60,True
27062,283433,0.67,12,VH-27062-2,36,True
27062,284938,0.72,9,VH-27062-3,48,True
27103,283569,0.0,15,VH-27103-1,36,True
27103,283689,2.89,19,VH-27103-2,36,True
27103,283329,4.45,20,VH-27103-3,60,True
280756,283433,0.79,14,VH-280756-1,24,True
280756,27062,0.81,11,VH-280756-2,60,True
280756,94116,0.81,11,VH-280756-3,48,True
283329,283743,1.02,10,VH-283329-1,60,True
283329,27010,1.29,17,VH-283329-2,60,True
283329,27036,1.94,14,VH-283329-3,36,True
283433,94116,0.67,14,VH-283433-1,36,True
283433,27062,0.67,17,VH-283433-2,60,True
283433,280756,0.79,9,VH-283433-3,24,True
283569,27103,0.0,17,VH-283569-1,36,True
283569,283689,2.89,12,VH-283569-2,60,True
283569,283329,4.45,18,VH-283569-3,36,True
283586,285296,2.58,12,VH-283586-1,48,True
283586,27040,3.14,16,VH-283586-2,24,True
283586,283433,3.46,21,VH-283586-3,48,True
283689,283329,2.84,18,VH-283689-1,48,True
283689,27103,2.89,19,VH-283689-2,36,True
283689,283569,2.89,19,VH-283689-3,36,True
283743,283329,1.02,11,VH-283743-1,24,True
283743,27036,1.48,17,VH-283743-2,36,True
283743,27010,1.49,15,VH-283743-3,24,True
284938,94116,0.72,14,VH-284938-1,60,True
284938,27062,0.72,13,VH-284938-2,24,True
284938,280756,1.13,10,VH-284938-3,36,True
285296,283586,2.58,15,VH-285296-1,24,True
285296,283689,5.04,19,VH-285296-2,60,True
285296,27040,5.7,26,VH-285296-3,48,True
94116,27062,0.0,15,VH-94116-1,60,True
94116,283433,0.67,14,VH-94116-2,48,True
94116,284938,0.72,14,VH-94116-3,24,True
27083,94128,1.05,10,VH-27083-1,24,True
27083,283594,2.88,20,VH-27083-2,60,True
27083,283569,22.24,49,VH-27083-3,60,True
283594,94128,2.12,14,VH-283594-1,48,True
283594,27083,2.88,21,VH-283594-2,24,True
283594,283569,21.25,43,VH-283594-3,60,True
94128,27083,1.05,11,VH-94128-1,36,True
94128,283594,2.12,13,VH-94128-2,36,True
94128,283569,21.34,48,VH-94128-3,48,True
94136,27045,20.55,44,VH-94136-1,60,True
94136,284938,22.58,48,VH-94136-2,24,True
94136,27040,22.71,44,VH-94136-3,36,True
27003,27051,1.83,17,VH-27003-1,48,True
27003,27036,1.87,12,VH-27003-2,60,True
27003,283743,2.62,20,VH-27003-3,60,True
27004,27072,1.92,18,VH-27004-1,36,True
27004,283140,4.47,15,VH-27004-2,36,True
27004,285133,4.62,14,VH-27004-3,48,True
27011,282602,1.26,17,VH-27011-1,24,True
27011,94135,1.4,12,VH-27011-2,24,True
27011,283140,2.18,15,VH-27011-3,36,True
27012,94125,0.0,17,VH-27012-1,36,True
27012,284424,1.07,13,VH-27012-2,24,True
27012,283227,1.56,11,VH-27012-3,48,True
27013,93102,2.29,11,VH-27013-1,48,True
27013,281484,2.62,16,VH-27013-2,36,True
27013,283431,2.72,19,VH-27013-3,48,True
27072,27004,1.92,21,VH-27072-1,36,True
27072,283140,2.58,12,VH-27072-2,60,True
27072,285133,3.21,14,VH-27072-3,24,True
27074,285307,0.0,17,VH-27074-1,60,True
27074,285277,1.03,16,VH-27074-2,24,True
27074,284058,1.03,17,VH-27074-3,48,True
27086,283572,1.71,14,VH-27086-1,36,True
27086,93102,4.36,15,VH-27086-2,24,True
27086,283431,4.58,21,VH-27086-3,24,True
27095,27086,5.86,21,VH-27095-1,48,True
27095,283572,7.3,24,VH-27095-2,60,True
27095,27012,9.54,24,VH-27095-3,36,True
280829,94137,0.0,17,VH-280829-1,60,True
280829,284079,19.17,50,VH-280829-2,24,True
280829,284863,19.31,42,VH-280829-3,48,True
281484,285153,0.67,12,VH-281484-1,36,True
281484,285133,1.5,11,VH-281484-2,60,True
281484,285307,1.7,14,VH-281484-3,24,True
282585,283227,1.36,12,VH-282585-1,60,True
282585,282602,2.1,19,VH-282585-2,60,True
282585,27011,2.35,16,VH-282585-3,36,True
282602,27011,1.26,15,VH-282602-1,36,True
282602,285107,1.32,14,VH-282602-2,36,True
282602,282585,2.1,19,VH-282602-3,48,True
283140,94135,1.66,19,VH-283140-1,60,True
283140,284058,2.04,12,VH-283140-2,36,True
283140,285277,2.04,18,VH-283140-3,36,True
283227,282585,1.36,14,VH-283227-1,60,True
283227,27012,1.56,11,VH-283227-2,48,True
283227,94125,1.56,12,VH-283227-3,24,True
283402,283570,0.0,16,VH-283402-1,24,True
283402,94114,0.0,18,VH-283402-2,48,True
283402,283830,1.23,19,VH-283402-3,60,True
283431,93102,1.41,12,VH-283431-1,60,True
283431,27013,2.72,16,VH-283431-2,60,True
283431,281484,3.57,16,VH-283431-3,24,True
283572,27086,1.71,10,VH-283572-1,60,True
283572,27012,3.14,19,VH-283572-2,36,True
283572,94125,3.14,22,VH-283572-3,36,True
284058,285277,0.0,15,VH-284058-1,60,True
284058,285307,1.03,13,VH-284058-2,60,True
284058,27074,1.03,16,VH-284058-3,24,True
284424,94125,1.07,17,VH-284424-1,60,True
284424,27012,1.07,16,VH-284424-2,24,True
284424,94135,1.22,15,VH-284424-3,48,True
285107,282602,1.32,16,VH-285107-1,36,True
285107,27011,2.57,22,VH-285107-2,24,True
285107,93104,2.72,13,VH-285107-3,36,True
285133,281484,1.5,17,VH-285133-1,60,True
285133,284058,1.73,13,VH-285133-2,60,True
285133,285277,1.73,17,VH-285133-3,48,True
285153,281484,0.67,11,VH-285153-1,48,True
285153,285307,1.11,14,VH-285153-2,24,True
285153,27074,1.11,18,VH-285153-3,48,True
285277,284058,0.0,9,VH-285277-1,48,True
285277,285307,1.03,17,VH-285277-2,60,True
285277,27074,1.03,17,VH-285277-3,48,True
93102,283431,1.41,13,VH-93102-1,24,True
93102,281484,2.2,20,VH-93102-2,48,True
93102,27013,2.29,19,VH-93102-3,60,True
93104,285107,2.72,15,VH-93104-1,24,True
93104,282585,3.53,16,VH-93104-2,60,True
93104,282602,3.67,19,VH-93104-3,48,True
94125,27012,0.0,12,VH-94125-1,60,True
94125,284424,1.07,14,VH-94125-2,36,True
94125,283227,1.56,12,VH-94125-3,48,True
94135,284424,1.22,10,VH-94135-1,36,True
94135,27011,1.4,18,VH-94135-2,60,True
94135,283140,1.66,17,VH-94135-3,24,True
94137,280829,0.0,14,VH-94137-1,24,True
94137,284079,19.17,43,VH-94137-2,36,True
94137,284863,19.31,37,VH-94137-3,24,True
94151,284739,10855.32,16082,VH-94151-1,24,True
94151,94153,10871.11,19342,VH-94151-2,48,True
94151,284120,10872.82,15236,VH-94151-3,24,True
284770,94148,0.33,12,VH-284770-1,48,True
284770,283619,3.23,20,VH-284770-2,36,True
284770,94139,4.24,14,VH-284770-3,60,True
94139,94148,4.14,21,VH-94139-1,48,True
94139,284770,4.24,24,VH-94139-2,36,True
94139,285104,7.41,28,VH-94139-3,24,True
283825,94121,2.31,19,VH-283825-1,24,True
283825,94147,45.22,69,VH-283825-2,36,True
283825,27088,54.34,85,VH-283825-3,36,True
94121,283825,2.31,18,VH-94121-1,24,True
94121,94147,46.04,90,VH-94121-2,60,True
94121,27088,54.18,90,VH-94121-3,36,True
280729,94141,4.2,23,VH-280729-1,36,True
280729,282736,4.99,21,VH-280729-2,48,True
280729,94138,51.29,90,VH-280729-3,36,True
282736,94141,4.39,18,VH-282736-1,24,True
282736,280729,4.99,18,VH-282736-2,24,True
282736,27053,55.27,86,VH-282736-3,36,True
94141,280729,4.2,16,VH-94141-1,24,True
94141,282736,4.39,20,VH-94141-2,24,True
94141,94138,53.57,88,VH-94141-3,48,True
283593,284717,0.59,12,VH-283593-1,24,True
283593,284393,8.25,21,VH-283593-2,36,True
283593,27032,9.47,32,VH-283593-3,24,True
282665,94117,0.0,18,VH-282665-1,48,True
282665,284881,1.55,13,VH-282665-2,24,True
282665,283571,4.58,18,VH-282665-3,48,True
283500,282665,10.55,32,VH-283500-1,36,True
283500,94117,10.55,29,VH-283500-2,48,True
283500,284881,11.7,33,VH-283500-3,24,True
283571,284881,3.14,17,VH-283571-1,36,True
283571,282665,4.58,14,VH-283571-2,36,True
283571,94117,4.58,19,VH-283571-3,48,True
284881,282665,1.55,19,VH-284881-1,60,True
284881,94117,1.55,12,VH-284881-2,24,True
284881,283571,3.14,22,VH-284881-3,36,True
94117,282665,0.0,10,VH-94117-1,60,True
94117,284881,1.55,11,VH-94117-2,60,True
94117,283571,4.58,16,VH-94117-3,60,True
27085,283341,13.56,30,VH-27085-1,24,True
27085,284203,14.57,39,VH-27085-2,60,True
27085,280727,14.67,38,VH-27085-3,48,True
27092,94146,12.91,30,VH-27092-1,48,True
27092,93105,18.15,41,VH-27092-2,48,True
27092,285311,20.18,44,VH-27092-3,24,True
280727,283399,1.56,17,VH-280727-1,24,True
280727,284203,1.57,16,VH-280727-2,60,True
280727,94118,3.15,22,VH-280727-3,48,True
283341,284203,2.23,16,VH-283341-1,36,True
283341,280727,3.67,19,VH-283341-2,24,True
283341,283399,4.27,19,VH-283341-3,60,True
283399,280727,1.56,14,VH-283399-1,48,True
283399,94118,1.59,20,VH-283399-2,36,True
283399,284203,2.08,16,VH-283399-3,48,True
283635,283341,6.79,19,VH-283635-1,36,True
283635,284203,7.86,24,VH-283635-2,48,True
283635,94118,8.53,23,VH-283635-3,36,True
284203,280727,1.57,11,VH-284203-1,60,True
284203,283399,2.08,18,VH-284203-2,36,True
284203,283341,2.23,19,VH-284203-3,48,True
285311,94118,4.83,22,VH-285311-1,36,True
285311,283399,6.42,24,VH-285311-2,60,True
285311,94146,7.9,23,VH-285311-3,48,True
94118,283399,1.59,12,VH-94118-1,60,True
94118,280727,3.15,13,VH-94118-2,24,True
94118,284203,3.4,17,VH-94118-3,60,True
94146,285311,7.9,24,VH-94146-1,60,True
94146,94118,12.38,32,VH-94146-2,60,True
94146,27092,12.91,28,VH-94146-3,36,True
94149,27085,31.36,61,VH-94149-1,24,True
94149,285104,36.74,76,VH-94149-2,48,True
94149,93107,38.03,82,VH-94149-3,36,True
283204,94154,0.0,15,VH-283204-1,48,True
283204,94150,3.38,19,VH-283204-2,36,True
283204,283670,4.27,20,VH-283204-3,24,True
283670,93103,3.72,16,VH-283670-1,60,True
283670,283204,4.27,20,VH-283670-2,48,True
283670,94154,4.27,19,VH-283670-3,24,True
93103,94150,3.23,17,VH-93103-1,36,True
93103,283670,3.72,23,VH-93103-2,24,True
93103,94154,5.57,23,VH-93103-3,36,True
94119,94150,36.32,68,VH-94119-1,36,True
94119,93103,37.2,71,VH-94119-2,36,True
94119,283204,39.02,67,VH-94119-3,48,True
94150,93103,3.23,17,VH-94150-1,24,True
94150,283204,3.38,18,VH-94150-2,24,True
94150,94154,3.38,22,VH-94150-3,36,True
94154,283204,0.0,9,VH-94154-1,36,True
94154,94150,3.38,17,VH-94154-2,48,True
94154,283670,4.27,18,VH-94154-3,60,True
27060,94152,0.0,16,VH-27060-1,48,True
27060,283690,3.58,17,VH-27060-2,24,True
27060,27098,3.84,21,VH-27060-3,24,True
27090,283590,1.78,11,VH-27090-1,60,True
27090,27098,3.83,16,VH-27090-2,24,True
27090,280308,5.03,18,VH-27090-3,60,True
27094,283581,2.24,16,VH-27094-1,48,True
27094,280308,2.79,16,VH-27094-2,60,True
27094,283690,3.57,18,VH-27094-3,60,True
27098,284346,1.9,19,VH-27098-1,24,True
27098,27090,3.83,19,VH-27098-2,60,True
27098,94152,3.84,19,VH-27098-3,48,True
280308,27094,2.79,15,VH-280308-1,24,True
280308,283581,4.2,16,VH-280308-2,36,True
280308,27090,5.03,24,VH-280308-3,24,True
280309,27099,0.0,15,VH-280309-1,60,True
280309,94113,0.17,10,VH-280309-2,24,True
280309,27089,2.18,18,VH-280309-3,24,True
283581,283690,1.7,15,VH-283581-1,24,True
283581,27094,2.24,16,VH-283581-2,48,True
283581,280308,4.2,20,VH-283581-3,36,True
283590,27090,1.78,19,VH-283590-1,24,True
283590,280308,5.31,23,VH-283590-2,48,True
283590,27098,5.58,21,VH-283590-3,24,True
283690,283581,1.7,19,VH-283690-1,36,True
283690,27094,3.57,17,VH-283690-2,36,True
283690,27060,3.58,22,VH-283690-3,60,True
284346,27098,1.9,19,VH-284346-1,36,True
284346,27060,3.93,22,VH-284346-2,24,True
284346,94152,3.93,20,VH-284346-3,60,True
93105,284346,5.55,20,VH-93105-1,60,True
93105,27060,6.67,26,VH-93105-2,48,True
93105,94152,6.67,25,VH-93105-3,60,True
94124,283590,6.36,21,VH-94124-1,60,True
94124,280308,7.33,20,VH-94124-2,24,True
94124,27090,7.93,27,VH-94124-3,60,True
94152,27060,0.0,16,VH-94152-1,36,True
94152,283690,3.58,17,VH-94152-2,24,True
94152,27098,3.84,17,VH-94152-3,36,True
283619,93107,2.7,14,VH-283619-1,48,True
283619,284770,3.23,18,VH-283619-2,60,True
283619,94148,3.34,22,VH-283619-3,36,True
285104,284770,4.71,23,VH-285104-1,36,True
285104,283619,4.84,15,VH-285104-2,36,True
285104,94148,5.04,23,VH-285104-3,36,True
93107,283619,2.7,13,VH-93107-1,36,True
93107,285104,5.64,24,VH-93107-2,48,True
93107,284770,5.85,19,VH-93107-3,48,True
94148,284770,0.33,15,VH-94148-1,36,True
94148,283619,3.34,18,VH-94148-2,36,True
94148,94139,4.14,18,VH-94148-3,48,True
27032,284393,1.79,12,VH-27032-1,60,True
27032,284717,9.02,30,VH-27032-2,24,True
27032,283593,9.47,24,VH-27032-3,24,True
284393,27032,1.79,13,VH-284393-1,36,True
284393,284717,7.87,23,VH-284393-2,24,True
284393,283593,8.25,32,VH-284393-3,60,True
284717,283593,0.59,10,VH-284717-1,36,True
284717,284393,7.87,29,VH-284717-2,48,True
284717,27032,9.02,28,VH-284717-3,48,True
280310,284722,1.72,13,VH-280310-1,48,True
280310,94155,2.4,16,VH-280310-2,48,True
280310,282597,24.43,53,VH-280310-3,60,True
284722,280310,1.72,16,VH-284722-1,48,True
284722,94155,2.63,20,VH-284722-2,36,True
284722,282597,23.72,52,VH-284722-3,36,True
94126,280310,26.52,51,VH-94126-1,24,True
94126,94155,27.57,53,VH-94126-2,60,True
94126,284722,28.22,47,VH-94126-3,48,True
94155,280310,2.4,20,VH-94155-1,48,True
94155,284722,2.63,15,VH-94155-2,60,True
94155,282597,22.1,43,VH-94155-3,48,True
28010,283702,60.72,121,VH-28010-1,48,True
28010,284575,60.72,108,VH-28010-2,48,True
28010,285189,61.25,94,VH-28010-3,36,True
28018,284423,1.29,14,VH-28018-1,36,True
28018,280239,2.64,16,VH-28018-2,48,True
28018,28056,2.75,21,VH-28018-3,24,True
280237,28028,1.27,20,VH-280237-1,48,True
280237,283068,1.69,14,VH-280237-2,24,True
280237,28065,1.95,15,VH-280237-3,60,True
280239,284423,2.22,14,VH-280239-1,60,True
280239,28018,2.64,22,VH-280239-2,36,True
280239,282514,3.28,22,VH-280239-3,60,True
28028,280237,1.27,15,VH-28028-1,60,True
28028,28065,2.67,19,VH-28028-2,36,True
28028,283068,2.72,20,VH-28028-3,24,True
28056,28065,0.6,16,VH-28056-1,36,True
28056,283068,0.96,14,VH-28056-2,60,True
28056,284423,2.3,19,VH-28056-3,48,True
28065,28056,0.6,16,VH-28065-1,60,True
28065,283068,0.77,17,VH-28065-2,24,True
28065,280237,1.95,19,VH-28065-3,24,True
28070,282512,5.39,17,VH-28070-1,60,True
28070,282514,7.39,25,VH-28070-2,60,True
28070,284237,7.9,25,VH-28070-3,36,True
28072,28069,0.0,14,VH-28072-1,48,True
28072,283634,0.0,15,VH-28072-2,60,True
28072,28037,0.86,14,VH-28072-3,60,True
283607,283068,6.64,21,VH-283607-1,60,True
283607,280237,6.96,29,VH-283607-2,36,True
283607,28056,7.29,30,VH-283607-3,36,True
283702,284575,0.0,12,VH-283702-1,60,True
283702,283607,14.3,33,VH-283702-2,60,True
283702,280237,20.64,43,VH-283702-3,36,True
284423,28018,1.29,13,VH-284423-1,36,True
284423,28065,2.12,17,VH-284423-2,48,True
284423,280239,2.22,19,VH-284423-3,48,True
28012,283790,1.84,14,VH-28012-1,48,True
28012,283669,3.18,20,VH-28012-2,48,True
28012,284241,3.28,13,VH-28012-3,48,True
28050,28012,27.2,44,VH-28050-1,60,True
28050,283790,28.04,55,VH-28050-2,60,True
28050,283669,28.41,52,VH-28050-3,60,True
283633,283659,3.41,15,VH-283633-1,24,True
283633,284300,3.62,16,VH-283633-2,36,True
283633,285180,4.09,25,VH-283633-3,36,True
283659,285233,0.7,12,VH-283659-1,48,True
283659,284263,3.19,22,VH-283659-2,48,True
283659,283633,3.41,21,VH-283659-3,60,True
283669,284241,1.05,10,VH-283669-1,48,True
283669,284080,1.16,15,VH-283669-2,36,True
283669,284263,1.87,11,VH-283669-3,36,True
283790,28012,1.84,18,VH-283790-1,60,True
283790,285233,2.93,15,VH-283790-2,24,True
283790,283659,3.63,14,VH-283790-3,60,True
284080,284241,0.63,19,VH-284080-1,24,True
284080,284263,0.8,13,VH-284080-2,36,True
284080,283669,1.16,18,VH-284080-3,48,True
284241,284080,0.63,16,VH-284241-1,60,True
284241,284263,0.93,19,VH-284241-2,36,True
284241,283669,1.05,16,VH-284241-3,60,True
284263,284080,0.8,18,VH-284263-1,60,True
284263,284241,0.93,15,VH-284263-2,36,True
284263,283669,1.87,18,VH-284263-3,24,True
284300,284263,2.44,18,VH-284300-1,24,True
284300,284080,3.02,12,VH-284300-2,24,True
284300,284241,3.36,19,VH-284300-3,24,True
285180,283633,4.09,25,VH-285180-1,48,True
285180,283659,4.9,22,VH-285180-2,60,True
285180,285233,5.23,18,VH-285180-3,60,True
285233,283659,0.7,17,VH-285233-1,36,True
285233,283790,2.93,15,VH-285233-2,60,True
285233,284263,3.35,14,VH-285233-3,48,True
98121,285180,28.0,61,VH-98121-1,60,True
98121,283633,28.25,67,VH-98121-2,36,True
98121,284300,30.49,63,VH-98121-3,48,True
283052,282520,0.68,14,VH-283052-1,60,True
283052,284569,1.39,16,VH-283052-2,24,True
283052,285241,1.43,17,VH-283052-3,24,True
28024,284365,0.89,12,VH-28024-1,36,True
28024,283390,0.94,16,VH-28024-2,36,True
28024,28039,1.02,16,VH-28024-3,36,True
283517,284547,2.48,19,VH-283517-1,48,True
283517,283376,2.57,18,VH-283517-2,48,True
283517,28038,3.33,21,VH-283517-3,60,True
285098,284401,0.09,13,VH-285098-1,36,True
285098,28039,0.94,19,VH-285098-2,48,True
285098,284365,1.36,14,VH-285098-3,36,True
28040,28048,0.0,18,VH-28040-1,48,True
28040,282953,2.69,12,VH-28040-2,36,True
28040,284784,6.73,25,VH-28040-3,24,True
282953,28040,2.69,14,VH-282953-1,24,True
282953,28048,2.69,12,VH-282953-2,60,True
282953,284784,7.76,20,VH-282953-3,60,True
284784,28040,6.73,26,VH-284784-1,48,True
284784,28048,6.73,21,VH-284784-2,24,True
284784,282953,7.76,27,VH-284784-3,48,True
28042,98114,158.9,299,VH-28042-1,48,True
28042,283344,159.21,232,VH-28042-2,48,True
28042,283367,160.1,305,VH-28042-3,60,True
284494,283070,0.66,14,VH-284494-1,60,True
284494,98107,1.18,14,VH-284494-2,60,True
284494,28100,1.78,17,VH-284494-3,60,True
28014,284410,1.99,15,VH-28014-1,36,True
28014,283629,2.92,18,VH-28014-2,36,True
28014,282403,3.59,15,VH-28014-3,36,True
280395,284406,0.0,17,VH-280395-1,24,True
280395,284179,0.0,10,VH-280395-2,36,True
280395,283703,3.82,23,VH-280395-3,24,True
28048,28040,0.0,17,VH-28048-1,48,True
28048,282953,2.69,15,VH-28048-2,24,True
28048,284784,6.73,24,VH-28048-3,60,True
282403,285187,1.32,18,VH-282403-1,24,True
282403,283629,1.87,12,VH-282403-2,48,True
282403,284410,3.34,21,VH-282403-3,24,True
282408,283627,4.3,17,VH-282408-1,24,True
282408,282956,5.96,24,VH-282408-2,24,True
282408,284410,6.09,27,VH-282408-3,48,True
282410,284419,0.97,19,VH-282410-1,60,True
282410,283621,3.14,21,VH-282410-2,48,True
282410,285187,3.95,20,VH-282410-3,36,True
282956,284410,3.26,24,VH-282956-1,24,True
282956,28014,3.94,21,VH-282956-2,36,True
282956,283627,4.62,22,VH-282956-3,36,True
283621,282410,3.14,20,VH-283621-1,48,True
283621,285187,3.32,22,VH-283621-2,36,True
283621,284419,4.01,20,VH-283621-3,36,True
283627,284410,2.46,20,VH-283627-1,48,True
283627,282403,3.75,15,VH-283627-2,60,True
283627,285187,4.0,17,VH-283627-3,60,True
283629,282403,1.87,19,VH-283629-1,36,True
283629,28014,2.92,18,VH-283629-2,48,True
283629,285187,3.02,22,VH-283629-3,36,True
284410,28014,1.99,15,VH-284410-1,48,True
284410,283627,2.46,18,VH-284410-2,60,True
284410,282956,3.26,16,VH-284410-3,24,True
284419,282410,0.97,12,VH-284419-1,24,True
284419,283621,4.01,23,VH-284419-2,48,True
284419,285187,4.16,18,VH-284419-3,48,True
285187,282403,1.32,16,VH-285187-1,60,True
285187,283629,3.02,14,VH-285187-2,48,True
285187,283621,3.32,19,VH-285187-3,48,True
28019,284712,0.57,13,VH-28019-1,24,True
28019,283551,0.84,14,VH-28019-2,48,True
28019,283687,0.87,13,VH-28019-3,60,True
280396,285092,2.44,18,VH-280396-1,24,True
280396,283687,2.8,20,VH-280396-2,24,True
280396,283551,3.01,18,VH-280396-3,60,True
28060,28004,0.0,16,VH-28060-1,24,True
28060,285246,0.43,18,VH-28060-2,48,True
28060,283385,0.74,14,VH-28060-3,60,True
283668,283407,2.37,16,VH-283668-1,60,True
283668,283632,2.48,19,VH-283668-2,60,True
283668,282539,3.13,21,VH-283668-3,36,True
284950,283716,0.14,18,VH-284950-1,60,True
284950,284383,0.56,9,VH-284950-2,48,True
284950,283658,0.7,11,VH-284950-3,60,True
285071,280396,5.23,16,VH-285071-1,24,True
285071,283641,6.4,23,VH-285071-2,48,True
285071,285092,7.57,22,VH-285071-3,60,True
28064,284154,4.05,24,VH-28064-1,36,True
28064,283998,5.29,21,VH-28064-2,36,True
28064,98110,5.67,26,VH-28064-3,36,True
28100,283998,1.34,16,VH-28100-1,36,True
28100,98110,1.56,13,VH-28100-2,60,True
28100,284494,1.78,18,VH-28100-3,36,True
282429,284240,1.21,12,VH-282429-1,48,True
282429,283675,1.39,19,VH-282429-2,48,True
282429,98107,2.21,17,VH-282429-3,48,True
283595,283517,3.91,22,VH-283595-1,60,True
283595,283376,6.15,20,VH-283595-2,24,True
283595,284547,6.16,22,VH-283595-3,24,True
284240,283675,0.65,10,VH-284240-1,24,True
284240,282429,1.21,17,VH-284240-2,60,True
284240,98107,1.97,20,VH-284240-3,60,True
284365,28039,0.44,16,VH-284365-1,36,True
284365,28024,0.89,11,VH-284365-2,36,True
284365,284401,1.28,19,VH-284365-3,60,True
98110,28013,0.5,12,VH-98110-1,60,True
98110,285108,1.54,16,VH-98110-2,60,True
98110,28100,1.56,19,VH-98110-3,36,True
28007,284777,1.9,14,VH-28007-1,60,True
28007,283831,10.09,29,VH-28007-2,60,True
28007,28043,11.0,30,VH-28007-3,24,True
284777,28007,1.9,11,VH-284777-1,60,True
284777,283831,11.97,30,VH-284777-2,48,True
284777,28043,12.58,32,VH-284777-3,48,True
28037,28072,0.86,15,VH-28037-1,60,True
28037,283634,0.86,19,VH-28037-2,36,True
28037,28069,0.86,9,VH-28037-3,48,True
282512,284237,2.52,21,VH-282512-1,24,True
282512,282514,4.69,16,VH-282512-2,60,True
282512,28070,5.39,19,VH-282512-3,48,True
282514,28037,1.55,20,VH-282514-1,24,True
282514,28072,2.25,21,VH-282514-2,36,True
282514,28069,2.25,13,VH-282514-3,60,True
283634,28072,0.0,15,VH-283634-1,24,True
283634,28069,0.0,17,VH-283634-2,48,True
283634,28037,0.86,14,VH-283634-3,60,True
284237,282512,2.52,14,VH-284237-1,60,True
284237,282514,4.84,17,VH-284237-2,48,True
284237,28037,5.42,23,VH-284237-3,48,True
285189,28018,4.53,17,VH-285189-1,36,True
285189,28056,4.8,23,VH-285189-2,48,True
285189,28065,5.37,21,VH-285189-3,60,True
28020,285134,6.63,22,VH-28020-1,60,True
28020,283893,8.53,29,VH-28020-2,36,True
28020,28044,21.27,41,VH-28020-3,60,True
28044,285134,18.8,41,VH-28044-1,36,True
28044,28020,21.27,41,VH-28044-2,48,True
28044,283893,22.84,50,VH-28044-3,24,True
28081,28020,50.84,76,VH-28081-1,60,True
28081,28044,56.55,88,VH-28081-2,36,True
28081,285134,56.86,97,VH-28081-3,24,True
283893,285134,4.32,16,VH-283893-1,48,True
283893,28020,8.53,29,VH-283893-2,48,True
283893,28044,22.84,50,VH-283893-3,48,True
283944,28086,0.0,12,VH-283944-1,60,True
283944,283673,0.0,10,VH-283944-2,36,True
283944,28026,0.45,13,VH-283944-3,36,True
285134,283893,4.32,19,VH-285134-1,24,True
285134,28020,6.63,27,VH-285134-2,36,True
285134,28044,18.8,38,VH-285134-3,36,True
28068,282520,1.01,10,VH-28068-1,24,True
28068,283052,1.68,12,VH-28068-2,36,True
28068,284547,2.21,15,VH-28068-3,48,True
282520,283052,0.68,11,VH-282520-1,60,True
282520,28068,1.01,11,VH-282520-2,24,True
282520,284569,2.06,14,VH-282520-3,36,True
283376,284547,0.29,17,VH-283376-1,60,True
283376,28068,2.45,12,VH-283376-2,48,True
283376,283517,2.57,12,VH-283376-3,48,True
284401,285098,0.09,14,VH-284401-1,24,True
284401,28039,0.86,10,VH-284401-2,36,True
284401,284365,1.28,11,VH-284401-3,36,True
285054,98113,0.11,17,VH-285054-1,24,True
285054,98107,0.93,13,VH-285054-2,24,True
285054,283070,1.35,12,VH-285054-3,24,True
285241,284569,0.31,13,VH-285241-1,60,True
285241,283052,1.43,18,VH-285241-2,24,True
285241,28039,1.58,12,VH-285241-3,36,True
28013,98110,0.5,12,VH-28013-1,48,True
28013,285108,1.06,14,VH-28013-2,24,True
28013,28100,1.89,18,VH-28013-3,36,True
284569,285241,0.31,11,VH-284569-1,48,True
284569,283052,1.39,11,VH-284569-2,36,True
284569,28039,1.87,15,VH-284569-3,24,True
98107,283070,0.54,17,VH-98107-1,36,True
98107,285054,0.93,15,VH-98107-2,36,True
98107,98113,0.97,17,VH-98107-3,24,True
283070,98107,0.54,16,VH-283070-1,60,True
283070,284494,0.66,9,VH-283070-2,24,True
283070,285054,1.35,15,VH-283070-3,48,True
283390,28024,0.94,19,VH-283390-1,24,True
283390,284365,1.49,13,VH-283390-2,60,True
283390,28039,1.81,20,VH-283390-3,24,True
285108,28013,1.06,18,VH-285108-1,24,True
285108,98110,1.54,11,VH-285108-2,36,True
285108,28024,1.73,19,VH-285108-3,48,True
28033,28074,98.89,139,VH-28033-1,36,True
28033,28090,102.8,193,VH-28033-2,24,True
28033,28001,103.97,166,VH-28033-3,60,True
283428,28076,7.77,30,VH-283428-1,48,True
283428,280294,8.14,19,VH-283428-2,24,True
283428,28088,8.51,25,VH-283428-3,24,True
283755,98119,2.2,16,VH-283755-1,36,True
283755,283938,14.72,41,VH-283755-2,36,True
283755,28053,15.16,39,VH-283755-3,24,True
98119,283755,2.2,13,VH-98119-1,24,True
98119,283938,16.35,41,VH-98119-2,24,True
98119,28053,16.91,40,VH-98119-3,48,True
28026,283944,0.45,15,VH-28026-1,36,True
28026,28086,0.45,18,VH-28026-2,36,True
28026,283673,0.45,15,VH-28026-3,48,True
280397,283944,1.06,18,VH-280397-1,36,True
280397,28086,1.06,14,VH-280397-2,36,True
280397,283673,1.06,10,VH-280397-3,24,True
28046,285234,2.55,18,VH-28046-1,36,True
28046,284805,3.01,20,VH-28046-2,48,True
28046,28026,3.55,17,VH-28046-3,24,True
28086,283944,0.0,9,VH-28086-1,24,True
28086,283673,0.0,9,VH-28086-2,24,True
28086,28026,0.45,10,VH-28086-3,60,True
283385,28022,0.0,9,VH-283385-1,60,True
283385,28060,0.74,19,VH-283385-2,36,True
283385,28004,0.74,13,VH-283385-3,60,True
283719,285234,2.38,16,VH-283719-1,48,True
283719,28046,4.08,16,VH-283719-2,24,True
283719,284805,7.0,29,VH-283719-3,48,True
284430,98111,6.73,20,VH-284430-1,48,True
284430,285234,7.48,28,VH-284430-2,36,True
284430,280397,8.39,27,VH-284430-3,36,True
284805,28026,2.03,16,VH-284805-1,36,True
284805,283944,2.4,13,VH-284805-2,48,True
284805,28086,2.4,20,VH-284805-3,60,True
284854,98111,4.26,19,VH-284854-1,24,True
284854,280397,4.66,24,VH-284854-2,48,True
284854,283944,5.66,26,VH-284854-3,48,True
285234,283719,2.38,14,VH-285234-1,36,True
285234,28046,2.55,18,VH-285234-2,48,True
285234,284805,5.51,25,VH-285234-3,48,True
98106,98122,2.98,13,VH-98106-1,60,True
98106,284805,5.32,25,VH-98106-2,24,True
98106,283944,5.38,27,VH-98106-3,36,True
98111,280397,1.7,18,VH-98111-1,48,True
98111,283944,2.57,17,VH-98111-2,60,True
98111,28086,2.57,14,VH-98111-3,36,True
98122,284805,2.42,21,VH-98122-1,36,True
98122,283944,2.68,15,VH-98122-2,60,True
98122,28086,2.68,21,VH-98122-3,60,True
28045,284438,0.47,10,VH-28045-1,48,True
28045,283626,1.99,18,VH-28045-2,36,True
28045,283069,2.44,14,VH-28045-3,36,True
28089,283461,0.0,10,VH-28089-1,36,True
28089,284242,0.0,11,VH-28089-2,24,True
28089,284226,0.38,10,VH-28089-3,36,True
283620,28045,3.62,20,VH-283620-1,60,True
283620,284438,4.02,21,VH-283620-2,36,True
283620,283626,5.49,21,VH-283620-3,48,True
283626,283069,0.93,13,VH-283626-1,48,True
283626,284438,1.53,16,VH-283626-2,60,True
283626,284225,1.78,14,VH-283626-3,24,True
284225,283626,1.78,14,VH-284225-1,60,True
284225,28089,1.8,19,VH-284225-2,24,True
284225,283461,1.8,11,VH-284225-3,36,True
284427,285306,6.02,24,VH-284427-1,48,True
284427,28089,7.36,22,VH-284427-2,48,True
284427,283461,7.36,24,VH-284427-3,60,True
284594,284249,1.14,10,VH-284594-1,60,True
284594,284225,3.48,17,VH-284594-2,36,True
284594,284226,4.13,19,VH-284594-3,36,True
285306,284323,5.89,26,VH-285306-1,36,True
285306,284226,5.98,23,VH-285306-2,60,True
285306,284427,6.02,20,VH-285306-3,36,True
28002,28066,0.0,15,VH-28002-1,60,True
28002,28061,1.74,20,VH-28002-2,48,True
28002,284247,3.54,17,VH-28002-3,60,True
28003,284157,0.35,10,VH-28003-1,48,True
28003,284836,1.03,15,VH-28003-2,36,True
28003,284873,1.09,19,VH-28003-3,48,True
28004,28060,0.0,16,VH-28004-1,60,True
28004,285246,0.43,18,VH-28004-2,48,True
28004,28022,0.74,17,VH-28004-3,60,True
28005,283681,0.34,13,VH-28005-1,24,True
28005,284076,1.41,19,VH-28005-2,36,True
28005,284238,1.41,18,VH-28005-3,36,True
28022,283385,0.0,15,VH-28022-1,60,True
28022,28060,0.74,18,VH-28022-2,24,True
28022,28004,0.74,19,VH-28022-3,24,True
280294,28076,0.54,13,VH-280294-1,60,True
280294,284317,0.77,9,VH-280294-2,48,True
280294,98103,1.28,14,VH-280294-3,48,True
28032,280402,0.0,10,VH-28032-1,60,True
28032,284152,0.31,11,VH-28032-2,48,True
28032,285126,1.1,16,VH-28032-3,48,True
280399,280404,0.0,12,VH-280399-1,24,True
280399,98103,0.0,10,VH-280399-2,48,True
280399,283363,0.0,11,VH-280399-3,48,True
280400,28049,0.0,12,VH-280400-1,60,True
280400,280404,1.17,10,VH-280400-2,24,True
280400,98103,1.17,18,VH-280400-3,36,True
280402,28032,0.0,14,VH-280402-1,48,True
280402,284152,0.31,9,VH-280402-2,48,True
280402,285126,1.1,16,VH-280402-3,60,True
280403,28079,0.63,18,VH-280403-1,48,True
280403,283584,0.65,14,VH-280403-2,36,True
280403,283674,1.54,11,VH-280403-3,24,True
280404,280399,0.0,18,VH-280404-1,60,True
280404,98103,0.0,10,VH-280404-2,36,True
280404,283363,0.0,11,VH-280404-3,48,True
28049,280400,0.0,16,VH-28049-1,60,True
28049,280404,1.17,11,VH-28049-2,48,True
28049,98103,1.17,18,VH-28049-3,60,True
28053,283938,1.59,20,VH-28053-1,24,True
28053,283755,15.16,34,VH-28053-2,24,True
28053,98119,16.91,43,VH-28053-3,60,True
28055,280557,0.0,9,VH-28055-1,24,True
28055,283623,0.0,14,VH-28055-2,36,True
28055,98117,0.0,18,VH-28055-3,24,True
28061,28066,1.74,19,VH-28061-1,60,True
28061,28002,1.74,12,VH-28061-2,48,True
28061,284247,1.98,21,VH-28061-3,36,True
28066,28002,0.0,10,VH-28066-1,24,True
28066,28061,1.74,17,VH-28066-2,24,True
28066,284247,3.54,22,VH-28066-3,24,True
28076,280294,0.54,13,VH-28076-1,36,True
28076,284317,1.29,11,VH-28076-2,48,True
28076,98103,1.52,13,VH-28076-3,24,True
28079,283584,0.03,16,VH-28079-1,24,True
28079,280403,0.63,13,VH-28079-2,36,True
28079,284238,1.31,16,VH-28079-3,48,True
28087,284429,0.5,18,VH-28087-1,24,True
28087,285246,1.07,9,VH-28087-2,48,True
28087,28004,1.45,17,VH-28087-3,24,True
28088,284326,2.61,15,VH-28088-1,24,True
28088,28049,2.75,16,VH-28088-2,60,True
28088,280400,2.75,18,VH-28088-3,60,True
28095,283425,1.67,17,VH-28095-1,36,True
28095,283647,2.5,18,VH-28095-2,36,True
28095,283382,2.69,15,VH-28095-3,24,True
28098,283381,0.0,14,VH-28098-1,36,True
28098,283424,1.32,16,VH-28098-2,36,True
28098,284171,1.56,12,VH-28098-3,36,True
282539,283063,0.87,9,VH-282539-1,24,True
282539,283647,1.3,11,VH-282539-2,24,True
282539,283632,1.43,16,VH-282539-3,48,True
283063,282539,0.87,12,VH-283063-1,60,True
283063,283382,1.57,15,VH-283063-2,48,True
283063,283647,1.69,11,VH-283063-3,60,True
283361,284912,1.85,21,VH-283361-1,36,True
283361,283407,2.05,13,VH-283361-2,48,True
283361,283632,2.16,14,VH-283361-3,60,True
283363,280404,0.0,14,VH-283363-1,60,True
283363,280399,0.0,11,VH-283363-2,48,True
283363,98103,0.0,10,VH-283363-3,36,True
283381,28098,0.0,13,VH-283381-1,60,True
283381,283424,1.32,18,VH-283381-2,36,True
283381,284171,1.56,10,VH-283381-3,60,True
283382,283647,0.64,18,VH-283382-1,60,True
283382,282539,1.52,11,VH-283382-2,60,True
283382,283674,1.57,14,VH-283382-3,48,True
283407,283632,0.7,11,VH-283407-1,60,True
283407,284912,1.86,17,VH-283407-2,36,True
283407,283361,2.05,17,VH-283407-3,36,True
283424,28098,1.32,20,VH-283424-1,48,True
283424,283381,1.32,18,VH-283424-2,48,True
283424,284171,1.32,12,VH-283424-3,48,True
283425,28095,1.67,20,VH-283425-1,48,True
283425,283424,2.2,18,VH-283425-2,60,True
283425,283674,2.3,13,VH-283425-3,60,True
283551,283687,0.35,10,VH-283551-1,60,True
283551,28019,0.84,19,VH-283551-2,60,True
283551,284712,1.41,17,VH-283551-3,48,True
283584,28079,0.03,12,VH-283584-1,36,True
283584,280403,0.65,14,VH-283584-2,60,True
283584,284238,1.28,15,VH-283584-3,60,True
283632,283407,0.7,17,VH-283632-1,24,True
283632,282539,1.43,20,VH-283632-2,36,True
283632,283063,1.74,17,VH-283632-3,60,True
283641,284076,2.59,18,VH-283641-1,60,True
283641,285092,2.91,22,VH-283641-2,36,True
283641,280396,3.09,13,VH-283641-3,48,True
283647,283382,0.64,10,VH-283647-1,60,True
283647,282539,1.3,12,VH-283647-2,24,True
283647,283063,1.69,19,VH-283647-3,48,True
283658,284383,0.23,9,VH-283658-1,24,True
283658,284950,0.7,15,VH-283658-2,24,True
283658,283716,0.81,16,VH-283658-3,48,True
283660,28060,0.74,12,VH-283660-1,48,True
283660,28004,0.74,15,VH-283660-2,60,True
283660,285246,1.17,15,VH-283660-3,24,True
283673,283944,0.0,11,VH-283673-1,48,True
283673,28086,0.0,15,VH-283673-2,48,True
283673,28026,0.45,19,VH-283673-3,48,True
283674,280403,1.54,17,VH-283674-1,48,True
283674,283382,1.57,19,VH-283674-2,48,True
283674,28079,2.01,18,VH-283674-3,60,True
283681,28005,0.34,15,VH-283681-1,24,True
283681,284238,1.07,15,VH-283681-2,48,True
283681,284076,1.68,16,VH-283681-3,48,True
283687,283551,0.35,17,VH-283687-1,36,True
283687,28019,0.87,19,VH-283687-2,24,True
283687,284712,1.42,14,VH-283687-3,60,True
283707,284287,0.41,16,VH-283707-1,60,True
283707,284205,1.03,10,VH-283707-2,48,True
283707,284836,1.22,18,VH-283707-3,60,True
283712,283425,2.66,13,VH-283712-1,60,True
283712,28095,3.23,21,VH-283712-2,48,True
283712,284171,3.71,18,VH-283712-3,60,True
283716,284950,0.14,12,VH-283716-1,48,True
283716,284383,0.64,18,VH-283716-2,60,True
283716,283658,0.81,14,VH-283716-3,48,True
284076,28005,1.41,12,VH-284076-1,60,True
284076,28087,1.64,12,VH-284076-2,36,True
284076,283681,1.68,13,VH-284076-3,48,True
284152,28032,0.31,15,VH-284152-1,24,True
284152,280402,0.31,12,VH-284152-2,36,True
284152,285126,1.01,12,VH-284152-3,36,True
284157,28003,0.35,16,VH-284157-1,48,True
284157,284836,0.71,17,VH-284157-2,24,True
284157,285087,1.12,18,VH-284157-3,24,True
284171,283424,1.32,20,VH-284171-1,60,True
284171,28098,1.56,20,VH-284171-2,24,True
284171,283381,1.56,13,VH-284171-3,24,True
284175,285126,1.23,10,VH-284175-1,60,True
284175,284326,1.32,16,VH-284175-2,48,True
284175,284152,1.34,18,VH-284175-3,48,True
284205,284287,0.62,10,VH-284205-1,36,True
284205,284873,0.64,13,VH-284205-2,48,True
284205,283658,0.95,17,VH-284205-3,60,True
284238,283681,1.07,18,VH-284238-1,60,True
284238,283584,1.28,15,VH-284238-2,48,True
284238,28079,1.31,17,VH-284238-3,60,True
284242,28089,0.0,12,VH-284242-1,60,True
284242,283461,0.0,13,VH-284242-2,48,True
284242,284226,0.38,13,VH-284242-3,36,True
284247,98112,1.65,19,VH-284247-1,36,True
284247,28098,1.94,14,VH-284247-2,24,True
284247,283381,1.94,19,VH-284247-3,60,True
284287,283707,0.41,11,VH-284287-1,36,True
284287,284205,0.62,16,VH-284287-2,36,True
284287,284873,1.11,13,VH-284287-3,24,True
284317,280294,0.77,17,VH-284317-1,48,True
284317,28076,1.29,20,VH-284317-2,36,True
284317,280399,1.52,14,VH-284317-3,48,True
284326,284175,1.32,14,VH-284326-1,36,True
284326,285126,1.79,12,VH-284326-2,48,True
284326,280400,2.25,18,VH-284326-3,36,True
284383,283658,0.23,16,VH-284383-1,24,True
284383,284950,0.56,10,VH-284383-2,36,True
284383,283716,0.64,18,VH-284383-3,24,True
284429,28087,0.5,18,VH-284429-1,36,True
284429,285246,0.57,12,VH-284429-2,60,True
284429,28004,0.95,13,VH-284429-3,48,True
284436,28032,1.16,16,VH-284436-1,36,True
284436,280402,1.16,16,VH-284436-2,48,True
284436,284152,1.43,19,VH-284436-3,48,True
284712,28019,0.57,13,VH-284712-1,24,True
284712,283551,1.41,20,VH-284712-2,24,True
284712,283687,1.42,19,VH-284712-3,48,True
284836,285087,0.54,16,VH-284836-1,36,True
284836,284157,0.71,14,VH-284836-2,48,True
284836,28003,1.03,15,VH-284836-3,48,True
284873,284205,0.64,16,VH-284873-1,48,True
284873,283658,0.92,19,VH-284873-2,60,True
284873,28003,1.09,13,VH-284873-3,60,True
284911,280557,0.0,8,VH-284911-1,24,True
284911,283623,0.0,12,VH-284911-2,60,True
284911,98117,0.0,11,VH-284911-3,60,True
284912,283361,1.85,16,VH-284912-1,48,True
284912,283407,1.86,19,VH-284912-2,24,True
284912,283632,2.47,19,VH-284912-3,60,True
284935,285300,0.0,13,VH-284935-1,24,True
284935,285211,1.02,16,VH-284935-2,60,True
284935,28027,1.77,19,VH-284935-3,36,True
285087,284836,0.54,10,VH-285087-1,36,True
285087,284157,1.12,14,VH-285087-2,24,True
285087,283707,1.41,20,VH-285087-3,60,True
285092,28022,0.96,16,VH-285092-1,24,True
285092,283385,0.96,17,VH-285092-2,24,True
285092,285246,1.22,18,VH-285092-3,36,True
285126,284152,1.01,19,VH-285126-1,24,True
285126,28032,1.1,10,VH-285126-2,60,True
285126,280402,1.1,13,VH-285126-3,60,True
285246,28060,0.43,14,VH-285246-1,48,True
285246,28004,0.43,14,VH-285246-2,36,True
285246,284429,0.57,18,VH-285246-3,24,True
98103,280399,0.0,16,VH-98103-1,36,True
98103,280404,0.0,14,VH-98103-2,24,True
98103,283363,0.0,12,VH-98103-3,36,True
98112,284247,1.65,18,VH-98112-1,36,True
98112,284076,2.01,19,VH-98112-2,60,True
98112,283681,2.48,13,VH-98112-3,60,True
98117,280557,0.0,11,VH-98117-1,60,True
98117,283623,0.0,10,VH-98117-2,36,True
98117,28055,0.0,10,VH-98117-3,36,True
28039,284365,0.44,14,VH-28039-1,36,True
28039,284401,0.86,14,VH-28039-2,24,True
28039,285098,0.94,13,VH-28039-3,36,True
283344,98114,0.31,18,VH-283344-1,36,True
283344,283771,1.0,14,VH-283344-2,60,True
283344,283367,4.88,21,VH-283344-3,36,True
283367,283556,0.34,9,VH-283367-1,60,True
283367,283344,4.88,26,VH-283367-2,36,True
283367,98114,4.95,17,VH-283367-3,24,True
283556,283367,0.34,17,VH-283556-1,48,True
283556,283344,4.92,21,VH-283556-2,60,True
283556,98114,5.02,16,VH-283556-3,60,True
283771,283344,1.0,16,VH-283771-1,36,True
283771,98114,1.29,14,VH-283771-2,60,True
283771,283556,5.16,17,VH-283771-3,36,True
98114,283344,0.31,10,VH-98114-1,36,True
98114,283771,1.29,18,VH-98114-2,36,True
98114,283367,4.95,16,VH-98114-3,60,True
28077,283388,0.98,18,VH-28077-1,36,True
28077,98115,3.21,21,VH-28077-2,60,True
28077,283387,3.7,16,VH-28077-3,60,True
283387,283612,2.65,15,VH-283387-1,48,True
283387,283388,3.01,18,VH-283387-2,36,True
283387,28077,3.7,22,VH-283387-3,36,True
283388,28077,0.98,19,VH-283388-1,36,True
283388,283387,3.01,21,VH-283388-2,60,True
283388,283612,4.02,23,VH-283388-3,36,True
283612,283387,2.65,14,VH-283612-1,36,True
283612,283388,4.02,23,VH-283612-2,24,True
283612,28077,4.11,16,VH-283612-3,48,True
98115,28077,3.21,15,VH-98115-1,48,True
98115,283388,4.16,16,VH-98115-2,24,True
98115,283612,5.05,19,VH-98115-3,24,True
28043,284252,4.41,25,VH-28043-1,36,True
28043,283831,4.79,24,VH-28043-2,36,True
28043,282966,8.54,24,VH-28043-3,36,True
28062,98121,109.24,145,VH-28062-1,48,True
28062,285068,115.56,199,VH-28062-2,60,True
28062,98116,117.99,197,VH-28062-3,36,True
282966,283831,3.83,19,VH-282966-1,48,True
282966,284252,4.77,22,VH-282966-2,60,True
282966,284118,5.96,21,VH-282966-3,48,True
283769,283888,0.85,19,VH-283769-1,48,True
283769,284118,1.11,17,VH-283769-2,36,True
283769,282966,6.87,25,VH-283769-3,24,True
283831,284252,2.36,19,VH-283831-1,60,True
283831,282966,3.83,15,VH-283831-2,60,True
283831,28043,4.79,24,VH-283831-3,24,True
283888,283769,0.85,10,VH-283888-1,36,True
283888,284118,0.96,19,VH-283888-2,24,True
283888,282966,6.1,23,VH-283888-3,24,True
283938,28053,1.59,18,VH-283938-1,36,True
283938,283755,14.72,28,VH-283938-2,24,True
283938,98119,16.35,41,VH-283938-3,60,True
284118,283888,0.96,10,VH-284118-1,48,True
284118,283769,1.11,16,VH-284118-2,36,True
284118,282966,5.96,16,VH-284118-3,36,True
284252,283831,2.36,17,VH-284252-1,24,True
284252,28043,4.41,23,VH-284252-2,24,True
284252,282966,4.77,17,VH-284252-3,48,True
284636,28094,0.0,13,VH-284636-1,48,True
284636,28034,1.1,13,VH-284636-2,48,True
284636,28091,1.1,15,VH-284636-3,48,True
285236,283701,612.74,791,VH-285236-1,60,True
285236,283703,616.09,794,VH-285236-2,48,True
285236,284406,616.61,943,VH-285236-3,60,True
28006,28058,0.0,13,VH-28006-1,36,True
28006,28080,0.0,9,VH-28006-2,36,True
28006,283360,0.0,13,VH-28006-3,36,True
28008,28058,0.49,15,VH-28008-1,48,True
28008,28080,0.49,14,VH-28008-2,36,True
28008,283360,0.49,18,VH-28008-3,60,True
28009,28058,2.2,19,VH-28009-1,36,True
28009,28080,2.2,21,VH-28009-2,36,True
28009,283360,2.2,21,VH-28009-3,48,True
280240,28008,1.06,15,VH-280240-1,36,True
280240,28058,1.36,13,VH-280240-2,24,True
280240,283360,1.36,14,VH-280240-3,24,True
28058,28080,0.0,18,VH-28058-1,24,True
28058,283360,0.0,8,VH-28058-2,24,True
28058,283836,0.0,11,VH-28058-3,24,True
28080,28058,0.0,12,VH-28080-1,24,True
28080,283360,0.0,12,VH-28080-2,48,True
28080,283836,0.0,12,VH-28080-3,60,True
283360,28058,0.0,17,VH-283360-1,48,True
283360,28080,0.0,14,VH-283360-2,60,True
283360,283836,0.0,10,VH-283360-3,48,True
283836,28058,0.0,9,VH-283836-1,48,True
283836,28080,0.0,15,VH-283836-2,48,True
283836,283360,0.0,11,VH-283836-3,48,True
284134,284563,3.28,22,VH-284134-1,60,True
284134,280240,3.75,15,VH-284134-2,60,True
284134,28080,4.5,20,VH-284134-3,24,True
284406,284179,0.0,18,VH-284406-1,36,True
284406,280395,0.0,14,VH-284406-2,60,True
284406,283703,3.82,21,VH-284406-3,24,True
284563,28058,2.79,13,VH-284563-1,48,True
284563,28080,2.79,12,VH-284563-2,60,True
284563,283360,2.79,15,VH-284563-3,24,True
284575,283702,0.0,13,VH-284575-1,48,True
284575,283607,14.3,35,VH-284575-2,24,True
284575,280237,20.64,42,VH-284575-3,24,True
282361,282974,1.19,11,VH-282361-1,36,True
282361,283605,1.48,11,VH-282361-2,48,True
282361,284975,2.9,18,VH-282361-3,24,True
282972,283605,3.32,22,VH-282972-1,60,True
282972,282361,4.0,19,VH-282972-2,36,True
282972,282974,5.15,17,VH-282972-3,36,True
282974,282361,1.19,11,VH-282974-1,60,True
282974,284975,1.9,11,VH-282974-2,36,True
282974,283605,2.21,14,VH-282974-3,24,True
283605,282361,1.48,17,VH-283605-1,36,True
283605,282974,2.21,17,VH-283605-2,60,True
283605,284975,3.16,15,VH-283605-3,24,True
283616,282972,5.69,21,VH-283616-1,48,True
283616,283605,8.99,33,VH-283616-2,36,True
283616,282361,9.64,26,VH-283616-3,48,True
284975,282974,1.9,19,VH-284975-1,24,True
284975,282361,2.9,22,VH-284975-2,36,True
284975,283605,3.16,17,VH-284975-3,48,True
283701,284179,4.32,26,VH-283701-1,36,True
283701,284406,4.32,14,VH-283701-2,36,True
283701,280395,4.32,18,VH-283701-3,24,True
283703,284406,3.82,19,VH-283703-1,48,True
283703,284179,3.82,15,VH-283703-2,24,True
283703,280395,3.82,19,VH-283703-3,60,True
284179,284406,0.0,14,VH-284179-1,36,True
284179,280395,0.0,12,VH-284179-2,24,True
284179,283703,3.82,22,VH-284179-3,24,True
280241,285168,3.18,13,VH-280241-1,48,True
280241,283386,4.42,24,VH-280241-2,48,True
280241,28097,5.51,23,VH-280241-3,24,True
28034,28091,0.0,9,VH-28034-1,48,True
28034,282389,0.85,14,VH-28034-2,36,True
28034,28094,1.1,19,VH-28034-3,48,True
28067,98104,0.0,15,VH-28067-1,60,True
28067,28097,0.42,13,VH-28067-2,24,True
28067,282389,1.67,19,VH-28067-3,48,True
28091,28034,0.0,11,VH-28091-1,60,True
28091,282389,0.85,11,VH-28091-2,60,True
28091,28094,1.1,17,VH-28091-3,48,True
28094,284636,0.0,8,VH-28094-1,24,True
28094,28034,1.1,18,VH-28094-2,24,True
28094,28091,1.1,14,VH-28094-3,36,True
28097,98104,0.42,14,VH-28097-1,24,True
28097,28067,0.42,15,VH-28097-2,48,True
28097,282389,1.86,14,VH-28097-3,48,True
28099,282389,1.31,15,VH-28099-1,48,True
28099,28034,1.55,12,VH-28099-2,36,True
28099,28091,1.55,15,VH-28099-3,36,True
282389,28034,0.85,19,VH-282389-1,36,True
282389,28091,0.85,12,VH-282389-2,24,True
282389,28099,1.31,17,VH-282389-3,48,True
282397,285086,2.0,19,VH-282397-1,36,True
282397,283371,4.54,23,VH-282397-2,36,True
282397,98104,5.08,17,VH-282397-3,36,True
283371,283603,1.59,18,VH-283371-1,60,True
283371,28099,1.68,11,VH-283371-2,48,True
283371,285086,2.73,19,VH-283371-3,24,True
283386,285168,3.66,19,VH-283386-1,36,True
283386,280241,4.42,19,VH-283386-2,60,True
283386,28097,5.86,26,VH-283386-3,48,True
283603,283371,1.59,15,VH-283603-1,36,True
283603,28099,2.24,21,VH-283603-2,36,True
283603,282389,3.55,18,VH-283603-3,24,True
285086,282397,2.0,14,VH-285086-1,36,True
285086,283371,2.73,14,VH-285086-2,48,True
285086,28099,3.22,23,VH-285086-3,60,True
285168,28097,2.63,18,VH-285168-1,60,True
285168,98104,2.83,16,VH-285168-2,36,True
285168,28067,2.83,17,VH-285168-3,60,True
98104,28067,0.0,16,VH-98104-1,24,True
98104,28097,0.42,16,VH-98104-2,36,True
98104,282389,1.67,14,VH-98104-3,36,True
284547,283376,0.29,13,VH-284547-1,36,True
284547,28068,2.21,12,VH-284547-2,48,True
284547,283517,2.48,16,VH-284547-3,60,True
285128,28023,1.79,19,VH-285128-1,36,True
285128,285108,1.79,15,VH-285128-2,24,True
285128,283390,2.08,15,VH-285128-3,36,True
98113,285054,0.11,13,VH-98113-1,24,True
98113,98107,0.97,15,VH-98113-2,36,True
98113,283070,1.35,17,VH-98113-3,60,True
28035,283069,3.55,23,VH-28035-1,24,True
28035,283626,4.42,19,VH-28035-2,24,True
28035,284225,4.98,24,VH-28035-3,48,True
283069,283626,0.93,16,VH-283069-1,24,True
283069,284438,1.99,12,VH-283069-2,48,True
283069,284225,2.34,19,VH-283069-3,48,True
283461,28089,0.0,11,VH-283461-1,60,True
283461,284242,0.0,18,VH-283461-2,36,True
283461,284226,0.38,16,VH-283461-3,48,True
284226,28089,0.38,16,VH-284226-1,48,True
284226,284242,0.38,10,VH-284226-2,60,True
284226,283461,0.38,10,VH-284226-3,48,True
284249,284594,1.14,12,VH-284249-1,48,True
284249,284225,3.61,19,VH-284249-2,48,True
284249,284226,4.74,23,VH-284249-3,48,True
284323,285306,5.89,20,VH-284323-1,36,True
284323,284594,8.38,32,VH-284323-2,24,True
284323,284226,9.25,29,VH-284323-3,24,True
284438,28045,0.47,10,VH-284438-1,24,True
284438,283626,1.53,19,VH-284438-2,36,True
284438,283069,1.99,21,VH-284438-3,48,True
28011,283557,48.83,85,VH-28011-1,24,True
28011,284895,49.46,108,VH-28011-2,60,True
28011,28096,49.57,77,VH-28011-3,48,True
28073,284221,44.94,78,VH-28073-1,60,True
28073,28096,46.26,86,VH-28073-2,24,True
28073,283557,47.03,72,VH-28073-3,60,True
28096,283557,1.31,10,VH-28096-1,24,True
28096,284221,1.34,13,VH-28096-2,60,True
28096,284895,6.03,19,VH-28096-3,36,True
283557,28096,1.31,11,VH-283557-1,36,True
283557,284221,2.44,17,VH-283557-2,60,True
283557,284895,7.08,22,VH-283557-3,60,True
284221,28096,1.34,11,VH-284221-1,60,True
284221,283557,2.44,22,VH-284221-2,60,True
284221,284895,6.08,20,VH-284221-3,36,True
284895,28096,6.03,23,VH-284895-1,60,True
284895,284221,6.08,23,VH-284895-2,60,True
284895,283557,7.08,18,VH-284895-3,60,True
28069,28072,0.0,15,VH-28069-1,24,True
28069,283634,0.0,15,VH-28069-2,36,True
28069,28037,0.86,19,VH-28069-3,36,True
283068,28065,0.77,16,VH-283068-1,60,True
283068,28056,0.96,14,VH-283068-2,48,True
283068,280237,1.69,19,VH-283068-3,60,True
28038,283675,2.68,20,VH-28038-1,60,True
28038,284240,2.76,15,VH-28038-2,24,True
28038,285054,3.13,23,VH-28038-3,60,True
283998,28100,1.34,15,VH-283998-1,24,True
283998,98110,2.35,18,VH-283998-2,48,True
283998,284494,2.66,13,VH-283998-3,24,True
28078,280557,2.73,21,VH-28078-1,24,True
28078,283623,2.73,19,VH-28078-2,24,True
28078,98117,2.73,20,VH-28078-3,60,True
283071,28078,9.03,21,VH-283071-1,36,True
283071,280557,10.41,29,VH-283071-2,24,True
283071,283623,10.41,35,VH-283071-3,60,True
283471,280557,3.09,19,VH-283471-1,48,True
283471,283623,3.09,20,VH-283471-2,36,True
283471,98117,3.09,15,VH-283471-3,60,True
283623,280557,0.0,15,VH-283623-1,48,True
283623,98117,0.0,9,VH-283623-2,36,True
283623,28055,0.0,17,VH-283623-3,24,True
28027,285300,1.77,12,VH-28027-1,24,True
28027,284935,1.77,18,VH-28027-2,60,True
28027,285211,2.79,22,VH-28027-3,24,True
283072,283652,0.65,18,VH-283072-1,24,True
283072,285300,3.36,20,VH-283072-2,48,True
283072,284935,3.36,18,VH-283072-3,60,True
283618,285211,3.22,20,VH-283618-1,24,True
283618,285300,3.8,21,VH-283618-2,48,True
283618,284935,3.8,18,VH-283618-3,24,True
283652,283072,0.65,10,VH-283652-1,60,True
283652,285300,2.74,14,VH-283652-2,24,True
283652,284935,2.74,18,VH-283652-3,48,True
285211,285300,1.02,17,VH-285211-1,60,True
285211,284935,1.02,18,VH-285211-2,36,True
285211,28027,2.79,19,VH-285211-3,48,True
285300,284935,0.0,12,VH-285300-1,60,True
285300,285211,1.02,18,VH-285300-2,60,True
285300,28027,1.77,12,VH-285300-3,48,True
28036,280240,3.39,19,VH-28036-1,24,True
28036,28008,3.84,21,VH-28036-2,60,True
28036,28058,4.33,21,VH-28036-3,24,True
28063,284890,0.29,9,VH-28063-1,60,True
28063,285079,0.29,12,VH-28063-2,60,True
28063,285253,0.66,10,VH-28063-3,48,True
28093,285313,3.08,13,VH-28093-1,60,True
28093,284890,3.38,19,VH-28093-2,48,True
28093,285079,3.38,22,VH-28093-3,36,True
282430,28093,3.61,19,VH-282430-1,24,True
282430,283914,5.74,20,VH-282430-2,48,True
282430,285313,6.01,24,VH-282430-3,48,True
283662,284394,3.45,14,VH-283662-1,36,True
283662,98116,6.33,22,VH-283662-2,24,True
283662,284397,6.61,27,VH-283662-3,48,True
283914,284397,2.38,20,VH-283914-1,60,True
283914,285313,3.65,21,VH-283914-2,48,True
283914,28093,5.03,25,VH-283914-3,36,True
284394,284397,3.23,16,VH-284394-1,60,True
284394,283662,3.45,20,VH-284394-2,24,True
284394,285313,4.07,22,VH-284394-3,24,True
284397,285313,1.7,18,VH-284397-1,36,True
284397,283914,2.38,19,VH-284397-2,60,True
284397,284394,3.23,14,VH-284397-3,24,True
284890,285079,0.0,12,VH-284890-1,48,True
284890,28063,0.29,9,VH-284890-2,60,True
284890,285253,0.93,19,VH-284890-3,24,True
285068,98116,8.42,28,VH-285068-1,36,True
285068,285253,8.73,23,VH-285068-2,36,True
285068,28063,9.38,25,VH-285068-3,24,True
285079,284890,0.0,15,VH-285079-1,60,True
285079,28063,0.29,12,VH-285079-2,60,True
285079,285253,0.93,11,VH-285079-3,60,True
285253,28063,0.66,11,VH-285253-1,24,True
285253,284890,0.93,16,VH-285253-2,60,True
285253,285079,0.93,17,VH-285253-3,60,True
285313,284397,1.7,19,VH-285313-1,48,True
285313,284890,1.7,20,VH-285313-2,24,True
285313,285079,1.7,19,VH-285313-3,48,True
98116,285253,2.1,20,VH-98116-1,48,True
98116,28063,2.49,22,VH-98116-2,48,True
98116,285079,2.76,14,VH-98116-3,48,True
28016,283450,4.76,22,VH-28016-1,24,True
28016,28073,97.07,192,VH-28016-2,60,True
28016,283556,110.9,210,VH-28016-3,48,True
283450,28016,4.76,25,VH-283450-1,24,True
283450,28073,93.66,148,VH-283450-2,24,True
283450,283556,106.14,183,VH-283450-3,24,True
28023,285128,1.79,20,VH-28023-1,48,True
28023,283390,2.48,17,VH-28023-2,24,True
28023,28024,3.32,19,VH-28023-3,48,True
283675,284240,0.65,14,VH-283675-1,60,True
283675,282429,1.39,15,VH-283675-2,24,True
283675,98107,2.62,15,VH-283675-3,60,True
284154,285128,2.7,12,VH-284154-1,48,True
284154,98110,3.25,15,VH-284154-2,24,True
284154,28013,3.26,15,VH-284154-3,60,True
284224,284569,4.85,25,VH-284224-1,60,True
284224,285241,5.11,16,VH-284224-2,60,True
284224,283052,5.62,21,VH-284224-3,24,True
28001,28075,1.07,15,VH-28001-1,36,True
28001,28071,2.48,16,VH-28001-2,60,True
28001,28090,2.89,19,VH-28001-3,48,True
280557,283623,0.0,13,VH-280557-1,60,True
280557,98117,0.0,14,VH-280557-2,60,True
280557,28055,0.0,12,VH-280557-3,24,True
28071,28001,2.48,15,VH-28071-1,36,True
28071,28075,2.5,18,VH-28071-2,24,True
28071,28090,5.09,21,VH-28071-3,36,True
28074,28090,4.66,19,VH-28074-1,24,True
28074,28001,7.22,18,VH-28074-2,36,True
28074,28075,7.22,29,VH-28074-3,60,True
28075,28001,1.07,11,VH-28075-1,36,True
28075,28071,2.5,22,VH-28075-2,24,True
28075,28090,2.61,19,VH-28075-3,60,True
28090,28075,2.61,21,VH-28090-1,48,True
28090,28001,2.89,18,VH-28090-2,36,True
28090,28074,4.66,24,VH-28090-3,24,True
28092,28071,9.53,24,VH-28092-1,24,True
28092,28075,10.66,30,VH-28092-2,60,True
28092,28001,11.42,26,VH-28092-3,60,True
24001,283829,2.9,14,VH-24001-1,48,True
24001,24003,3.02,20,VH-24001-2,24,True
24001,24002,9.16,27,VH-24001-3,24,True
24003,283829,1.41,13,VH-24003-1,48,True
24003,24001,3.02,15,VH-24003-2,48,True
24003,283850,10.13,31,VH-24003-3,48,True
283829,24003,1.41,13,VH-283829-1,24,True
283829,24001,2.9,16,VH-283829-2,48,True
283829,283850,11.2,30,VH-283829-3,60,True
283850,24001,9.29,29,VH-283850-1,60,True
283850,24003,10.13,30,VH-283850-2,60,True
283850,283829,11.2,30,VH-283850-3,24,True
24002,24001,9.16,31,VH-24002-1,48,True
24002,283829,11.74,28,VH-24002-2,48,True
24002,24003,12.17,30,VH-24002-3,60,True
282700,30067,0.0,17,VH-282700-1,60,True
282700,30010,0.0,16,VH-282700-2,36,True
282700,283240,0.0,15,VH-282700-3,48,True
282716,284055,7.67,21,VH-282716-1,60,True
282716,33123,8.91,30,VH-282716-2,24,True
282716,30228,11.82,33,VH-282716-3,36,True
282726,30069,0.0,15,VH-282726-1,48,True
282726,30174,4.19,15,VH-282726-2,24,True
282726,284489,8.96,24,VH-282726-3,60,True
283472,30008,1.09,11,VH-283472-1,24,True
283472,30149,1.58,16,VH-283472-2,48,True
283472,30265,2.42,22,VH-283472-3,48,True
284055,33123,2.37,16,VH-284055-1,60,True
284055,30248,4.7,15,VH-284055-2,24,True
284055,30228,6.61,21,VH-284055-3,36,True
284978,30033,9.38,32,VH-284978-1,60,True
284978,30248,15.4,37,VH-284978-2,24,True
284978,33123,19.01,39,VH-284978-3,36,True
30033,30248,7.05,25,VH-30033-1,48,True
30033,284978,9.38,24,VH-30033-2,48,True
30033,284055,10.35,28,VH-30033-3,36,True
30179,282716,15.09,35,VH-30179-1,24,True
30179,284055,22.3,48,VH-30179-2,24,True
30179,33123,22.75,47,VH-30179-3,24,True
30228,33123,4.24,16,VH-30228-1,60,True
30228,30248,5.21,19,VH-30228-2,48,True
30228,284055,6.61,18,VH-30228-3,36,True
30268,283913,13.04,29,VH-30268-1,36,True
30268,280430,17.03,32,VH-30268-2,48,True
30268,283489,21.77,41,VH-30268-3,60,True
33123,284055,2.37,17,VH-33123-1,60,True
33123,30248,3.61,16,VH-33123-2,36,True
33123,30228,4.24,19,VH-33123-3,48,True
280224,30127,0.0,13,VH-280224-1,48,True
280224,30286,0.0,15,VH-280224-2,60,True
280224,283268,0.0,11,VH-280224-3,36,True
280430,283489,4.94,24,VH-280430-1,36,True
280430,283913,7.23,27,VH-280430-2,60,True
280430,282725,8.72,29,VH-280430-3,60,True
282699,284490,0.86,13,VH-282699-1,24,True
282699,30278,2.31,18,VH-282699-2,24,True
282699,30173,2.36,19,VH-282699-3,36,True
282724,30269,0.71,13,VH-282724-1,60,True
282724,284726,2.18,17,VH-282724-2,24,True
282724,33115,2.18,13,VH-282724-3,60,True
282725,30250,1.78,13,VH-282725-1,60,True
282725,30160,3.04,15,VH-282725-2,60,True
282725,30278,3.06,20,VH-282725-3,60,True
282727,30127,0.0,9,VH-282727-1,24,True
282727,30286,0.0,9,VH-282727-2,24,True
282727,283268,0.0,12,VH-282727-3,36,True
282737,30303,0.28,17,VH-282737-1,48,True
282737,30039,0.99,11,VH-282737-2,36,True
282737,30037,1.12,10,VH-282737-3,60,True
283268,30127,0.0,15,VH-283268-1,60,True
283268,30286,0.0,12,VH-283268-2,48,True
283268,283374,0.0,9,VH-283268-3,36,True
283340,30037,0.56,16,VH-283340-1,36,True
283340,30039,0.61,14,VH-283340-2,36,True
283340,30303,1.47,12,VH-283340-3,48,True
283374,30127,0.0,17,VH-283374-1,48,True
283374,30286,0.0,14,VH-283374-2,48,True
283374,283268,0.0,12,VH-283374-3,36,True
283451,30152,13.25,32,VH-283451-1,24,True
283451,283855,13.25,29,VH-283451-2,48,True
283451,30189,13.25,34,VH-283451-3,60,True
283856,284726,0.0,18,VH-283856-1,60,True
283856,33115,0.0,10,VH-283856-2,24,True
283856,282724,2.18,19,VH-283856-3,24,True
283859,284723,0.73,12,VH-283859-1,60,True
283859,30168,1.48,13,VH-283859-2,24,True
283859,33131,1.48,16,VH-283859-3,36,True
283886,283983,1.03,10,VH-283886-1,60,True
283886,283970,1.58,17,VH-283886-2,60,True
283886,30290,2.64,20,VH-283886-3,24,True
283913,280430,7.23,30,VH-283913-1,24,True
283913,283489,11.85,28,VH-283913-2,60,True
283913,30069,12.02,33,VH-283913-3,60,True
283920,30092,3.45,15,VH-283920-1,24,True
283920,30142,4.38,17,VH-283920-2,36,True
283920,30111,4.96,17,VH-283920-3,60,True
283970,283886,1.58,15,VH-283970-1,36,True
283970,283983,1.97,20,VH-283970-2,24,True
283970,284037,2.18,15,VH-283970-3,24,True
283983,283886,1.03,12,VH-283983-1,24,True
283983,283970,1.97,13,VH-283983-2,60,True
283983,284037,3.07,14,VH-283983-3,36,True
284037,283970,2.18,20,VH-284037-1,24,True
284037,284554,2.78,15,VH-284037-2,24,True
284037,30301,3.04,21,VH-284037-3,24,True
284400,30035,2.08,13,VH-284400-1,60,True
284400,285050,2.08,19,VH-284400-2,60,True
284400,33107,3.4,19,VH-284400-3,60,True
284451,30246,0.97,13,VH-284451-1,60,True
284451,30153,1.21,13,VH-284451-2,24,True
284451,284554,1.39,18,VH-284451-3,24,True
284490,282699,0.86,17,VH-284490-1,36,True
284490,283859,2.15,12,VH-284490-2,60,True
284490,30173,2.49,21,VH-284490-3,36,True
284554,30246,1.07,10,VH-284554-1,60,True
284554,30168,1.34,13,VH-284554-2,24,True
284554,33131,1.34,16,VH-284554-3,60,True
284723,283859,0.73,11,VH-284723-1,48,True
284723,30168,2.08,19,VH-284723-2,60,True
284723,33131,2.08,17,VH-284723-3,48,True
284726,33115,0.0,16,VH-284726-1,48,True
284726,283856,0.0,16,VH-284726-2,48,True
284726,282724,2.18,17,VH-284726-3,60,True
285106,30290,1.41,18,VH-285106-1,60,True
285106,283378,3.42,14,VH-285106-2,60,True
285106,283886,4.05,23,VH-285106-3,48,True
30001,30072,0.0,9,VH-30001-1,48,True
30001,30040,0.61,15,VH-30001-2,60,True
30001,30142,0.74,18,VH-30001-3,48,True
30002,282694,0.0,13,VH-30002-1,48,True
30002,30036,1.96,19,VH-30002-2,60,True
30002,283340,2.22,12,VH-30002-3,48,True
30035,285050,0.0,16,VH-30035-1,36,True
30035,33107,1.35,14,VH-30035-2,36,True
30035,284400,2.08,11,VH-30035-3,24,True
30036,30002,1.96,14,VH-30036-1,48,True
30036,282694,1.96,18,VH-30036-2,60,True
30036,283340,2.86,22,VH-30036-3,24,True
30037,30039,0.18,17,VH-30037-1,60,True
30037,283340,0.56,18,VH-30037-2,48,True
30037,30303,0.95,16,VH-30037-3,60,True
30038,30079,0.0,13,VH-30038-1,24,True
30038,30052,0.0,10,VH-30038-2,48,True
30038,283403,0.46,14,VH-30038-3,60,True
30039,30037,0.18,17,VH-30039-1,36,True
30039,283340,0.61,15,VH-30039-2,36,True
30039,30303,0.86,19,VH-30039-3,60,True
30040,30001,0.61,10,VH-30040-1,24,True
30040,30072,0.61,18,VH-30040-2,48,True
30040,30142,0.9,18,VH-30040-3,60,True
30092,33107,1.96,17,VH-30092-1,48,True
30092,30035,2.11,18,VH-30092-2,24,True
30092,285050,2.11,15,VH-30092-3,36,True
30099,33125,0.91,14,VH-30099-1,48,True
30099,30250,3.75,24,VH-30099-2,60,True
30099,284451,3.87,15,VH-30099-3,36,True
30111,283920,4.96,20,VH-30111-1,60,True
30111,30092,5.26,25,VH-30111-2,48,True
30111,284400,5.62,19,VH-30111-3,36,True
30120,284491,1.37,16,VH-30120-1,24,True
30120,283340,1.6,16,VH-30120-2,60,True
30120,30037,1.67,13,VH-30120-3,24,True
30142,30001,0.74,12,VH-30142-1,36,True
30142,30072,0.74,10,VH-30142-2,24,True
30142,30040,0.9,12,VH-30142-3,60,True
30153,284451,1.21,15,VH-30153-1,36,True
30153,284554,1.76,17,VH-30153-2,24,True
30153,30246,2.01,20,VH-30153-3,60,True
30160,282725,3.04,23,VH-30160-1,36,True
30160,30250,3.55,14,VH-30160-2,24,True
30160,33125,3.66,14,VH-30160-3,48,True
30168,33131,0.0,8,VH-30168-1,24,True
30168,284554,1.34,18,VH-30168-2,24,True
30168,30246,1.42,18,VH-30168-3,60,True
30173,30278,1.99,17,VH-30173-1,60,True
30173,282699,2.36,14,VH-30173-2,48,True
30173,284490,2.49,20,VH-30173-3,24,True
30246,284451,0.97,10,VH-30246-1,36,True
30246,284554,1.07,19,VH-30246-2,60,True
30246,33131,1.42,15,VH-30246-3,60,True
30247,30127,0.0,10,VH-30247-1,36,True
30247,30286,0.0,11,VH-30247-2,48,True
30247,283268,0.0,13,VH-30247-3,48,True
30250,282725,1.78,20,VH-30250-1,36,True
30250,282699,2.68,19,VH-30250-2,48,True
30250,33125,2.84,14,VH-30250-3,36,True
30269,282724,0.71,18,VH-30269-1,60,True
30269,282737,1.8,14,VH-30269-2,48,True
30269,30303,2.05,19,VH-30269-3,48,True
30290,285106,1.41,15,VH-30290-1,24,True
30290,283886,2.64,17,VH-30290-2,60,True
30290,283970,3.14,13,VH-30290-3,48,True
30301,283403,1.9,14,VH-30301-1,24,True
30301,33107,1.97,20,VH-30301-2,24,True
30301,30153,2.17,18,VH-30301-3,48,True
30303,282737,0.28,17,VH-30303-1,48,True
30303,30039,0.86,16,VH-30303-2,60,True
30303,30037,0.95,11,VH-30303-3,48,True
33102,30127,0.0,10,VH-33102-1,48,True
33102,30286,0.0,11,VH-33102-2,24,True
33102,283268,0.0,16,VH-33102-3,36,True
33107,30035,1.35,20,VH-33107-1,60,True
33107,285050,1.35,13,VH-33107-2,48,True
33107,30092,1.96,18,VH-33107-3,24,True
33115,284726,0.0,15,VH-33115-1,60,True
33115,283856,0.0,15,VH-33115-2,24,True
33115,282724,2.18,12,VH-33115-3,36,True
33125,30099,0.91,11,VH-33125-1,24,True
33125,30250,2.84,18,VH-33125-2,24,True
33125,284451,3.61,20,VH-33125-3,60,True
33131,30168,0.0,17,VH-33131-1,48,True
33131,284554,1.34,19,VH-33131-2,48,True
33131,30246,1.42,16,VH-33131-3,60,True
282702,30165,0.0,9,VH-282702-1,48,True
282702,283990,0.4,18,VH-282702-2,24,True
282702,284973,0.99,11,VH-282702-3,24,True
282707,30028,0.0,16,VH-282707-1,24,True
282707,284057,76.5,136,VH-282707-2,36,True
282707,30098,82.39,145,VH-282707-3,60,True
283855,30152,0.0,8,VH-283855-1,48,True
283855,30189,0.0,9,VH-283855-2,36,True
283855,30272,5.47,19,VH-283855-3,36,True
283908,30127,0.0,17,VH-283908-1,36,True
283908,30286,0.0,16,VH-283908-2,36,True
283908,283268,0.0,17,VH-283908-3,24,True
283990,30165,0.4,9,VH-283990-1,48,True
283990,282702,0.4,15,VH-283990-2,48,True
283990,284973,0.63,10,VH-283990-3,36,True
284475,33124,1.72,10,VH-284475-1,60,True
284475,30154,2.7,20,VH-284475-2,48,True
284475,30119,3.67,16,VH-284475-3,60,True
284478,285052,3.73,15,VH-284478-1,60,True
284478,33110,5.12,20,VH-284478-2,24,True
284478,30214,5.36,16,VH-284478-3,24,True
284973,283990,0.63,13,VH-284973-1,36,True
284973,282702,0.99,15,VH-284973-2,48,True
284973,30165,0.99,15,VH-284973-3,24,True
285052,33110,1.44,17,VH-285052-1,60,True
285052,30214,2.61,12,VH-285052-2,48,True
285052,284478,3.73,17,VH-285052-3,36,True
30010,282700,0.0,12,VH-30010-1,36,True
30010,30067,0.0,14,VH-30010-2,60,True
30010,283240,0.0,8,VH-30010-3,48,True
30069,282726,0.0,9,VH-30069-1,24,True
30069,30174,4.19,14,VH-30069-2,24,True
30069,284489,8.96,25,VH-30069-3,24,True
30107,30119,0.0,16,VH-30107-1,48,True
30107,30212,0.0,9,VH-30107-2,24,True
30107,30165,1.11,18,VH-30107-3,36,True
30116,30154,1.64,11,VH-30116-1,60,True
30116,33124,2.63,21,VH-30116-2,36,True
30116,30214,2.92,13,VH-30116-3,24,True
30119,30107,0.0,9,VH-30119-1,24,True
30119,30212,0.0,16,VH-30119-2,60,True
30119,30165,1.11,19,VH-30119-3,60,True
30152,283855,0.0,11,VH-30152-1,48,True
30152,30189,0.0,14,VH-30152-2,24,True
30152,30272,5.47,24,VH-30152-3,60,True
30154,33124,0.99,13,VH-30154-1,60,True
30154,30116,1.64,17,VH-30154-2,48,True
30154,30119,2.42,18,VH-30154-3,60,True
30165,282702,0.0,10,VH-30165-1,48,True
30165,283990,0.4,15,VH-30165-2,48,True
30165,284973,0.99,11,VH-30165-3,60,True
30182,284475,5.72,17,VH-30182-1,36,True
30182,284973,7.12,22,VH-30182-2,60,True
30182,33124,7.25,27,VH-30182-3,36,True
30189,30152,0.0,12,VH-30189-1,36,True
30189,283855,0.0,16,VH-30189-2,48,True
30189,30272,5.47,19,VH-30189-3,60,True
30212,30119,0.0,9,VH-30212-1,48,True
30212,30107,0.0,17,VH-30212-2,36,True
30212,30165,1.11,10,VH-30212-3,48,True
30214,30165,1.64,16,VH-30214-1,60,True
30214,282702,1.64,17,VH-30214-2,24,True
30214,30119,1.79,20,VH-30214-3,24,True
30272,30152,5.47,25,VH-30272-1,36,True
30272,283855,5.47,25,VH-30272-2,60,True
30272,30189,5.47,23,VH-30272-3,36,True
30273,30277,10.79,35,VH-30273-1,48,True
30273,285052,15.92,33,VH-30273-2,24,True
30273,284478,15.98,33,VH-30273-3,60,True
30277,285052,5.19,20,VH-30277-1,36,True
30277,284478,5.69,23,VH-30277-2,24,True
30277,33110,6.05,25,VH-30277-3,48,True
33110,285052,1.44,13,VH-33110-1,60,True
33110,30214,1.97,12,VH-33110-2,60,True
33110,30116,2.97,19,VH-33110-3,48,True
33124,30154,0.99,15,VH-33124-1,48,True
33124,284475,1.72,16,VH-33124-2,36,True
33124,30107,2.54,12,VH-33124-3,60,True
280228,33121,6.05,21,VH-280228-1,36,True
280228,30026,6.96,29,VH-280228-2,48,True
280228,30025,6.96,26,VH-280228-3,24,True
30025,283800,0.0,10,VH-30025-1,48,True
30025,30026,0.0,11,VH-30025-2,48,True
30025,282704,0.0,15,VH-30025-3,24,True
30026,283800,0.0,17,VH-30026-1,24,True
30026,30025,0.0,11,VH-30026-2,24,True
30026,282704,0.0,11,VH-30026-3,24,True
30027,283992,41.59,80,VH-30027-1,60,True
30027,280228,46.7,80,VH-30027-2,36,True
30027,280226,47.65,87,VH-30027-3,36,True
30091,280228,32.5,51,VH-30091-1,36,True
30091,30025,38.23,74,VH-30091-2,36,True
30091,283800,38.23,87,VH-30091-3,60,True
33121,30025,4.9,22,VH-33121-1,36,True
33121,283800,4.9,17,VH-33121-2,60,True
33121,30026,4.9,17,VH-33121-3,36,True
283240,282700,0.0,13,VH-283240-1,24,True
283240,30067,0.0,14,VH-283240-2,60,True
283240,30010,0.0,14,VH-283240-3,36,True
283994,30299,12.97,30,VH-283994-1,24,True
283994,283383,29.03,55,VH-283994-2,36,True
283994,30166,31.51,63,VH-283994-3,48,True
284036,30127,0.0,11,VH-284036-1,24,True
284036,30286,0.0,13,VH-284036-2,24,True
284036,283268,0.0,15,VH-284036-3,36,True
33130,285113,28.18,64,VH-33130-1,60,True
33130,284054,28.58,59,VH-33130-2,48,True
33130,30300,55.43,114,VH-33130-3,24,True
283800,30025,0.0,12,VH-283800-1,60,True
283800,30026,0.0,14,VH-283800-2,36,True
283800,282704,0.0,18,VH-283800-3,36,True
285143,30137,2.49,21,VH-285143-1,36,True
285143,30207,24.03,60,VH-285143-2,48,True
285143,30030,25.73,57,VH-285143-3,36,True
30021,30030,0.0,14,VH-30021-1,36,True
30021,30137,23.46,46,VH-30021-2,48,True
30021,285143,25.73,51,VH-30021-3,36,True
30030,30021,0.0,18,VH-30030-1,36,True
30030,30137,23.46,39,VH-30030-2,48,True
30030,285143,25.73,57,VH-30030-3,48,True
30137,285143,2.49,18,VH-30137-1,24,True
30137,30207,22.94,58,VH-30137-2,24,True
30137,30030,23.46,56,VH-30137-3,60,True
30156,30239,0.0,16,VH-30156-1,36,True
30156,30254,0.66,11,VH-30156-2,24,True
30156,30207,36.17,77,VH-30156-3,24,True
30178,30127,0.0,9,VH-30178-1,36,True
30178,30286,0.0,14,VH-30178-2,60,True
30178,283268,0.0,9,VH-30178-3,60,True
30180,285143,28.44,67,VH-30180-1,60,True
30180,282696,29.18,59,VH-30180-2,48,True
30180,30137,30.93,64,VH-30180-3,60,True
30207,30137,22.94,51,VH-30207-1,24,True
30207,285143,24.03,45,VH-30207-2,36,True
30207,30030,33.34,73,VH-30207-3,24,True
30225,30127,0.0,10,VH-30225-1,24,True
30225,30286,0.0,17,VH-30225-2,48,True
30225,283268,0.0,9,VH-30225-3,48,True
30254,30239,0.66,9,VH-30254-1,24,True
30254,30156,0.66,10,VH-30254-2,24,True
30254,30207,36.04,74,VH-30254-3,24,True
30289,30127,0.0,16,VH-30289-1,60,True
30289,30286,0.0,16,VH-30289-2,36,True
30289,283268,0.0,9,VH-30289-3,24,True
282705,283293,3.76,18,VH-282705-1,60,True
282705,283366,5.4,20,VH-282705-2,48,True
282705,30127,6.84,27,VH-282705-3,48,True
283918,33104,3.52,20,VH-283918-1,60,True
283918,30127,3.63,19,VH-283918-2,48,True
283918,283268,3.63,23,VH-283918-3,48,True
284027,33104,1.07,17,VH-284027-1,24,True
284027,30127,1.56,13,VH-284027-2,60,True
284027,283268,1.56,19,VH-284027-3,48,True
284489,30264,1.93,12,VH-284489-1,48,True
284489,283378,6.53,19,VH-284489-2,24,True
284489,30069,8.96,21,VH-284489-3,60,True
30041,30127,0.0,14,VH-30041-1,24,True
30041,30286,0.0,13,VH-30041-2,48,True
30041,283268,0.0,17,VH-30041-3,48,True
30094,30127,0.0,16,VH-30094-1,24,True
30094,30286,0.0,16,VH-30094-2,48,True
30094,283268,0.0,11,VH-30094-3,48,True
30104,30184,0.73,17,VH-30104-1,36,True
30104,30175,59.82,99,VH-30104-2,36,True
30104,30048,61.26,120,VH-30104-3,36,True
30184,30104,0.73,19,VH-30184-1,60,True
30184,30175,59.73,103,VH-30184-2,24,True
30184,30048,61.36,127,VH-30184-3,48,True
30230,30127,0.0,13,VH-30230-1,36,True
30230,30286,0.0,18,VH-30230-2,24,True
30230,283268,0.0,10,VH-30230-3,24,True
30281,30127,0.0,8,VH-30281-1,36,True
30281,30286,0.0,12,VH-30281-2,48,True
30281,283268,0.0,15,VH-30281-3,48,True
33104,284027,1.07,12,VH-33104-1,36,True
33104,30127,1.58,19,VH-33104-2,24,True
33104,283268,1.58,20,VH-33104-3,60,True
282694,30002,0.0,18,VH-282694-1,60,True
282694,30036,1.96,17,VH-282694-2,36,True
282694,283340,2.22,17,VH-282694-3,48,True
283992,280226,6.09,20,VH-283992-1,36,True
283992,30059,6.09,17,VH-283992-2,48,True
283992,30075,6.09,18,VH-283992-3,48,True
284053,30127,0.0,15,VH-284053-1,60,True
284053,30286,0.0,15,VH-284053-2,24,True
284053,283268,0.0,10,VH-284053-3,60,True
30059,280226,0.0,16,VH-30059-1,24,True
30059,30009,0.0,14,VH-30059-2,24,True
30059,30017,0.0,8,VH-30059-3,48,True
280581,284715,3.81,20,VH-280581-1,24,True
280581,33118,5.24,25,VH-280581-2,36,True
280581,30202,5.62,25,VH-280581-3,48,True
282701,30195,1.19,11,VH-282701-1,24,True
282701,30042,5.3,23,VH-282701-2,60,True
282701,30294,37.07,65,VH-282701-3,36,True
283614,284715,4.87,27,VH-283614-1,48,True
283614,33118,7.2,27,VH-283614-2,60,True
283614,280581,7.95,25,VH-283614-3,36,True
283917,30280,0.46,18,VH-283917-1,24,True
283917,30202,1.75,13,VH-283917-2,60,True
283917,33118,4.39,20,VH-283917-3,36,True
284420,284713,0.0,9,VH-284420-1,36,True
284420,284030,10.33,34,VH-284420-2,48,True
284420,283917,11.73,35,VH-284420-3,60,True
284715,33118,3.06,21,VH-284715-1,60,True
284715,280581,3.81,15,VH-284715-2,36,True
284715,283614,4.87,23,VH-284715-3,60,True
30042,282701,5.3,24,VH-30042-1,48,True
30042,30195,5.95,23,VH-30042-2,60,True
30042,284030,41.27,75,VH-30042-3,48,True
30174,282726,4.19,16,VH-30174-1,48,True
30174,30069,4.19,19,VH-30174-2,24,True
30174,280581,9.95,31,VH-30174-3,24,True
30195,282701,1.19,10,VH-30195-1,48,True
30195,30042,5.95,26,VH-30195-2,60,True
30195,30294,35.98,71,VH-30195-3,24,True
30202,283917,1.75,18,VH-30202-1,36,True
30202,30280,1.79,12,VH-30202-2,24,True
30202,33118,3.91,21,VH-30202-3,36,True
30248,33123,3.61,17,VH-30248-1,24,True
30248,284055,4.7,24,VH-30248-2,36,True
30248,30228,5.21,22,VH-30248-3,48,True
30257,283997,0.0,13,VH-30257-1,60,True
30257,283614,15.92,32,VH-30257-2,48,True
30257,284715,20.01,47,VH-30257-3,24,True
30264,284489,1.93,16,VH-30264-1,24,True
30264,283378,5.64,18,VH-30264-2,36,True
30264,285106,9.01,25,VH-30264-3,48,True
30278,30173,1.99,18,VH-30278-1,36,True
30278,282699,2.31,20,VH-30278-2,48,True
30278,284490,3.01,12,VH-30278-3,48,True
30280,283917,0.46,12,VH-30280-1,36,True
30280,30202,1.79,20,VH-30280-2,60,True
30280,33118,3.98,22,VH-30280-3,24,True
33118,284715,3.06,16,VH-33118-1,36,True
33118,30202,3.91,19,VH-33118-2,24,True
33118,30280,3.98,16,VH-33118-3,60,True
282703,30161,5.35,24,VH-282703-1,60,True
282703,30226,7.7,28,VH-282703-2,36,True
282703,33122,8.88,32,VH-282703-3,48,True
282704,30025,0.0,8,VH-282704-1,24,True
282704,283800,0.0,10,VH-282704-2,48,True
282704,30026,0.0,15,VH-282704-3,24,True
30161,30226,2.36,18,VH-30161-1,24,True
30161,33122,3.63,14,VH-30161-2,48,True
30161,282703,5.35,17,VH-30161-3,48,True
30163,30169,0.08,12,VH-30163-1,36,True
30163,33122,15.05,40,VH-30163-2,60,True
30163,30226,15.6,36,VH-30163-3,36,True
30169,30163,0.08,9,VH-30169-1,60,True
30169,33122,14.97,36,VH-30169-2,36,True
30169,30226,15.52,37,VH-30169-3,24,True
30216,30127,0.0,13,VH-30216-1,48,True
30216,30286,0.0,17,VH-30216-2,24,True
30216,283268,0.0,11,VH-30216-3,48,True
30226,33122,1.38,16,VH-30226-1,48,True
30226,30161,2.36,16,VH-30226-2,24,True
30226,282703,7.7,20,VH-30226-3,24,True
30232,30127,0.0,10,VH-30232-1,60,True
30232,30286,0.0,9,VH-30232-2,36,True
30232,283268,0.0,9,VH-30232-3,60,True
30244,282703,16.41,39,VH-30244-1,36,True
30244,30161,21.34,45,VH-30244-2,48,True
30244,30226,23.65,50,VH-30244-3,36,True
30266,30127,0.0,16,VH-30266-1,24,True
30266,30286,0.0,14,VH-30266-2,24,True
30266,283268,0.0,12,VH-30266-3,60,True
33122,30226,1.38,14,VH-33122-1,36,True
33122,30161,3.63,19,VH-33122-2,24,True
33122,282703,8.88,30,VH-33122-3,48,True
283343,283924,5.45,17,VH-283343-1,24,True
283343,33108,161.28,282,VH-283343-2,36,True
283343,30194,161.94,251,VH-283343-3,60,True
283924,283343,5.45,23,VH-283924-1,24,True
283924,33108,156.29,297,VH-283924-2,24,True
283924,30194,156.91,292,VH-283924-3,36,True
30007,30127,0.0,17,VH-30007-1,60,True
30007,30286,0.0,8,VH-30007-2,36,True
30007,283268,0.0,9,VH-30007-3,24,True
30166,30073,6.25,23,VH-30166-1,36,True
30166,280567,11.84,29,VH-30166-2,48,True
30166,283383,12.8,36,VH-30166-3,36,True
284054,285113,1.48,12,VH-284054-1,60,True
284054,33130,28.58,60,VH-284054-2,60,True
284054,282713,50.49,93,VH-284054-3,36,True
284173,284493,0.0,10,VH-284173-1,48,True
284173,30105,0.33,17,VH-284173-2,36,True
284173,30236,0.69,12,VH-284173-3,60,True
285113,284054,1.48,18,VH-285113-1,60,True
285113,33130,28.18,60,VH-285113-2,48,True
285113,282713,49.52,81,VH-285113-3,24,True
30053,282047,0.0,8,VH-30053-1,60,True
30053,30182,33.36,60,VH-30053-2,60,True
30053,284475,37.73,84,VH-30053-3,48,True
30070,30300,1.25,16,VH-30070-1,24,True
30070,33130,56.43,99,VH-30070-2,48,True
30070,30297,62.12,120,VH-30070-3,36,True
30201,30127,0.0,17,VH-30201-1,60,True
30201,30286,0.0,17,VH-30201-2,24,True
30201,283268,0.0,17,VH-30201-3,48,True
30297,30300,61.77,88,VH-30297-1,60,True
30297,30070,62.12,130,VH-30297-2,60,True
30297,284054,89.17,136,VH-30297-3,60,True
30300,30070,1.25,11,VH-30300-1,48,True
30300,33130,55.43,93,VH-30300-2,24,True
30300,30297,61.77,100,VH-30300-3,48,True
282696,30180,29.18,58,VH-282696-1,60,True
282696,30082,33.6,55,VH-282696-2,60,True
282696,283392,39.94,78,VH-282696-3,60,True
283255,284484,0.0,13,VH-283255-1,24,True
283255,30131,0.0,11,VH-283255-2,36,True
283255,284937,2.93,22,VH-283255-3,48,True
284028,30291,1.59,14,VH-284028-1,60,True
284028,284507,3.01,14,VH-284028-2,60,True
284028,30222,3.22,18,VH-284028-3,48,True
284484,30131,0.0,16,VH-284484-1,24,True
284484,283255,0.0,10,VH-284484-2,60,True
284484,284937,2.93,14,VH-284484-3,60,True
284507,33114,1.55,15,VH-284507-1,24,True
284507,30046,2.39,12,VH-284507-2,60,True
284507,30005,2.39,22,VH-284507-3,60,True
284937,30222,2.37,12,VH-284937-1,24,True
284937,284484,2.93,20,VH-284937-2,24,True
284937,30131,2.93,19,VH-284937-3,36,True
30005,30046,0.0,10,VH-30005-1,24,True
30005,30229,1.3,16,VH-30005-2,60,True
30005,30222,2.26,15,VH-30005-3,48,True
30131,284484,0.0,18,VH-30131-1,24,True
30131,283255,0.0,8,VH-30131-2,48,True
30131,284937,2.93,22,VH-30131-3,36,True
30170,30127,0.0,9,VH-30170-1,24,True
30170,30286,0.0,17,VH-30170-2,36,True
30170,283268,0.0,17,VH-30170-3,60,True
30172,30229,1.37,13,VH-30172-1,60,True
30172,30046,2.39,15,VH-30172-2,48,True
30172,30005,2.39,21,VH-30172-3,60,True
30197,30127,0.0,15,VH-30197-1,24,True
30197,30286,0.0,14,VH-30197-2,48,True
30197,283268,0.0,11,VH-30197-3,60,True
30222,30046,2.26,15,VH-30222-1,60,True
30222,30005,2.26,12,VH-30222-2,36,True
30222,284937,2.37,17,VH-30222-3,24,True
30229,30046,1.3,14,VH-30229-1,36,True
30229,30005,1.3,10,VH-30229-2,60,True
30229,30172,1.37,11,VH-30229-3,60,True
30291,284028,1.59,12,VH-30291-1,48,True
30291,33114,2.04,15,VH-30291-2,60,True
30291,284507,2.58,16,VH-30291-3,60,True
33114,284507,1.55,18,VH-33114-1,36,True
33114,30291,2.04,18,VH-33114-2,60,True
33114,284028,3.25,18,VH-33114-3,60,True
30073,280567,5.59,20,VH-30073-1,48,True
30073,30166,6.25,24,VH-30073-2,60,True
30073,283383,8.02,24,VH-30073-3,60,True
280567,30073,5.59,27,VH-280567-1,24,True
280567,283383,6.48,21,VH-280567-2,24,True
280567,30166,11.84,29,VH-280567-3,60,True
283383,280567,6.48,26,VH-283383-1,48,True
283383,30073,8.02,24,VH-283383-2,48,True
283383,30166,12.8,40,VH-283383-3,48,True
283997,30257,0.0,13,VH-283997-1,60,True
283997,283614,15.92,34,VH-283997-2,48,True
283997,284715,20.01,40,VH-283997-3,36,True
30049,282700,0.0,17,VH-30049-1,24,True
30049,30067,0.0,18,VH-30049-2,24,True
30049,283240,0.0,17,VH-30049-3,24,True
30066,30127,0.0,16,VH-30066-1,48,True
30066,30286,0.0,12,VH-30066-2,24,True
30066,283268,0.0,12,VH-30066-3,24,True
30074,280567,32.31,66,VH-30074-1,48,True
30074,30073,34.95,76,VH-30074-2,36,True
30074,283383,38.56,72,VH-30074-3,24,True
30095,30242,0.0,8,VH-30095-1,60,True
30095,30045,7.28,21,VH-30095-2,24,True
30095,30196,29.66,63,VH-30095-3,60,True
284553,284276,0.0,16,VH-284553-1,60,True
284553,30275,0.0,12,VH-284553-2,60,True
284553,30220,2.67,19,VH-284553-3,48,True
30055,284276,5.65,26,VH-30055-1,24,True
30055,284553,5.65,25,VH-30055-2,60,True
30055,30275,5.65,17,VH-30055-3,60,True
30220,284276,2.67,12,VH-30220-1,48,True
30220,284553,2.67,20,VH-30220-2,24,True
30220,30275,2.67,20,VH-30220-3,36,True
30275,284276,0.0,9,VH-30275-1,24,True
30275,284553,0.0,15,VH-30275-2,60,True
30275,30220,2.67,16,VH-30275-3,60,True
282720,30127,0.0,13,VH-282720-1,48,True
282720,30286,0.0,15,VH-282720-2,24,True
282720,283268,0.0,14,VH-282720-3,48,True
283366,30127,1.56,13,VH-283366-1,36,True
283366,30286,1.56,15,VH-283366-2,36,True
283366,283268,1.56,10,VH-283366-3,48,True
30024,30062,35.34,61,VH-30024-1,24,True
30024,30293,81.98,119,VH-30024-2,36,True
30024,30098,83.46,143,VH-30024-3,36,True
30295,30127,0.0,9,VH-30295-1,60,True
30295,30286,0.0,11,VH-30295-2,60,True
30295,283268,0.0,10,VH-30295-3,60,True
284491,30120,1.37,16,VH-284491-1,24,True
284491,30038,1.98,18,VH-284491-2,36,True
284491,30079,1.98,17,VH-284491-3,60,True
30017,280226,0.0,9,VH-30017-1,60,True
30017,30009,0.0,13,VH-30017-2,48,True
30017,30059,0.0,12,VH-30017-3,24,True
30298,30127,0.0,11,VH-30298-1,36,True
30298,30286,0.0,14,VH-30298-2,24,True
30298,283268,0.0,13,VH-30298-3,36,True
282697,30127,0.0,12,VH-282697-1,60,True
282697,30286,0.0,16,VH-282697-2,36,True
282697,283268,0.0,9,VH-282697-3,24,True
282712,30127,0.0,17,VH-282712-1,48,True
282712,30286,0.0,9,VH-282712-2,24,True
282712,283268,0.0,16,VH-282712-3,48,True
283293,283366,2.01,14,VH-283293-1,36,True
283293,30127,3.57,16,VH-283293-2,24,True
283293,283268,3.57,15,VH-283293-3,36,True
33116,283293,4.75,17,VH-33116-1,24,True
33116,283366,5.71,16,VH-33116-2,24,True
33116,30127,6.74,28,VH-33116-3,24,True
282040,283987,1.92,16,VH-282040-1,36,True
282040,30263,2.46,17,VH-282040-2,60,True
282040,30050,2.71,20,VH-282040-3,48,True
282713,30089,37.42,63,VH-282713-1,36,True
282713,30175,47.54,89,VH-282713-2,48,True
282713,285113,49.52,92,VH-282713-3,24,True
283358,30235,3.35,22,VH-283358-1,36,True
283358,283919,4.46,19,VH-283358-2,24,True
283358,30243,5.2,21,VH-283358-3,48,True
283919,30263,1.16,18,VH-283919-1,24,True
283919,30050,1.55,10,VH-283919-2,36,True
283919,30032,1.55,12,VH-283919-3,48,True
283984,30127,0.0,10,VH-283984-1,24,True
283984,30286,0.0,14,VH-283984-2,24,True
283984,283268,0.0,9,VH-283984-3,60,True
283987,282040,1.92,16,VH-283987-1,36,True
283987,30105,2.28,15,VH-283987-2,48,True
283987,284493,2.38,19,VH-283987-3,60,True
30032,30050,0.0,9,VH-30032-1,48,True
30032,30243,0.48,11,VH-30032-2,24,True
30032,30263,0.83,13,VH-30032-3,48,True
30063,283358,57.78,113,VH-30063-1,24,True
30063,30235,61.03,112,VH-30063-2,48,True
30063,283919,61.65,102,VH-30063-3,24,True
30089,30175,11.19,35,VH-30089-1,60,True
30089,283987,14.32,42,VH-30089-2,24,True
30089,30105,15.36,37,VH-30089-3,60,True
30105,284493,0.33,13,VH-30105-1,60,True
30105,284173,0.33,17,VH-30105-2,60,True
30105,30236,0.68,16,VH-30105-3,60,True
30175,30089,11.19,35,VH-30175-1,36,True
30175,282040,13.49,36,VH-30175-2,60,True
30175,283987,13.64,35,VH-30175-3,24,True
30204,284493,1.32,19,VH-30204-1,36,True
30204,284173,1.32,12,VH-30204-2,24,True
30204,30105,1.61,15,VH-30204-3,48,True
30235,283919,1.58,15,VH-30235-1,60,True
30235,30243,1.86,13,VH-30235-2,60,True
30235,30050,2.02,15,VH-30235-3,36,True
30236,30105,0.68,13,VH-30236-1,24,True
30236,284493,0.69,13,VH-30236-2,36,True
30236,284173,0.69,14,VH-30236-3,60,True
30243,30050,0.48,13,VH-30243-1,36,True
30243,30032,0.48,9,VH-30243-2,24,True
30243,30263,1.3,18,VH-30243-3,24,True
30252,30127,0.0,10,VH-30252-1,36,True
30252,30286,0.0,13,VH-30252-2,60,True
30252,283268,0.0,16,VH-30252-3,60,True
30258,30127,0.0,12,VH-30258-1,36,True
30258,30286,0.0,15,VH-30258-2,48,True
30258,283268,0.0,12,VH-30258-3,60,True
30263,30050,0.83,15,VH-30263-1,24,True
30263,30032,0.83,11,VH-30263-2,24,True
30263,283919,1.16,12,VH-30263-3,48,True
33129,283919,5.48,21,VH-33129-1,48,True
33129,30263,5.68,20,VH-33129-2,48,True
33129,282040,6.05,27,VH-33129-3,48,True
282709,282719,0.0,16,VH-282709-1,24,True
282709,282690,0.0,12,VH-282709-2,24,True
282709,30016,0.0,15,VH-282709-3,48,True
30062,30024,35.34,55,VH-30062-1,48,True
30062,30098,48.53,79,VH-30062-2,24,True
30062,282719,52.75,111,VH-30062-3,24,True
283951,30217,3.72,20,VH-283951-1,36,True
283951,30025,30.86,69,VH-283951-2,48,True
283951,30026,30.86,59,VH-283951-3,36,True
30028,282707,0.0,15,VH-30028-1,36,True
30028,284057,76.5,151,VH-30028-2,36,True
30028,30098,82.39,123,VH-30028-3,24,True
30072,30001,0.0,17,VH-30072-1,36,True
30072,30040,0.61,15,VH-30072-2,36,True
30072,30142,0.74,18,VH-30072-3,24,True
30217,283951,3.72,22,VH-30217-1,36,True
30217,30025,30.15,63,VH-30217-2,36,True
30217,30026,30.15,57,VH-30217-3,24,True
280566,30159,0.0,10,VH-280566-1,36,True
280566,30022,2.35,19,VH-280566-2,48,True
280566,284486,11.39,37,VH-280566-3,48,True
282714,30293,6.67,22,VH-282714-1,48,True
282714,283839,34.24,62,VH-282714-2,24,True
282714,284486,37.04,64,VH-282714-3,48,True
283489,30278,4.42,18,VH-283489-1,48,True
283489,280430,4.94,21,VH-283489-2,36,True
283489,282725,5.17,21,VH-283489-3,24,True
283839,33113,3.37,19,VH-283839-1,36,True
283839,284486,4.39,21,VH-283839-2,60,True
283839,30159,15.39,32,VH-283839-3,60,True
284325,30127,0.0,15,VH-284325-1,36,True
284325,30286,0.0,16,VH-284325-2,24,True
284325,283268,0.0,13,VH-284325-3,36,True
284486,33113,2.96,19,VH-284486-1,24,True
284486,283839,4.39,20,VH-284486-2,48,True
284486,30159,11.39,30,VH-284486-3,48,True
30004,282700,0.0,15,VH-30004-1,60,True
30004,30067,0.0,10,VH-30004-2,36,True
30004,283240,0.0,17,VH-30004-3,24,True
30022,280566,2.35,14,VH-30022-1,36,True
30022,30159,2.35,19,VH-30022-2,36,True
30022,284486,13.12,25,VH-30022-3,36,True
30052,30038,0.0,16,VH-30052-1,60,True
30052,30079,0.0,14,VH-30052-2,60,True
30052,283403,0.46,15,VH-30052-3,24,True
30159,280566,0.0,11,VH-30159-1,36,True
30159,30022,2.35,14,VH-30159-2,48,True
30159,284486,11.39,25,VH-30159-3,24,True
30271,30127,0.0,10,VH-30271-1,60,True
30271,30286,0.0,12,VH-30271-2,48,True
30271,283268,0.0,14,VH-30271-3,60,True
30293,282714,6.67,26,VH-30293-1,24,True
30293,283839,39.33,64,VH-30293-2,24,True
30293,284486,42.49,69,VH-30293-3,36,True
33113,284486,2.96,15,VH-33113-1,36,True
33113,283839,3.37,23,VH-33113-2,36,True
33113,280566,14.18,34,VH-33113-3,36,True
282715,282700,0.0,9,VH-282715-1,36,True
282715,30067,0.0,8,VH-282715-2,24,True
282715,283240,0.0,8,VH-282715-3,48,True
30050,30032,0.0,15,VH-30050-1,48,True
30050,30243,0.48,12,VH-30050-2,36,True
30050,30263,0.83,17,VH-30050-3,60,True
30085,30054,0.0,17,VH-30085-1,36,True
30085,33126,1.54,19,VH-30085-2,36,True
30085,33132,4.46,24,VH-30085-3,36,True
30299,283994,12.97,27,VH-30299-1,36,True
30299,283383,16.32,43,VH-30299-2,36,True
30299,30073,21.35,41,VH-30299-3,60,True
282047,30053,0.0,15,VH-282047-1,48,True
282047,30182,33.36,57,VH-282047-2,60,True
282047,284475,37.73,60,VH-282047-3,60,True
282708,283392,9.21,21,VH-282708-1,36,True
282708,30082,16.77,43,VH-282708-2,36,True
282708,30180,32.47,72,VH-282708-3,24,True
283392,30082,8.71,30,VH-283392-1,60,True
283392,282708,9.21,27,VH-283392-2,60,True
283392,30180,36.8,69,VH-283392-3,48,True
30082,283392,8.71,26,VH-30082-1,60,True
30082,282708,16.77,45,VH-30082-2,36,True
30082,282696,33.6,63,VH-30082-3,60,True
30141,30241,0.0,9,VH-30141-1,48,True
30141,284024,0.0,9,VH-30141-2,48,True
30141,30192,1.35,16,VH-30141-3,36,True
283378,285106,3.42,13,VH-283378-1,48,True
283378,30290,4.82,18,VH-283378-2,36,True
283378,30264,5.64,21,VH-283378-3,24,True
283958,30127,0.0,14,VH-283958-1,36,True
283958,30286,0.0,12,VH-283958-2,60,True
283958,283268,0.0,11,VH-283958-3,48,True
284030,30294,4.12,23,VH-284030-1,36,True
284030,30260,5.66,22,VH-284030-2,24,True
284030,284420,10.33,24,VH-284030-3,36,True
285050,30035,0.0,15,VH-285050-1,24,True
285050,33107,1.35,19,VH-285050-2,60,True
285050,284400,2.08,15,VH-285050-3,48,True
30075,280226,0.0,14,VH-30075-1,48,True
30075,30009,0.0,10,VH-30075-2,60,True
30075,30059,0.0,12,VH-30075-3,36,True
30260,30294,1.55,11,VH-30260-1,36,True
30260,284030,5.66,18,VH-30260-2,60,True
30260,33112,10.09,25,VH-30260-3,60,True
30294,30260,1.55,17,VH-30294-1,48,True
30294,284030,4.12,22,VH-30294-2,60,True
30294,33112,11.23,32,VH-30294-3,60,True
33112,30260,10.09,30,VH-33112-1,36,True
33112,30294,11.23,33,VH-33112-2,36,True
33112,284030,14.45,34,VH-33112-3,60,True
282086,30085,4.53,19,VH-282086-1,36,True
282086,30054,4.53,18,VH-282086-2,24,True
282086,33126,4.83,21,VH-282086-3,36,True
30054,30085,0.0,15,VH-30054-1,60,True
30054,33126,1.54,13,VH-30054-2,60,True
30054,33132,4.46,15,VH-30054-3,48,True
33109,33132,1.83,15,VH-33109-1,36,True
33109,30054,4.92,19,VH-33109-2,24,True
33109,30085,4.92,15,VH-33109-3,36,True
33126,30085,1.54,16,VH-33126-1,60,True
33126,30054,1.54,18,VH-33126-2,60,True
33126,282086,4.83,22,VH-33126-3,24,True
33132,33109,1.83,16,VH-33132-1,36,True
33132,30054,4.46,19,VH-33132-2,24,True
33132,30085,4.46,20,VH-33132-3,36,True
282693,30127,0.0,10,VH-282693-1,24,True
282693,30286,0.0,13,VH-282693-2,60,True
282693,283268,0.0,15,VH-282693-3,36,True
282711,30127,0.0,14,VH-282711-1,36,True
282711,30286,0.0,14,VH-282711-2,36,True
282711,283268,0.0,17,VH-282711-3,60,True
30015,30199,55.57,106,VH-30015-1,48,True
30015,33117,55.58,90,VH-30015-2,60,True
30015,33106,55.58,89,VH-30015-3,60,True
30157,30194,1.71,20,VH-30157-1,24,True
30157,33108,3.92,15,VH-30157-2,36,True
30157,283924,158.61,267,VH-30157-3,48,True
30194,30157,1.71,12,VH-30194-1,60,True
30194,33108,3.4,14,VH-30194-2,24,True
30194,283924,156.91,228,VH-30194-3,24,True
30296,30044,60.42,91,VH-30296-1,48,True
30296,30013,60.42,113,VH-30296-2,48,True
30296,30015,65.64,116,VH-30296-3,48,True
33108,30194,3.4,21,VH-33108-1,60,True
33108,30157,3.92,21,VH-33108-2,60,True
33108,283924,156.29,283,VH-33108-3,24,True
282692,284265,19.53,40,VH-282692-1,36,True
282692,33119,19.91,45,VH-282692-2,60,True
282692,284714,21.99,47,VH-282692-3,48,True
284265,284714,2.95,18,VH-284265-1,48,True
284265,33119,5.01,27,VH-284265-2,36,True
284265,282692,19.53,42,VH-284265-3,24,True
284276,30275,0.0,15,VH-284276-1,24,True
284276,284553,0.0,14,VH-284276-2,36,True
284276,30220,2.67,15,VH-284276-3,48,True
284476,30265,6.16,24,VH-284476-1,48,True
284476,30106,6.8,26,VH-284476-2,60,True
284476,30008,7.72,22,VH-284476-3,36,True
284713,284420,0.0,18,VH-284713-1,36,True
284713,284030,10.33,30,VH-284713-2,24,True
284713,283917,11.73,25,VH-284713-3,60,True
284714,284265,2.95,18,VH-284714-1,24,True
284714,33119,7.24,28,VH-284714-2,60,True
284714,282692,21.99,43,VH-284714-3,48,True
30008,283472,1.09,10,VH-30008-1,36,True
30008,30106,1.37,11,VH-30008-2,24,True
30008,30265,1.57,20,VH-30008-3,60,True
30093,30127,0.0,14,VH-30093-1,24,True
30093,30286,0.0,14,VH-30093-2,60,True
30093,283268,0.0,12,VH-30093-3,48,True
30106,30265,0.99,15,VH-30106-1,24,True
30106,30008,1.37,17,VH-30106-2,60,True
30106,283472,2.45,20,VH-30106-3,36,True
30149,283472,1.58,11,VH-30149-1,48,True
30149,30008,2.67,15,VH-30149-2,36,True
30149,30265,3.83,22,VH-30149-3,60,True
30171,30127,0.0,10,VH-30171-1,60,True
30171,30286,0.0,11,VH-30171-2,24,True
30171,283268,0.0,12,VH-30171-3,24,True
30186,30127,0.0,13,VH-30186-1,36,True
30186,30286,0.0,13,VH-30186-2,24,True
30186,283268,0.0,13,VH-30186-3,60,True
30213,30127,0.0,14,VH-30213-1,60,True
30213,30286,0.0,16,VH-30213-2,60,True
30213,283268,0.0,9,VH-30213-3,36,True
30219,30127,0.0,11,VH-30219-1,36,True
30219,30286,0.0,12,VH-30219-2,24,True
30219,283268,0.0,14,VH-30219-3,60,True
30259,30127,0.0,16,VH-30259-1,24,True
30259,30286,0.0,11,VH-30259-2,36,True
30259,283268,0.0,11,VH-30259-3,60,True
30265,30106,0.99,10,VH-30265-1,48,True
30265,30008,1.57,12,VH-30265-2,48,True
30265,283472,2.42,13,VH-30265-3,36,True
33119,284265,5.01,16,VH-33119-1,36,True
33119,284714,7.24,24,VH-33119-2,36,True
33119,282692,19.91,50,VH-33119-3,60,True
284024,30241,0.0,18,VH-284024-1,36,True
284024,30141,0.0,10,VH-284024-2,36,True
284024,30192,1.35,20,VH-284024-3,36,True
30009,280226,0.0,9,VH-30009-1,24,True
30009,30059,0.0,13,VH-30009-2,48,True
30009,30017,0.0,12,VH-30009-3,24,True
30078,30127,0.0,9,VH-30078-1,24,True
30078,30286,0.0,11,VH-30078-2,48,True
30078,283268,0.0,14,VH-30078-3,36,True
30192,30241,1.35,10,VH-30192-1,24,True
30192,284024,1.35,19,VH-30192-2,48,True
30192,30141,1.35,18,VH-30192-3,48,True
30199,33117,0.63,11,VH-30199-1,36,True
30199,33106,0.63,9,VH-30199-2,36,True
30199,30241,4.69,14,VH-30199-3,48,True
30241,284024,0.0,16,VH-30241-1,60,True
30241,30141,0.0,10,VH-30241-2,36,True
30241,30192,1.35,16,VH-30241-3,24,True
30253,30127,0.0,10,VH-30253-1,60,True
30253,30286,0.0,14,VH-30253-2,36,True
30253,283268,0.0,13,VH-30253-3,60,True
33105,30192,4.51,19,VH-33105-1,36,True
33105,30241,5.47,18,VH-33105-2,48,True
33105,284024,5.47,15,VH-33105-3,24,True
33106,33117,0.0,10,VH-33106-1,36,True
33106,30199,0.63,14,VH-33106-2,24,True
33106,30241,5.09,24,VH-33106-3,60,True
33117,33106,0.0,14,VH-33117-1,36,True
33117,30199,0.63,16,VH-33117-2,60,True
33117,30241,5.09,23,VH-33117-3,48,True
282690,282719,0.0,14,VH-282690-1,48,True
282690,282709,0.0,10,VH-282690-2,60,True
282690,30016,0.0,9,VH-282690-3,24,True
284941,282700,6.2,23,VH-284941-1,48,True
284941,30067,6.2,18,VH-284941-2,48,True
284941,30010,6.2,19,VH-284941-3,48,True
30067,282700,0.0,12,VH-30067-1,24,True
30067,30010,0.0,14,VH-30067-2,36,True
30067,283240,0.0,17,VH-30067-3,48,True
30079,30038,0.0,15,VH-30079-1,24,True
30079,30052,0.0,16,VH-30079-2,60,True
30079,283403,0.46,12,VH-30079-3,24,True
280226,30009,0.0,13,VH-280226-1,48,True
280226,30059,0.0,16,VH-280226-2,60,True
280226,30017,0.0,10,VH-280226-3,36,True
283874,30245,2.42,18,VH-283874-1,36,True
283874,30048,8.96,22,VH-283874-2,60,True
283874,283451,27.85,63,VH-283874-3,36,True
30048,30245,8.38,27,VH-30048-1,24,True
30048,283874,8.96,31,VH-30048-2,48,True
30048,283451,33.5,71,VH-30048-3,24,True
30068,30127,0.0,12,VH-30068-1,60,True
30068,30286,0.0,9,VH-30068-2,24,True
30068,283268,0.0,13,VH-30068-3,36,True
30193,30030,41.57,69,VH-30193-1,48,True
30193,30021,41.57,89,VH-30193-2,24,True
30193,30273,54.75,109,VH-30193-3,60,True
30245,283874,2.42,22,VH-30245-1,48,True
30245,30048,8.38,23,VH-30245-2,36,True
30245,283451,30.23,56,VH-30245-3,24,True
284034,30127,0.0,13,VH-284034-1,48,True
284034,30286,0.0,16,VH-284034-2,24,True
284034,283268,0.0,12,VH-284034-3,60,True
284057,282719,7.4,23,VH-284057-1,36,True
284057,282690,7.4,27,VH-284057-2,24,True
284057,282709,7.4,24,VH-284057-3,36,True
30016,282719,0.0,11,VH-30016-1,24,True
30016,282690,0.0,12,VH-30016-2,48,True
30016,282709,0.0,10,VH-30016-3,24,True
30098,282719,4.57,20,VH-30098-1,36,True
30098,282690,4.57,19,VH-30098-2,60,True
30098,282709,4.57,17,VH-30098-3,60,True
30209,284797,49.58,78,VH-30209-1,24,True
30209,30196,56.88,89,VH-30209-2,60,True
30209,280659,58.99,83,VH-30209-3,60,True
280659,30196,5.04,22,VH-280659-1,48,True
280659,284797,10.16,24,VH-280659-2,24,True
280659,30045,28.2,55,VH-280659-3,36,True
283403,30038,0.46,17,VH-283403-1,60,True
283403,30079,0.46,11,VH-283403-2,24,True
283403,30052,0.46,12,VH-283403-3,60,True
284797,30196,7.32,22,VH-284797-1,60,True
284797,280659,10.16,31,VH-284797-2,60,True
284797,30045,24.7,49,VH-284797-3,48,True
30045,30242,7.28,25,VH-30045-1,48,True
30045,30095,7.28,31,VH-30045-2,60,True
30045,30196,23.42,45,VH-30045-3,36,True
30065,280226,0.0,10,VH-30065-1,36,True
30065,30009,0.0,11,VH-30065-2,36,True
30065,30059,0.0,15,VH-30065-3,60,True
30196,280659,5.04,16,VH-30196-1,36,True
30196,284797,7.32,24,VH-30196-2,24,True
30196,30045,23.42,39,VH-30196-3,48,True
30242,30095,0.0,9,VH-30242-1,36,True
30242,30045,7.28,30,VH-30242-2,48,True
30242,30196,29.66,63,VH-30242-3,48,True
284492,285157,3.35,24,VH-284492-1,48,True
284492,284484,20.57,46,VH-284492-2,60,True
284492,283255,20.57,39,VH-284492-3,60,True
285157,284492,3.35,17,VH-285157-1,48,True
285157,284484,23.81,51,VH-285157-2,60,True
285157,283255,23.81,51,VH-285157-3,60,True
30019,280226,0.0,15,VH-30019-1,24,True
30019,30009,0.0,11,VH-30019-2,36,True
30019,30059,0.0,12,VH-30019-3,48,True
30020,282719,0.0,15,VH-30020-1,48,True
30020,282690,0.0,15,VH-30020-2,24,True
30020,282709,0.0,14,VH-30020-3,24,True
30239,30156,0.0,16,VH-30239-1,48,True
30239,30254,0.66,11,VH-30239-2,24,True
30239,30207,36.17,66,VH-30239-3,24,True
30286,30127,0.0,10,VH-30286-1,36,True
30286,283268,0.0,8,VH-30286-2,48,True
30286,283374,0.0,9,VH-30286-3,24,True
282719,282690,0.0,13,VH-282719-1,24,True
282719,282709,0.0,15,VH-282719-2,36,True
282719,30016,0.0,9,VH-282719-3,24,True
284493,284173,0.0,17,VH-284493-1,24,True
284493,30105,0.33,16,VH-284493-2,36,True
284493,30236,0.69,15,VH-284493-3,60,True
285242,30044,21.4,46,VH-285242-1,36,True
285242,30013,21.4,46,VH-285242-2,36,True
285242,33114,29.19,59,VH-285242-3,36,True
30013,30044,0.0,18,VH-30013-1,36,True
30013,285242,21.4,36,VH-30013-2,24,True
30013,33114,50.37,102,VH-30013-3,36,True
30044,30013,0.0,18,VH-30044-1,60,True
30044,285242,21.4,46,VH-30044-2,24,True
30044,33114,50.37,87,VH-30044-3,48,True
30046,30005,0.0,16,VH-30046-1,48,True
30046,30229,1.3,14,VH-30046-2,60,True
30046,30222,2.26,20,VH-30046-3,36,True
30127,30286,0.0,17,VH-30127-1,36,True
30127,283268,0.0,17,VH-30127-2,36,True
30127,283374,0.0,11,VH-30127-3,36,True
282991,36102,6.6,25,VH-282991-1,48,True
282991,283537,12.25,28,VH-282991-2,24,True
282991,280592,144.35,213,VH-282991-3,24,True
283537,36102,8.9,32,VH-283537-1,36,True
283537,282991,12.25,34,VH-283537-2,48,True
283537,280592,139.89,246,VH-283537-3,24,True
36102,282991,6.6,19,VH-36102-1,24,True
36102,283537,8.9,28,VH-36102-2,60,True
36102,284188,146.34,233,VH-36102-3,36,True
280318,285303,2.16,12,VH-280318-1,24,True
280318,36112,3.92,20,VH-280318-2,48,True
280318,283539,8.77,30,VH-280318-3,24,True
283539,36112,7.28,22,VH-283539-1,48,True
283539,285179,7.52,23,VH-283539-2,36,True
283539,280318,8.77,31,VH-283539-3,60,True
285179,283539,7.52,24,VH-285179-1,36,True
285179,36112,14.38,42,VH-285179-2,60,True
285179,280318,14.55,31,VH-285179-3,48,True
285303,280318,2.16,16,VH-285303-1,24,True
285303,36112,3.42,21,VH-285303-2,48,True
285303,283539,9.89,21,VH-285303-3,36,True
29117,36111,38.42,75,VH-29117-1,60,True
29117,283529,75.77,124,VH-29117-2,24,True
29117,36150,76.48,146,VH-29117-3,24,True
36112,285303,3.42,22,VH-36112-1,48,True
36112,280318,3.92,15,VH-36112-2,48,True
36112,283539,7.28,28,VH-36112-3,60,True
36137,36141,0.0,14,VH-36137-1,60,True
36137,283328,24.84,51,VH-36137-2,48,True
36137,283747,25.25,47,VH-36137-3,48,True
284139,36108,0.0,16,VH-284139-1,36,True
284139,280328,0.0,12,VH-284139-2,60,True
284139,29063,0.61,11,VH-284139-3,24,True
284196,29116,0.0,8,VH-284196-1,60,True
284196,285235,0.96,12,VH-284196-2,24,True
284196,36139,1.3,11,VH-284196-3,36,True
29069,29090,0.88,17,VH-29069-1,48,True
29069,36118,2.55,20,VH-29069-2,48,True
29069,283525,4.61,15,VH-29069-3,60,True
36141,36137,0.0,13,VH-36141-1,48,True
36141,283328,24.84,44,VH-36141-2,24,True
36141,283747,25.25,48,VH-36141-3,60,True
280328,36108,0.0,14,VH-280328-1,36,True
280328,284139,0.0,12,VH-280328-2,48,True
280328,29063,0.61,16,VH-280328-3,60,True
280417,29131,0.68,18,VH-280417-1,24,True
280417,280660,0.73,10,VH-280417-2,24,True
280417,29018,0.77,19,VH-280417-3,48,True
280589,29082,0.0,13,VH-280589-1,48,True
280589,280605,2.42,15,VH-280589-2,24,True
280589,29099,6.49,25,VH-280589-3,48,True
280614,280620,0.55,9,VH-280614-1,36,True
280614,284960,0.57,17,VH-280614-2,48,True
280614,284543,0.86,18,VH-280614-3,24,True
280617,284039,0.66,13,VH-280617-1,60,True
280617,284543,0.77,18,VH-280617-2,60,True
280617,283522,0.77,12,VH-280617-3,36,True
280618,29005,0.96,18,VH-280618-1,60,True
280618,36124,1.06,12,VH-280618-2,24,True
280618,36106,1.66,11,VH-280618-3,60,True
280620,284960,0.14,14,VH-280620-1,36,True
280620,280614,0.55,17,VH-280620-2,60,True
280620,29135,0.92,10,VH-280620-3,24,True
280621,29006,0.0,14,VH-280621-1,24,True
280621,29149,0.77,17,VH-280621-2,36,True
280621,284006,0.95,12,VH-280621-3,60,True
280634,284186,0.39,13,VH-280634-1,60,True
280634,284887,0.43,12,VH-280634-2,48,True
280634,36152,0.56,9,VH-280634-3,60,True
280647,282880,0.0,9,VH-280647-1,36,True
280647,283550,0.0,13,VH-280647-2,48,True
280647,29032,0.0,8,VH-280647-3,60,True
280657,283560,0.49,12,VH-280657-1,36,True
280657,36158,0.49,14,VH-280657-2,60,True
280657,285008,0.49,17,VH-280657-3,24,True
280660,280417,0.73,18,VH-280660-1,36,True
280660,280785,1.2,14,VH-280660-2,36,True
280660,283533,1.31,11,VH-280660-3,36,True
280785,283533,0.52,14,VH-280785-1,60,True
280785,36151,0.53,10,VH-280785-2,36,True
280785,285142,1.14,15,VH-280785-3,36,True
282792,280601,0.0,8,VH-282792-1,36,True
282792,29001,0.14,10,VH-282792-2,36,True
282792,283846,0.14,13,VH-282792-3,36,True
282880,280647,0.0,9,VH-282880-1,36,True
282880,283550,0.0,11,VH-282880-2,60,True
282880,29032,0.0,10,VH-282880-3,36,True
283518,280327,1.44,13,VH-283518-1,36,True
283518,29074,2.16,13,VH-283518-2,24,True
283518,283325,2.68,17,VH-283518-3,48,True
283531,284199,0.31,16,VH-283531-1,36,True
283531,284502,0.62,18,VH-283531-2,48,True
283531,283440,0.7,18,VH-283531-3,60,True
283545,283201,1.32,11,VH-283545-1,36,True
283545,280595,1.38,14,VH-283545-2,36,True
283545,280660,1.82,20,VH-283545-3,36,True
283548,36113,0.24,18,VH-283548-1,48,True
283548,283588,0.34,9,VH-283548-2,36,True
283548,280588,1.23,12,VH-283548-3,36,True
283550,280647,0.0,12,VH-283550-1,60,True
283550,282880,0.0,15,VH-283550-2,36,True
283550,285282,0.0,16,VH-283550-3,48,True
283560,285008,0.0,13,VH-283560-1,60,True
283560,36158,0.0,10,VH-283560-2,24,True
283560,29065,0.3,9,VH-283560-3,60,True
283787,282993,1.23,14,VH-283787-1,24,True
283787,29135,1.94,14,VH-283787-2,60,True
283787,36104,2.29,12,VH-283787-3,48,True
283842,282605,0.38,13,VH-283842-1,36,True
283842,36157,0.66,18,VH-283842-2,60,True
283842,280705,0.82,19,VH-283842-3,24,True
284006,29151,0.0,11,VH-284006-1,24,True
284006,29002,0.38,12,VH-284006-2,36,True
284006,280627,0.38,12,VH-284006-3,24,True
284107,284341,1.08,16,VH-284107-1,60,True
284107,284021,1.35,12,VH-284107-2,24,True
284107,36154,3.06,17,VH-284107-3,60,True
284186,36152,0.18,9,VH-284186-1,60,True
284186,280634,0.39,17,VH-284186-2,36,True
284186,284838,0.56,18,VH-284186-3,36,True
284191,36104,1.62,18,VH-284191-1,60,True
284191,282993,2.34,18,VH-284191-2,24,True
284191,280617,2.51,18,VH-284191-3,60,True
284199,283531,0.31,9,VH-284199-1,60,True
284199,283534,0.81,19,VH-284199-2,24,True
284199,284502,0.86,11,VH-284199-3,36,True
284502,283440,0.26,9,VH-284502-1,24,True
284502,283531,0.62,9,VH-284502-2,24,True
284502,29093,0.86,12,VH-284502-3,36,True
284827,284887,0.75,15,VH-284827-1,24,True
284827,36105,0.78,16,VH-284827-2,48,True
284827,285239,0.8,17,VH-284827-3,24,True
284838,36152,0.5,14,VH-284838-1,36,True
284838,284186,0.56,19,VH-284838-2,48,True
284838,280634,0.82,14,VH-284838-3,60,True
285114,282653,0.37,14,VH-285114-1,48,True
285114,36105,0.65,9,VH-285114-2,36,True
285114,36144,0.72,11,VH-285114-3,60,True
285249,280788,0.88,14,VH-285249-1,48,True
285249,283242,1.13,16,VH-285249-2,24,True
285249,29125,1.21,15,VH-285249-3,48,True
285282,280647,0.0,11,VH-285282-1,60,True
285282,282880,0.0,10,VH-285282-2,24,True
285282,283550,0.0,10,VH-285282-3,60,True
285295,283534,0.7,11,VH-285295-1,24,True
285295,283531,1.01,19,VH-285295-2,36,True
285295,283440,1.12,18,VH-285295-3,36,True
285297,280614,2.13,19,VH-285297-1,48,True
285297,284960,2.28,14,VH-285297-2,24,True
285297,280620,2.4,13,VH-285297-3,36,True
29001,283846,0.0,15,VH-29001-1,48,True
29001,282792,0.14,9,VH-29001-2,36,True
29001,280601,0.14,8,VH-29001-3,48,True
29002,280627,0.0,16,VH-29002-1,36,True
29002,284006,0.38,15,VH-29002-2,48,True
29002,29151,0.38,18,VH-29002-3,60,True
29005,280618,0.96,12,VH-29005-1,48,True
29005,36140,1.51,13,VH-29005-2,60,True
29005,282655,1.65,11,VH-29005-3,24,True
29006,280621,0.0,13,VH-29006-1,48,True
29006,29149,0.77,12,VH-29006-2,24,True
29006,29151,0.95,19,VH-29006-3,60,True
29007,29008,0.0,18,VH-29007-1,24,True
29007,280323,1.02,19,VH-29007-2,48,True
29007,283544,1.04,12,VH-29007-3,24,True
29016,29105,0.0,10,VH-29016-1,60,True
29016,29124,0.0,11,VH-29016-2,48,True
29016,29087,0.0,16,VH-29016-3,36,True
29019,29105,0.0,12,VH-29019-1,36,True
29019,29124,0.0,18,VH-29019-2,24,True
29019,29087,0.0,9,VH-29019-3,36,True
29020,29105,0.0,10,VH-29020-1,60,True
29020,29124,0.0,18,VH-29020-2,60,True
29020,29087,0.0,14,VH-29020-3,36,True
29023,282655,1.05,10,VH-29023-1,36,True
29023,283535,1.18,11,VH-29023-2,60,True
29023,29005,1.87,16,VH-29023-3,48,True
29028,29105,0.0,9,VH-29028-1,24,True
29028,29124,0.0,17,VH-29028-2,60,True
29028,29087,0.0,13,VH-29028-3,36,True
29031,29105,0.0,16,VH-29031-1,36,True
29031,29124,0.0,13,VH-29031-2,36,True
29031,29087,0.0,14,VH-29031-3,60,True
29032,280647,0.0,11,VH-29032-1,36,True
29032,282880,0.0,17,VH-29032-2,36,True
29032,285282,0.0,17,VH-29032-3,48,True
29042,36107,0.4,15,VH-29042-1,24,True
29042,283335,1.15,17,VH-29042-2,24,True
29042,283242,1.4,15,VH-29042-3,24,True
29065,283560,0.3,10,VH-29065-1,48,True
29065,36158,0.3,11,VH-29065-2,48,True
29065,285008,0.3,13,VH-29065-3,60,True
29074,280327,1.14,14,VH-29074-1,48,True
29074,283325,1.3,20,VH-29074-2,60,True
29074,283518,2.16,17,VH-29074-3,24,True
29077,280632,1.13,12,VH-29077-1,36,True
29077,280606,3.66,24,VH-29077-2,24,True
29077,283583,5.59,21,VH-29077-3,48,True
29081,29105,0.0,8,VH-29081-1,36,True
29081,29124,0.0,13,VH-29081-2,36,True
29081,29087,0.0,8,VH-29081-3,60,True
29087,29105,0.0,16,VH-29087-1,36,True
29087,29124,0.0,13,VH-29087-2,24,True
29087,29081,0.0,15,VH-29087-3,60,True
29097,283534,1.1,20,VH-29097-1,36,True
29097,29106,1.45,14,VH-29097-2,24,True
29097,36140,1.51,16,VH-29097-3,36,True
29099,285297,4.5,20,VH-29099-1,48,True
29099,283787,4.91,15,VH-29099-2,48,True
29099,29135,5.33,20,VH-29099-3,24,True
29105,29081,0.0,11,VH-29105-1,48,True
29105,29124,0.0,15,VH-29105-2,60,True
29105,29087,0.0,11,VH-29105-3,60,True
29106,36142,0.97,12,VH-29106-1,60,True
29106,283519,1.14,16,VH-29106-2,48,True
29106,29097,1.45,13,VH-29106-3,24,True
29116,284196,0.0,14,VH-29116-1,60,True
29116,285235,0.96,13,VH-29116-2,24,True
29116,36139,1.3,15,VH-29116-3,24,True
29124,29081,0.0,11,VH-29124-1,60,True
29124,29105,0.0,13,VH-29124-2,60,True
29124,29087,0.0,13,VH-29124-3,48,True
29125,280788,0.54,18,VH-29125-1,60,True
29125,283164,0.69,15,VH-29125-2,36,True
29125,283242,0.89,11,VH-29125-3,48,True
29131,280417,0.68,10,VH-29131-1,36,True
29131,29018,0.88,14,VH-29131-2,60,True
29131,280660,1.39,19,VH-29131-3,24,True
29149,283335,0.4,13,VH-29149-1,36,True
29149,280621,0.77,13,VH-29149-2,60,True
29149,29006,0.77,19,VH-29149-3,36,True
29150,280647,0.0,10,VH-29150-1,36,True
29150,282880,0.0,16,VH-29150-2,36,True
29150,285282,0.0,15,VH-29150-3,48,True
29151,284006,0.0,13,VH-29151-1,60,True
29151,29002,0.38,10,VH-29151-2,24,True
29151,280627,0.38,10,VH-29151-3,48,True
36103,36159,0.68,11,VH-36103-1,60,True
36103,29063,0.97,16,VH-36103-2,48,True
36103,36133,1.07,10,VH-36103-3,60,True
36104,29135,1.0,17,VH-36104-1,36,True
36104,280620,1.26,12,VH-36104-2,60,True
36104,284960,1.33,17,VH-36104-3,24,True
36105,36144,0.34,15,VH-36105-1,36,True
36105,282653,0.54,15,VH-36105-2,60,True
36105,285114,0.65,16,VH-36105-3,36,True
36106,36124,0.9,13,VH-36106-1,48,True
36106,284200,1.08,15,VH-36106-2,36,True
36106,280618,1.66,15,VH-36106-3,60,True
36107,29042,0.4,17,VH-36107-1,60,True
36107,283242,1.2,18,VH-36107-2,48,True
36107,283335,1.37,11,VH-36107-3,60,True
36108,280328,0.0,8,VH-36108-1,60,True
36108,284139,0.0,10,VH-36108-2,36,True
36108,29063,0.61,14,VH-36108-3,48,True
36120,284816,0.61,11,VH-36120-1,36,True
36120,36145,0.99,11,VH-36120-2,60,True
36120,283519,1.75,13,VH-36120-3,48,True
36139,29116,1.3,12,VH-36139-1,48,True
36139,284196,1.3,15,VH-36139-2,36,True
36139,285235,1.92,16,VH-36139-3,24,True
36147,29105,0.0,14,VH-36147-1,24,True
36147,29124,0.0,18,VH-36147-2,24,True
36147,29081,0.0,8,VH-36147-3,48,True
36148,36151,0.81,17,VH-36148-1,36,True
36148,280785,1.23,11,VH-36148-2,60,True
36148,283548,1.26,20,VH-36148-3,24,True
36151,280785,0.53,10,VH-36151-1,24,True
36151,36148,0.81,19,VH-36151-2,60,True
36151,283533,1.05,16,VH-36151-3,36,True
36154,284021,1.72,14,VH-36154-1,48,True
36154,36120,2.49,17,VH-36154-2,36,True
36154,284816,2.81,16,VH-36154-3,36,True
36156,284321,0.86,18,VH-36156-1,24,True
36156,283242,0.93,18,VH-36156-2,60,True
36156,29001,1.09,17,VH-36156-3,60,True
36158,283560,0.0,9,VH-36158-1,36,True
36158,285008,0.0,15,VH-36158-2,24,True
36158,29065,0.3,15,VH-36158-3,36,True
283242,29125,0.89,15,VH-283242-1,48,True
283242,36156,0.93,19,VH-283242-2,48,True
283242,285249,1.13,11,VH-283242-3,60,True
283440,284502,0.26,13,VH-283440-1,48,True
283440,283531,0.7,11,VH-283440-2,48,True
283440,284199,0.99,15,VH-283440-3,60,True
29093,36144,0.66,10,VH-29093-1,24,True
29093,283164,0.74,10,VH-29093-2,36,True
29093,284502,0.86,13,VH-29093-3,24,True
36109,29003,0.95,19,VH-36109-1,48,True
36109,285235,1.03,13,VH-36109-2,48,True
36109,283549,1.14,16,VH-36109-3,60,True
285235,29003,0.95,19,VH-285235-1,48,True
285235,29116,0.96,11,VH-285235-2,24,True
285235,284196,0.96,10,VH-285235-3,36,True
29063,36159,0.43,14,VH-29063-1,36,True
29063,29002,0.53,16,VH-29063-2,24,True
29063,280627,0.53,17,VH-29063-3,48,True
283004,29122,4.38,23,VH-283004-1,48,True
283004,283539,35.49,71,VH-283004-2,24,True
283004,285179,35.97,66,VH-283004-3,48,True
29122,283004,4.38,15,VH-29122-1,24,True
29122,283539,31.41,59,VH-29122-2,24,True
29122,285179,31.63,54,VH-29122-3,36,True
284321,29001,0.7,10,VH-284321-1,48,True
284321,283846,0.7,10,VH-284321-2,48,True
284321,280601,0.85,14,VH-284321-3,48,True
36113,283548,0.24,9,VH-36113-1,48,True
36113,283588,0.26,14,VH-36113-2,24,True
36113,280634,1.02,19,VH-36113-3,36,True
280327,29074,1.14,14,VH-280327-1,60,True
280327,283325,1.24,14,VH-280327-2,48,True
280327,283518,1.44,12,VH-280327-3,60,True
283325,280327,1.24,13,VH-283325-1,24,True
283325,29074,1.3,12,VH-283325-2,48,True
283325,283546,2.16,15,VH-283325-3,60,True
283546,280588,1.37,10,VH-283546-1,60,True
283546,283588,1.53,12,VH-283546-2,48,True
283546,283548,1.56,13,VH-283546-3,36,True
36159,29063,0.43,15,VH-36159-1,36,True
36159,29002,0.67,12,VH-36159-2,36,True
36159,280627,0.67,18,VH-36159-3,36,True
280593,280616,2.3,12,VH-280593-1,24,True
280593,280600,4.9,19,VH-280593-2,24,True
280593,284518,5.19,19,VH-280593-3,60,True
280599,284381,0.43,17,VH-280599-1,36,True
280599,283330,1.7,17,VH-280599-2,24,True
280599,280616,3.51,14,VH-280599-3,24,True
280600,284264,1.55,16,VH-280600-1,48,True
280600,280323,2.14,16,VH-280600-2,60,True
280600,29022,2.56,21,VH-280600-3,24,True
280607,36110,1.05,18,VH-280607-1,24,True
280607,280661,1.12,11,VH-280607-2,60,True
280607,36135,1.12,19,VH-280607-3,60,True
280616,280593,2.3,18,VH-280616-1,24,True
280616,280599,3.51,18,VH-280616-2,36,True
280616,284518,3.69,14,VH-280616-3,60,True
283338,283555,2.9,13,VH-283338-1,60,True
283338,280324,4.11,19,VH-283338-2,36,True
283338,280661,4.77,20,VH-283338-3,36,True
283544,29007,1.04,13,VH-283544-1,24,True
283544,29008,1.04,11,VH-283544-2,60,True
283544,280323,1.3,15,VH-283544-3,48,True
284195,283159,0.0,11,VH-284195-1,60,True
284195,284197,0.0,13,VH-284195-2,36,True
284195,283136,0.68,13,VH-284195-3,60,True
284381,280599,0.43,10,VH-284381-1,36,True
284381,283330,1.28,16,VH-284381-2,24,True
284381,284518,3.62,22,VH-284381-3,24,True
284518,280323,1.71,13,VH-284518-1,48,True
284518,283544,1.9,15,VH-284518-2,36,True
284518,29007,2.47,19,VH-284518-3,24,True
29008,29007,0.0,13,VH-29008-1,48,True
29008,280323,1.02,18,VH-29008-2,24,True
29008,283544,1.04,17,VH-29008-3,48,True
29022,283591,0.0,16,VH-29022-1,60,True
29022,284264,1.03,19,VH-29022-2,24,True
29022,284866,1.86,21,VH-29022-3,24,True
36110,280607,1.05,16,VH-36110-1,48,True
36110,284348,2.02,15,VH-36110-2,60,True
36110,280661,2.14,16,VH-36110-3,24,True
36135,280661,0.0,16,VH-36135-1,60,True
36135,283136,0.0,15,VH-36135-2,24,True
36135,36125,0.0,10,VH-36135-3,60,True
280615,285270,2.11,15,VH-280615-1,60,True
280615,283530,2.24,19,VH-280615-2,60,True
280615,283538,3.74,20,VH-280615-3,60,True
280644,283529,1.66,13,VH-280644-1,48,True
280644,282688,1.93,19,VH-280644-2,48,True
280644,285301,4.94,18,VH-280644-3,36,True
280701,29105,0.0,9,VH-280701-1,48,True
280701,29124,0.0,11,VH-280701-2,36,True
280701,29081,0.0,9,VH-280701-3,60,True
282688,280644,1.93,12,VH-282688-1,48,True
282688,283529,2.52,21,VH-282688-2,60,True
282688,285301,6.79,21,VH-282688-3,60,True
283529,280644,1.66,18,VH-283529-1,60,True
283529,282688,2.52,22,VH-283529-2,36,True
283529,285301,4.67,24,VH-283529-3,36,True
283530,36150,1.63,18,VH-283530-1,60,True
283530,280615,2.24,13,VH-283530-2,48,True
283530,285301,2.91,16,VH-283530-3,36,True
283538,285270,1.86,11,VH-283538-1,60,True
283538,285301,2.92,17,VH-283538-2,24,True
283538,280615,3.74,22,VH-283538-3,24,True
285270,283538,1.86,15,VH-285270-1,48,True
285270,280615,2.11,21,VH-285270-2,60,True
285270,283530,3.27,14,VH-285270-3,36,True
285301,283530,2.91,14,VH-285301-1,24,True
285301,283538,2.92,21,VH-285301-2,36,True
285301,36150,3.44,17,VH-285301-3,60,True
36111,29117,38.42,59,VH-36111-1,24,True
36111,282688,50.51,77,VH-36111-2,48,True
36111,283529,50.57,88,VH-36111-3,24,True
36150,283530,1.63,19,VH-36150-1,48,True
36150,285301,3.44,21,VH-36150-2,36,True
36150,280615,3.76,16,VH-36150-3,24,True
283335,29149,0.4,18,VH-283335-1,36,True
283335,284039,1.12,15,VH-283335-2,36,True
283335,29006,1.15,14,VH-283335-3,60,True
36140,282653,1.37,13,VH-36140-1,36,True
36140,284199,1.45,15,VH-36140-2,36,True
36140,285114,1.49,16,VH-36140-3,60,True
282605,283842,0.38,18,VH-282605-1,36,True
282605,280705,0.45,10,VH-282605-2,60,True
282605,36157,0.84,15,VH-282605-3,24,True
283533,280785,0.52,13,VH-283533-1,60,True
283533,285142,0.64,12,VH-283533-2,48,True
283533,36151,1.05,18,VH-283533-3,36,True
280597,36134,4.56,20,VH-280597-1,60,True
280597,285124,5.98,23,VH-280597-2,48,True
280597,280631,6.19,24,VH-280597-3,48,True
280631,285124,1.64,12,VH-280631-1,24,True
280631,36134,2.58,14,VH-280631-2,24,True
280631,29134,6.12,26,VH-280631-3,48,True
285124,36134,1.54,10,VH-285124-1,48,True
285124,280631,1.64,19,VH-285124-2,60,True
285124,29134,4.57,17,VH-285124-3,48,True
29036,29134,2.98,18,VH-29036-1,60,True
29036,36134,4.81,20,VH-29036-2,36,True
29036,285124,5.39,22,VH-29036-3,48,True
29134,29036,2.98,18,VH-29134-1,60,True
29134,285124,4.57,18,VH-29134-2,48,True
29134,36134,4.92,16,VH-29134-3,36,True
36134,285124,1.54,17,VH-36134-1,24,True
36134,280631,2.58,22,VH-36134-2,60,True
36134,280597,4.56,20,VH-36134-3,60,True
280602,284869,0.0,11,VH-280602-1,48,True
280602,283643,0.25,9,VH-280602-2,48,True
280602,284885,0.25,13,VH-280602-3,48,True
280604,283532,8.74,23,VH-280604-1,36,True
280604,280606,70.89,127,VH-280604-2,60,True
280604,36136,72.82,105,VH-280604-3,24,True
283532,280604,8.74,24,VH-283532-1,24,True
283532,280606,75.37,119,VH-283532-2,24,True
283532,280632,77.41,137,VH-283532-3,48,True
36125,280661,0.0,15,VH-36125-1,36,True
36125,283136,0.0,18,VH-36125-2,60,True
36125,36135,0.0,16,VH-36125-3,24,True
283542,36114,1.42,19,VH-283542-1,60,True
283542,36155,2.32,19,VH-283542-2,24,True
283542,284728,2.33,15,VH-283542-3,48,True
36145,36120,0.99,11,VH-36145-1,36,True
36145,284816,1.14,17,VH-36145-2,36,True
36145,280705,1.19,11,VH-36145-3,60,True
280588,282792,0.89,16,VH-280588-1,24,True
280588,280601,0.89,16,VH-280588-2,48,True
280588,283588,0.92,12,VH-280588-3,48,True
280595,283201,0.8,13,VH-280595-1,60,True
280595,283545,1.38,14,VH-280595-2,60,True
280595,280660,3.17,17,VH-280595-3,60,True
280606,29077,3.66,17,VH-280606-1,36,True
280606,280632,4.61,23,VH-280606-2,36,True
280606,284885,8.83,28,VH-280606-3,24,True
280610,29105,0.0,17,VH-280610-1,24,True
280610,29124,0.0,14,VH-280610-2,60,True
280610,29081,0.0,13,VH-280610-3,24,True
280627,29002,0.0,16,VH-280627-1,48,True
280627,284006,0.38,13,VH-280627-2,24,True
280627,29151,0.38,17,VH-280627-3,60,True
280643,29089,2.01,19,VH-280643-1,60,True
280643,280764,2.33,22,VH-280643-2,60,True
280643,283429,2.75,15,VH-280643-3,36,True
280705,282605,0.45,14,VH-280705-1,60,True
280705,283842,0.82,19,VH-280705-2,48,True
280705,36145,1.19,15,VH-280705-3,36,True
280764,29089,0.79,10,VH-280764-1,24,True
280764,283583,2.17,16,VH-280764-2,48,True
280764,280643,2.33,13,VH-280764-3,48,True
282653,285114,0.37,16,VH-282653-1,24,True
282653,36144,0.43,15,VH-282653-2,36,True
282653,36105,0.54,19,VH-282653-3,48,True
283164,29125,0.69,16,VH-283164-1,60,True
283164,29093,0.74,16,VH-283164-2,24,True
283164,280788,1.17,19,VH-283164-3,24,True
283201,280595,0.8,18,VH-283201-1,60,True
283201,283545,1.32,15,VH-283201-2,60,True
283201,29131,2.72,21,VH-283201-3,24,True
283429,29131,1.77,12,VH-283429-1,48,True
283429,29018,2.24,11,VH-283429-2,60,True
283429,280417,2.44,21,VH-283429-3,48,True
283443,285235,1.88,19,VH-283443-1,36,True
283443,36109,2.02,18,VH-283443-2,48,True
283443,29116,2.57,13,VH-283443-3,60,True
283534,285295,0.7,17,VH-283534-1,36,True
283534,283531,0.78,13,VH-283534-2,48,True
283534,284199,0.81,19,VH-283534-3,36,True
283535,282655,0.76,19,VH-283535-1,60,True
283535,29023,1.18,16,VH-283535-2,36,True
283535,285142,1.83,20,VH-283535-3,48,True
283549,29065,1.11,14,VH-283549-1,48,True
283549,29003,1.12,13,VH-283549-2,24,True
283549,36109,1.14,15,VH-283549-3,60,True
283583,29089,2.15,18,VH-283583-1,24,True
283583,280764,2.17,20,VH-283583-2,48,True
283583,283429,3.5,22,VH-283583-3,48,True
283588,36113,0.26,16,VH-283588-1,60,True
283588,283548,0.34,12,VH-283588-2,60,True
283588,280588,0.92,14,VH-283588-3,48,True
283591,29022,0.0,9,VH-283591-1,60,True
283591,284264,1.03,13,VH-283591-2,24,True
283591,284866,1.86,20,VH-283591-3,24,True
283599,280647,0.42,10,VH-283599-1,36,True
283599,282880,0.42,18,VH-283599-2,36,True
283599,285282,0.42,16,VH-283599-3,48,True
284039,280617,0.66,15,VH-284039-1,24,True
284039,284006,0.73,16,VH-284039-2,36,True
284039,29151,0.73,13,VH-284039-3,48,True
284200,36106,1.08,18,VH-284200-1,36,True
284200,29023,1.91,20,VH-284200-2,24,True
284200,36124,1.97,20,VH-284200-3,24,True
284816,36120,0.61,15,VH-284816-1,48,True
284816,36145,1.14,10,VH-284816-2,24,True
284816,283519,1.2,15,VH-284816-3,36,True
284869,280602,0.0,15,VH-284869-1,24,True
284869,283643,0.25,11,VH-284869-2,36,True
284869,284885,0.25,15,VH-284869-3,36,True
284887,280634,0.43,13,VH-284887-1,24,True
284887,284186,0.62,15,VH-284887-2,60,True
284887,282792,0.73,16,VH-284887-3,24,True
285142,283533,0.64,17,VH-285142-1,60,True
285142,280785,1.14,15,VH-285142-2,48,True
285142,29018,1.54,20,VH-285142-3,48,True
285239,280647,0.07,12,VH-285239-1,60,True
285239,282880,0.07,15,VH-285239-2,24,True
285239,285282,0.07,12,VH-285239-3,60,True
29003,285235,0.95,12,VH-29003-1,24,True
29003,36109,0.95,19,VH-29003-2,36,True
29003,283549,1.12,19,VH-29003-3,36,True
29084,29105,0.0,11,VH-29084-1,60,True
29084,29124,0.0,15,VH-29084-2,36,True
29084,29081,0.0,12,VH-29084-3,60,True
29143,29105,0.0,13,VH-29143-1,60,True
29143,29124,0.0,8,VH-29143-2,24,True
29143,29081,0.0,13,VH-29143-3,24,True
36144,36105,0.34,11,VH-36144-1,60,True
36144,282653,0.43,14,VH-36144-2,48,True
36144,29093,0.66,12,VH-36144-3,24,True
36152,284186,0.18,15,VH-36152-1,36,True
36152,284838,0.5,18,VH-36152-2,60,True
36152,283599,0.53,16,VH-36152-3,48,True
282993,283787,1.23,16,VH-282993-1,36,True
282993,284191,2.34,12,VH-282993-2,24,True
282993,36104,2.54,12,VH-282993-3,60,True
283423,283443,3.28,21,VH-283423-1,36,True
283423,36139,3.8,16,VH-283423-2,36,True
283423,285235,4.62,23,VH-283423-3,24,True
282655,283535,0.76,15,VH-282655-1,60,True
282655,29023,1.05,16,VH-282655-2,36,True
282655,29005,1.65,10,VH-282655-3,36,True
283846,29001,0.0,12,VH-283846-1,24,True
283846,282792,0.14,10,VH-283846-2,48,True
283846,280601,0.14,15,VH-283846-3,36,True
280609,284889,2.12,16,VH-280609-1,24,True
280609,283206,5.9,20,VH-280609-2,60,True
280609,29036,5452.13,9463,VH-280609-3,24,True
283206,284889,3.85,15,VH-283206-1,48,True
283206,280609,5.9,18,VH-283206-2,60,True
283206,29036,5451.39,9326,VH-283206-3,48,True
284543,283522,0.0,10,VH-284543-1,36,True
284543,280617,0.77,17,VH-284543-2,48,True
284543,280614,0.86,11,VH-284543-3,24,True
284889,280609,2.12,15,VH-284889-1,36,True
284889,283206,3.85,21,VH-284889-2,24,True
284889,29036,5452.27,7251,VH-284889-3,48,True
285008,283560,0.0,14,VH-285008-1,60,True
285008,36158,0.0,17,VH-285008-2,36,True
285008,29065,0.3,9,VH-285008-3,24,True
29068,29105,0.0,16,VH-29068-1,24,True
29068,29124,0.0,11,VH-29068-2,60,True
29068,29081,0.0,17,VH-29068-3,60,True
29072,29105,0.0,17,VH-29072-1,36,True
29072,29124,0.0,9,VH-29072-2,36,True
29072,29081,0.0,13,VH-29072-3,24,True
284960,280620,0.14,18,VH-284960-1,24,True
284960,280614,0.57,11,VH-284960-2,60,True
284960,29135,0.88,16,VH-284960-3,60,True
36133,36103,1.07,14,VH-36133-1,24,True
36133,29003,1.26,12,VH-36133-2,48,True
36133,36159,1.36,18,VH-36133-3,48,True
280323,29007,1.02,19,VH-280323-1,60,True
280323,29008,1.02,15,VH-280323-2,48,True
280323,283544,1.3,18,VH-280323-3,48,True
283330,284381,1.28,19,VH-283330-1,36,True
283330,280599,1.7,12,VH-283330-2,48,True
283330,284518,3.14,19,VH-283330-3,36,True
283521,284348,1.9,20,VH-283521-1,48,True
283521,280324,2.28,14,VH-283521-2,24,True
283521,280607,2.36,12,VH-283521-3,36,True
284197,283159,0.0,8,VH-284197-1,60,True
284197,284195,0.0,13,VH-284197-2,60,True
284197,283136,0.68,10,VH-284197-3,60,True
284264,29022,1.03,13,VH-284264-1,36,True
284264,283591,1.03,18,VH-284264-2,24,True
284264,280600,1.55,16,VH-284264-3,48,True
284348,283521,1.9,16,VH-284348-1,24,True
284348,36110,2.02,12,VH-284348-2,24,True
284348,280607,2.67,13,VH-284348-3,24,True
280652,280688,1.24,20,VH-280652-1,60,True
280652,36117,2.3,17,VH-280652-2,60,True
280652,284189,2.4,20,VH-280652-3,48,True
280688,280652,1.24,12,VH-280688-1,36,True
280688,282995,2.11,12,VH-280688-2,24,True
280688,36117,2.3,16,VH-280688-3,48,True
280722,284886,1.11,11,VH-280722-1,36,True
280722,36117,1.23,19,VH-280722-2,60,True
280722,282995,2.07,15,VH-280722-3,48,True
282995,36117,0.85,10,VH-282995-1,60,True
282995,280722,2.07,20,VH-282995-2,24,True
282995,280688,2.11,17,VH-282995-3,36,True
283543,280688,4.75,21,VH-283543-1,24,True
283543,280652,5.3,24,VH-283543-2,60,True
283543,284268,5.64,19,VH-283543-3,60,True
284189,280722,2.22,15,VH-284189-1,60,True
284189,280652,2.4,21,VH-284189-2,24,True
284189,284886,2.66,17,VH-284189-3,60,True
284268,283543,5.64,24,VH-284268-1,60,True
284268,280688,10.37,30,VH-284268-2,24,True
284268,280652,10.79,24,VH-284268-3,24,True
284886,280722,1.11,13,VH-284886-1,60,True
284886,36117,2.24,19,VH-284886-2,36,True
284886,284189,2.66,21,VH-284886-3,60,True
29113,280629,0.15,9,VH-29113-1,48,True
29113,284311,1.15,12,VH-29113-2,24,True
29113,36115,3.94,23,VH-29113-3,48,True
36117,282995,0.85,10,VH-36117-1,24,True
36117,280722,1.23,12,VH-36117-2,48,True
36117,284886,2.24,18,VH-36117-3,60,True
36136,284268,27.22,43,VH-36136-1,48,True
36136,284189,27.96,62,VH-36136-2,48,True
36136,283543,28.32,56,VH-36136-3,24,True
283328,36130,9.39,28,VH-283328-1,60,True
283328,283747,10.06,26,VH-283328-2,36,True
283328,284188,19.72,34,VH-283328-3,24,True
283747,36130,2.98,19,VH-283747-1,36,True
283747,283328,10.06,26,VH-283747-2,48,True
283747,284188,12.73,37,VH-283747-3,60,True
284188,36130,11.09,33,VH-284188-1,36,True
284188,283747,12.73,32,VH-284188-2,24,True
284188,283328,19.72,47,VH-284188-3,36,True
36130,283747,2.98,16,VH-36130-1,60,True
36130,283328,9.39,23,VH-36130-2,36,True
36130,284188,11.09,32,VH-36130-3,48,True
284021,284107,1.35,19,VH-284021-1,48,True
284021,36154,1.72,20,VH-284021-2,24,True
284021,284341,1.97,19,VH-284021-3,60,True
36124,36106,0.9,18,VH-36124-1,48,True
36124,280618,1.06,14,VH-36124-2,24,True
36124,29005,1.92,15,VH-36124-3,36,True
280418,283524,0.71,9,VH-280418-1,48,True
280418,284029,2.73,14,VH-280418-2,24,True
280418,29083,2.74,17,VH-280418-3,24,True
280598,282647,1.82,17,VH-280598-1,24,True
280598,284347,2.41,17,VH-280598-2,48,True
280598,284728,2.61,14,VH-280598-3,36,True
280601,282792,0.0,17,VH-280601-1,36,True
280601,29001,0.14,10,VH-280601-2,60,True
280601,283846,0.14,9,VH-280601-3,24,True
280605,29082,2.42,17,VH-280605-1,36,True
280605,280589,2.42,18,VH-280605-2,60,True
280605,36139,7.76,27,VH-280605-3,36,True
280612,29105,0.0,16,VH-280612-1,36,True
280612,29124,0.0,13,VH-280612-2,60,True
280612,29081,0.0,13,VH-280612-3,48,True
280632,29077,1.13,13,VH-280632-1,60,True
280632,280606,4.61,16,VH-280632-2,48,True
280632,283583,5.27,24,VH-280632-3,60,True
280636,283327,0.85,18,VH-280636-1,48,True
280636,284347,1.49,12,VH-280636-2,36,True
280636,282647,1.72,19,VH-280636-3,36,True
280641,284192,0.45,10,VH-280641-1,36,True
280641,284029,1.45,17,VH-280641-2,60,True
280641,284190,2.3,15,VH-280641-3,36,True
280649,283552,7.29,27,VH-280649-1,24,True
280649,36146,8.12,33,VH-280649-2,48,True
280649,280418,8.46,28,VH-280649-3,36,True
282587,280598,2.88,19,VH-282587-1,48,True
282587,282647,3.54,18,VH-282587-2,48,True
282587,284347,3.91,22,VH-282587-3,36,True
282647,284347,0.59,15,VH-282647-1,48,True
282647,283327,1.7,15,VH-282647-2,60,True
282647,280636,1.72,16,VH-282647-3,48,True
283136,280661,0.0,8,VH-283136-1,36,True
283136,36135,0.0,12,VH-283136-2,48,True
283136,36125,0.0,14,VH-283136-3,48,True
283159,284195,0.0,18,VH-283159-1,60,True
283159,284197,0.0,14,VH-283159-2,48,True
283159,280661,0.68,12,VH-283159-3,36,True
283327,280636,0.85,18,VH-283327-1,48,True
283327,284347,1.22,18,VH-283327-2,48,True
283327,282647,1.7,16,VH-283327-3,60,True
283519,29106,1.14,13,VH-283519-1,24,True
283519,284816,1.2,16,VH-283519-2,48,True
283519,285295,1.73,19,VH-283519-3,36,True
283524,280418,0.71,13,VH-283524-1,60,True
283524,284029,2.17,15,VH-283524-2,48,True
283524,280641,2.31,22,VH-283524-3,24,True
283552,36146,2.39,20,VH-283552-1,48,True
283552,29083,2.85,12,VH-283552-2,48,True
283552,283763,3.06,18,VH-283552-3,24,True
283554,29105,0.0,8,VH-283554-1,24,True
283554,29124,0.0,10,VH-283554-2,24,True
283554,29081,0.0,15,VH-283554-3,24,True
284029,280641,1.45,11,VH-284029-1,48,True
284029,284192,1.55,21,VH-284029-2,60,True
284029,283524,2.17,13,VH-284029-3,60,True
284190,284192,1.91,20,VH-284190-1,24,True
284190,284029,2.17,17,VH-284190-2,24,True
284190,280641,2.3,15,VH-284190-3,60,True
284192,280641,0.45,19,VH-284192-1,60,True
284192,284029,1.55,14,VH-284192-2,48,True
284192,284190,1.91,12,VH-284192-3,60,True
284341,284107,1.08,19,VH-284341-1,60,True
284341,284021,1.97,17,VH-284341-2,60,True
284341,36154,3.41,19,VH-284341-3,60,True
284343,280647,0.0,13,VH-284343-1,48,True
284343,282880,0.0,12,VH-284343-2,36,True
284343,285282,0.0,8,VH-284343-3,48,True
284347,282647,0.59,19,VH-284347-1,48,True
284347,283327,1.22,13,VH-284347-2,36,True
284347,280636,1.49,11,VH-284347-3,48,True
284728,36114,1.8,12,VH-284728-1,60,True
284728,36155,1.94,14,VH-284728-2,48,True
284728,280636,1.99,15,VH-284728-3,24,True
284885,283643,0.0,12,VH-284885-1,36,True
284885,284869,0.25,11,VH-284885-2,48,True
284885,280602,0.25,13,VH-284885-3,60,True
29012,29105,0.0,13,VH-29012-1,48,True
29012,29124,0.0,17,VH-29012-2,48,True
29012,29081,0.0,10,VH-29012-3,36,True
29015,29105,0.0,14,VH-29015-1,24,True
29015,29124,0.0,13,VH-29015-2,48,True
29015,29081,0.0,12,VH-29015-3,36,True
29017,29105,0.0,17,VH-29017-1,60,True
29017,29124,0.0,16,VH-29017-2,60,True
29017,29081,0.0,13,VH-29017-3,36,True
29082,280589,0.0,15,VH-29082-1,24,True
29082,280605,2.42,17,VH-29082-2,60,True
29082,29099,6.49,18,VH-29082-3,36,True
29120,29105,0.0,9,VH-29120-1,48,True
29120,29124,0.0,18,VH-29120-2,36,True
29120,29081,0.0,9,VH-29120-3,24,True
29135,284960,0.88,16,VH-29135-1,48,True
29135,280620,0.92,19,VH-29135-2,24,True
29135,36104,1.0,14,VH-29135-3,60,True
29144,29105,0.0,13,VH-29144-1,48,True
29144,29124,0.0,11,VH-29144-2,60,True
29144,29081,0.0,11,VH-29144-3,36,True
36142,29106,0.97,19,VH-36142-1,60,True
36142,36155,1.12,16,VH-36142-2,60,True
36142,36114,1.46,11,VH-36142-3,24,True
36155,36114,0.9,13,VH-36155-1,60,True
36155,36142,1.12,13,VH-36155-2,60,True
36155,29106,1.79,20,VH-36155-3,60,True
283643,284885,0.0,11,VH-283643-1,36,True
283643,284869,0.25,14,VH-283643-2,60,True
283643,280602,0.25,17,VH-283643-3,60,True
283763,29083,1.31,10,VH-283763-1,48,True
283763,36146,1.49,16,VH-283763-2,60,True
283763,283552,3.06,19,VH-283763-3,36,True
29018,280417,0.77,18,VH-29018-1,48,True
29018,29131,0.88,10,VH-29018-2,60,True
29018,280660,1.32,12,VH-29018-3,24,True
29083,36146,0.48,14,VH-29083-1,60,True
29083,283763,1.31,20,VH-29083-2,48,True
29083,280418,2.74,21,VH-29083-3,48,True
29089,280764,0.79,9,VH-29089-1,36,True
29089,280643,2.01,20,VH-29089-2,24,True
29089,283583,2.15,18,VH-29089-3,36,True
29142,29105,0.0,15,VH-29142-1,36,True
29142,29124,0.0,17,VH-29142-2,24,True
29142,29081,0.0,10,VH-29142-3,36,True
36114,36155,0.9,12,VH-36114-1,60,True
36114,283542,1.42,17,VH-36114-2,24,True
36114,36142,1.46,20,VH-36114-3,24,True
36146,29083,0.48,14,VH-36146-1,60,True
36146,283763,1.49,19,VH-36146-2,48,True
36146,283552,2.39,13,VH-36146-3,48,True
280592,29113,5.07,16,VH-280592-1,48,True
280592,280629,5.1,19,VH-280592-2,36,True
280592,284311,6.16,24,VH-280592-3,48,True
280629,29113,0.15,15,VH-280629-1,36,True
280629,284311,1.18,13,VH-280629-2,24,True
280629,36115,3.79,14,VH-280629-3,36,True
280642,282813,1.51,12,VH-280642-1,48,True
280642,36115,1.99,14,VH-280642-2,24,True
280642,280629,5.51,19,VH-280642-3,24,True
282813,280642,1.51,20,VH-282813-1,60,True
282813,36115,2.75,18,VH-282813-2,36,True
282813,280629,5.41,25,VH-282813-3,48,True
284311,29113,1.15,11,VH-284311-1,24,True
284311,280629,1.18,13,VH-284311-2,60,True
284311,36115,4.25,18,VH-284311-3,60,True
36115,280642,1.99,17,VH-36115-1,60,True
36115,282813,2.75,17,VH-36115-2,60,True
36115,280629,3.79,22,VH-36115-3,24,True
36153,280592,6.71,30,VH-36153-1,36,True
36153,29113,6.82,24,VH-36153-2,24,True
36153,284311,6.95,21,VH-36153-3,36,True
280587,280611,3.16,20,VH-280587-1,24,True
280587,29046,4.54,21,VH-280587-2,36,True
280587,283538,68.51,129,VH-280587-3,60,True
280611,280587,3.16,15,VH-280611-1,60,True
280611,29046,7.66,21,VH-280611-2,60,True
280611,285270,65.53,105,VH-280611-3,36,True
29046,280587,4.54,22,VH-29046-1,48,True
29046,280611,7.66,25,VH-29046-2,36,True
29046,283538,73.02,114,VH-29046-3,36,True
280324,280661,1.07,12,VH-280324-1,36,True
280324,283136,1.07,15,VH-280324-2,36,True
280324,36135,1.07,12,VH-280324-3,36,True
280661,283136,0.0,8,VH-280661-1,60,True
280661,36135,0.0,17,VH-280661-2,24,True
280661,36125,0.0,17,VH-280661-3,60,True
283555,283338,2.9,21,VH-283555-1,24,True
283555,283521,3.27,14,VH-283555-2,48,True
283555,280324,3.28,15,VH-283555-3,48,True
284866,29022,1.86,17,VH-284866-1,48,True
284866,283591,1.86,13,VH-284866-2,60,True
284866,284264,2.74,19,VH-284866-3,36,True
280603,36132,2.62,17,VH-280603-1,60,True
280603,280631,35.36,61,VH-280603-2,24,True
280603,285124,36.92,65,VH-280603-3,60,True
36132,280603,2.62,18,VH-36132-1,60,True
36132,280631,36.73,68,VH-36132-2,60,True
36132,285124,38.26,77,VH-36132-3,36,True
280594,36118,9.27,23,VH-280594-1,60,True
280594,29090,10.61,32,VH-280594-2,36,True
280594,29130,10.8,28,VH-280594-3,24,True
282996,29130,2.9,15,VH-282996-1,36,True
282996,284896,3.57,15,VH-282996-2,60,True
282996,36149,3.77,16,VH-282996-3,48,True
283326,282996,6.45,20,VH-283326-1,60,True
283326,36149,7.06,20,VH-283326-2,60,True
283326,284896,7.86,28,VH-283326-3,60,True
283522,284543,0.0,9,VH-283522-1,60,True
283522,280617,0.77,14,VH-283522-2,48,True
283522,280614,0.86,15,VH-283522-3,36,True
283525,283589,1.31,14,VH-283525-1,60,True
283525,29069,4.61,18,VH-283525-2,24,True
283525,284531,4.72,26,VH-283525-3,48,True
283547,280647,0.0,8,VH-283547-1,60,True
283547,282880,0.0,9,VH-283547-2,48,True
283547,285282,0.0,10,VH-283547-3,48,True
283589,283525,1.31,16,VH-283589-1,24,True
283589,284896,3.53,22,VH-283589-2,24,True
283589,36149,3.71,15,VH-283589-3,36,True
284531,283589,3.98,15,VH-284531-1,60,True
284531,36149,4.28,17,VH-284531-2,48,True
284531,283525,4.72,23,VH-284531-3,60,True
284896,36149,1.06,10,VH-284896-1,48,True
284896,29130,1.18,15,VH-284896-2,36,True
284896,283589,3.53,20,VH-284896-3,48,True
29090,29069,0.88,11,VH-29090-1,60,True
29090,36118,1.76,17,VH-29090-2,36,True
29090,283525,5.49,18,VH-29090-3,36,True
29130,284896,1.18,15,VH-29130-1,24,True
29130,36149,2.1,16,VH-29130-2,36,True
29130,282996,2.9,22,VH-29130-3,48,True
36118,29090,1.76,14,VH-36118-1,60,True
36118,29069,2.55,19,VH-36118-2,60,True
36118,283525,7.0,21,VH-36118-3,36,True
36149,284896,1.06,17,VH-36149-1,36,True
36149,29130,2.1,17,VH-36149-2,36,True
36149,283589,3.71,20,VH-36149-3,60,True
280788,29125,0.54,17,VH-280788-1,24,True
280788,285249,0.88,9,VH-280788-2,48,True
280788,283242,1.15,18,VH-280788-3,36,True
36157,283842,0.66,18,VH-36157-1,36,True
36157,282605,0.84,17,VH-36157-2,60,True
36157,280705,1.23,18,VH-36157-3,60,True
280663,280675,4.42,19,VH-280663-1,24,True
280663,280676,6.07,26,VH-280663-2,48,True
280663,280665,7.28,28,VH-280663-3,36,True
280675,280676,2.4,12,VH-280675-1,36,True
280675,280665,2.92,15,VH-280675-2,60,True
280675,280656,4.38,22,VH-280675-3,60,True
25007,280656,0.0,18,VH-25007-1,36,True
25007,25006,0.0,18,VH-25007-2,60,True
25007,280665,1.7,20,VH-25007-3,36,True
280656,25007,0.0,17,VH-280656-1,60,True
280656,25006,0.0,12,VH-280656-2,24,True
280656,280665,1.7,16,VH-280656-3,24,True
283870,280666,3.3,24,VH-283870-1,48,True
283870,280656,4.08,23,VH-283870-2,60,True
283870,25006,4.08,19,VH-283870-3,60,True
25006,280656,0.0,15,VH-25006-1,36,True
25006,25007,0.0,10,VH-25006-2,36,True
25006,280665,1.7,17,VH-25006-3,36,True
280666,280656,2.02,12,VH-280666-1,48,True
280666,25007,2.02,11,VH-280666-2,48,True
280666,25006,2.02,19,VH-280666-3,48,True
280624,280666,5.55,23,VH-280624-1,48,True
280624,280656,7.01,28,VH-280624-2,60,True
280624,25006,7.01,27,VH-280624-3,36,True
280665,280656,1.7,18,VH-280665-1,60,True
280665,25007,1.7,12,VH-280665-2,36,True
280665,25006,1.7,14,VH-280665-3,24,True
280676,280675,2.4,14,VH-280676-1,36,True
280676,280665,3.14,18,VH-280676-2,60,True
280676,280656,4.83,20,VH-280676-3,36,True
16163,25002,3.71,16,VH-16163-1,48,True
16163,25001,5.11,16,VH-16163-2,36,True
16163,25008,7.37,24,VH-16163-3,36,True
25001,25002,1.75,12,VH-25001-1,24,True
25001,16163,5.11,23,VH-25001-2,36,True
25001,25008,5.62,18,VH-25001-3,60,True
25002,25001,1.75,21,VH-25002-1,60,True
25002,16163,3.71,24,VH-25002-2,24,True
25002,25008,4.86,25,VH-25002-3,60,True
25008,25002,4.86,20,VH-25008-1,60,True
25008,25001,5.62,26,VH-25008-2,48,True
25008,16163,7.37,21,VH-25008-3,24,True
1701,283630,0.33,18,VH-1701-1,36,True
1701,795,0.53,13,VH-1701-2,36,True
1701,285247,0.53,16,VH-1701-3,24,True
1703,1764,1.61,18,VH-1703-1,48,True
1703,1739,1.61,13,VH-1703-2,60,True
1703,284442,1.83,20,VH-1703-3,48,True
1713,795,0.0,18,VH-1713-1,24,True
1713,285070,0.0,14,VH-1713-2,48,True
1713,285007,0.0,12,VH-1713-3,48,True
1722,284103,0.81,19,VH-1722-1,48,True
1722,1703,2.16,13,VH-1722-2,24,True
1722,284710,2.17,15,VH-1722-3,48,True
1739,1764,0.0,9,VH-1739-1,60,True
1739,284442,0.95,15,VH-1739-2,60,True
1739,1703,1.61,19,VH-1739-3,36,True
1761,283824,1.37,14,VH-1761-1,48,True
1761,283757,1.43,12,VH-1761-2,24,True
1761,99227,2.01,11,VH-1761-3,24,True
1764,1739,0.0,9,VH-1764-1,48,True
1764,284442,0.95,13,VH-1764-2,36,True
1764,1703,1.61,12,VH-1764-3,48,True
2708,785,0.0,8,VH-2708-1,36,True
2708,704,0.0,9,VH-2708-2,60,True
2708,282723,0.0,14,VH-2708-3,36,True
2737,284696,0.0,9,VH-2737-1,24,True
2737,284456,0.0,12,VH-2737-2,48,True
2737,99181,0.0,13,VH-2737-3,36,True
280170,284696,0.0,17,VH-280170-1,48,True
280170,284456,0.0,17,VH-280170-2,24,True
280170,99181,0.0,9,VH-280170-3,48,True
283323,284659,0.0,10,VH-283323-1,48,True
283323,789,0.0,8,VH-283323-2,48,True
283323,284865,0.0,11,VH-283323-3,48,True
283630,1701,0.33,16,VH-283630-1,60,True
283630,1713,0.51,13,VH-283630-2,24,True
283630,795,0.51,16,VH-283630-3,60,True
283739,284696,0.0,9,VH-283739-1,48,True
283739,284456,0.0,15,VH-283739-2,48,True
283739,99181,0.0,10,VH-283739-3,60,True
283741,284754,0.0,11,VH-283741-1,60,True
283741,284091,0.0,17,VH-283741-2,60,True
283741,99218,0.92,10,VH-283741-3,60,True
283757,1713,0.7,10,VH-283757-1,48,True
283757,795,0.7,14,VH-283757-2,60,True
283757,285007,0.7,10,VH-283757-3,24,True
284091,284754,0.0,9,VH-284091-1,60,True
284091,283741,0.0,14,VH-284091-2,24,True
284091,99218,0.92,12,VH-284091-3,48,True
284103,1722,0.81,15,VH-284103-1,24,True
284103,284710,1.48,13,VH-284103-2,24,True
284103,1703,2.4,19,VH-284103-3,60,True
284207,284005,0.0,16,VH-284207-1,60,True
284207,283753,0.0,9,VH-284207-2,24,True
284207,726,0.0,8,VH-284207-3,48,True
284442,1764,0.95,11,VH-284442-1,24,True
284442,1739,0.95,16,VH-284442-2,24,True
284442,1703,1.83,17,VH-284442-3,48,True
284710,284103,1.48,17,VH-284710-1,36,True
284710,1722,2.17,19,VH-284710-2,60,True
284710,284442,2.4,12,VH-284710-3,24,True
284754,284091,0.0,16,VH-284754-1,48,True
284754,283741,0.0,13,VH-284754-2,48,True
284754,99218,0.92,13,VH-284754-3,60,True
285046,284096,1.01,15,VH-285046-1,24,True
285046,284091,1.29,13,VH-285046-2,24,True
285046,283741,1.29,12,VH-285046-3,48,True
726,284005,0.0,10,VH-726-1,24,True
726,283753,0.0,9,VH-726-2,24,True
726,284207,0.0,17,VH-726-3,48,True
727,284696,0.0,14,VH-727-1,48,True
727,284456,0.0,12,VH-727-2,36,True
727,99181,0.0,12,VH-727-3,48,True
728,1791,0.0,10,VH-728-1,36,True
728,99176,0.0,15,VH-728-2,24,True
728,1731,0.0,13,VH-728-3,48,True
99130,284847,2.62,20,VH-99130-1,24,True
99130,1761,4.11,18,VH-99130-2,24,True
99130,283757,4.96,20,VH-99130-3,48,True
1753,99144,40.45,68,VH-1753-1,60,True
1753,284550,40.45,76,VH-1753-2,60,True
1753,99152,40.45,80,VH-1753-3,60,True
1785,284696,0.0,14,VH-1785-1,24,True
1785,284456,0.0,11,VH-1785-2,24,True
1785,99181,0.0,11,VH-1785-3,36,True
2723,284696,0.0,17,VH-2723-1,60,True
2723,284456,0.0,17,VH-2723-2,60,True
2723,99181,0.0,16,VH-2723-3,24,True
280173,99231,0.61,17,VH-280173-1,60,True
280173,2736,0.96,19,VH-280173-2,36,True
280173,99187,1.41,10,VH-280173-3,24,True
280174,284696,0.0,13,VH-280174-1,36,True
280174,284456,0.0,17,VH-280174-2,48,True
280174,99181,0.0,10,VH-280174-3,48,True
280570,283752,0.22,18,VH-280570-1,60,True
280570,99232,0.81,16,VH-280570-2,60,True
280570,99219,0.98,15,VH-280570-3,36,True
283598,99214,0.33,18,VH-283598-1,24,True
283598,284389,0.59,18,VH-283598-2,48,True
283598,284210,0.83,10,VH-283598-3,36,True
283684,284696,0.0,14,VH-283684-1,48,True
283684,284456,0.0,10,VH-283684-2,60,True
283684,99181,0.0,9,VH-283684-3,48,True
283952,99161,0.86,19,VH-283952-1,24,True
283952,284969,0.87,15,VH-283952-2,36,True
283952,284850,1.08,16,VH-283952-3,36,True
284108,2738,1.14,12,VH-284108-1,48,True
284108,99239,1.36,12,VH-284108-2,48,True
284108,284631,1.77,17,VH-284108-3,24,True
284162,99195,1.85,17,VH-284162-1,36,True
284162,724,2.27,12,VH-284162-2,60,True
284162,284202,2.46,17,VH-284162-3,48,True
284377,285055,2.31,21,VH-284377-1,36,True
284377,99217,2.46,14,VH-284377-2,24,True
284377,283864,2.51,14,VH-284377-3,60,True
284389,284210,0.53,13,VH-284389-1,36,True
284389,283598,0.59,12,VH-284389-2,60,True
284389,99214,0.69,17,VH-284389-3,48,True
724,99189,1.17,11,VH-724-1,48,True
724,99185,1.48,16,VH-724-2,48,True
724,283598,1.73,13,VH-724-3,60,True
99219,283752,0.95,18,VH-99219-1,48,True
99219,280570,0.98,10,VH-99219-2,48,True
99219,284727,1.5,14,VH-99219-3,60,True
99220,99191,1.56,18,VH-99220-1,36,True
99220,283598,1.57,11,VH-99220-2,60,True
99220,284389,1.59,11,VH-99220-3,24,True
283722,284922,9.58,29,VH-283722-1,36,True
283722,283949,32.45,67,VH-283722-2,60,True
283722,283573,37.76,76,VH-283722-3,24,True
284922,283722,9.58,22,VH-284922-1,48,True
284922,283949,25.38,53,VH-284922-2,48,True
284922,283573,29.98,57,VH-284922-3,36,True
99123,284506,42.34,78,VH-99123-1,36,True
99123,2719,43.06,93,VH-99123-2,36,True
99123,283823,44.55,70,VH-99123-3,48,True
99144,99152,0.0,17,VH-99144-1,24,True
99144,284550,0.0,12,VH-99144-2,24,True
99144,1753,40.45,65,VH-99144-3,36,True
283460,283816,2.9,21,VH-283460-1,60,True
283460,732,3.88,24,VH-283460-2,60,True
283460,284536,8.09,31,VH-283460-3,24,True
283816,283460,2.9,16,VH-283816-1,36,True
283816,732,4.14,14,VH-283816-2,60,True
283816,284536,8.71,26,VH-283816-3,36,True
284536,732,4.58,22,VH-284536-1,48,True
284536,283460,8.09,26,VH-284536-2,36,True
284536,283816,8.71,21,VH-284536-3,36,True
732,283460,3.88,19,VH-732-1,36,True
732,283816,4.14,25,VH-732-2,24,True
732,284536,4.58,22,VH-732-3,60,True
280206,284009,5.88,20,VH-280206-1,36,True
280206,285191,6.7,28,VH-280206-2,48,True
280206,284546,8.88,26,VH-280206-3,24,True
283996,99202,1.05,19,VH-283996-1,36,True
283996,284546,2.68,14,VH-283996-2,24,True
283996,284009,5.5,23,VH-283996-3,60,True
284009,285191,1.12,18,VH-284009-1,60,True
284009,99202,5.2,21,VH-284009-2,36,True
284009,283996,5.5,20,VH-284009-3,60,True
284546,283996,2.68,14,VH-284546-1,48,True
284546,99202,3.62,21,VH-284546-2,36,True
284546,284009,5.79,18,VH-284546-3,60,True
285191,284009,1.12,14,VH-285191-1,60,True
285191,99202,5.32,18,VH-285191-2,60,True
285191,283996,5.82,24,VH-285191-3,36,True
99146,284696,0.0,14,VH-99146-1,48,True
99146,284456,0.0,14,VH-99146-2,60,True
99146,99181,0.0,16,VH-99146-3,24,True
99202,283996,1.05,19,VH-99202-1,60,True
99202,284546,3.62,16,VH-99202-2,24,True
99202,284009,5.2,15,VH-99202-3,48,True
99216,284730,0.0,13,VH-99216-1,48,True
99216,283819,0.0,17,VH-99216-2,60,True
99216,99193,0.0,8,VH-99216-3,24,True
284550,99144,0.0,18,VH-284550-1,60,True
284550,99152,0.0,14,VH-284550-2,24,True
284550,1753,40.45,75,VH-284550-3,36,True
280273,280522,0.38,19,VH-280273-1,48,True
280273,99215,0.45,9,VH-280273-2,48,True
280273,283384,0.86,17,VH-280273-3,60,True
283213,99138,1.2,19,VH-283213-1,24,True
283213,282648,1.59,10,VH-283213-2,60,True
283213,284462,1.61,16,VH-283213-3,36,True
283834,99240,1.44,19,VH-283834-1,36,True
283834,285006,1.65,13,VH-283834-2,60,True
283834,282649,1.76,17,VH-283834-3,36,True
99173,99215,1.16,19,VH-99173-1,24,True
99173,99120,1.48,15,VH-99173-2,48,True
99173,284497,1.49,11,VH-99173-3,60,True
99224,282615,0.69,15,VH-99224-1,60,True
99224,99222,1.01,19,VH-99224-2,24,True
99224,285006,1.49,12,VH-99224-3,36,True
283714,285119,0.0,9,VH-283714-1,24,True
283714,284398,0.0,15,VH-283714-2,60,True
283714,280178,0.0,13,VH-283714-3,48,True
99176,728,0.0,18,VH-99176-1,60,True
99176,1791,0.0,12,VH-99176-2,60,True
99176,1731,0.0,16,VH-99176-3,24,True
1723,283200,5.02,23,VH-1723-1,48,True
1723,99209,6.17,27,VH-1723-2,60,True
1723,99229,8.32,22,VH-1723-3,60,True
283200,1723,5.02,23,VH-283200-1,36,True
283200,99229,5.41,21,VH-283200-2,36,True
283200,99209,5.7,26,VH-283200-3,24,True
284088,99229,4.73,16,VH-284088-1,60,True
284088,99209,6.02,26,VH-284088-2,36,True
284088,283200,10.1,29,VH-284088-3,60,True
284176,284696,0.0,15,VH-284176-1,36,True
284176,284456,0.0,14,VH-284176-2,36,True
284176,99181,0.0,13,VH-284176-3,48,True
99152,99144,0.0,14,VH-99152-1,48,True
99152,284550,0.0,13,VH-99152-2,48,True
99152,1753,40.45,66,VH-99152-3,24,True
99209,99229,3.42,16,VH-99209-1,36,True
99209,283200,5.7,25,VH-99209-2,60,True
99209,284088,6.02,26,VH-99209-3,48,True
99229,99209,3.42,17,VH-99229-1,36,True
99229,284088,4.73,23,VH-99229-2,60,True
99229,283200,5.41,23,VH-99229-3,36,True
284132,767,3.37,17,VH-284132-1,60,True
284132,99197,3.72,19,VH-284132-2,24,True
284132,284806,4.03,19,VH-284132-3,24,True
284806,99197,0.85,19,VH-284806-1,24,True
284806,767,3.75,21,VH-284806-2,60,True
284806,284132,4.03,23,VH-284806-3,36,True
285095,767,3.97,14,VH-285095-1,60,True
285095,99197,6.47,19,VH-285095-2,36,True
285095,284132,7.06,24,VH-285095-3,48,True
767,99197,2.92,20,VH-767-1,48,True
767,284132,3.37,20,VH-767-2,60,True
767,284806,3.75,14,VH-767-3,48,True
99197,284806,0.85,10,VH-99197-1,36,True
99197,767,2.92,14,VH-99197-2,24,True
99197,284132,3.72,24,VH-99197-3,48,True
284874,280522,0.73,19,VH-284874-1,24,True
284874,280273,1.0,16,VH-284874-2,36,True
284874,283384,1.17,19,VH-284874-3,24,True
284652,285082,7.43,22,VH-284652-1,48,True
284652,280191,46.5,94,VH-284652-2,48,True
284652,285005,46.89,73,VH-284652-3,60,True
285064,284696,0.0,17,VH-285064-1,48,True
285064,284456,0.0,12,VH-285064-2,60,True
285064,99181,0.0,9,VH-285064-3,48,True
285082,284652,7.43,27,VH-285082-1,24,True
285082,280191,40.36,76,VH-285082-2,24,True
285082,285005,40.56,66,VH-285082-3,60,True
99112,285252,0.0,13,VH-99112-1,24,True
99112,284052,0.71,12,VH-99112-2,48,True
99112,284453,1.17,17,VH-99112-3,48,True
284407,99114,3.66,23,VH-284407-1,48,True
284407,284219,31.05,68,VH-284407-2,48,True
284407,282638,34.55,58,VH-284407-3,24,True
99114,284407,3.66,15,VH-99114-1,48,True
99114,284219,28.8,61,VH-99114-2,60,True
99114,282638,32.69,66,VH-99114-3,48,True
1709,284201,0.0,15,VH-1709-1,36,True
1709,282574,2.46,20,VH-1709-2,60,True
1709,1729,14.33,36,VH-1709-3,48,True
283694,99228,0.78,9,VH-283694-1,48,True
283694,284519,1.38,15,VH-283694-2,48,True
283694,768,1.74,14,VH-283694-3,24,True
283833,284519,9.04,26,VH-283833-1,24,True
283833,283694,9.32,26,VH-283833-2,36,True
283833,768,9.37,29,VH-283833-3,36,True
284519,768,0.48,13,VH-284519-1,24,True
284519,283694,1.38,20,VH-284519-2,36,True
284519,99228,2.05,19,VH-284519-3,60,True
284820,284774,0.0,14,VH-284820-1,24,True
284820,1773,0.0,15,VH-284820-2,24,True
284820,1720,0.0,10,VH-284820-3,36,True
284822,285119,0.0,9,VH-284822-1,24,True
284822,284398,0.0,11,VH-284822-2,36,True
284822,284363,0.0,15,VH-284822-3,24,True
768,284519,0.48,14,VH-768-1,60,True
768,283694,1.74,15,VH-768-2,24,True
768,99228,2.31,12,VH-768-3,48,True
99228,283694,0.78,15,VH-99228-1,24,True
99228,284519,2.05,17,VH-99228-2,48,True
99228,768,2.31,21,VH-99228-3,24,True
1743,280704,1.17,13,VH-1743-1,24,True
1743,2704,1.39,13,VH-1743-2,60,True
1743,282723,1.92,18,VH-1743-3,36,True
1774,283801,4.2,23,VH-1774-1,60,True
1774,99190,4.8,24,VH-1774-2,24,True
1774,99139,5.19,17,VH-1774-3,36,True
2704,280704,0.3,16,VH-2704-1,24,True
2704,1743,1.39,13,VH-2704-2,24,True
2704,285317,1.65,21,VH-2704-3,24,True
280176,1774,17.94,43,VH-280176-1,60,True
280176,783,19.75,36,VH-280176-2,24,True
280176,284786,20.32,44,VH-280176-3,24,True
283801,99139,1.21,14,VH-283801-1,60,True
283801,99190,1.52,18,VH-283801-2,24,True
283801,99200,2.92,13,VH-283801-3,48,True
284204,285317,4.73,16,VH-284204-1,24,True
284204,284647,6.05,27,VH-284204-2,24,True
284204,285102,6.19,24,VH-284204-3,36,True
284647,797,1.96,18,VH-284647-1,24,True
284647,285102,2.37,13,VH-284647-2,24,True
284647,99199,2.47,15,VH-284647-3,48,True
284757,99139,2.43,20,VH-284757-1,24,True
284757,99190,2.47,15,VH-284757-2,48,True
284757,285102,2.63,21,VH-284757-3,48,True
284786,99190,2.94,20,VH-284786-1,60,True
284786,284757,3.25,16,VH-284786-2,48,True
284786,99139,3.76,15,VH-284786-3,36,True
285102,2704,2.24,14,VH-285102-1,36,True
285102,285317,2.32,12,VH-285102-2,24,True
285102,284647,2.37,14,VH-285102-3,48,True
285317,2704,1.65,18,VH-285317-1,24,True
285317,280704,1.85,15,VH-285317-2,36,True
285317,285102,2.32,12,VH-285317-3,36,True
783,1774,9.41,24,VH-783-1,24,True
783,99200,11.22,28,VH-783-2,60,True
783,283801,12.15,29,VH-783-3,36,True
797,99199,1.88,15,VH-797-1,24,True
797,284647,1.96,14,VH-797-2,60,True
797,99200,3.48,15,VH-797-3,24,True
99139,99190,0.9,19,VH-99139-1,36,True
99139,283801,1.21,12,VH-99139-2,60,True
99139,284757,2.43,18,VH-99139-3,60,True
99190,99139,0.9,14,VH-99190-1,36,True
99190,283801,1.52,11,VH-99190-2,60,True
99190,284757,2.47,18,VH-99190-3,48,True
99199,797,1.88,15,VH-99199-1,24,True
99199,284647,2.47,13,VH-99199-2,36,True
99199,99139,2.62,16,VH-99199-3,36,True
99200,99199,2.66,20,VH-99200-1,36,True
99200,283801,2.92,22,VH-99200-2,36,True
99200,797,3.48,13,VH-99200-3,60,True
1742,99156,4.27,22,VH-1742-1,36,True
1742,283823,5.94,23,VH-1742-2,24,True
1742,2719,7.03,23,VH-1742-3,60,True
2719,283823,1.55,10,VH-2719-1,60,True
2719,99156,3.02,17,VH-2719-2,60,True
2719,284506,4.44,23,VH-2719-3,36,True
283823,2719,1.55,17,VH-283823-1,36,True
283823,99156,1.69,11,VH-283823-2,36,True
283823,284506,5.37,24,VH-283823-3,48,True
284506,2719,4.44,17,VH-284506-1,60,True
284506,283823,5.37,19,VH-284506-2,24,True
284506,99156,7.05,21,VH-284506-3,24,True
284576,2708,0.0,14,VH-284576-1,24,True
284576,282723,0.0,18,VH-284576-2,36,True
284576,785,0.0,17,VH-284576-3,36,True
99156,283823,1.69,20,VH-99156-1,60,True
99156,2719,3.02,17,VH-99156-2,60,True
99156,1742,4.27,20,VH-99156-3,60,True
1747,282794,56.81,90,VH-1747-1,24,True
1747,1728,59.63,95,VH-1747-2,24,True
1747,284775,60.35,96,VH-1747-3,24,True
280211,285084,1.34,19,VH-280211-1,36,True
280211,284745,5.52,24,VH-280211-2,24,True
280211,285117,71.44,116,VH-280211-3,60,True
284357,2715,0.0,13,VH-284357-1,48,True
284357,723,0.0,8,VH-284357-2,24,True
284357,284204,85.18,132,VH-284357-3,60,True
284405,284696,0.0,10,VH-284405-1,24,True
284405,284456,0.0,17,VH-284405-2,36,True
284405,99181,0.0,17,VH-284405-3,36,True
284745,280211,5.52,22,VH-284745-1,60,True
284745,285084,5.79,19,VH-284745-2,48,True
284745,285117,69.15,117,VH-284745-3,36,True
285070,1713,0.0,12,VH-285070-1,36,True
285070,795,0.0,10,VH-285070-2,36,True
285070,285247,0.0,13,VH-285070-3,24,True
285084,280211,1.34,13,VH-285084-1,48,True
285084,284745,5.79,21,VH-285084-2,48,True
285084,285117,70.29,113,VH-285084-3,60,True
1765,284495,0.36,18,VH-1765-1,24,True
1765,283686,0.67,15,VH-1765-2,48,True
1765,99120,0.72,17,VH-1765-3,60,True
1794,99170,0.31,18,VH-1794-1,48,True
1794,99159,1.03,18,VH-1794-2,60,True
1794,280524,1.63,15,VH-1794-3,48,True
2710,285119,0.0,17,VH-2710-1,60,True
2710,284398,0.0,10,VH-2710-2,60,True
2710,284363,0.0,16,VH-2710-3,24,True
280524,99159,0.63,12,VH-280524-1,36,True
280524,99170,1.47,16,VH-280524-2,36,True
280524,1794,1.63,18,VH-280524-3,24,True
280525,284846,0.49,13,VH-280525-1,48,True
280525,284194,0.65,16,VH-280525-2,36,True
280525,284495,1.1,17,VH-280525-3,36,True
283205,280510,1.08,14,VH-283205-1,36,True
283205,285138,1.29,18,VH-283205-2,36,True
283205,284243,1.38,12,VH-283205-3,60,True
283818,284104,1.92,20,VH-283818-1,60,True
283818,99242,2.49,22,VH-283818-2,24,True
283818,99113,2.98,15,VH-283818-3,60,True
284104,283818,1.92,12,VH-284104-1,36,True
284104,99113,3.39,23,VH-284104-2,48,True
284104,99242,4.03,15,VH-284104-3,24,True
284243,99213,0.84,16,VH-284243-1,24,True
284243,280510,1.26,16,VH-284243-2,24,True
284243,285138,1.31,15,VH-284243-3,24,True
284495,1765,0.36,12,VH-284495-1,60,True
284495,283686,0.53,17,VH-284495-2,48,True
284495,99120,0.77,10,VH-284495-3,36,True
284832,283818,4.09,18,VH-284832-1,24,True
284832,763,4.37,16,VH-284832-2,60,True
284832,283205,5.18,22,VH-284832-3,36,True
284980,99212,2.29,22,VH-284980-1,60,True
284980,283742,2.34,17,VH-284980-2,48,True
284980,284724,3.01,18,VH-284980-3,24,True
285007,1713,0.0,16,VH-285007-1,60,True
285007,795,0.0,14,VH-285007-2,36,True
285007,285247,0.0,13,VH-285007-3,36,True
99140,284696,0.0,12,VH-99140-1,60,True
99140,284456,0.0,10,VH-99140-2,36,True
99140,99181,0.0,9,VH-99140-3,24,True
99212,284980,2.29,13,VH-99212-1,36,True
99212,284724,3.56,14,VH-99212-2,36,True
99212,283742,3.89,17,VH-99212-3,36,True
99213,284243,0.84,16,VH-99213-1,48,True
99213,284375,0.93,12,VH-99213-2,60,True
99213,280510,2.05,13,VH-99213-3,48,True
99242,283205,1.79,11,VH-99242-1,60,True
99242,284194,1.93,20,VH-99242-2,24,True
99242,280525,1.94,13,VH-99242-3,60,True
1792,283811,1.55,12,VH-1792-1,60,True
1792,283718,4.92,20,VH-1792-2,48,True
1792,285117,8.03,25,VH-1792-3,48,True
283585,283718,6.88,20,VH-283585-1,48,True
283585,285117,9.2,22,VH-283585-2,60,True
283585,1792,11.37,34,VH-283585-3,36,True
283718,283811,4.61,19,VH-283718-1,60,True
283718,285117,4.89,17,VH-283718-2,36,True
283718,1792,4.92,17,VH-283718-3,60,True
283811,1792,1.55,19,VH-283811-1,24,True
283811,283718,4.61,17,VH-283811-2,24,True
283811,285117,6.81,26,VH-283811-3,48,True
285117,283718,4.89,17,VH-285117-1,48,True
285117,283811,6.81,24,VH-285117-2,48,True
285117,1792,8.03,23,VH-285117-3,24,True
280429,99153,1.64,19,VH-280429-1,60,True
280429,280524,2.89,14,VH-280429-2,24,True
280429,283834,3.13,21,VH-280429-3,60,True
280510,285138,0.21,14,VH-280510-1,24,True
280510,283205,1.08,14,VH-280510-2,60,True
280510,284243,1.26,11,VH-280510-3,48,True
282615,99224,0.69,13,VH-282615-1,24,True
282615,284653,1.2,12,VH-282615-2,36,True
282615,285006,1.36,19,VH-282615-3,60,True
282649,99240,1.06,15,VH-282649-1,60,True
282649,283834,1.76,18,VH-282649-2,48,True
282649,285006,2.1,20,VH-282649-3,60,True
283837,284954,1.4,18,VH-283837-1,60,True
283837,283686,1.49,12,VH-283837-2,36,True
283837,284846,1.5,18,VH-283837-3,36,True
284375,99213,0.93,19,VH-284375-1,60,True
284375,284243,1.76,16,VH-284375-2,60,True
284375,763,1.92,21,VH-284375-3,48,True
284497,284976,0.36,13,VH-284497-1,48,True
284497,99173,1.49,17,VH-284497-2,24,True
284497,99213,2.23,20,VH-284497-3,60,True
284846,284194,0.38,14,VH-284846-1,48,True
284846,280525,0.49,17,VH-284846-2,24,True
284846,284495,1.36,12,VH-284846-3,24,True
99222,284540,0.88,16,VH-99222-1,48,True
99222,99224,1.01,11,VH-99222-2,60,True
99222,284954,1.37,15,VH-99222-3,24,True
99240,285006,1.04,15,VH-99240-1,60,True
99240,282649,1.06,14,VH-99240-2,60,True
99240,284653,1.42,19,VH-99240-3,36,True
285006,99240,1.04,18,VH-285006-1,36,True
285006,284653,1.15,15,VH-285006-2,36,True
285006,282615,1.36,19,VH-285006-3,48,True
285138,280510,0.21,10,VH-285138-1,24,True
285138,283205,1.29,18,VH-285138-2,24,True
285138,1765,1.29,17,VH-285138-3,36,True
99137,283959,50.54,77,VH-99137-1,60,True
99137,99174,53.05,85,VH-99137-2,48,True
99137,284473,53.93,107,VH-99137-3,24,True
284194,284846,0.38,12,VH-284194-1,24,True
284194,280525,0.65,18,VH-284194-2,48,True
284194,284495,1.69,16,VH-284194-3,48,True
284653,284522,1.11,18,VH-284653-1,24,True
284653,285006,1.15,11,VH-284653-2,60,True
284653,282615,1.2,16,VH-284653-3,48,True
284815,282608,0.66,10,VH-284815-1,36,True
284815,284415,0.86,18,VH-284815-2,48,True
284815,284875,0.93,10,VH-284815-3,60,True
284954,284540,0.82,13,VH-284954-1,60,True
284954,284874,1.21,10,VH-284954-2,36,True
284954,99222,1.37,16,VH-284954-3,60,True
99153,280429,1.64,12,VH-99153-1,60,True
99153,282649,2.71,17,VH-99153-2,36,True
99153,283834,3.32,22,VH-99153-3,60,True
283742,99118,0.98,13,VH-283742-1,24,True
283742,284724,1.57,14,VH-283742-2,60,True
283742,99113,1.66,15,VH-283742-3,60,True
284976,284497,0.36,9,VH-284976-1,60,True
284976,99173,1.84,12,VH-284976-2,60,True
284976,99213,2.22,17,VH-284976-3,48,True
763,284375,1.92,19,VH-763-1,36,True
763,99213,2.45,15,VH-763-2,24,True
763,284243,2.97,20,VH-763-3,60,True
282679,283426,18.47,42,VH-282679-1,24,True
282679,283256,24.02,53,VH-282679-2,60,True
282679,28103,25.31,54,VH-282679-3,60,True
283731,284356,7.01,22,VH-283731-1,60,True
283731,284525,10.29,31,VH-283731-2,24,True
283731,284830,10.69,31,VH-283731-3,36,True
284355,284696,0.0,14,VH-284355-1,36,True
284355,284456,0.0,9,VH-284355-2,36,True
284355,99181,0.0,9,VH-284355-3,48,True
284356,284830,5.32,16,VH-284356-1,24,True
284356,284525,6.85,23,VH-284356-2,24,True
284356,283731,7.01,26,VH-284356-3,48,True
284525,284830,2.92,20,VH-284525-1,60,True
284525,284356,6.85,20,VH-284525-2,36,True
284525,283731,10.29,29,VH-284525-3,48,True
284830,284525,2.92,14,VH-284830-1,24,True
284830,284356,5.32,24,VH-284830-2,24,True
284830,283731,10.69,26,VH-284830-3,36,True
280183,284696,0.0,13,VH-280183-1,36,True
280183,284456,0.0,10,VH-280183-2,36,True
280183,99181,0.0,14,VH-280183-3,24,True
280264,284696,0.0,12,VH-280264-1,48,True
280264,284456,0.0,10,VH-280264-2,48,True
280264,99181,0.0,16,VH-280264-3,24,True
280734,284153,0.0,13,VH-280734-1,60,True
280734,284297,0.66,17,VH-280734-2,24,True
280734,285119,0.66,18,VH-280734-3,60,True
284437,99214,0.74,19,VH-284437-1,24,True
284437,284210,0.91,12,VH-284437-2,24,True
284437,283598,1.06,16,VH-284437-3,60,True
284520,283496,0.43,9,VH-284520-1,48,True
284520,284932,0.9,14,VH-284520-2,60,True
284520,1756,1.1,13,VH-284520-3,60,True
285237,283578,0.74,11,VH-285237-1,36,True
285237,284137,0.79,13,VH-285237-2,48,True
285237,2736,2.58,18,VH-285237-3,24,True
2733,99124,1.83,15,VH-2733-1,60,True
2733,99236,4.51,15,VH-2733-2,48,True
2733,284772,5.4,19,VH-2733-3,24,True
284310,284696,0.0,16,VH-284310-1,24,True
284310,284456,0.0,15,VH-284310-2,48,True
284310,99181,0.0,15,VH-284310-3,48,True
284772,99236,3.04,15,VH-284772-1,24,True
284772,99124,4.09,15,VH-284772-2,24,True
284772,2733,5.4,20,VH-284772-3,48,True
99124,2733,1.83,16,VH-99124-1,48,True
99124,284772,4.09,22,VH-99124-2,48,True
99124,99236,4.28,21,VH-99124-3,60,True
99236,284772,3.04,14,VH-99236-1,36,True
99236,99124,4.28,15,VH-99236-2,24,True
99236,2733,4.51,21,VH-99236-3,48,True
2740,2741,0.03,11,VH-2740-1,24,True
2740,282644,1.51,11,VH-2740-2,60,True
2740,99134,1.62,17,VH-2740-3,60,True
2741,2740,0.03,18,VH-2741-1,48,True
2741,282644,1.53,19,VH-2741-2,48,True
2741,99134,1.62,12,VH-2741-3,36,True
282644,2740,1.51,20,VH-282644-1,60,True
282644,2741,1.53,13,VH-282644-2,48,True
282644,99134,2.72,21,VH-282644-3,60,True
284307,283577,0.0,12,VH-284307-1,60,True
284307,280201,0.0,10,VH-284307-2,48,True
284307,1717,2.95,19,VH-284307-3,60,True
99134,2741,1.62,13,VH-99134-1,36,True
99134,2740,1.62,20,VH-99134-2,48,True
99134,282644,2.72,12,VH-99134-3,60,True
1705,284951,0.0,11,VH-1705-1,36,True
1705,285053,0.0,10,VH-1705-2,36,True
1705,284422,0.0,12,VH-1705-3,60,True
1712,284804,0.0,12,VH-1712-1,36,True
1712,787,0.0,9,VH-1712-2,36,True
1712,99115,1.99,20,VH-1712-3,36,True
1717,284113,0.0,16,VH-1717-1,36,True
1717,283577,2.95,19,VH-1717-2,36,True
1717,280201,2.95,21,VH-1717-3,36,True
1736,284535,0.87,16,VH-1736-1,60,True
1736,285146,2.05,15,VH-1736-2,48,True
1736,280179,2.43,16,VH-1736-3,36,True
1737,282685,1.42,18,VH-1737-1,60,True
1737,284266,4.2,16,VH-1737-2,36,True
1737,284530,4.26,24,VH-1737-3,48,True
1763,284133,0.0,11,VH-1763-1,36,True
1763,280199,0.0,14,VH-1763-2,48,True
1763,285146,1.3,17,VH-1763-3,60,True
1768,770,0.83,17,VH-1768-1,24,True
1768,284143,1.53,18,VH-1768-2,24,True
1768,284416,1.72,14,VH-1768-3,60,True
280179,284304,1.72,11,VH-280179-1,24,True
280179,1736,2.43,18,VH-280179-2,36,True
280179,284535,2.71,14,VH-280179-3,48,True
280199,284133,0.0,10,VH-280199-1,36,True
280199,1763,0.0,13,VH-280199-2,36,True
280199,285146,1.3,12,VH-280199-3,48,True
280201,283577,0.0,13,VH-280201-1,60,True
280201,284307,0.0,13,VH-280201-2,24,True
280201,1717,2.95,23,VH-280201-3,36,True
280726,284696,0.0,8,VH-280726-1,24,True
280726,284456,0.0,10,VH-280726-2,24,True
280726,99181,0.0,14,VH-280726-3,36,True
282574,1709,2.46,16,VH-282574-1,48,True
282574,284201,2.46,14,VH-282574-2,60,True
282574,1729,16.67,34,VH-282574-3,36,True
282685,1737,1.42,18,VH-282685-1,36,True
282685,284266,2.98,21,VH-282685-2,36,True
282685,284416,3.12,15,VH-282685-3,36,True
283843,280527,0.0,16,VH-283843-1,60,True
283843,280207,0.0,13,VH-283843-2,60,True
283843,715,0.07,10,VH-283843-3,60,True
283885,702,0.0,17,VH-283885-1,24,True
283885,99115,0.74,16,VH-283885-2,60,True
283885,284342,0.74,17,VH-283885-3,60,True
284133,280199,0.0,17,VH-284133-1,48,True
284133,1763,0.0,11,VH-284133-2,48,True
284133,285146,1.3,19,VH-284133-3,60,True
284143,1768,1.53,18,VH-284143-1,24,True
284143,718,1.61,12,VH-284143-2,60,True
284143,770,1.81,17,VH-284143-3,48,True
284266,284530,1.25,10,VH-284266-1,60,True
284266,1763,1.58,20,VH-284266-2,48,True
284266,284133,1.58,15,VH-284266-3,24,True
284304,280179,1.72,17,VH-284304-1,24,True
284304,1736,3.23,15,VH-284304-2,60,True
284304,284535,3.85,20,VH-284304-3,36,True
284416,770,1.15,19,VH-284416-1,36,True
284416,1763,1.35,13,VH-284416-2,24,True
284416,284133,1.35,12,VH-284416-3,24,True
284422,284951,0.0,12,VH-284422-1,60,True
284422,285053,0.0,9,VH-284422-2,48,True
284422,1705,0.0,9,VH-284422-3,60,True
284530,284537,1.07,14,VH-284530-1,36,True
284530,284266,1.25,19,VH-284530-2,48,True
284530,284133,2.79,21,VH-284530-3,36,True
284535,1736,0.87,17,VH-284535-1,48,True
284535,285146,1.23,15,VH-284535-2,36,True
284535,280199,2.46,14,VH-284535-3,48,True
284537,284530,1.07,15,VH-284537-1,36,True
284537,284266,2.0,18,VH-284537-2,48,True
284537,285146,3.0,18,VH-284537-3,48,True
285146,284535,1.23,17,VH-285146-1,24,True
285146,1763,1.3,12,VH-285146-2,36,True
285146,284133,1.3,12,VH-285146-3,24,True
702,283885,0.0,9,VH-702-1,24,True
702,99115,0.74,17,VH-702-2,60,True
702,284342,0.74,14,VH-702-3,60,True
718,284143,1.61,18,VH-718-1,24,True
718,1768,3.06,22,VH-718-2,36,True
718,770,3.07,16,VH-718-3,24,True
770,1768,0.83,14,VH-770-1,48,True
770,284416,1.15,17,VH-770-2,36,True
770,284143,1.81,12,VH-770-3,24,True
787,284804,0.0,11,VH-787-1,24,True
787,1712,0.0,13,VH-787-2,60,True
787,99115,1.99,19,VH-787-3,36,True
794,284143,1.9,18,VH-794-1,48,True
794,1768,2.26,19,VH-794-2,48,True
794,770,3.02,22,VH-794-3,36,True
99115,284342,0.0,10,VH-99115-1,48,True
99115,283885,0.74,15,VH-99115-2,48,True
99115,702,0.74,18,VH-99115-3,36,True
1720,284820,0.0,16,VH-1720-1,24,True
1720,284774,0.0,11,VH-1720-2,36,True
1720,1773,0.0,9,VH-1720-3,24,True
1726,284804,8.83,32,VH-1726-1,36,True
1726,1712,8.83,26,VH-1726-2,24,True
1726,787,8.83,22,VH-1726-3,60,True
280193,280509,2.18,12,VH-280193-1,24,True
280193,753,3.22,21,VH-280193-2,36,True
280193,284395,5.16,22,VH-280193-3,24,True
280509,280193,2.18,13,VH-280509-1,36,True
280509,793,3.36,14,VH-280509-2,36,True
280509,753,4.17,17,VH-280509-3,24,True
280531,284181,1.04,13,VH-280531-1,60,True
280531,284105,1.45,18,VH-280531-2,24,True
280531,782,1.76,13,VH-280531-3,48,True
280553,283961,0.13,10,VH-280553-1,60,True
280553,283723,1.02,18,VH-280553-2,24,True
280553,782,1.95,18,VH-280553-3,60,True
283212,99205,3.47,19,VH-283212-1,36,True
283212,284395,5.05,20,VH-283212-2,24,True
283212,280553,5.28,23,VH-283212-3,24,True
283723,283961,0.96,14,VH-283723-1,48,True
283723,280553,1.02,18,VH-283723-2,36,True
283723,782,1.22,15,VH-283723-3,24,True
283851,284696,0.0,12,VH-283851-1,60,True
283851,284456,0.0,18,VH-283851-2,36,True
283851,99181,0.0,9,VH-283851-3,48,True
283961,280553,0.13,15,VH-283961-1,48,True
283961,283723,0.96,18,VH-283961-2,48,True
283961,782,1.95,19,VH-283961-3,48,True
284105,782,1.37,14,VH-284105-1,48,True
284105,280531,1.45,15,VH-284105-2,36,True
284105,284181,1.88,18,VH-284105-3,36,True
284181,280531,1.04,12,VH-284181-1,60,True
284181,782,1.3,18,VH-284181-2,48,True
284181,283723,1.54,16,VH-284181-3,48,True
284193,284696,0.0,10,VH-284193-1,36,True
284193,284456,0.0,10,VH-284193-2,48,True
284193,99181,0.0,9,VH-284193-3,36,True
284395,99205,1.59,20,VH-284395-1,36,True
284395,284105,1.91,15,VH-284395-2,24,True
284395,753,1.98,20,VH-284395-3,60,True
284464,284696,0.0,10,VH-284464-1,24,True
284464,284456,0.0,12,VH-284464-2,60,True
284464,99181,0.0,16,VH-284464-3,36,True
284523,99111,1.69,17,VH-284523-1,36,True
284523,280531,4.81,24,VH-284523-2,60,True
284523,713,4.9,19,VH-284523-3,48,True
285152,1713,0.0,11,VH-285152-1,36,True
285152,795,0.0,15,VH-285152-2,60,True
285152,285007,0.0,9,VH-285152-3,24,True
713,284181,3.63,20,VH-713-1,48,True
713,280531,3.71,18,VH-713-2,48,True
713,283723,4.72,17,VH-713-3,24,True
753,284395,1.98,14,VH-753-1,48,True
753,99205,2.8,23,VH-753-2,36,True
753,280193,3.22,13,VH-753-3,48,True
782,283723,1.22,16,VH-782-1,48,True
782,284181,1.3,17,VH-782-2,36,True
782,284105,1.37,19,VH-782-3,36,True
785,2708,0.0,13,VH-785-1,48,True
785,282723,0.0,16,VH-785-2,48,True
785,704,0.0,12,VH-785-3,48,True
793,280509,3.36,15,VH-793-1,36,True
793,280193,5.52,21,VH-793-2,36,True
793,753,7.11,21,VH-793-3,36,True
99111,284523,1.69,13,VH-99111-1,36,True
99111,280531,3.49,15,VH-99111-2,60,True
99111,284105,4.06,20,VH-99111-3,48,True
99205,284395,1.59,16,VH-99205-1,60,True
99205,284105,2.56,14,VH-99205-2,60,True
99205,753,2.8,15,VH-99205-3,36,True
1799,99226,3.01,14,VH-1799-1,48,True
1799,283720,5.31,25,VH-1799-2,48,True
1799,99109,82.58,121,VH-1799-3,48,True
283720,99226,4.09,18,VH-283720-1,48,True
283720,1799,5.31,17,VH-283720-2,48,True
283720,99109,86.47,148,VH-283720-3,60,True
99226,1799,3.01,15,VH-99226-1,24,True
99226,283720,4.09,19,VH-99226-2,60,True
99226,99109,85.58,136,VH-99226-3,48,True
1797,728,0.0,17,VH-1797-1,48,True
1797,1791,0.0,8,VH-1797-2,24,True
1797,99176,0.0,12,VH-1797-3,24,True
283824,1761,1.37,19,VH-283824-1,36,True
283824,284005,2.18,17,VH-283824-2,48,True
283824,283753,2.18,21,VH-283824-3,60,True
99184,728,2.05,15,VH-99184-1,36,True
99184,1791,2.05,21,VH-99184-2,48,True
99184,99176,2.05,14,VH-99184-3,36,True
99230,284096,0.45,11,VH-99230-1,36,True
99230,283630,1.42,16,VH-99230-2,48,True
99230,1701,1.44,14,VH-99230-3,24,True
1776,284696,0.0,9,VH-1776-1,48,True
1776,284456,0.0,17,VH-1776-2,48,True
1776,99181,0.0,16,VH-1776-3,48,True
2713,1718,0.0,14,VH-2713-1,48,True
2713,1754,0.0,10,VH-2713-2,48,True
2713,284447,2.97,14,VH-2713-3,60,True
280178,285119,0.0,9,VH-280178-1,36,True
280178,284398,0.0,10,VH-280178-2,36,True
280178,284363,0.0,8,VH-280178-3,60,True
282723,2708,0.0,14,VH-282723-1,60,True
282723,785,0.0,11,VH-282723-2,48,True
282723,704,0.0,13,VH-282723-3,48,True
283729,284106,3.24,20,VH-283729-1,60,True
283729,284447,3.88,24,VH-283729-2,24,True
283729,99208,3.97,16,VH-283729-3,24,True
284106,284447,1.8,15,VH-284106-1,36,True
284106,284398,2.26,12,VH-284106-2,24,True
284106,285119,2.26,12,VH-284106-3,36,True
284297,285119,0.0,16,VH-284297-1,60,True
284297,284398,0.0,17,VH-284297-2,48,True
284297,284363,0.0,11,VH-284297-3,36,True
284447,284106,1.8,12,VH-284447-1,60,True
284447,285264,2.95,22,VH-284447-2,48,True
284447,2713,2.97,20,VH-284447-3,24,True
284458,2713,5.32,19,VH-284458-1,48,True
284458,1754,5.32,23,VH-284458-2,24,True
284458,1718,5.32,23,VH-284458-3,36,True
284656,796,0.0,13,VH-284656-1,48,True
284656,285264,1.44,20,VH-284656-2,24,True
284656,284297,2.69,17,VH-284656-3,36,True
285245,284696,0.0,17,VH-285245-1,60,True
285245,284456,0.0,8,VH-285245-2,36,True
285245,99181,0.0,13,VH-285245-3,36,True
738,284769,0.77,18,VH-738-1,24,True
738,285224,1.91,15,VH-738-2,36,True
738,99208,2.16,21,VH-738-3,24,True
762,284696,0.0,10,VH-762-1,48,True
762,284456,0.0,9,VH-762-2,48,True
762,99181,0.0,9,VH-762-3,24,True
771,796,6.08,21,VH-771-1,48,True
771,284656,6.08,21,VH-771-2,48,True
771,285264,6.77,26,VH-771-3,48,True
796,284656,0.0,17,VH-796-1,60,True
796,285264,1.44,14,VH-796-2,48,True
796,284297,2.69,14,VH-796-3,60,True
99208,738,2.16,17,VH-99208-1,60,True
99208,284769,2.66,18,VH-99208-2,36,True
99208,280734,3.6,19,VH-99208-3,48,True
99113,283742,1.66,17,VH-99113-1,48,True
99113,284194,1.98,20,VH-99113-2,36,True
99113,99118,2.04,16,VH-99113-3,24,True
1721,285123,7.22,24,VH-1721-1,24,True
1721,284725,7.3,27,VH-1721-2,60,True
1721,285101,7.93,26,VH-1721-3,48,True
1751,283218,0.0,9,VH-1751-1,48,True
1751,283648,0.0,16,VH-1751-2,24,True
1751,1798,3.37,21,VH-1751-3,48,True
280196,1721,12.57,32,VH-280196-1,60,True
280196,285123,17.55,35,VH-280196-2,60,True
280196,284515,17.92,43,VH-280196-3,48,True
280384,284696,0.0,16,VH-280384-1,60,True
280384,284456,0.0,13,VH-280384-2,36,True
280384,99181,0.0,9,VH-280384-3,48,True
285123,1798,6.64,22,VH-285123-1,36,True
285123,284725,6.95,22,VH-285123-2,48,True
285123,1721,7.22,24,VH-285123-3,60,True
285247,1713,0.0,9,VH-285247-1,48,True
285247,795,0.0,10,VH-285247-2,24,True
285247,285070,0.0,11,VH-285247-3,60,True
283887,285224,2.15,13,VH-283887-1,60,True
283887,738,2.89,22,VH-283887-2,48,True
283887,284769,3.14,13,VH-283887-3,36,True
284398,284297,0.0,10,VH-284398-1,36,True
284398,285119,0.0,9,VH-284398-2,36,True
284398,284363,0.0,10,VH-284398-3,60,True
285119,284297,0.0,16,VH-285119-1,48,True
285119,284398,0.0,17,VH-285119-2,48,True
285119,284363,0.0,15,VH-285119-3,24,True
285264,284297,1.33,17,VH-285264-1,36,True
285264,285119,1.33,14,VH-285264-2,48,True
285264,284398,1.33,17,VH-285264-3,24,True
280522,280273,0.38,13,VH-280522-1,24,True
280522,283384,0.62,14,VH-280522-2,36,True
280522,99215,0.69,12,VH-280522-3,60,True
284875,99133,0.68,10,VH-284875-1,36,True
284875,284815,0.93,19,VH-284875-2,24,True
284875,282608,1.21,13,VH-284875-3,24,True
99159,280524,0.63,10,VH-99159-1,48,True
99159,99170,0.94,18,VH-99159-2,36,True
99159,1794,1.03,16,VH-99159-3,60,True
284415,284815,0.86,11,VH-284415-1,24,True
284415,282608,1.19,16,VH-284415-2,24,True
284415,284540,1.75,20,VH-284415-3,60,True
284462,99138,0.59,12,VH-284462-1,48,True
284462,283213,1.61,12,VH-284462-2,60,True
284462,283384,1.75,18,VH-284462-3,60,True
284522,284653,1.11,11,VH-284522-1,36,True
284522,284747,1.43,11,VH-284522-2,48,True
284522,99240,1.86,13,VH-284522-3,24,True
99120,283686,0.38,18,VH-99120-1,60,True
99120,1765,0.72,13,VH-99120-2,36,True
99120,284495,0.77,18,VH-99120-3,24,True
1728,284775,3.9,16,VH-1728-1,24,True
1728,283217,3.95,21,VH-1728-2,48,True
1728,99122,3.97,19,VH-1728-3,36,True
280209,284644,3.44,15,VH-280209-1,36,True
280209,99122,4.11,19,VH-280209-2,36,True
280209,283217,4.32,21,VH-280209-3,60,True
282794,284775,5.72,25,VH-282794-1,24,True
282794,283296,5.8,25,VH-282794-2,24,True
282794,1728,8.66,31,VH-282794-3,36,True
283217,99122,0.23,18,VH-283217-1,48,True
283217,1728,3.95,20,VH-283217-2,36,True
283217,280209,4.32,16,VH-283217-3,48,True
283296,284775,3.21,20,VH-283296-1,24,True
283296,283421,4.62,19,VH-283296-2,48,True
283296,284644,5.73,22,VH-283296-3,60,True
283421,284644,2.24,16,VH-283421-1,60,True
283421,283296,4.62,17,VH-283421-2,24,True
283421,280209,5.19,18,VH-283421-3,36,True
284644,283421,2.24,16,VH-284644-1,24,True
284644,280209,3.44,20,VH-284644-2,48,True
284644,283296,5.73,19,VH-284644-3,24,True
284775,283296,3.21,19,VH-284775-1,24,True
284775,1728,3.9,18,VH-284775-2,48,True
284775,280209,4.93,22,VH-284775-3,36,True
99122,283217,0.23,15,VH-99122-1,48,True
99122,1728,3.97,16,VH-99122-2,48,True
99122,280209,4.11,21,VH-99122-3,36,True
1714,1778,1.68,11,VH-1714-1,36,True
1714,751,2.23,15,VH-1714-2,48,True
1714,742,2.57,17,VH-1714-3,36,True
1778,1714,1.68,17,VH-1778-1,48,True
1778,751,3.48,16,VH-1778-2,24,True
1778,742,3.73,14,VH-1778-3,24,True
283776,99108,2.11,12,VH-283776-1,36,True
283776,284824,2.14,16,VH-283776-2,24,True
283776,284934,2.38,12,VH-283776-3,60,True
284113,1717,0.0,9,VH-284113-1,48,True
284113,283577,2.95,17,VH-284113-2,24,True
284113,284307,2.95,20,VH-284113-3,36,True
284308,284934,2.08,12,VH-284308-1,60,True
284308,99151,2.11,14,VH-284308-2,24,True
284308,283776,2.46,17,VH-284308-3,24,True
284824,99108,1.54,17,VH-284824-1,36,True
284824,283776,2.14,19,VH-284824-2,36,True
284824,772,2.3,17,VH-284824-3,60,True
284934,284308,2.08,12,VH-284934-1,48,True
284934,283776,2.38,22,VH-284934-2,36,True
284934,99108,3.02,21,VH-284934-3,48,True
742,751,0.37,14,VH-742-1,60,True
742,283776,2.52,13,VH-742-2,60,True
742,1714,2.57,16,VH-742-3,24,True
751,742,0.37,12,VH-751-1,48,True
751,1714,2.23,15,VH-751-2,48,True
751,283776,2.56,14,VH-751-3,48,True
772,284824,2.3,16,VH-772-1,36,True
772,1714,3.18,18,VH-772-2,60,True
772,99108,3.36,19,VH-772-3,60,True
99108,284824,1.54,10,VH-99108-1,24,True
99108,283776,2.11,17,VH-99108-2,24,True
99108,284934,3.02,18,VH-99108-3,36,True
99151,284308,2.11,16,VH-99151-1,48,True
99151,284934,3.66,18,VH-99151-2,36,True
99151,283776,4.56,19,VH-99151-3,60,True
99221,284650,0.0,14,VH-99221-1,60,True
99221,99108,4.92,23,VH-99221-2,48,True
99221,284934,5.6,22,VH-99221-3,36,True
1766,282680,4.09,20,VH-1766-1,24,True
1766,284441,8.9,30,VH-1766-2,24,True
1766,99206,8.95,29,VH-1766-3,36,True
282680,1766,4.09,24,VH-282680-1,48,True
282680,99206,4.88,18,VH-282680-2,36,True
282680,284441,5.35,21,VH-282680-3,48,True
284441,99206,3.93,16,VH-284441-1,48,True
284441,282680,5.35,18,VH-284441-2,36,True
284441,1766,8.9,22,VH-284441-3,60,True
99206,284441,3.93,17,VH-99206-1,60,True
99206,282680,4.88,18,VH-99206-2,24,True
99206,1766,8.95,27,VH-99206-3,24,True
99165,99171,0.0,16,VH-99165-1,48,True
99165,284088,2456.14,3192,VH-99165-2,48,True
99165,99209,2457.4,3257,VH-99165-3,24,True
1770,283777,2.37,11,VH-1770-1,60,True
1770,284163,7.52,21,VH-1770-2,60,True
1770,280279,7.62,26,VH-1770-3,60,True
1773,284820,0.0,10,VH-1773-1,48,True
1773,284774,0.0,14,VH-1773-2,36,True
1773,1720,0.0,15,VH-1773-3,36,True
2714,284696,0.0,17,VH-2714-1,24,True
2714,284456,0.0,17,VH-2714-2,36,True
2714,99181,0.0,17,VH-2714-3,60,True
280181,284696,0.0,10,VH-280181-1,48,True
280181,284456,0.0,16,VH-280181-2,48,True
280181,99181,0.0,11,VH-280181-3,48,True
280279,284163,3.33,18,VH-280279-1,24,True
280279,285078,3.37,16,VH-280279-2,48,True
280279,283777,5.45,22,VH-280279-3,24,True
280507,99246,0.87,15,VH-280507-1,24,True
280507,284282,1.43,16,VH-280507-2,36,True
280507,284159,3.05,22,VH-280507-3,24,True
280543,284696,0.0,9,VH-280543-1,48,True
280543,284456,0.0,10,VH-280543-2,24,True
280543,99181,0.0,8,VH-280543-3,24,True
280704,2704,0.3,15,VH-280704-1,36,True
280704,1743,1.17,18,VH-280704-2,36,True
280704,284412,1.57,16,VH-280704-3,24,True
283215,284159,7.32,29,VH-283215-1,60,True
283215,99246,10.03,27,VH-283215-2,60,True
283215,280507,10.26,24,VH-283215-3,60,True
283777,1770,2.37,13,VH-283777-1,60,True
283777,280279,5.45,19,VH-283777-2,36,True
283777,284163,6.1,17,VH-283777-3,48,True
284159,99246,2.71,13,VH-284159-1,60,True
284159,280507,3.05,21,VH-284159-2,48,True
284159,284282,4.29,18,VH-284159-3,24,True
284163,284282,3.01,14,VH-284163-1,24,True
284163,280507,3.05,21,VH-284163-2,48,True
284163,99246,3.07,18,VH-284163-3,60,True
284201,1709,0.0,15,VH-284201-1,24,True
284201,282574,2.46,21,VH-284201-2,24,True
284201,1729,14.33,28,VH-284201-3,24,True
284282,280507,1.43,14,VH-284282-1,48,True
284282,99246,2.26,13,VH-284282-2,24,True
284282,284163,3.01,19,VH-284282-3,48,True
284570,1706,1.1,10,VH-284570-1,48,True
284570,284931,3.21,19,VH-284570-2,60,True
284570,1716,5.79,23,VH-284570-3,36,True
285078,280279,3.37,22,VH-285078-1,48,True
285078,284163,5.36,15,VH-285078-2,36,True
285078,284282,5.97,25,VH-285078-3,24,True
701,99162,2.28,17,VH-701-1,36,True
701,705,2.42,21,VH-701-2,60,True
701,283144,5.01,16,VH-701-3,60,True
704,2708,0.0,8,VH-704-1,60,True
704,282723,0.0,14,VH-704-2,48,True
704,785,0.0,10,VH-704-3,24,True
705,99162,1.61,14,VH-705-1,60,True
705,701,2.42,17,VH-705-2,48,True
705,99129,3.87,15,VH-705-3,48,True
731,284820,1.59,15,VH-731-1,60,True
731,284774,1.59,19,VH-731-2,36,True
731,1720,1.59,17,VH-731-3,60,True
99129,284820,3.65,19,VH-99129-1,36,True
99129,284774,3.65,19,VH-99129-2,36,True
99129,1720,3.65,17,VH-99129-3,36,True
99162,705,1.61,11,VH-99162-1,60,True
99162,701,2.28,18,VH-99162-2,24,True
99162,99129,5.48,15,VH-99162-3,48,True
99193,284730,0.0,11,VH-99193-1,36,True
99193,99216,0.0,13,VH-99193-2,60,True
99193,283819,0.0,12,VH-99193-3,24,True
99246,280507,0.87,15,VH-99246-1,60,True
99246,284282,2.26,13,VH-99246-2,48,True
99246,284159,2.71,15,VH-99246-3,36,True
2726,284730,1.23,14,VH-2726-1,60,True
2726,99216,1.23,18,VH-2726-2,36,True
2726,283819,1.23,14,VH-2726-3,36,True
284269,2726,8.36,27,VH-284269-1,48,True
284269,284730,9.58,27,VH-284269-2,24,True
284269,283819,9.58,32,VH-284269-3,24,True
284096,99230,0.45,11,VH-284096-1,60,True
284096,285046,1.01,19,VH-284096-2,24,True
284096,283630,1.4,13,VH-284096-3,60,True
284847,99130,2.62,15,VH-284847-1,60,True
284847,284103,3.76,14,VH-284847-2,48,True
284847,1722,3.98,21,VH-284847-3,60,True
99218,284754,0.92,14,VH-99218-1,24,True
99218,283741,0.92,15,VH-99218-2,48,True
99218,284091,0.92,10,VH-99218-3,24,True
99227,1713,0.0,15,VH-99227-1,24,True
99227,795,0.0,9,VH-99227-2,60,True
99227,285007,0.0,11,VH-99227-3,60,True
1731,728,0.0,13,VH-1731-1,24,True
1731,1791,0.0,14,VH-1731-2,24,True
1731,99176,0.0,14,VH-1731-3,48,True
284131,284450,4.49,18,VH-284131-1,60,True
284131,284328,5.16,20,VH-284131-2,60,True
284131,99202,25.35,52,VH-284131-3,36,True
284328,284131,5.16,18,VH-284328-1,36,True
284328,284450,5.44,25,VH-284328-2,24,True
284328,99202,22.36,56,VH-284328-3,48,True
284392,284696,0.0,16,VH-284392-1,60,True
284392,284456,0.0,12,VH-284392-2,60,True
284392,99181,0.0,18,VH-284392-3,36,True
284450,284131,4.49,19,VH-284450-1,60,True
284450,284328,5.44,23,VH-284450-2,24,True
284450,99202,27.74,50,VH-284450-3,48,True
282608,284815,0.66,12,VH-282608-1,48,True
282608,284415,1.19,14,VH-282608-2,48,True
282608,284875,1.21,13,VH-282608-3,36,True
283384,280522,0.62,14,VH-283384-1,60,True
283384,99215,0.84,17,VH-283384-2,24,True
283384,280273,0.86,15,VH-283384-3,60,True
284540,284954,0.82,12,VH-284540-1,60,True
284540,99222,0.88,17,VH-284540-2,36,True
284540,99224,1.71,14,VH-284540-3,60,True
284724,99133,0.83,13,VH-284724-1,48,True
284724,284875,1.38,12,VH-284724-2,36,True
284724,99118,1.41,19,VH-284724-3,48,True
99138,284462,0.59,16,VH-99138-1,48,True
99138,283213,1.2,15,VH-99138-2,60,True
99138,283384,1.75,14,VH-99138-3,36,True
99215,280273,0.45,11,VH-99215-1,60,True
99215,280522,0.69,19,VH-99215-2,48,True
99215,283384,0.84,13,VH-99215-3,48,True
99237,282648,3.64,19,VH-99237-1,36,True
99237,283213,3.65,21,VH-99237-2,60,True
99237,99138,4.81,25,VH-99237-3,60,True
99135,1778,107.07,167,VH-99135-1,60,True
99135,772,107.25,154,VH-99135-2,24,True
99135,1714,107.93,173,VH-99135-3,48,True
1708,285175,3.09,20,VH-1708-1,48,True
1708,285252,3.47,13,VH-1708-2,60,True
1708,99112,3.47,15,VH-1708-3,48,True
1729,283254,1.3,17,VH-1729-1,24,True
1729,99103,3.29,17,VH-1729-2,48,True
1729,788,3.64,15,VH-1729-3,24,True
1738,284114,0.73,13,VH-1738-1,60,True
1738,99196,1.31,10,VH-1738-2,48,True
1738,282729,1.51,17,VH-1738-3,24,True
1746,284521,0.79,18,VH-1746-1,36,True
1746,99210,1.76,12,VH-1746-2,24,True
1746,284527,1.88,17,VH-1746-3,60,True
1754,2713,0.0,16,VH-1754-1,48,True
1754,1718,0.0,8,VH-1754-2,48,True
1754,284447,2.97,16,VH-1754-3,60,True
1759,284545,0.34,18,VH-1759-1,24,True
1759,283804,5.42,25,VH-1759-2,48,True
1759,284085,5.64,16,VH-1759-3,48,True
1762,99103,12.68,32,VH-1762-1,24,True
1762,1759,13.25,28,VH-1762-2,36,True
1762,284545,13.35,30,VH-1762-3,24,True
2731,283784,5.88,27,VH-2731-1,60,True
2731,283041,6.31,23,VH-2731-2,48,True
2731,99105,8.99,29,VH-2731-3,36,True
280187,99182,0.0,14,VH-280187-1,48,True
280187,284500,0.0,14,VH-280187-2,36,True
280187,777,0.32,11,VH-280187-3,24,True
280188,284696,0.0,16,VH-280188-1,60,True
280188,284456,0.0,11,VH-280188-2,36,True
280188,99181,0.0,13,VH-280188-3,24,True
280189,284696,0.0,16,VH-280189-1,24,True
280189,284456,0.0,17,VH-280189-2,60,True
280189,99181,0.0,16,VH-280189-3,36,True
280508,99203,0.79,18,VH-280508-1,60,True
280508,284439,0.8,16,VH-280508-2,24,True
280508,280731,1.02,20,VH-280508-3,36,True
280530,284696,0.0,13,VH-280530-1,60,True
280530,284456,0.0,15,VH-280530-2,60,True
280530,99181,0.0,15,VH-280530-3,48,True
280568,284085,1.87,17,VH-280568-1,24,True
280568,99238,1.96,19,VH-280568-2,24,True
280568,280187,3.08,19,VH-280568-3,48,True
280731,784,0.38,16,VH-280731-1,60,True
280731,280508,1.02,11,VH-280731-2,24,True
280731,284149,1.14,14,VH-280731-3,60,True
282729,284351,0.65,19,VH-282729-1,60,True
282729,99203,1.0,11,VH-282729-2,48,True
282729,280731,1.24,14,VH-282729-3,60,True
283041,283784,1.41,18,VH-283041-1,36,True
283041,284708,3.91,18,VH-283041-2,24,True
283041,284431,4.6,16,VH-283041-3,36,True
283137,774,0.0,15,VH-283137-1,48,True
283137,284182,8.21,23,VH-283137-2,24,True
283137,1710,12.09,26,VH-283137-3,24,True
283254,1729,1.3,10,VH-283254-1,24,True
283254,788,3.69,20,VH-283254-2,48,True
283254,99103,4.07,24,VH-283254-3,60,True
283309,284149,0.28,17,VH-283309-1,24,True
283309,284439,0.54,13,VH-283309-2,60,True
283309,280508,1.12,13,VH-283309-3,24,True
283313,285175,1.35,14,VH-283313-1,60,True
283313,283812,1.68,16,VH-283313-2,24,True
283313,284640,1.81,18,VH-283313-3,36,True
283753,284005,0.0,11,VH-283753-1,60,True
283753,726,0.0,9,VH-283753-2,24,True
283753,284207,0.0,9,VH-283753-3,60,True
283784,283041,1.41,20,VH-283784-1,60,True
283784,284431,4.47,17,VH-283784-2,48,True
283784,284708,4.72,15,VH-283784-3,36,True
283804,283812,0.91,18,VH-283804-1,60,True
283804,284376,1.79,21,VH-283804-2,24,True
283804,99238,1.89,14,VH-283804-3,60,True
283812,283804,0.91,17,VH-283812-1,24,True
283812,284640,1.08,16,VH-283812-2,36,True
283812,283313,1.68,17,VH-283812-3,60,True
283819,284730,0.0,14,VH-283819-1,24,True
283819,99216,0.0,13,VH-283819-2,24,True
283819,99193,0.0,13,VH-283819-3,48,True
284052,285154,0.54,10,VH-284052-1,60,True
284052,285252,0.71,16,VH-284052-2,60,True
284052,99112,0.71,13,VH-284052-3,48,True
284085,99238,0.37,16,VH-284085-1,36,True
284085,284376,1.79,15,VH-284085-2,48,True
284085,280568,1.87,11,VH-284085-3,60,True
284114,99196,0.59,14,VH-284114-1,48,True
284114,1738,0.73,12,VH-284114-2,36,True
284114,282729,1.93,16,VH-284114-3,24,True
284149,283309,0.28,17,VH-284149-1,48,True
284149,284439,0.79,16,VH-284149-2,24,True
284149,284640,0.98,17,VH-284149-3,48,True
284161,284696,0.0,15,VH-284161-1,36,True
284161,284456,0.0,15,VH-284161-2,36,True
284161,99181,0.0,16,VH-284161-3,60,True
284198,284351,1.07,12,VH-284198-1,48,True
284198,784,1.32,10,VH-284198-2,60,True
284198,280731,1.41,11,VH-284198-3,48,True
284250,284696,0.0,17,VH-284250-1,60,True
284250,284456,0.0,16,VH-284250-2,60,True
284250,99181,0.0,10,VH-284250-3,36,True
284351,282729,0.65,14,VH-284351-1,24,True
284351,284198,1.07,19,VH-284351-2,24,True
284351,280731,1.24,18,VH-284351-3,24,True
284376,99182,1.02,15,VH-284376-1,36,True
284376,284500,1.02,13,VH-284376-2,60,True
284376,280187,1.02,17,VH-284376-3,24,True
284380,284818,0.69,19,VH-284380-1,48,True
284380,99225,0.79,16,VH-284380-2,60,True
284380,285154,1.09,11,VH-284380-3,48,True
284413,99196,6.75,24,VH-284413-1,36,True
284413,284114,7.08,25,VH-284413-2,24,True
284413,1738,7.37,20,VH-284413-3,36,True
284431,707,1.32,14,VH-284431-1,24,True
284431,284527,2.66,15,VH-284431-2,60,True
284431,284485,2.67,13,VH-284431-3,36,True
284434,284297,0.0,14,VH-284434-1,36,True
284434,283714,0.0,18,VH-284434-2,60,True
284434,285119,0.0,14,VH-284434-3,36,True
284439,283309,0.54,9,VH-284439-1,24,True
284439,284149,0.79,11,VH-284439-2,60,True
284439,280508,0.8,19,VH-284439-3,24,True
284453,285252,1.17,10,VH-284453-1,36,True
284453,99112,1.17,11,VH-284453-2,24,True
284453,284052,1.41,19,VH-284453-3,24,True
284485,284431,2.67,14,VH-284485-1,36,True
284485,707,3.31,17,VH-284485-2,24,True
284485,284527,4.71,17,VH-284485-3,24,True
284500,99182,0.0,10,VH-284500-1,36,True
284500,280187,0.0,14,VH-284500-2,36,True
284500,777,0.32,17,VH-284500-3,60,True
284521,1746,0.79,16,VH-284521-1,60,True
284521,284527,1.17,15,VH-284521-2,24,True
284521,707,2.07,21,VH-284521-3,60,True
284527,284521,1.17,18,VH-284527-1,60,True
284527,707,1.45,19,VH-284527-2,36,True
284527,1746,1.88,20,VH-284527-3,48,True
284545,1759,0.34,17,VH-284545-1,60,True
284545,283804,5.55,23,VH-284545-2,24,True
284545,284085,5.65,18,VH-284545-3,48,True
284640,284149,0.98,13,VH-284640-1,24,True
284640,283812,1.08,15,VH-284640-2,60,True
284640,784,1.11,17,VH-284640-3,48,True
284708,99210,0.93,15,VH-284708-1,48,True
284708,1746,2.27,18,VH-284708-2,24,True
284708,284521,2.36,15,VH-284708-3,24,True
284774,284820,0.0,10,VH-284774-1,48,True
284774,1773,0.0,12,VH-284774-2,24,True
284774,1720,0.0,12,VH-284774-3,60,True
284818,99225,0.12,8,VH-284818-1,24,True
284818,284380,0.69,18,VH-284818-2,48,True
284818,285154,1.18,16,VH-284818-3,48,True
284865,284659,0.0,8,VH-284865-1,48,True
284865,789,0.0,15,VH-284865-2,48,True
284865,283323,0.0,18,VH-284865-3,36,True
285137,284453,1.5,12,VH-285137-1,24,True
285137,284380,1.56,12,VH-285137-2,48,True
285137,285154,1.59,19,VH-285137-3,60,True
285150,285119,0.0,14,VH-285150-1,48,True
285150,284398,0.0,14,VH-285150-2,36,True
285150,284363,0.0,9,VH-285150-3,36,True
285154,284052,0.54,15,VH-285154-1,60,True
285154,284380,1.09,12,VH-285154-2,24,True
285154,99225,1.15,17,VH-285154-3,36,True
285175,283313,1.35,12,VH-285175-1,36,True
285175,99225,1.48,20,VH-285175-2,48,True
285175,284818,1.59,11,VH-285175-3,36,True
707,284431,1.32,18,VH-707-1,60,True
707,284527,1.45,17,VH-707-2,60,True
707,284521,2.07,21,VH-707-3,36,True
747,792,0.0,11,VH-747-1,36,True
747,750,19.48,40,VH-747-2,24,True
747,99144,45.02,74,VH-747-3,48,True
750,747,19.48,34,VH-750-1,24,True
750,792,19.48,46,VH-750-2,36,True
750,99130,45.19,78,VH-750-3,60,True
777,99182,0.32,16,VH-777-1,36,True
777,284500,0.32,12,VH-777-2,36,True
777,280187,0.32,10,VH-777-3,60,True
784,280731,0.38,11,VH-784-1,36,True
784,284149,1.08,15,VH-784-2,24,True
784,284640,1.11,11,VH-784-3,48,True
786,285119,0.0,13,VH-786-1,48,True
786,284398,0.0,16,VH-786-2,36,True
786,284363,0.0,8,VH-786-3,60,True
788,799,0.4,18,VH-788-1,24,True
788,99103,2.19,13,VH-788-2,24,True
788,1729,3.64,17,VH-788-3,60,True
799,788,0.4,9,VH-799-1,48,True
799,99103,2.3,13,VH-799-2,48,True
799,1729,4.03,17,VH-799-3,24,True
99103,788,2.19,20,VH-99103-1,48,True
99103,799,2.3,19,VH-99103-2,24,True
99103,1729,3.29,17,VH-99103-3,60,True
99105,284453,3.14,17,VH-99105-1,24,True
99105,285252,3.34,21,VH-99105-2,24,True
99105,99112,3.34,22,VH-99105-3,60,True
99182,280187,0.0,11,VH-99182-1,36,True
99182,284500,0.0,11,VH-99182-2,36,True
99182,777,0.32,10,VH-99182-3,60,True
99194,285119,0.0,11,VH-99194-1,36,True
99194,284398,0.0,10,VH-99194-2,36,True
99194,284363,0.0,17,VH-99194-3,60,True
99196,284114,0.59,10,VH-99196-1,60,True
99196,1738,1.31,14,VH-99196-2,48,True
99196,282729,2.45,12,VH-99196-3,60,True
99203,280508,0.79,10,VH-99203-1,24,True
99203,282729,1.0,19,VH-99203-2,24,True
99203,280731,1.47,18,VH-99203-3,24,True
99210,284708,0.93,14,VH-99210-1,36,True
99210,1746,1.76,16,VH-99210-2,48,True
99210,285137,2.04,16,VH-99210-3,36,True
99225,284818,0.12,15,VH-99225-1,60,True
99225,284380,0.79,17,VH-99225-2,60,True
99225,285154,1.15,16,VH-99225-3,48,True
99238,284085,0.37,9,VH-99238-1,60,True
99238,284376,1.45,11,VH-99238-2,48,True
99238,283804,1.89,16,VH-99238-3,60,True
284130,284727,0.5,14,VH-284130-1,48,True
284130,282619,0.92,17,VH-284130-2,60,True
284130,99211,1.36,19,VH-284130-3,36,True
99141,284696,0.0,10,VH-99141-1,48,True
99141,284456,0.0,9,VH-99141-2,36,True
99141,99181,0.0,16,VH-99141-3,60,True
99231,280173,0.61,11,VH-99231-1,60,True
99231,2736,1.01,15,VH-99231-2,48,True
99231,99191,1.31,11,VH-99231-3,36,True
99133,284875,0.68,17,VH-99133-1,60,True
99133,284724,0.83,19,VH-99133-2,36,True
99133,284815,1.61,14,VH-99133-3,60,True
280779,284696,0.0,16,VH-280779-1,36,True
280779,284456,0.0,11,VH-280779-2,36,True
280779,99181,0.0,12,VH-280779-3,60,True
283864,99180,2.18,14,VH-283864-1,36,True
283864,285055,2.41,19,VH-283864-2,24,True
283864,284377,2.51,19,VH-283864-3,36,True
99211,2720,0.97,19,VH-99211-1,24,True
99211,284696,0.97,18,VH-99211-2,60,True
99211,99181,0.97,15,VH-99211-3,36,True
99214,283598,0.33,9,VH-99214-1,60,True
99214,284389,0.69,15,VH-99214-2,60,True
99214,284210,0.7,18,VH-99214-3,60,True
1756,283496,0.71,15,VH-1756-1,24,True
1756,2720,0.73,9,VH-1756-2,36,True
1756,284932,0.94,17,VH-1756-3,60,True
2734,284696,0.0,15,VH-2734-1,24,True
2734,284456,0.0,9,VH-2734-2,36,True
2734,99181,0.0,9,VH-2734-3,24,True
2736,280173,0.96,11,VH-2736-1,36,True
2736,99231,1.01,16,VH-2736-2,24,True
2736,284137,1.84,13,VH-2736-3,24,True
280171,284696,0.0,9,VH-280171-1,36,True
280171,284456,0.0,10,VH-280171-2,36,True
280171,99181,0.0,15,VH-280171-3,60,True
282643,284631,1.35,11,VH-282643-1,60,True
282643,99117,2.05,16,VH-282643-2,36,True
282643,284108,2.59,20,VH-282643-3,36,True
283578,285237,0.74,11,VH-283578-1,48,True
283578,284137,0.88,16,VH-283578-2,48,True
283578,2736,2.22,20,VH-283578-3,60,True
284102,284696,0.55,17,VH-284102-1,24,True
284102,284456,0.55,12,VH-284102-2,48,True
284102,99181,0.55,15,VH-284102-3,24,True
284137,285237,0.79,15,VH-284137-1,24,True
284137,283578,0.88,14,VH-284137-2,24,True
284137,2736,1.84,19,VH-284137-3,36,True
284210,284389,0.53,11,VH-284210-1,60,True
284210,99214,0.7,13,VH-284210-2,48,True
284210,283598,0.83,13,VH-284210-3,48,True
284850,284696,0.65,18,VH-284850-1,24,True
284850,284456,0.65,16,VH-284850-2,24,True
284850,99181,0.65,16,VH-284850-3,48,True
792,747,0.0,14,VH-792-1,36,True
792,750,19.48,39,VH-792-2,48,True
792,99144,45.02,82,VH-792-3,48,True
99161,284969,0.32,16,VH-99161-1,60,True
99161,284850,0.71,13,VH-99161-2,24,True
99161,283952,0.86,12,VH-99161-3,60,True
1718,2713,0.0,16,VH-1718-1,48,True
1718,1754,0.0,15,VH-1718-2,60,True
1718,284447,2.97,16,VH-1718-3,24,True
280569,283901,8.39,33,VH-280569-1,60,True
280569,280511,8.39,29,VH-280569-2,24,True
280569,283665,8.39,27,VH-280569-3,60,True
283665,283901,0.0,8,VH-283665-1,36,True
283665,280511,0.0,12,VH-283665-2,60,True
283665,284940,2.84,13,VH-283665-3,60,True
284940,283901,2.84,20,VH-284940-1,36,True
284940,280511,2.84,12,VH-284940-2,60,True
284940,283665,2.84,17,VH-284940-3,48,True
99143,284696,0.0,15,VH-99143-1,36,True
99143,284456,0.0,17,VH-99143-2,60,True
99143,99181,0.0,9,VH-99143-3,48,True
1704,284696,0.0,11,VH-1704-1,24,True
1704,284456,0.0,11,VH-1704-2,48,True
1704,99181,0.0,16,VH-1704-3,48,True
1706,284570,1.1,13,VH-1706-1,60,True
1706,284931,2.18,20,VH-1706-2,60,True
1706,1716,5.09,25,VH-1706-3,24,True
1716,99136,3.2,17,VH-1716-1,60,True
1716,284931,3.39,14,VH-1716-2,48,True
1716,1706,5.09,25,VH-1716-3,60,True
2705,283785,6.07,26,VH-2705-1,24,True
2705,284286,6.85,20,VH-2705-2,24,True
2705,284378,7.3,26,VH-2705-3,48,True
280192,284696,0.0,8,VH-280192-1,60,True
280192,284456,0.0,15,VH-280192-2,48,True
280192,99181,0.0,12,VH-280192-3,24,True
280527,283843,0.0,15,VH-280527-1,36,True
280527,280207,0.0,11,VH-280527-2,36,True
280527,715,0.07,8,VH-280527-3,24,True
282584,284800,0.53,17,VH-282584-1,48,True
282584,284716,2.9,16,VH-282584-2,48,True
282584,284801,4.79,17,VH-282584-3,48,True
282642,99104,1.85,18,VH-282642-1,48,True
282642,284759,2.26,19,VH-282642-2,24,True
282642,284267,2.39,19,VH-282642-3,36,True
283214,284098,1.68,16,VH-283214-1,48,True
283214,284261,2.29,19,VH-283214-2,48,True
283214,284740,2.51,18,VH-283214-3,60,True
283577,284307,0.0,15,VH-283577-1,48,True
283577,280201,0.0,11,VH-283577-2,24,True
283577,284113,2.95,22,VH-283577-3,24,True
283653,284261,1.62,20,VH-283653-1,24,True
283653,284801,2.69,18,VH-283653-2,36,True
283653,283214,2.83,18,VH-283653-3,48,True
283732,284378,5.79,19,VH-283732-1,48,True
283732,284098,9.65,30,VH-283732-2,48,True
283732,283785,9.85,34,VH-283732-3,24,True
283785,284286,0.78,14,VH-283785-1,24,True
283785,284261,2.34,18,VH-283785-2,24,True
283785,283214,3.49,19,VH-283785-3,60,True
284098,283214,1.68,14,VH-284098-1,48,True
284098,284267,1.75,14,VH-284098-2,48,True
284098,284759,2.77,15,VH-284098-3,48,True
284261,283653,1.62,11,VH-284261-1,24,True
284261,284286,1.65,19,VH-284261-2,24,True
284261,283214,2.29,16,VH-284261-3,60,True
284267,284759,1.69,16,VH-284267-1,36,True
284267,284098,1.75,20,VH-284267-2,60,True
284267,284740,2.14,11,VH-284267-3,24,True
284286,283785,0.78,17,VH-284286-1,24,True
284286,284261,1.65,10,VH-284286-2,24,True
284286,283214,2.76,18,VH-284286-3,60,True
284313,284418,1.65,17,VH-284313-1,36,True
284313,284801,4.4,21,VH-284313-2,60,True
284313,282584,6.16,25,VH-284313-3,24,True
284378,283785,4.28,16,VH-284378-1,48,True
284378,284286,4.41,18,VH-284378-2,36,True
284378,284098,4.48,19,VH-284378-3,36,True
284388,99136,2.11,20,VH-284388-1,48,True
284388,1716,5.25,18,VH-284388-2,48,True
284388,284931,5.45,19,VH-284388-3,36,True
284412,2708,0.0,9,VH-284412-1,24,True
284412,282723,0.0,10,VH-284412-2,24,True
284412,785,0.0,11,VH-284412-3,36,True
284418,284313,1.65,19,VH-284418-1,36,True
284418,284801,5.05,18,VH-284418-2,60,True
284418,99104,5.6,20,VH-284418-3,36,True
284716,282584,2.9,18,VH-284716-1,24,True
284716,284800,2.92,13,VH-284716-2,36,True
284716,284801,4.07,23,VH-284716-3,36,True
284740,284759,0.6,11,VH-284740-1,48,True
284740,284267,2.14,16,VH-284740-2,24,True
284740,99104,2.2,18,VH-284740-3,48,True
284759,284740,0.6,12,VH-284759-1,48,True
284759,284267,1.69,12,VH-284759-2,36,True
284759,99104,1.97,12,VH-284759-3,60,True
284800,282584,0.53,16,VH-284800-1,48,True
284800,284716,2.92,19,VH-284800-2,48,True
284800,284801,5.24,23,VH-284800-3,36,True
284801,283653,2.69,13,VH-284801-1,48,True
284801,284716,4.07,19,VH-284801-2,24,True
284801,284261,4.28,23,VH-284801-3,60,True
284931,1706,2.18,15,VH-284931-1,36,True
284931,284570,3.21,22,VH-284931-2,48,True
284931,1716,3.39,18,VH-284931-3,24,True
285144,284696,0.0,16,VH-285144-1,60,True
285144,284456,0.0,12,VH-285144-2,36,True
285144,99181,0.0,14,VH-285144-3,48,True
789,284659,0.0,17,VH-789-1,60,True
789,284865,0.0,12,VH-789-2,48,True
789,283323,0.0,14,VH-789-3,24,True
795,1713,0.0,12,VH-795-1,48,True
795,285070,0.0,9,VH-795-2,36,True
795,285007,0.0,10,VH-795-3,24,True
99104,282642,1.85,15,VH-99104-1,36,True
99104,284759,1.97,15,VH-99104-2,36,True
99104,284740,2.2,17,VH-99104-3,24,True
99136,284388,2.11,13,VH-99136-1,24,True
99136,1716,3.2,22,VH-99136-2,36,True
99136,284931,4.31,14,VH-99136-3,36,True
282648,283213,1.59,18,VH-282648-1,48,True
282648,99138,2.44,22,VH-282648-2,60,True
282648,284462,2.99,13,VH-282648-3,60,True
283686,99120,0.38,15,VH-283686-1,36,True
283686,284495,0.53,11,VH-283686-2,36,True
283686,1765,0.67,18,VH-283686-3,60,True
99170,1794,0.31,19,VH-99170-1,36,True
99170,99159,0.94,10,VH-99170-2,36,True
99170,280524,1.47,20,VH-99170-3,36,True
1710,774,12.09,26,VH-1710-1,36,True
1710,283137,12.09,37,VH-1710-2,60,True
1710,284182,13.47,38,VH-1710-3,36,True
1755,283929,0.99,19,VH-1755-1,24,True
1755,284871,1.91,20,VH-1755-2,24,True
1755,1757,2.92,13,VH-1755-3,48,True
1757,285103,1.07,17,VH-1757-1,48,True
1757,284871,1.66,20,VH-1757-2,36,True
1757,284981,1.72,13,VH-1757-3,24,True
280205,284696,0.0,18,VH-280205-1,36,True
280205,284456,0.0,16,VH-280205-2,36,True
280205,99181,0.0,11,VH-280205-3,60,True
283262,284517,3.4,18,VH-283262-1,24,True
283262,284871,3.65,21,VH-283262-2,48,True
283262,1757,3.91,15,VH-283262-3,48,True
283648,283218,0.0,15,VH-283648-1,24,True
283648,1751,0.0,11,VH-283648-2,24,True
283648,1798,3.37,20,VH-283648-3,36,True
283841,284981,0.33,13,VH-283841-1,24,True
283841,285103,0.87,13,VH-283841-2,48,True
283841,284788,1.38,19,VH-283841-3,24,True
283861,99233,5.93,23,VH-283861-1,36,True
283861,99223,6.59,27,VH-283861-2,36,True
283861,285101,7.03,20,VH-283861-3,36,True
283929,1755,0.99,11,VH-283929-1,60,True
283929,284871,1.97,12,VH-283929-2,24,True
283929,1757,3.4,16,VH-283929-3,60,True
284515,285101,2.64,14,VH-284515-1,24,True
284515,283861,7.15,28,VH-284515-2,60,True
284515,99233,8.05,25,VH-284515-3,48,True
284517,285103,1.84,14,VH-284517-1,48,True
284517,284981,1.91,20,VH-284517-2,36,True
284517,283841,2.23,21,VH-284517-3,48,True
284659,789,0.0,14,VH-284659-1,60,True
284659,284865,0.0,15,VH-284659-2,36,True
284659,283323,0.0,10,VH-284659-3,48,True
284788,283841,1.38,16,VH-284788-1,48,True
284788,284981,1.7,17,VH-284788-2,36,True
284788,285103,2.15,17,VH-284788-3,60,True
284871,1757,1.66,19,VH-284871-1,60,True
284871,1755,1.91,17,VH-284871-2,60,True
284871,283929,1.97,15,VH-284871-3,60,True
284981,283841,0.33,17,VH-284981-1,24,True
284981,285103,0.68,13,VH-284981-2,48,True
284981,284788,1.7,10,VH-284981-3,24,True
285103,284981,0.68,13,VH-285103-1,24,True
285103,283841,0.87,19,VH-285103-2,60,True
285103,1757,1.07,19,VH-285103-3,60,True
723,2715,0.0,11,VH-723-1,24,True
723,284357,0.0,17,VH-723-2,36,True
723,284204,85.18,144,VH-723-3,60,True
774,283137,0.0,15,VH-774-1,48,True
774,284182,8.21,29,VH-774-2,24,True
774,1710,12.09,33,VH-774-3,48,True
99150,703,0.35,13,VH-99150-1,24,True
99150,721,78.03,107,VH-99150-2,60,True
99150,283226,84.95,162,VH-99150-3,48,True
99201,99223,1.94,18,VH-99201-1,60,True
99201,284788,2.89,15,VH-99201-2,60,True
99201,99233,3.53,13,VH-99201-3,48,True
99223,99233,1.64,15,VH-99223-1,36,True
99223,99201,1.94,18,VH-99223-2,48,True
99223,283841,2.63,19,VH-99223-3,24,True
99233,99223,1.64,11,VH-99233-1,24,True
99233,284517,2.64,17,VH-99233-2,48,True
99233,284981,3.01,14,VH-99233-3,60,True
1711,285250,0.0,15,VH-1711-1,24,True
1711,99110,0.0,12,VH-1711-2,48,True
1711,283226,0.0,13,VH-1711-3,36,True
1758,284696,0.0,13,VH-1758-1,24,True
1758,284456,0.0,14,VH-1758-2,24,True
1758,99181,0.0,9,VH-1758-3,60,True
283226,285250,0.0,17,VH-283226-1,48,True
283226,99110,0.0,11,VH-283226-2,48,True
283226,1711,0.0,14,VH-283226-3,48,True
284160,285051,2.1,21,VH-284160-1,48,True
284160,284659,3.83,17,VH-284160-2,48,True
284160,789,3.83,25,VH-284160-3,36,True
284951,285053,0.0,9,VH-284951-1,60,True
284951,284422,0.0,17,VH-284951-2,24,True
284951,1705,0.0,10,VH-284951-3,36,True
285051,284160,2.1,13,VH-285051-1,60,True
285051,284659,3.24,16,VH-285051-2,48,True
285051,789,3.24,22,VH-285051-3,60,True
285053,284951,0.0,11,VH-285053-1,24,True
285053,284422,0.0,8,VH-285053-2,24,True
285053,1705,0.0,9,VH-285053-3,24,True
285176,284160,5.37,27,VH-285176-1,36,True
285176,99234,5.81,22,VH-285176-2,36,True
285176,284659,6.93,29,VH-285176-3,48,True
285250,283226,0.0,8,VH-285250-1,36,True
285250,99110,0.0,16,VH-285250-2,36,True
285250,1711,0.0,12,VH-285250-3,60,True
99110,283226,0.0,9,VH-99110-1,60,True
99110,285250,0.0,16,VH-99110-2,48,True
99110,1711,0.0,8,VH-99110-3,24,True
99207,284696,0.0,12,VH-99207-1,24,True
99207,284456,0.0,17,VH-99207-2,48,True
99207,99181,0.0,17,VH-99207-3,24,True
99234,285176,5.81,21,VH-99234-1,36,True
99234,284160,5.94,26,VH-99234-2,48,True
99234,285051,7.74,18,VH-99234-3,48,True
2709,284696,0.0,14,VH-2709-1,24,True
2709,284456,0.0,8,VH-2709-2,36,True
2709,99181,0.0,14,VH-2709-3,24,True
283752,280570,0.22,13,VH-283752-1,36,True
283752,99219,0.95,12,VH-283752-2,36,True
283752,99232,0.95,16,VH-283752-3,60,True
99117,2738,1.04,13,VH-99117-1,24,True
99117,284108,1.88,19,VH-99117-2,24,True
99117,282643,2.05,19,VH-99117-3,36,True
1791,728,0.0,15,VH-1791-1,60,True
1791,99176,0.0,12,VH-1791-2,24,True
1791,1731,0.0,11,VH-1791-3,48,True
283300,284754,4.27,21,VH-283300-1,36,True
283300,283741,4.27,14,VH-283300-2,60,True
283300,284091,4.27,19,VH-283300-3,48,True
284819,728,1.36,18,VH-284819-1,36,True
284819,1791,1.36,11,VH-284819-2,36,True
284819,99176,1.36,17,VH-284819-3,48,True
283145,285139,1.37,13,VH-283145-1,36,True
283145,284352,2.97,16,VH-283145-2,48,True
283145,99172,3.37,14,VH-283145-3,24,True
283241,778,0.0,12,VH-283241-1,48,True
283241,99147,4.58,21,VH-283241-2,24,True
283241,1747,81.22,118,VH-283241-3,60,True
283672,283145,4.32,23,VH-283672-1,48,True
283672,285263,4.62,18,VH-283672-2,36,True
283672,285139,4.63,14,VH-283672-3,36,True
284182,774,8.21,27,VH-284182-1,24,True
284182,283137,8.21,27,VH-284182-2,24,True
284182,1710,13.47,27,VH-284182-3,36,True
284231,284696,0.0,12,VH-284231-1,36,True
284231,284456,0.0,16,VH-284231-2,24,True
284231,99181,0.0,13,VH-284231-3,48,True
284253,285216,1.46,18,VH-284253-1,60,True
284253,99172,2.68,23,VH-284253-2,36,True
284253,285208,3.66,15,VH-284253-3,60,True
284352,285096,0.62,10,VH-284352-1,36,True
284352,283145,2.97,16,VH-284352-2,48,True
284352,99172,4.03,20,VH-284352-3,36,True
284363,285119,0.0,10,VH-284363-1,48,True
284363,284398,0.0,17,VH-284363-2,24,True
284363,280178,0.0,16,VH-284363-3,36,True
284374,99204,1.28,15,VH-284374-1,24,True
284374,285263,1.75,13,VH-284374-2,48,True
284374,284402,1.79,14,VH-284374-3,24,True
284384,284696,0.0,15,VH-284384-1,48,True
284384,284456,0.0,15,VH-284384-2,24,True
284384,99181,0.0,8,VH-284384-3,24,True
284402,99204,1.01,14,VH-284402-1,24,True
284402,99107,1.27,15,VH-284402-2,60,True
284402,284374,1.79,20,VH-284402-3,48,True
284730,283819,0.0,12,VH-284730-1,60,True
284730,99216,0.0,13,VH-284730-2,48,True
284730,99193,0.0,10,VH-284730-3,24,True
284804,787,0.0,10,VH-284804-1,36,True
284804,1712,0.0,18,VH-284804-2,36,True
284804,284342,1.99,11,VH-284804-3,48,True
285096,284352,0.62,19,VH-285096-1,24,True
285096,283145,3.59,18,VH-285096-2,36,True
285096,99172,4.41,17,VH-285096-3,36,True
285125,284402,3.91,15,VH-285125-1,24,True
285125,99107,4.39,15,VH-285125-2,36,True
285125,99204,4.44,22,VH-285125-3,60,True
285139,283145,1.37,14,VH-285139-1,48,True
285139,285263,2.55,17,VH-285139-2,48,True
285139,99172,2.81,21,VH-285139-3,60,True
285208,285216,3.03,22,VH-285208-1,48,True
285208,284253,3.66,18,VH-285208-2,24,True
285208,99172,3.96,22,VH-285208-3,48,True
285216,99172,1.43,20,VH-285216-1,60,True
285216,284253,1.46,15,VH-285216-2,48,True
285216,285208,3.03,13,VH-285216-3,36,True
285263,99204,0.95,12,VH-285263-1,24,True
285263,284374,1.75,14,VH-285263-2,24,True
285263,284402,1.92,18,VH-285263-3,48,True
778,283241,0.0,10,VH-778-1,60,True
778,99147,4.58,15,VH-778-2,60,True
778,1747,81.22,152,VH-778-3,24,True
99107,284402,1.27,14,VH-99107-1,60,True
99107,99204,2.15,13,VH-99107-2,60,True
99107,284374,2.3,16,VH-99107-3,48,True
99147,778,4.58,19,VH-99147-1,48,True
99147,283241,4.58,20,VH-99147-2,24,True
99147,1747,82.51,140,VH-99147-3,48,True
99172,285216,1.43,18,VH-99172-1,60,True
99172,284253,2.68,17,VH-99172-2,36,True
99172,285139,2.81,18,VH-99172-3,36,True
99204,285263,0.95,18,VH-99204-1,48,True
99204,284402,1.01,15,VH-99204-2,48,True
99204,284374,1.28,10,VH-99204-3,36,True
28103,284648,0.0,14,VH-28103-1,60,True
28103,285170,3.42,23,VH-28103-2,60,True
28103,283426,6.84,21,VH-28103-3,24,True
283256,285170,6.19,19,VH-283256-1,24,True
283256,284648,6.84,21,VH-283256-2,48,True
283256,28103,6.84,20,VH-283256-3,48,True
283426,28103,6.84,29,VH-283426-1,48,True
283426,284648,6.84,29,VH-283426-2,36,True
283426,283256,7.99,29,VH-283426-3,48,True
284005,283753,0.0,17,VH-284005-1,48,True
284005,726,0.0,14,VH-284005-2,36,True
284005,284207,0.0,13,VH-284005-3,48,True
285170,28103,3.42,17,VH-285170-1,24,True
285170,284648,3.42,17,VH-285170-2,36,True
285170,283256,6.19,27,VH-285170-3,48,True
720,284772,66.26,118,VH-720-1,36,True
720,99124,67.99,131,VH-720-2,24,True
720,283816,69.08,144,VH-720-3,48,True
280511,283901,0.0,13,VH-280511-1,60,True
280511,283665,0.0,15,VH-280511-2,48,True
280511,284940,2.84,21,VH-280511-3,24,True
283573,283949,6.17,20,VH-283573-1,48,True
283573,284922,29.98,59,VH-283573-2,48,True
283573,283722,37.76,68,VH-283573-3,60,True
283949,283573,6.17,23,VH-283949-1,60,True
283949,284922,25.38,45,VH-283949-2,48,True
283949,283722,32.45,75,VH-283949-3,36,True
285252,99112,0.0,12,VH-285252-1,24,True
285252,284052,0.71,17,VH-285252-2,36,True
285252,284453,1.17,13,VH-285252-3,36,True
746,774,32.95,60,VH-746-1,24,True
746,283137,32.95,58,VH-746-2,24,True
746,284182,37.64,76,VH-746-3,60,True
280210,284696,0.0,14,VH-280210-1,24,True
280210,284456,0.0,9,VH-280210-2,60,True
280210,99181,0.0,15,VH-280210-3,60,True
282619,284202,0.9,10,VH-282619-1,36,True
282619,284130,0.92,15,VH-282619-2,24,True
282619,284727,1.42,13,VH-282619-3,48,True
283496,284520,0.43,10,VH-283496-1,36,True
283496,1756,0.71,14,VH-283496-2,60,True
283496,284932,0.89,16,VH-283496-3,36,True
283671,284696,0.0,13,VH-283671-1,60,True
283671,284456,0.0,18,VH-283671-2,24,True
283671,99181,0.0,16,VH-283671-3,48,True
284202,282619,0.9,17,VH-284202-1,36,True
284202,284130,1.8,19,VH-284202-2,48,True
284202,284437,1.95,19,VH-284202-3,60,True
284631,282643,1.35,14,VH-284631-1,36,True
284631,284108,1.77,16,VH-284631-2,36,True
284631,99117,2.36,18,VH-284631-3,60,True
284932,284969,0.72,17,VH-284932-1,36,True
284932,283496,0.89,17,VH-284932-2,60,True
284932,284520,0.9,11,VH-284932-3,36,True
284969,99161,0.32,11,VH-284969-1,48,True
284969,284932,0.72,11,VH-284969-2,24,True
284969,283952,0.87,10,VH-284969-3,60,True
285171,284787,2.86,19,VH-285171-1,36,True
285171,99232,3.37,19,VH-285171-2,48,True
285171,284520,3.4,20,VH-285171-3,60,True
703,99150,0.35,16,VH-703-1,48,True
703,721,78.09,136,VH-703-2,24,True
703,283226,85.21,160,VH-703-3,48,True
99154,99239,1.51,17,VH-99154-1,24,True
99154,99187,1.72,17,VH-99154-2,36,True
99154,280173,2.46,18,VH-99154-3,60,True
99187,99191,1.14,14,VH-99187-1,36,True
99187,280173,1.41,14,VH-99187-2,24,True
99187,99231,1.58,18,VH-99187-3,36,True
99188,285055,1.44,14,VH-99188-1,60,True
99188,99217,1.51,15,VH-99188-2,48,True
99188,99219,1.52,11,VH-99188-3,24,True
2720,1756,0.73,13,VH-2720-1,36,True
2720,99211,0.97,15,VH-2720-2,48,True
2720,284727,1.13,16,VH-2720-3,36,True
280182,284696,0.0,17,VH-280182-1,24,True
280182,284456,0.0,16,VH-280182-2,24,True
280182,99181,0.0,12,VH-280182-3,48,True
280702,284696,0.0,15,VH-280702-1,60,True
280702,284456,0.0,10,VH-280702-2,48,True
280702,99181,0.0,11,VH-280702-3,36,True
284524,283952,1.4,17,VH-284524-1,48,True
284524,284969,1.77,10,VH-284524-2,60,True
284524,2738,1.93,16,VH-284524-3,36,True
284650,99221,0.0,16,VH-284650-1,48,True
284650,99108,4.92,17,VH-284650-2,48,True
284650,284934,5.6,24,VH-284650-3,48,True
284727,284130,0.5,15,VH-284727-1,48,True
284727,2720,1.13,10,VH-284727-2,24,True
284727,99211,1.28,18,VH-284727-3,60,True
284787,99179,1.15,14,VH-284787-1,48,True
284787,99232,1.41,18,VH-284787-2,24,True
284787,280570,2.17,15,VH-284787-3,60,True
285055,99188,1.44,13,VH-285055-1,24,True
285055,99217,1.98,13,VH-285055-2,36,True
285055,284377,2.31,11,VH-285055-3,24,True
99195,284162,1.85,15,VH-99195-1,60,True
99195,724,3.92,24,VH-99195-2,48,True
99195,284202,3.95,24,VH-99195-3,48,True
99217,99179,1.49,15,VH-99217-1,60,True
99217,99232,1.49,16,VH-99217-2,60,True
99217,99188,1.51,18,VH-99217-3,24,True
99232,280570,0.81,11,VH-99232-1,24,True
99232,283752,0.95,13,VH-99232-2,48,True
99232,284787,1.41,16,VH-99232-3,48,True
284747,284522,1.43,13,VH-284747-1,36,True
284747,284653,2.26,17,VH-284747-2,24,True
284747,282615,3.02,17,VH-284747-3,60,True
99118,283742,0.98,15,VH-99118-1,60,True
99118,284724,1.41,18,VH-99118-2,48,True
99118,99133,1.99,11,VH-99118-3,60,True
2715,723,0.0,9,VH-2715-1,60,True
2715,284357,0.0,14,VH-2715-2,24,True
2715,284204,85.18,156,VH-2715-3,36,True
2729,284696,0.0,13,VH-2729-1,48,True
2729,284456,0.0,13,VH-2729-2,48,True
2729,99181,0.0,12,VH-2729-3,60,True
280177,284696,0.0,9,VH-280177-1,24,True
280177,284456,0.0,18,VH-280177-2,36,True
280177,99181,0.0,13,VH-280177-3,60,True
284807,284696,0.0,18,VH-284807-1,60,True
284807,284456,0.0,16,VH-284807-2,60,True
284807,99181,0.0,17,VH-284807-3,48,True
99149,2736,3.64,18,VH-99149-1,48,True
99149,283578,3.68,15,VH-99149-2,36,True
99149,99185,3.77,17,VH-99149-3,36,True
2738,99117,1.04,18,VH-2738-1,24,True
2738,284108,1.14,19,VH-2738-2,24,True
2738,99239,1.8,16,VH-2738-3,48,True
280521,284696,0.0,14,VH-280521-1,60,True
280521,284456,0.0,9,VH-280521-2,24,True
280521,99181,0.0,9,VH-280521-3,48,True
282654,284696,0.0,11,VH-282654-1,60,True
282654,284456,0.0,13,VH-282654-2,36,True
282654,99181,0.0,17,VH-282654-3,60,True
284648,28103,0.0,12,VH-284648-1,48,True
284648,285170,3.42,20,VH-284648-2,24,True
284648,283426,6.84,26,VH-284648-3,24,True
99239,284108,1.36,13,VH-99239-1,36,True
99239,99154,1.51,13,VH-99239-2,60,True
99239,2738,1.8,20,VH-99239-3,24,True
99127,284696,0.0,15,VH-99127-1,24,True
99127,284456,0.0,12,VH-99127-2,36,True
99127,99181,0.0,11,VH-99127-3,60,True
284769,738,0.77,16,VH-284769-1,60,True
284769,285224,1.59,18,VH-284769-2,24,True
284769,280734,2.53,12,VH-284769-3,60,True
285224,284769,1.59,18,VH-285224-1,24,True
285224,738,1.91,17,VH-285224-2,36,True
285224,283887,2.15,15,VH-285224-3,48,True
99175,284398,0.0,14,VH-99175-1,60,True
99175,285119,0.0,8,VH-99175-2,24,True
99175,284363,0.0,15,VH-99175-3,60,True
1727,285094,2.71,13,VH-1727-1,24,True
1727,285005,8.02,31,VH-1727-2,48,True
1727,280191,8.34,25,VH-1727-3,24,True
1732,283722,81.51,126,VH-1732-1,36,True
1732,284922,87.7,178,VH-1732-2,48,True
1732,1762,87.76,146,VH-1732-3,36,True
280191,285005,2.08,16,VH-280191-1,36,True
280191,285094,5.74,24,VH-280191-2,60,True
280191,1727,8.34,26,VH-280191-3,48,True
285005,280191,2.08,12,VH-285005-1,48,True
285005,285094,5.31,19,VH-285005-2,24,True
285005,1727,8.02,21,VH-285005-3,36,True
285094,1727,2.71,20,VH-285094-1,48,True
285094,285005,5.31,18,VH-285094-2,24,True
285094,280191,5.74,22,VH-285094-3,24,True
99126,284696,0.0,12,VH-99126-1,24,True
99126,284456,0.0,12,VH-99126-2,36,True
99126,99181,0.0,15,VH-99126-3,24,True
1744,280527,151.79,215,VH-1744-1,60,True
1744,283843,151.79,234,VH-1744-2,36,True
1744,280207,151.79,219,VH-1744-3,24,True
283144,731,2.05,17,VH-283144-1,36,True
283144,284774,3.52,21,VH-283144-2,36,True
283144,1773,3.52,19,VH-283144-3,24,True
284826,99167,3.79,20,VH-284826-1,48,True
284826,283144,5.13,21,VH-284826-2,24,True
284826,731,6.05,21,VH-284826-3,36,True
99167,284826,3.79,13,VH-99167-1,24,True
99167,283144,8.76,21,VH-99167-2,36,True
99167,731,9.84,32,VH-99167-3,36,True
99171,99165,0.0,15,VH-99171-1,36,True
99171,284088,2456.14,3729,VH-99171-2,24,True
99171,99209,2457.4,3310,VH-99171-3,36,True
1798,283218,3.37,22,VH-1798-1,48,True
1798,283648,3.37,23,VH-1798-2,60,True
1798,1751,3.37,16,VH-1798-3,36,True
283218,283648,0.0,9,VH-283218-1,48,True
283218,1751,0.0,15,VH-283218-2,36,True
283218,1798,3.37,17,VH-283218-3,60,True
284725,283218,3.56,20,VH-284725-1,60,True
284725,283648,3.56,21,VH-284725-2,24,True
284725,1751,3.56,20,VH-284725-3,48,True
285101,284515,2.64,17,VH-285101-1,48,True
285101,284725,5.78,20,VH-285101-2,60,True
285101,283861,7.03,21,VH-285101-3,48,True
283780,760,7.86,19,VH-283780-1,60,True
283780,283460,51.73,77,VH-283780-2,24,True
283780,283816,53.53,92,VH-283780-3,60,True
283901,280511,0.0,17,VH-283901-1,24,True
283901,283665,0.0,9,VH-283901-2,36,True
283901,284940,2.84,12,VH-283901-3,36,True
284153,280734,0.0,14,VH-284153-1,48,True
284153,284398,0.66,18,VH-284153-2,48,True
284153,284363,0.66,16,VH-284153-3,24,True
760,283780,7.86,26,VH-760-1,24,True
760,283460,52.53,95,VH-760-2,60,True
760,283816,53.98,87,VH-760-3,36,True
99179,284787,1.15,14,VH-99179-1,60,True
99179,99232,1.42,13,VH-99179-2,36,True
99179,99217,1.49,16,VH-99179-3,48,True
99180,283864,2.18,20,VH-99180-1,24,True
99180,284377,3.1,19,VH-99180-2,48,True
99180,285055,4.29,18,VH-99180-3,24,True
99181,284696,0.0,9,VH-99181-1,60,True
99181,284456,0.0,14,VH-99181-2,24,True
99181,284392,0.0,16,VH-99181-3,48,True
99185,99189,0.61,13,VH-99185-1,24,True
99185,724,1.48,10,VH-99185-2,48,True
99185,99220,1.7,18,VH-99185-3,48,True
99189,99185,0.61,12,VH-99189-1,60,True
99189,724,1.17,19,VH-99189-2,36,True
99189,99220,2.26,21,VH-99189-3,60,True
99191,99187,1.14,17,VH-99191-1,36,True
99191,99231,1.31,17,VH-99191-2,48,True
99191,99220,1.56,12,VH-99191-3,48,True
99192,284631,3.94,15,VH-99192-1,24,True
99192,99154,4.01,16,VH-99192-2,36,True
99192,284108,4.21,17,VH-99192-3,24,True
2730,284461,1.35,14,VH-2730-1,36,True
2730,283400,1.52,11,VH-2730-2,36,True
2730,285115,2.92,21,VH-2730-3,36,True
280207,280527,0.0,10,VH-280207-1,48,True
280207,283843,0.0,16,VH-280207-2,60,True
280207,715,0.07,10,VH-280207-3,24,True
280208,284696,0.0,17,VH-280208-1,24,True
280208,284456,0.0,18,VH-280208-2,36,True
280208,99181,0.0,17,VH-280208-3,24,True
282588,99174,2.26,20,VH-282588-1,36,True
282588,284473,2.67,14,VH-282588-2,36,True
282588,282638,4.58,20,VH-282588-3,24,True
282638,284473,2.2,14,VH-282638-1,24,True
282638,99174,3.84,16,VH-282638-2,60,True
282638,282588,4.58,17,VH-282638-3,60,True
283400,284461,0.66,12,VH-283400-1,24,True
283400,2730,1.52,19,VH-283400-2,24,True
283400,285115,2.02,19,VH-283400-3,48,True
283721,99116,0.0,13,VH-283721-1,24,True
283721,284501,0.0,9,VH-283721-2,48,True
283721,280527,4.47,24,VH-283721-3,48,True
283959,99174,5.47,17,VH-283959-1,24,True
283959,282588,6.12,24,VH-283959-2,60,True
283959,284473,7.16,22,VH-283959-3,36,True
284219,282638,5.52,20,VH-284219-1,36,True
284219,282588,5.66,20,VH-284219-2,60,True
284219,284473,5.92,25,VH-284219-3,24,True
284342,99115,0.0,12,VH-284342-1,24,True
284342,283885,0.74,10,VH-284342-2,48,True
284342,702,0.74,19,VH-284342-3,48,True
284456,284696,0.0,14,VH-284456-1,48,True
284456,280208,0.0,12,VH-284456-2,48,True
284456,99181,0.0,14,VH-284456-3,60,True
284461,283400,0.66,12,VH-284461-1,48,True
284461,2730,1.35,12,VH-284461-2,36,True
284461,285115,2.68,15,VH-284461-3,24,True
284473,99174,1.69,12,VH-284473-1,36,True
284473,282638,2.2,17,VH-284473-2,48,True
284473,282588,2.67,20,VH-284473-3,36,True
284501,99116,0.0,9,VH-284501-1,60,True
284501,283721,0.0,10,VH-284501-2,36,True
284501,283843,4.47,16,VH-284501-3,24,True
284696,284456,0.0,9,VH-284696-1,48,True
284696,280208,0.0,14,VH-284696-2,24,True
284696,99181,0.0,15,VH-284696-3,36,True
285115,283400,2.02,16,VH-285115-1,24,True
285115,284461,2.68,19,VH-285115-2,24,True
285115,2730,2.92,22,VH-285115-3,24,True
715,280527,0.07,12,VH-715-1,60,True
715,283843,0.07,18,VH-715-2,36,True
715,280207,0.07,10,VH-715-3,36,True
721,99150,78.03,120,VH-721-1,48,True
721,703,78.09,145,VH-721-2,60,True
721,283226,142.17,243,VH-721-3,36,True
99109,715,5.83,20,VH-99109-1,36,True
99109,280527,5.87,25,VH-99109-2,24,True
99109,283843,5.87,23,VH-99109-3,60,True
99116,284501,0.0,13,VH-99116-1,60,True
99116,283721,0.0,16,VH-99116-2,48,True
99116,283843,4.47,19,VH-99116-3,60,True
99128,283885,28.32,54,VH-99128-1,24,True
99128,702,28.32,63,VH-99128-2,24,True
99128,284342,29.06,55,VH-99128-3,60,True
99174,284473,1.69,13,VH-99174-1,24,True
99174,282588,2.26,14,VH-99174-2,60,True
99174,282638,3.84,17,VH-99174-3,36,True
284637,95121,4.75,25,VH-284637-1,36,True
284637,95119,4.82,23,VH-284637-2,60,True
284637,95113,6.29,27,VH-284637-3,36,True
95119,95121,0.88,18,VH-95119-1,36,True
95119,95113,1.74,14,VH-95119-2,24,True
95119,284637,4.82,27,VH-95119-3,60,True
26006,284766,1.14,10,VH-26006-1,48,True
26006,285330,1.44,11,VH-26006-2,60,True
26006,26015,2.12,13,VH-26006-3,60,True
26010,95120,2.89,17,VH-26010-1,60,True
26010,284232,3.74,19,VH-26010-2,48,True
26010,285081,4.42,20,VH-26010-3,48,True
26015,282613,0.56,14,VH-26015-1,36,True
26015,284309,1.67,12,VH-26015-2,48,True
26015,26006,2.12,13,VH-26015-3,36,True
26017,285315,0.0,18,VH-26017-1,36,True
26017,285081,1.29,19,VH-26017-2,24,True
26017,284766,2.05,14,VH-26017-3,48,True
26024,284566,4.08,18,VH-26024-1,48,True
26024,285335,5.81,27,VH-26024-2,48,True
26024,280549,6.34,19,VH-26024-3,60,True
280420,280549,1.43,11,VH-280420-1,24,True
280420,285330,1.88,20,VH-280420-2,24,True
280420,284533,1.92,17,VH-280420-3,48,True
280422,95133,2.08,16,VH-280422-1,60,True
280422,284533,4.11,22,VH-280422-2,48,True
280422,285330,4.62,16,VH-280422-3,36,True
280549,280420,1.43,13,VH-280549-1,60,True
280549,284766,2.62,19,VH-280549-2,36,True
280549,285335,2.98,15,VH-280549-3,24,True
282613,26015,0.56,18,VH-282613-1,24,True
282613,284309,1.12,10,VH-282613-2,48,True
282613,26006,2.21,19,VH-282613-3,60,True
284183,284309,1.46,20,VH-284183-1,24,True
284183,282613,2.49,14,VH-284183-2,36,True
284183,26017,2.5,18,VH-284183-3,60,True
284232,95120,2.56,20,VH-284232-1,36,True
284232,26010,3.74,17,VH-284232-2,48,True
284232,285081,5.85,16,VH-284232-3,60,True
284309,282613,1.12,18,VH-284309-1,36,True
284309,284183,1.46,20,VH-284309-2,60,True
284309,26015,1.67,12,VH-284309-3,36,True
284533,285330,0.74,16,VH-284533-1,36,True
284533,280420,1.92,19,VH-284533-2,36,True
284533,26006,2.15,18,VH-284533-3,60,True
284566,280549,3.17,20,VH-284566-1,60,True
284566,26024,4.08,18,VH-284566-2,60,True
284566,280420,4.42,20,VH-284566-3,48,True
284766,26006,1.14,16,VH-284766-1,24,True
284766,285330,1.99,14,VH-284766-2,24,True
284766,285315,2.05,15,VH-284766-3,60,True
285081,26017,1.29,14,VH-285081-1,60,True
285081,285315,1.29,20,VH-285081-2,48,True
285081,284183,3.05,16,VH-285081-3,60,True
285315,26017,0.0,15,VH-285315-1,36,True
285315,285081,1.29,12,VH-285315-2,24,True
285315,284766,2.05,19,VH-285315-3,36,True
285330,284533,0.74,12,VH-285330-1,60,True
285330,26006,1.44,17,VH-285330-2,60,True
285330,280420,1.88,19,VH-285330-3,48,True
285335,280420,2.21,21,VH-285335-1,60,True
285335,280549,2.98,13,VH-285335-2,60,True
285335,284533,3.21,13,VH-285335-3,48,True
95120,284232,2.56,18,VH-95120-1,36,True
95120,26010,2.89,18,VH-95120-2,48,True
95120,285081,3.3,23,VH-95120-3,24,True
95133,280422,2.08,20,VH-95133-1,36,True
95133,284533,3.32,15,VH-95133-2,48,True
95133,285330,3.51,18,VH-95133-3,36,True
26001,280115,30.31,53,VH-26001-1,48,True
26001,285326,33.18,60,VH-26001-2,48,True
26001,285325,33.41,67,VH-26001-3,60,True
280115,283223,3.72,16,VH-280115-1,60,True
280115,285325,5.61,28,VH-280115-2,24,True
280115,280708,5.91,23,VH-280115-3,36,True
280708,95134,0.66,16,VH-280708-1,36,True
280708,283536,2.92,18,VH-280708-2,24,True
280708,283223,3.44,14,VH-280708-3,60,True
280709,283536,1.27,14,VH-280709-1,60,True
280709,283223,2.45,16,VH-280709-2,48,True
280709,95134,3.15,19,VH-280709-3,24,True
283223,280709,2.45,21,VH-283223-1,60,True
283223,283536,3.01,16,VH-283223-2,24,True
283223,95134,3.16,13,VH-283223-3,48,True
283252,280815,0.91,13,VH-283252-1,36,True
283252,280718,1.13,12,VH-283252-2,24,True
283252,285218,2.87,17,VH-283252-3,60,True
283536,280709,1.27,17,VH-283536-1,24,True
283536,95134,2.26,19,VH-283536-2,60,True
283536,280708,2.92,17,VH-283536-3,60,True
285325,285326,3.62,19,VH-285325-1,24,True
285325,283223,4.02,23,VH-285325-2,24,True
285325,280709,4.26,20,VH-285325-3,48,True
285326,285325,3.62,19,VH-285326-1,24,True
285326,95101,6.55,23,VH-285326-2,48,True
285326,280709,7.59,24,VH-285326-3,24,True
95101,95109,2.67,21,VH-95101-1,48,True
95101,280709,5.06,20,VH-95101-2,36,True
95101,285325,5.56,21,VH-95101-3,60,True
95104,280708,9.55,26,VH-95104-1,24,True
95104,95134,10.19,27,VH-95104-2,60,True
95104,280115,12.17,35,VH-95104-3,60,True
95109,95101,2.67,13,VH-95109-1,60,True
95109,280709,5.28,19,VH-95109-2,60,True
95109,283536,5.34,15,VH-95109-3,60,True
95134,280708,0.66,10,VH-95134-1,48,True
95134,283536,2.26,21,VH-95134-2,48,True
95134,280709,3.15,19,VH-95134-3,24,True
280697,95115,1.68,12,VH-280697-1,60,True
280697,95102,2.25,16,VH-280697-2,24,True
280697,283301,6.18,19,VH-280697-3,48,True
283301,95102,3.97,20,VH-283301-1,48,True
283301,95115,5.63,25,VH-283301-2,36,True
283301,280697,6.18,22,VH-283301-3,24,True
285218,95108,0.11,9,VH-285218-1,36,True
285218,284314,1.2,17,VH-285218-2,36,True
285218,26023,1.28,19,VH-285218-3,60,True
95102,280697,2.25,18,VH-95102-1,36,True
95102,95115,2.35,18,VH-95102-2,36,True
95102,283301,3.97,23,VH-95102-3,24,True
95115,280697,1.68,16,VH-95115-1,36,True
95115,95102,2.35,21,VH-95115-2,60,True
95115,283301,5.63,19,VH-95115-3,36,True
280760,95111,3.0,20,VH-280760-1,36,True
280760,95114,29.54,56,VH-280760-2,48,True
280760,95103,29.58,55,VH-280760-3,48,True
95103,284637,23.3,47,VH-95103-1,48,True
95103,95121,26.31,50,VH-95103-2,36,True
95103,95111,26.6,56,VH-95103-3,60,True
95111,280760,3.0,22,VH-95111-1,36,True
95111,95103,26.6,55,VH-95111-2,36,True
95111,95114,32.53,63,VH-95111-3,36,True
95114,280760,29.54,68,VH-95114-1,48,True
95114,95111,32.53,59,VH-95114-2,48,True
95114,95103,59.13,95,VH-95114-3,48,True
95106,95115,99.75,165,VH-95106-1,24,True
95106,280697,100.75,184,VH-95106-2,48,True
95106,95102,102.05,149,VH-95106-3,36,True
95121,95119,0.88,12,VH-95121-1,24,True
95121,95113,1.54,17,VH-95121-2,24,True
95121,284637,4.75,15,VH-95121-3,36,True
95113,95121,1.54,13,VH-95113-1,36,True
95113,95119,1.74,14,VH-95113-2,60,True
95113,284637,6.29,24,VH-95113-3,60,True
26023,95108,1.23,19,VH-26023-1,60,True
26023,285218,1.28,13,VH-26023-2,24,True
26023,95105,1.31,12,VH-26023-3,36,True
280314,283314,1.15,17,VH-280314-1,48,True
280314,283163,4.41,21,VH-280314-2,24,True
280314,284211,4.62,20,VH-280314-3,60,True
280316,283163,1.84,12,VH-280316-1,24,True
280316,283252,3.26,17,VH-280316-2,60,True
280316,285218,3.29,17,VH-280316-3,36,True
280419,284211,0.72,10,VH-280419-1,48,True
280419,26023,1.44,11,VH-280419-2,48,True
280419,284655,1.75,20,VH-280419-3,48,True
280718,280815,0.24,16,VH-280718-1,36,True
280718,283252,1.13,18,VH-280718-2,24,True
280718,284158,3.5,21,VH-280718-3,48,True
280748,95105,4.12,21,VH-280748-1,60,True
280748,284314,4.17,14,VH-280748-2,24,True
280748,284158,4.87,16,VH-280748-3,48,True
280815,280718,0.24,12,VH-280815-1,48,True
280815,283252,0.91,13,VH-280815-2,48,True
280815,284158,3.71,20,VH-280815-3,48,True
283163,280316,1.84,16,VH-283163-1,48,True
283163,285218,2.6,18,VH-283163-2,48,True
283163,284211,2.64,22,VH-283163-3,48,True
283314,280314,1.15,19,VH-283314-1,24,True
283314,283163,3.74,18,VH-283314-2,48,True
283314,284211,4.61,18,VH-283314-3,48,True
283315,26023,4.91,17,VH-283315-1,60,True
283315,95105,5.1,20,VH-283315-2,24,True
283315,284655,5.16,22,VH-283315-3,48,True
284158,280718,3.5,15,VH-284158-1,48,True
284158,280815,3.71,16,VH-284158-2,24,True
284158,283252,4.34,15,VH-284158-3,48,True
284211,280419,0.72,14,VH-284211-1,60,True
284211,284655,1.7,16,VH-284211-2,48,True
284211,26023,2.03,20,VH-284211-3,48,True
284314,95105,0.26,14,VH-284314-1,24,True
284314,95108,1.1,12,VH-284314-2,48,True
284314,285218,1.2,18,VH-284314-3,36,True
284655,284211,1.7,19,VH-284655-1,36,True
284655,280419,1.75,16,VH-284655-2,24,True
284655,26023,3.06,14,VH-284655-3,60,True
95105,284314,0.26,13,VH-95105-1,36,True
95105,95108,1.22,16,VH-95105-2,60,True
95105,26023,1.31,17,VH-95105-3,60,True
95108,285218,0.11,14,VH-95108-1,60,True
95108,284314,1.1,18,VH-95108-2,48,True
95108,95105,1.22,19,VH-95108-3,48,True
284294,283956,1.11,10,VH-284294-1,36,True
284294,459,1.6,13,VH-284294-2,36,True
284294,284298,1.69,16,VH-284294-3,36,True
285248,402,3.42,23,VH-285248-1,36,True
285248,283904,3.77,22,VH-285248-2,36,True
285248,439,4.18,16,VH-285248-3,24,True
284295,474,2.21,17,VH-284295-1,48,True
284295,480,3.33,16,VH-284295-2,48,True
284295,30060,417.16,555,VH-284295-3,48,True
474,284295,2.21,16,VH-474-1,48,True
474,480,3.23,14,VH-474-2,24,True
474,30060,419.17,717,VH-474-3,36,True
480,474,3.23,14,VH-480-1,36,True
480,284295,3.33,19,VH-480-2,60,True
480,30060,417.0,709,VH-480-3,60,True
284274,282919,0.0,17,VH-284274-1,48,True
284274,492,0.0,11,VH-284274-2,60,True
284274,284273,2.12,20,VH-284274-3,60,True
284303,284316,2.0,14,VH-284303-1,60,True
284303,283956,2.04,14,VH-284303-2,48,True
284303,284474,2.26,17,VH-284303-3,36,True
19133,284301,9.06,23,VH-19133-1,60,True
19133,494,9.1,26,VH-19133-2,60,True
19133,487,19.72,38,VH-19133-3,48,True
284301,494,0.82,17,VH-284301-1,24,True
284301,19133,9.06,22,VH-284301-2,24,True
284301,487,24.3,44,VH-284301-3,36,True
494,284301,0.82,10,VH-494-1,48,True
494,19133,9.1,31,VH-494-2,24,True
494,487,24.94,54,VH-494-3,48,True
282919,284274,0.0,12,VH-282919-1,36,True
282919,492,0.0,16,VH-282919-2,48,True
282919,284273,2.12,12,VH-282919-3,36,True
284273,284274,2.12,12,VH-284273-1,60,True
284273,282919,2.12,15,VH-284273-2,36,True
284273,492,2.12,18,VH-284273-3,48,True
285254,472,6.47,30,VH-285254-1,36,True
285254,412,7.17,30,VH-285254-2,60,True
285254,284316,7.91,29,VH-285254-3,60,True
19120,284291,0.0,12,VH-19120-1,48,True
19120,19137,0.0,14,VH-19120-2,24,True
19120,455,0.15,10,VH-19120-3,60,True
19138,491,0.0,12,VH-19138-1,36,True
19138,499,1.6,14,VH-19138-2,24,True
19138,407,2.29,12,VH-19138-3,36,True
280465,490,0.0,11,VH-280465-1,48,True
280465,19143,11.08,34,VH-280465-2,60,True
280465,435,11.47,30,VH-280465-3,60,True
282814,285227,0.78,10,VH-282814-1,60,True
282814,447,1.52,20,VH-282814-2,60,True
282814,439,1.53,11,VH-282814-3,48,True
283956,284294,1.11,13,VH-283956-1,24,True
283956,284298,1.9,18,VH-283956-2,60,True
283956,284303,2.04,13,VH-283956-3,60,True
284298,284294,1.69,16,VH-284298-1,24,True
284298,284474,1.81,18,VH-284298-2,60,True
284298,283956,1.9,14,VH-284298-3,36,True
284316,284303,2.0,16,VH-284316-1,48,True
284316,283956,2.45,21,VH-284316-2,36,True
284316,412,3.28,17,VH-284316-3,60,True
402,455,2.56,16,VH-402-1,36,True
402,19120,2.65,20,VH-402-2,48,True
402,284291,2.65,16,VH-402-3,24,True
407,285110,0.7,12,VH-407-1,36,True
407,284292,1.08,12,VH-407-2,24,True
407,414,1.66,13,VH-407-3,60,True
410,283904,0.88,11,VH-410-1,36,True
410,283950,1.58,15,VH-410-2,60,True
410,407,1.8,19,VH-410-3,36,True
412,284274,2.13,18,VH-412-1,36,True
412,282919,2.13,14,VH-412-2,48,True
412,492,2.13,19,VH-412-3,60,True
414,19141,0.31,12,VH-414-1,60,True
414,284292,0.73,18,VH-414-2,36,True
414,19120,1.03,16,VH-414-3,24,True
415,280465,20.93,45,VH-415-1,24,True
415,490,20.93,45,VH-415-2,60,True
415,435,25.09,55,VH-415-3,36,True
435,448,2.61,16,VH-435-1,24,True
435,489,2.63,18,VH-435-2,48,True
435,285227,3.32,22,VH-435-3,36,True
439,282814,1.53,18,VH-439-1,60,True
439,283904,1.8,20,VH-439-2,36,True
439,410,1.95,19,VH-439-3,24,True
447,282814,1.52,18,VH-447-1,24,True
447,285227,1.9,15,VH-447-2,48,True
447,439,2.33,15,VH-447-3,48,True
448,489,0.59,16,VH-448-1,60,True
448,499,2.0,19,VH-448-2,48,True
448,435,2.61,16,VH-448-3,48,True
455,19120,0.15,8,VH-455-1,24,True
455,19137,0.15,16,VH-455-2,60,True
455,284291,0.15,15,VH-455-3,60,True
457,19143,2.35,18,VH-457-1,48,True
457,284474,3.04,23,VH-457-2,24,True
457,448,3.68,21,VH-457-3,60,True
459,19120,0.72,19,VH-459-1,36,True
459,19137,0.72,13,VH-459-2,24,True
459,284291,0.72,9,VH-459-3,36,True
472,487,2.42,21,VH-472-1,24,True
472,284302,5.02,17,VH-472-2,60,True
472,285254,6.47,21,VH-472-3,36,True
487,472,2.42,13,VH-487-1,24,True
487,284302,6.86,25,VH-487-2,48,True
487,285254,8.3,25,VH-487-3,48,True
489,448,0.59,14,VH-489-1,60,True
489,499,1.65,15,VH-489-2,24,True
489,283950,2.17,20,VH-489-3,48,True
490,280465,0.0,9,VH-490-1,24,True
490,19143,11.08,29,VH-490-2,48,True
490,435,11.47,27,VH-490-3,36,True
491,19138,0.0,9,VH-491-1,48,True
491,499,1.6,16,VH-491-2,60,True
491,407,2.29,12,VH-491-3,36,True
492,284274,0.0,11,VH-492-1,36,True
492,282919,0.0,12,VH-492-2,36,True
492,284273,2.12,17,VH-492-3,48,True
499,19138,1.6,16,VH-499-1,24,True
499,491,1.6,18,VH-499-2,60,True
499,489,1.65,16,VH-499-3,48,True
285227,282814,0.78,18,VH-285227-1,36,True
285227,283950,1.47,12,VH-285227-2,48,True
285227,447,1.9,18,VH-285227-3,48,True
284408,285072,3.89,16,VH-284408-1,48,True
284408,461,55.53,104,VH-284408-2,48,True
284408,284534,70.65,106,VH-284408-3,48,True
284534,284408,70.65,107,VH-284534-1,24,True
284534,285072,74.34,116,VH-284534-2,48,True
284534,461,86.08,160,VH-284534-3,24,True
285072,284408,3.89,20,VH-285072-1,60,True
285072,461,54.74,110,VH-285072-2,60,True
285072,30060,72.6,146,VH-285072-3,60,True
30060,284293,55.53,80,VH-30060-1,36,True
30060,284299,55.59,98,VH-30060-2,36,True
30060,19140,55.72,83,VH-30060-3,36,True
19137,19120,0.0,10,VH-19137-1,60,True
19137,284291,0.0,10,VH-19137-2,24,True
19137,455,0.15,10,VH-19137-3,48,True
283904,410,0.88,16,VH-283904-1,48,True
283904,439,1.8,18,VH-283904-2,48,True
283904,407,1.86,14,VH-283904-3,60,True
284302,284294,4.86,25,VH-284302-1,36,True
284302,472,5.02,26,VH-284302-2,36,True
284302,283956,5.06,24,VH-284302-3,60,True
1416,285257,1.57,15,VH-1416-1,48,True
1416,19142,2.98,16,VH-1416-2,36,True
1416,495,3.93,14,VH-1416-3,48,True
19140,284299,2.21,18,VH-19140-1,48,True
19140,1416,5.64,19,VH-19140-2,60,True
19140,285257,5.67,24,VH-19140-3,24,True
19142,466,2.35,19,VH-19142-1,36,True
19142,1416,2.98,16,VH-19142-2,48,True
19142,285257,4.53,19,VH-19142-3,24,True
284293,495,2.22,15,VH-284293-1,36,True
284293,493,2.8,18,VH-284293-2,24,True
284293,285257,4.13,23,VH-284293-3,24,True
284299,19140,2.21,20,VH-284299-1,24,True
284299,285257,4.16,15,VH-284299-2,48,True
284299,284293,4.4,15,VH-284299-3,24,True
285257,1416,1.57,19,VH-285257-1,24,True
285257,495,2.38,15,VH-285257-2,24,True
285257,493,3.88,22,VH-285257-3,24,True
466,19142,2.35,19,VH-466-1,48,True
466,1416,4.03,22,VH-466-2,48,True
466,285257,5.26,24,VH-466-3,60,True
493,495,1.72,16,VH-493-1,24,True
493,284293,2.8,22,VH-493-2,60,True
493,285257,3.88,20,VH-493-3,60,True
495,493,1.72,19,VH-495-1,48,True
495,284293,2.22,16,VH-495-2,24,True
495,285257,2.38,17,VH-495-3,60,True
463,19131,102.52,202,VH-463-1,48,True
463,494,107.35,195,VH-463-2,36,True
463,284301,107.78,175,VH-463-3,60,True
19134,444,3.01,19,VH-19134-1,48,True
19134,280512,4.84,23,VH-19134-2,24,True
19134,284272,5.42,23,VH-19134-3,36,True
19136,444,6.05,25,VH-19136-1,60,True
19136,19134,6.65,24,VH-19136-2,48,True
19136,280512,8.8,22,VH-19136-3,24,True
280512,444,2.86,21,VH-280512-1,24,True
280512,284272,3.63,22,VH-280512-2,48,True
280512,19134,4.84,19,VH-280512-3,48,True
284272,280512,3.63,22,VH-284272-1,36,True
284272,19134,5.42,25,VH-284272-2,24,True
284272,444,5.45,16,VH-284272-3,60,True
284291,19120,0.0,8,VH-284291-1,48,True
284291,19137,0.0,11,VH-284291-2,60,True
284291,455,0.15,10,VH-284291-3,60,True
444,280512,2.86,16,VH-444-1,60,True
444,19134,3.01,16,VH-444-2,48,True
444,284272,5.45,22,VH-444-3,36,True
461,285072,54.74,89,VH-461-1,60,True
461,284408,55.53,94,VH-461-2,60,True
461,284272,55.95,106,VH-461-3,60,True
19131,284301,59.74,106,VH-19131-1,24,True
19131,494,60.23,115,VH-19131-2,24,True
19131,487,65.57,97,VH-19131-3,48,True
19141,414,0.31,14,VH-19141-1,48,True
19141,19120,0.73,15,VH-19141-2,24,True
19141,284291,0.73,10,VH-19141-3,24,True
283950,285227,1.47,13,VH-283950-1,36,True
283950,282814,1.56,15,VH-283950-2,48,True
283950,410,1.58,11,VH-283950-3,24,True
284292,285110,0.55,9,VH-284292-1,60,True
284292,414,0.73,16,VH-284292-2,36,True
284292,19141,0.91,17,VH-284292-3,60,True
284474,284298,1.81,14,VH-284474-1,48,True
284474,284303,2.26,20,VH-284474-2,48,True
284474,283956,2.85,17,VH-284474-3,24,True
19143,457,2.35,14,VH-19143-1,48,True
19143,284474,4.37,18,VH-19143-2,48,True
19143,282919,4.83,19,VH-19143-3,36,True
285110,284292,0.55,13,VH-285110-1,36,True
285110,407,0.7,16,VH-285110-2,48,True
285110,414,1.27,14,VH-285110-3,24,True
